{"centroid": [-0.8134989370191601, 0.1682891100645066, 0.042285087283829695], "extents": [0.22389530631547006, 0.1829131990671159, 0.447945435692259], "rotate_angle": -16.74, "rotate_angle_pred": -25.506646223247444}