{"centroid": [-0.8040508319044081, 0.1449255775660277, 0.024119498751515818], "extents": [0.24842179692007282, 0.24120768904685982, 0.4349073920048975], "rotate_angle": -26.44, "rotate_angle_pred": -33.12280828993105}