{"centroid": [-0.6242763812361568, 0.26935274526476854, 0.005098942451948682], "extents": [0.21590087454003948, 0.038741610944271226, 0.5414665500948116], "rotate_angle": 38.88, "rotate_angle_pred": 32.83555735633031}