{"centroid": [0.8409927605698264, 0.2453321814537047, 0.037707350043951454], "extents": [0.26715255083659495, 0.056350767612457414, 0.5387967885446181], "rotate_angle": -43.0, "rotate_angle_pred": -44.631517556470655}