{"centroid": [-0.8357557167721925, 0.15905932337045678, -0.06163871740460085], "extents": [0.4535986969172918, 0.20450434088706995, 0.7908603357267181], "rotate_angle": -15.87, "rotate_angle_pred": -11.352350249349499}