{"centroid": [1.0186273571400533, 0.21225679665803904, -0.12607758026853852], "extents": [0.18856317248147625, 0.20302468538284313, 0.5591222775286978], "rotate_angle": -15.55, "rotate_angle_pred": -16.9814743689449}