{"centroid": [0.9727110270659948, 0.18198496848344806, 0.0015956317539537884], "extents": [0.15659459187128488, 0.2065506428480149, 0.5326054777932968], "rotate_angle": 11.96, "rotate_angle_pred": 15.087004698616838}