{"centroid": [-0.7201760918689445, 0.20264417678117738, -0.021704897301413215], "extents": [0.22788271821021844, 0.24431619048118597, 0.44846777137537763], "rotate_angle": 37.94, "rotate_angle_pred": 33.371347520332804}