{"centroid": [0.029947131701312114, 0.5380484461784363, -0.04438094802737152], "extents": [0.8754415213245981, 0.37194997072219865, 0.1822801617149994], "rotate_angle": -41.29, "rotate_angle_pred": -43.18080801859326}