{"centroid": [1.1043403738309658, 0.18709991872310633, -0.15610360138251433], "extents": [0.15136574122667268, 0.2331554591655733, 0.6084009374356076], "rotate_angle": -17.48, "rotate_angle_pred": -17.648283155738426}