{"centroid": [0.07372100107448792, 0.8458995148539543, -0.11068018477562014], "extents": [0.6125085505388882, 0.17407999932765972, 0.11985859571400151], "rotate_angle": 22.92, "rotate_angle_pred": 14.332368053822776}