{"centroid": [-0.7756911133000973, 0.24519290030002588, 0.039415145030948756], "extents": [0.23565514468654147, 0.07904255390167245, 0.5606529136366327], "rotate_angle": 3.99, "rotate_angle_pred": -5.637743916464842}