{"centroid": [1.1521410692074903, 0.23291307687759388, -0.2798029423217335], "extents": [0.13094013924821768, 0.22250267863273632, 0.6588231918909022], "rotate_angle": -41.4, "rotate_angle_pred": -41.45661577155301}