{"centroid": [-0.8231815576300261, 0.1477069985121489, 0.03807040002411265], "extents": [0.2443653677705997, 0.2585113644599915, 0.4136615454074057], "rotate_angle": -26.16, "rotate_angle_pred": -34.0204086329469}