{"centroid": [0.8163023807684178, 0.24323371797800075, -0.012673526358116024], "extents": [0.2446611833158273, 0.2596012353897096, 0.37341904815822813], "rotate_angle": 31.71, "rotate_angle_pred": 31.800702214352725}