{"centroid": [0.8100141046521998, 0.19550854712724675, -0.022446754850683565], "extents": [0.3146480066075602, 0.21782779693603527, 0.5936106523046776], "rotate_angle": -38.78, "rotate_angle_pred": -36.906508827833356}