{"centroid": [-0.8867977414273762, 0.13487648218870157, -0.050205451596658214], "extents": [0.429645923508689, 0.19525940716266652, 0.8009597021089889], "rotate_angle": 8.34, "rotate_angle_pred": 13.412342552545411}