{"centroid": [0.1982246154933873, 0.463750347495079, -0.015907996080230108], "extents": [0.5050315862112773, 0.21372726559638977, 0.11589221668207457], "rotate_angle": -26.53, "rotate_angle_pred": -23.904763012007706}