{"centroid": [-0.8471872944267875, 0.16526141762733462, -0.11314690377381104], "extents": [0.4543315557620716, 0.06449225544929527, 0.9347484887654629], "rotate_angle": -14.54, "rotate_angle_pred": -7.07285966285113}