{"centroid": [-0.9509100341725043, 0.28467379510402674, -0.06837405546549513], "extents": [0.26712301936954486, 0.165145516395569, 0.42756957717640387], "rotate_angle": 20.86, "rotate_angle_pred": 24.746651315734226}