{"centroid": [1.09228141646559, 0.23548818379640574, -0.17890496156642466], "extents": [0.09131048761746441, 0.08906503021717085, 0.6089500879573316], "rotate_angle": -22.43, "rotate_angle_pred": -23.911565216810573}