{"centroid": [0.8563207389893637, 0.24318689852952943, 0.04757512550747586], "extents": [0.24057393815868977, 0.05415521562099471, 0.5345557231991118], "rotate_angle": -38.9, "rotate_angle_pred": -40.05356102825328}