{"centroid": [0.9518492580225216, 0.2053960934281348, -0.1356006872367664], "extents": [0.12764845623318988, 0.3062756657600404, 0.4508230031810873], "rotate_angle": -37.64, "rotate_angle_pred": -37.63432710223789}