{"centroid": [0.09781428803192757, 0.7361803501844406, -0.061109516516685905], "extents": [0.684063366901493, 0.22180649638175975, 0.13450366099459704], "rotate_angle": 42.41, "rotate_angle_pred": 32.690895929322465}