{"centroid": [-0.7932085249801746, 0.2089776247739791, -0.010061946939084947], "extents": [0.2236902447682868, 0.2177074551582337, 0.4738197096271889], "rotate_angle": 17.79, "rotate_angle_pred": 10.636472478950921}