{"centroid": [0.007330629215009503, -0.10435682535171512, 0.10158576084562253], "extents": [0.05104373262117113, 0.036121681332588265, 0.3453455775179137], "rotate_angle": -14.77, "rotate_angle_pred": -18.994607170531538}