{"centroid": [0.06732683478601229, 0.15495786070823658, 0.49793433177428986], "extents": [0.03510572760715849, 0.5801840424537659, 0.05938274784892855], "rotate_angle": 25.58, "rotate_angle_pred": 21.80471032633804}