{"centroid": [0.7995821712140385, 0.2392537146806716, 0.035300725105682454], "extents": [0.21918500921662842, 0.12341338396072399, 0.4517923585645053], "rotate_angle": -40.96, "rotate_angle_pred": -39.83769731784652}