{"centroid": [-0.8359570184736691, 0.30808633938431745, -0.03325199590221551], "extents": [0.24988502284752778, 0.10797835141420375, 0.5663036112714901], "rotate_angle": -23.33, "rotate_angle_pred": -19.346272521839694}