{"centroid": [-0.02771059480208583, 0.7887935414910315, 0.6542927777840868], "extents": [0.16347175912479522, 0.030989930033683777, 0.061386708455255956], "rotate_angle": -31.88, "rotate_angle_pred": -32.33315726239992}