{"centroid": [-0.1468985584808828, 0.38345913589000696, 0.3463057413483788], "extents": [0.09990365087975789, 0.23432496190071106, 0.099113866982387], "rotate_angle": 2.34, "rotate_angle_pred": -2.6344830819452056}