{"centroid": [-0.023392510507767528, 0.20158430933952323, 0.5563455903010925], "extents": [1.1117154157219447, 0.0312743782997133, 0.09905745653590747], "rotate_angle": -36.04, "rotate_angle_pred": -38.635777717865636}