{"centroid": [0.09600361041420039, 0.263266423717141, 0.4538291642062681], "extents": [0.9921215779976934, 0.034944374114275034, 0.08116655057719924], "rotate_angle": -27.03, "rotate_angle_pred": -22.553533025748507}