{"centroid": [-0.03792845032740988, 0.30416326224803913, 0.43921694754258567], "extents": [0.9701026685002279, 0.0599988996982575, 0.062030561312558796], "rotate_angle": -18.88, "rotate_angle_pred": -19.12993112867548}