{"centroid": [0.04001329031454323, 0.06599057465791697, 0.34738385403770866], "extents": [0.5451210765855352, 0.05903324484825144, 0.049155447890214365], "rotate_angle": -40.45, "rotate_angle_pred": -42.18726170528538}