{"centroid": [0.07042848523964057, 0.2983261849731206, 0.49218615048225006], "extents": [0.9868574722568636, 0.050099354237318205, 0.10470442456982765], "rotate_angle": 29.94, "rotate_angle_pred": 28.892427002914673}