{"centroid": [4.607907325274163e-06, 0.13986331038177008, 0.39846455257406554], "extents": [1.0135748497393036, 0.041896220296621475, 0.10882087171052679], "rotate_angle": 40.98, "rotate_angle_pred": 38.144156022589414}