{"centroid": [-0.030365577605245005, 0.20652644336223594, 0.36129829084449483], "extents": [0.7999947025358414, 0.027214229106903187, 0.06670664957788158], "rotate_angle": 35.1, "rotate_angle_pred": 33.991151797307}