{"centroid": [-0.0973152505130488, 0.25877546519041045, 0.48411295375432906], "extents": [1.018049099978269, 0.0519580096006394, 0.05973444383749227], "rotate_angle": 5.2, "rotate_angle_pred": 10.151091972817255}