{"centroid": [-0.6487469620704317, 0.1664907224476336, 0.26563713585190185], "extents": [0.37806749805011713, 0.025655396282672938, 0.05721201817438992], "rotate_angle": 25.75, "rotate_angle_pred": 25.27862636103319}