{"centroid": [-0.0024246642878678303, 0.334550030529499, 0.5380781883685923], "extents": [0.47847842824302284, 0.012295529246330317, 0.08186151028111266], "rotate_angle": -35.59, "rotate_angle_pred": -37.38480248904958}