{"centroid": [0.01386696995021696, 0.7627862337976694, 0.15530243916186573], "extents": [0.047999597795255866, 0.05766170099377632, 0.19089242700391232], "rotate_angle": -42.64, "rotate_angle_pred": -40.073533426719045}