{"centroid": [0.015044372424322295, 0.7646537050604819, 0.5896194701249377], "extents": [0.13023036494693319, 0.023157998919487, 0.05571839490202013], "rotate_angle": 12.07, "rotate_angle_pred": 11.546314689873029}