{"centroid": [-0.19560161021995268, 0.7702965885400772, 0.28904069911558117], "extents": [0.03443929563011275, 0.02969697117805481, 0.12466989493732422], "rotate_angle": -35.48, "rotate_angle_pred": -34.58329333844202}