{"centroid": [-0.005106072819811486, 0.5807280838489531, 0.6645955557805638], "extents": [0.48725676352683833, 0.009925782680511475, 0.0864830311849456], "rotate_angle": -38.01, "rotate_angle_pred": -38.60397789210902}