{"centroid": [-0.05453527685560715, 0.6799613833427429, 0.2793223090232025], "extents": [0.3332662773916508, 0.08443188667297374, 0.06945109145421025], "rotate_angle": -28.4, "rotate_angle_pred": -25.427644002855146}