{"centroid": [0.24670357879586463, 0.754292618483305, 0.27290632055129926], "extents": [0.05527164704136142, 0.028756164014339558, 0.10156051662196156], "rotate_angle": 16.12, "rotate_angle_pred": 13.962764885051456}