{"centroid": [-0.002863872309629204, 0.17584123462438575, 0.5511850589085955], "extents": [0.30622040525145683, 0.0038625448942185003, 0.05960883808908757], "rotate_angle": -28.72, "rotate_angle_pred": -30.01187507953651}