{"centroid": [0.07929107092582495, 0.057850016281008665, 0.355812470190666], "extents": [0.022393420379705, 0.09364460408687592, 0.021931409876042307], "rotate_angle": 28.56, "rotate_angle_pred": 30.72328573520538}