{"centroid": [0.056154660034921124, 0.08676089718937866, 0.2940236852646227], "extents": [0.0018675029784226901, 0.10556180030107497, 0.049773977556537674], "rotate_angle": 23.2, "rotate_angle_pred": 18.35297806450305}