{"centroid": [0.06556476816367561, 0.4275201857089996, 0.4286493165186392], "extents": [0.2980065097933734, 0.02857255935668951, 0.08035710589331424], "rotate_angle": -17.47, "rotate_angle_pred": -23.817031743071723}