{"centroid": [-0.018486148158109162, 0.07110001891851417, 0.30494059394488493], "extents": [0.021312475834145233, 0.06444153189659119, 0.031632740985144125], "rotate_angle": 10.4, "rotate_angle_pred": 9.130529259626769}