{"centroid": [0.13089234471821795, 0.20977255702018718, 0.5678298203348301], "extents": [0.24697133898735402, 0.12933608889579773, 0.07506445050239685], "rotate_angle": -8.73, "rotate_angle_pred": -13.030359147004006}