{"centroid": [-0.000528884205085664, 0.7341117076575756, 0.313820431896474], "extents": [0.3042217487765333, 0.0669754371047021, 0.09442257864739817], "rotate_angle": 28.11, "rotate_angle_pred": 24.7901206137833}