{"centroid": [0.009406364940114442, 0.19664294272661204, 0.509575725368087], "extents": [0.34918618440086197, 0.040480390191078214, 0.07172451962217813], "rotate_angle": 33.03, "rotate_angle_pred": 30.254270225977322}