{"centroid": [0.15915939298813328, 0.008225215598940787, 0.3017818140893023], "extents": [0.02827493058399408, 0.07558785378932954, 0.04137173977221703], "rotate_angle": 3.0, "rotate_angle_pred": 6.510320729663903}