{"centroid": [0.0584667771451344, 0.7496903389692307, 0.18284770604095096], "extents": [0.01037798087461047, 0.03189942240715038, 0.21177208639773992], "rotate_angle": 20.83, "rotate_angle_pred": 12.881129157432824}