{"centroid": [0.005844066818155157, 0.7377169132232667, 0.15981250906665834], "extents": [0.05485723074970028, 0.06808519363403331, 0.18350371408355293], "rotate_angle": -41.44, "rotate_angle_pred": -38.28769661492377}