{"centroid": [-0.20462563357383806, 0.13394612073898307, 0.496095351317213], "extents": [0.13081137977310858, 0.5673602223396301, 0.15721199086290433], "rotate_angle": -22.93, "rotate_angle_pred": -27.015304622293634}