{"centroid": [0.00041945887362535017, 0.44644725322723383, 0.5740663665023018], "extents": [0.31537068580490224, 0.012263298034667969, 0.07385192973145527], "rotate_angle": -27.42, "rotate_angle_pred": -27.02954234432009}