{"centroid": [0.4371558228318815, 0.38551735132932663, -0.12565215845077496], "extents": [0.22693282888308902, 0.6614730358123779, 0.14003822529887114], "rotate_angle": 23.68, "rotate_angle_pred": 26.83384064277753}