{"centroid": [-0.015072059265091316, 0.7313932515680789, 0.4214083933267319], "extents": [0.5421586029248185, 0.053320594131946675, 0.06166099003443243], "rotate_angle": -38.15, "rotate_angle_pred": -35.470260196853474}