{"centroid": [0.3075302452390176, 0.32855447567999363, -0.12263553682003914], "extents": [0.20379926792887776, 0.6412857174873352, 0.09591619919172505], "rotate_angle": -5.04, "rotate_angle_pred": -3.5498545997003106}