{"centroid": [0.23145145744626197, 0.5659279078245163, -0.20748623491425097], "extents": [0.14775982867552293, 0.4532643258571625, 0.12942281688102109], "rotate_angle": 16.15, "rotate_angle_pred": 15.42467536770232}