{"centroid": [0.023466660579831797, 0.3693076483905315, 0.6050565534199527], "extents": [0.40393406222973605, 0.09363313764333736, 0.10303287225998847], "rotate_angle": 42.19, "rotate_angle_pred": 36.92934079275105}