{"centroid": [0.34461587299128443, 0.3930579572916031, -0.13582307197467128], "extents": [0.2557968821243607, 0.7049610614776611, 0.13049833608900757], "rotate_angle": -27.33, "rotate_angle_pred": -17.349351739489748}