{"centroid": [0.37568010432811844, 0.472119927406311, 0.017461068571523963], "extents": [0.22119117891530216, 0.5136318802833557, 0.08214665062519295], "rotate_angle": -28.27, "rotate_angle_pred": -31.341914872599077}