{"centroid": [-0.05733859695111978, 0.6531278491020203, 0.007809069460341832], "extents": [0.3422148148051495, 0.2918142080307007, 0.1295492469918086], "rotate_angle": -6.31, "rotate_angle_pred": -5.668376179419639}