{"centroid": [-0.27817302091364793, 0.16224232316017148, 0.1101073492170703], "extents": [0.25385132334208166, 0.8158848881721497, 0.14069448357273487], "rotate_angle": 15.29, "rotate_angle_pred": 6.399753960593202}