{"centroid": [0.2849228578296835, 0.4046003818511963, 0.017131798022783917], "extents": [0.19570593163506722, 0.47533333301544195, 0.04838149530021392], "rotate_angle": -36.63, "rotate_angle_pred": -32.79413149066562}