{"centroid": [0.4630548736935274, 0.4139225333929062, 0.04172746820416659], "extents": [0.4323262574987893, 0.9504619836807251, 0.1550359875931786], "rotate_angle": -5.19, "rotate_angle_pred": -9.217037297699534}