{"centroid": [-0.3832225565691616, 0.6782442852854728, 0.2778700530219027], "extents": [0.09937758991198536, 0.0191258043050766, 0.17475560742618468], "rotate_angle": 41.44, "rotate_angle_pred": 39.025666240900364}