{"centroid": [0.09926060037201202, 0.688991591334343, 0.23976212564629562], "extents": [0.045949219913883524, 0.07285425066947948, 0.19265514300479017], "rotate_angle": -0.93, "rotate_angle_pred": -5.559072171546887}