{"centroid": [-0.1430098752395142, 0.35856801271438593, 0.3475497302503499], "extents": [0.10519123541514154, 0.32849177718162537, 0.03629984237164463], "rotate_angle": 1.75, "rotate_angle_pred": -5.169700387021351}