{"centroid": [-0.1912136431979201, 0.44435074925422663, 0.40886770196904476], "extents": [0.10252669608920148, 0.24570345878601074, 0.022723008291396674], "rotate_angle": 16.39, "rotate_angle_pred": 16.655710903396738}