{"centroid": [-0.13715767793345063, 0.23071711137890805, 0.41671108186580974], "extents": [0.4419473025172958, 0.051400490105152186, 0.0775280281636], "rotate_angle": 39.8, "rotate_angle_pred": 34.401898702366495}