{"centroid": [0.1828566565959107, -0.08052259683609012, 0.32283357075780034], "extents": [0.001483485065905954, 1.8089865446090698, 0.09350470966936947], "rotate_angle": 10.91, "rotate_angle_pred": 9.626423211126863}