{"centroid": [-0.053060425660145974, 0.1845348477363586, 0.36204280260307736], "extents": [0.1548103189831213, 0.7335653305053712, 0.10937897484552267], "rotate_angle": -39.16, "rotate_angle_pred": -36.91334038669868}