{"centroid": [-0.07721347864680952, 0.3858895748853683, 0.20279177634317988], "extents": [0.009107753499304858, 0.24442663788795466, 0.028979848640284744], "rotate_angle": -40.8, "rotate_angle_pred": -43.40490065562935}