{"centroid": [-0.2260148623356056, 0.45674854516983027, 0.29016626404066775], "extents": [0.13546723223926738, 0.22571134567260742, 0.07578212076799207], "rotate_angle": 26.17, "rotate_angle_pred": 22.298905589718473}