{"centroid": [-0.2767475373666199, 0.23103499412536616, 0.5781570996378435], "extents": [0.026310294791941302, 0.765561878681183, 0.07908276446086115], "rotate_angle": -39.53, "rotate_angle_pred": -37.09902514913864}