{"centroid": [-0.01218139004712458, 0.25997593440115446, 0.4326120643304708], "extents": [0.196463312844447, 0.4844132959842682, 0.07460737082775559], "rotate_angle": 13.66, "rotate_angle_pred": 5.015465573078828}