{"centroid": [-0.2046763545825846, 0.21263834834098813, 0.3985878688042527], "extents": [0.014679089215241081, 0.3876856565475464, 0.04310292385897824], "rotate_angle": -44.23, "rotate_angle_pred": -41.40475315385848}