{"centroid": [-0.11549043649212634, 0.2551648467779159, 0.37756105636663645], "extents": [0.003730118262107812, 0.3697835803031922, 0.05832621435520352], "rotate_angle": 5.0, "rotate_angle_pred": 0.6554959767187114}