{"centroid": [-0.1279318256597098, 0.037478268146514795, 0.48303795274289624], "extents": [0.06575112191511132, 0.27369651198387146, 0.0882052351842667], "rotate_angle": 39.38, "rotate_angle_pred": 41.52955009267487}