{"centroid": [-0.029553624596824105, 0.03748001903295506, 0.5362642773301333], "extents": [0.04518912024420571, 0.3066249489784242, 0.08290657468742418], "rotate_angle": 5.17, "rotate_angle_pred": 6.451058398957031}