{"centroid": [-0.08448082403725254, 0.19749699532985682, 0.4369875585419017], "extents": [0.05122056732030456, 0.2538339495658875, 0.08390043141489067], "rotate_angle": 36.15, "rotate_angle_pred": 37.4600712454356}