{"centroid": [0.027675022800707272, 0.16642840579152096, 0.4419594429056074], "extents": [0.0453752808431269, 0.2596559524536133, 0.07159728676933369], "rotate_angle": 44.94, "rotate_angle_pred": 40.564800961701565}