{"centroid": [-0.655936574773673, 0.5382295325398445, -0.1040460600603081], "extents": [0.1442866587000864, 0.04133225977420818, 0.8180805238331252], "rotate_angle": 17.44, "rotate_angle_pred": 23.007693416053044}