{"centroid": [-0.12306601559059216, 0.13127312809228886, 0.3966387423651415], "extents": [0.045108043580701654, 0.3439163565635681, 0.054904692998837046], "rotate_angle": 30.81, "rotate_angle_pred": 27.583477633182127}