{"centroid": [-0.1425132742157705, 0.2855138257145881, 0.35569974702501417], "extents": [0.08389506216108018, 0.3839045464992523, 0.05223518812596245], "rotate_angle": -33.19, "rotate_angle_pred": -37.590819935952716}