{"centroid": [-0.004826047201858308, -0.5039850920438766, 0.5267755448442056], "extents": [0.9124787080478001, 0.01274290680885326, 0.06434293251144968], "rotate_angle": -41.39, "rotate_angle_pred": -42.494825664679325}