{"centroid": [0.08599642500066246, 0.4881634414196014, 0.45699566523242297], "extents": [0.8713776570832303, 0.12194067239761369, 0.0965982388792399], "rotate_angle": -44.76, "rotate_angle_pred": -46.5094884852835}