{"centroid": [-0.05712564273717542, 0.1319167055189609, 0.3223627941679791], "extents": [0.06465979809562608, 0.3814939856529236, 0.061883722879239655], "rotate_angle": -1.24, "rotate_angle_pred": -5.590873476812632}