{"centroid": [-0.23620918259977786, 0.3087394014000892, 0.3815100051188141], "extents": [0.06221407634042145, 0.4016706347465515, 0.06387864034912438], "rotate_angle": 30.8, "rotate_angle_pred": 30.7434533363255}