{"centroid": [-0.08461576208047884, 0.49177439510822296, 0.06688244820589387], "extents": [0.0869205451801129, 0.05870494246482855, 0.11959351692088468], "rotate_angle": 34.74, "rotate_angle_pred": 34.49585266486051}