{"centroid": [-0.04600960345475688, 0.6328613944351673, 0.47834806424238063], "extents": [0.8177390528364212, 0.11978844553232204, 0.08884569821924282], "rotate_angle": -28.43, "rotate_angle_pred": -27.975549729172492}