{"centroid": [-0.013920694157232565, 0.17649756371974942, 0.16945646404433398], "extents": [0.4921055623470951, 0.17963939905166632, 0.0712310208749897], "rotate_angle": -22.32, "rotate_angle_pred": -28.68854361403156}