{"centroid": [0.0632030829836476, -0.18159867823123935, 0.2692789143786888], "extents": [0.58303636682816, 0.0171259343624115, 0.02732749300671594], "rotate_angle": 6.38, "rotate_angle_pred": 2.9179998199970782}