{"centroid": [0.26196314075380345, 0.009859621524810791, 0.3776323966989885], "extents": [0.07289306040598406, 1.1104973554611206, 0.08697277267202635], "rotate_angle": 29.59, "rotate_angle_pred": 31.04966760598883}