{"centroid": [-0.12032247497291067, 0.32552811503410334, 0.24338469976823135], "extents": [0.19971495354457416, 0.21216621994972232, 0.08115212411129466], "rotate_angle": 41.36, "rotate_angle_pred": 32.728870003820646}