{"centroid": [-0.20932247590253172, 0.664393875747919, 0.3329045862288094], "extents": [0.12041661194415335, 0.06882626563310623, 0.05472610169036485], "rotate_angle": 24.98, "rotate_angle_pred": 21.999789096568378}