{"centroid": [-0.12239931499958545, 0.3762762397527694, 0.3197286401010816], "extents": [0.17787095421232843, 0.29810279607772827, 0.028778045587908974], "rotate_angle": -5.4, "rotate_angle_pred": -9.100480803236394}