{"centroid": [0.06764822294613958, 0.2762795649468899, 0.1784729052413146], "extents": [0.22517434724849297, 0.06896301358938223, 0.05422162496305555], "rotate_angle": -42.9, "rotate_angle_pred": -41.7609960668845}