{"centroid": [-0.5256448887091382, 0.02830404043197622, 0.5720435999620793], "extents": [0.04865255321893103, 1.1236847639083862, 0.09806693577249648], "rotate_angle": -22.51, "rotate_angle_pred": -20.278752894422155}