{"centroid": [0.005475906056385954, -0.10376582294702544, 0.6710658952344899], "extents": [0.7318733447067762, 0.03857280313968668, 0.11333126003944949], "rotate_angle": 28.03, "rotate_angle_pred": 26.22440690129592}