{"centroid": [-0.005475188417363934, -0.2149030044674874, 0.5439794694593367], "extents": [0.963001809783776, 0.024924919009208846, 0.09581541642128827], "rotate_angle": -42.38, "rotate_angle_pred": -44.48526098814012}