{"centroid": [0.08574305000484858, 0.2668072208762167, 0.4565394603613214], "extents": [1.0966777626116944, 0.11360965669155129, 0.08953761911241825], "rotate_angle": -29.95, "rotate_angle_pred": -29.678227433042373}