{"centroid": [-0.00814888072893994, 0.6289383992552756, 0.5304256010642857], "extents": [0.9660049584005128, 0.025653764605522267, 0.10360872645884961], "rotate_angle": -27.84, "rotate_angle_pred": -30.25952127005003}