{"centroid": [-0.07617850806666134, 0.40679160505533196, 0.6635753691722583], "extents": [0.7929664644750016, 0.02312327921390539, 0.08857872852622961], "rotate_angle": 11.48, "rotate_angle_pred": 10.001415171281721}