{"centroid": [0.05165597945385786, 0.6279838122427464, 0.4922096790800757], "extents": [0.951542835623774, 0.05205858498811733, 0.11155964960136894], "rotate_angle": 34.84, "rotate_angle_pred": 31.275873712039896}