{"centroid": [0.021635685387051774, 0.5876532867550849, 0.5118422683790058], "extents": [0.9687188632361854, 0.0428013950586319, 0.10274179034390774], "rotate_angle": 5.44, "rotate_angle_pred": 2.394213408323253}