{"centroid": [-0.023240021812575645, 0.5326046869158744, 0.5507760225911114], "extents": [0.8834662462331628, 0.002370581030845642, 0.07840524635948831], "rotate_angle": -1.5, "rotate_angle_pred": -4.911991475067339}