{"centroid": [-0.03472942719006695, 0.5335045084357262, 0.452628821676626], "extents": [0.8494868829500439, 0.07199917733669298, 0.09763705678660067], "rotate_angle": 39.77, "rotate_angle_pred": 34.81685055734519}