{"centroid": [-0.01220865817867521, 0.5346824526786804, 0.47398204589593185], "extents": [0.7586278326204832, 0.22672027349472063, 0.10413511106828566], "rotate_angle": -35.9, "rotate_angle_pred": -35.68517770484558}