{"centroid": [-0.04494609016552752, 0.4932288825511932, 0.4249604066247609], "extents": [0.5993442414014809, 0.15336567163467407, 0.09796315233189434], "rotate_angle": -15.28, "rotate_angle_pred": -15.05940599793604}