{"centroid": [-0.006952337640814127, 0.5259820446372032, 0.4131040782685794], "extents": [0.9333166051959636, 0.07327680289745342, 0.09165378079828063], "rotate_angle": 22.26, "rotate_angle_pred": 17.408932861991474}