{"centroid": [-0.017750561302425173, 0.5681090801954268, 0.43840536464513924], "extents": [0.8452894512529452, 0.09281262755393982, 0.08716392336507706], "rotate_angle": -14.12, "rotate_angle_pred": -14.182861986866598}