{"centroid": [0.0005855322802054523, -0.031682200729847065, 0.687460577169115], "extents": [0.2837914792877959, 0.02459036558866506, 0.04765586501926533], "rotate_angle": -40.63, "rotate_angle_pred": -42.20173663479773}