{"centroid": [0.04415742737727008, -0.2301465906202794, 0.6687416603592069], "extents": [0.3764405820486126, 0.0504130646586419, 0.05891818884873179], "rotate_angle": -43.21, "rotate_angle_pred": -47.4955010296671}