{"centroid": [0.0972609901292929, -0.001554622314870419, 0.26118703413171496], "extents": [0.08812455711564685, 0.012064576148986829, 0.03378026140886836], "rotate_angle": -16.6, "rotate_angle_pred": -15.042047446959927}