{"centroid": [0.12374322444885312, 0.01159143284894522, 0.1935703674229738], "extents": [0.057582753926805036, 0.02124996483325959, 0.03218865727154832], "rotate_angle": 8.23, "rotate_angle_pred": 7.72689424707211}