{"centroid": [0.11768309755022531, 0.013416768051683837, 0.26638366795012075], "extents": [0.09293179549821161, 0.0030645728111267263, 0.03725527734080447], "rotate_angle": -38.89, "rotate_angle_pred": -31.84974938640351}