{"centroid": [0.04806571995586894, 0.01072908937931057, 0.16576520190397656], "extents": [0.06930859319503443, 0.01072352379560472, 0.037870276350962045], "rotate_angle": -12.44, "rotate_angle_pred": -12.508436051720452}