{"centroid": [0.021411572636724042, 0.009400962153449616, 0.16810494128825748], "extents": [0.07076832657194232, 0.01289574056863786, 0.0411333553789586], "rotate_angle": -20.49, "rotate_angle_pred": -20.05573292067014}