{"centroid": [-0.20327276469184902, 0.11471895128488552, -0.43701795117773445], "extents": [0.14308057507059924, 0.016799107193946852, 0.006538677860842501], "rotate_angle": -40.49, "rotate_angle_pred": -38.93206005547564}