{"centroid": [0.11557512721392565, 0.10385434888303274, 0.19529316594909696], "extents": [0.05802870824116359, 0.05851815268397334, 0.05199711688973582], "rotate_angle": -13.09, "rotate_angle_pred": -13.231672650519002}