{"centroid": [0.11425498295750239, 0.04495962522923946, 0.11986729379123712], "extents": [0.07269073855939073, 0.044724814593791976, 0.0399868739904793], "rotate_angle": 35.65, "rotate_angle_pred": 29.76754994745322}