{"centroid": [0.20955196685110664, -0.05438855476677423, 0.35947823150221025], "extents": [0.08462842757498848, 0.04869685694575311, 0.02173239790044662], "rotate_angle": 21.1, "rotate_angle_pred": 19.377004272587754}