{"centroid": [0.029485272387853995, 0.19963875785470006, 0.3007125016692841], "extents": [0.09791590438653865, 0.06386680155992508, 0.009727835819409836], "rotate_angle": -23.0, "rotate_angle_pred": -24.614367967623167}