{"centroid": [-0.005683508207824749, 0.07390097901225083, 0.26775516373889463], "extents": [0.12802668015840596, 0.03724242001771929, 0.04972783514963644], "rotate_angle": -9.9, "rotate_angle_pred": -14.735919024556111}