{"centroid": [0.04795297210309542, 0.036101747304201064, 0.30424837882336175], "extents": [0.1050728768894306, 0.0024589300155639718, 0.01953730333424042], "rotate_angle": 5.83, "rotate_angle_pred": 5.346166179498837}