{"centroid": [0.023103889856889055, 0.011743227718397916, 0.2754223659925586], "extents": [0.06902597995725245, 0.01873469352722169, 0.033342343553736775], "rotate_angle": -29.1, "rotate_angle_pred": -25.57573603017262}