{"centroid": [0.024058470400874575, 0.010978681966662329, 0.3507545104326359], "extents": [0.11086734631220421, 0.011496976017951969, 0.008951943567096554], "rotate_angle": 9.28, "rotate_angle_pred": 8.835764755378918}