{"centroid": [0.06627996074903003, 0.07247796747833479, 0.4807559334550918], "extents": [0.03930955444651276, 0.165210634469986, 0.042948745895262985], "rotate_angle": -24.94, "rotate_angle_pred": -26.441966325612}