{"centroid": [0.14216797546772522, 0.023597620427608414, 0.35220408160993594], "extents": [0.018619023430888115, 0.18022876977920532, 0.06926700535120855], "rotate_angle": 1.88, "rotate_angle_pred": 2.563088372694125}