{"centroid": [0.00977841901163254, 0.2489511296153068, 0.38296200768818145], "extents": [0.23828381042265917, 0.0666032284498215, 0.03707199876149769], "rotate_angle": -3.53, "rotate_angle_pred": -1.9089374725723047}