{"centroid": [0.36311157359847895, 0.1788170412182808, 0.2109087894253934], "extents": [0.1311083565096416, 0.007792547345161466, 0.01559574505824285], "rotate_angle": 28.95, "rotate_angle_pred": 24.57299851039113}