{"centroid": [0.009421687567565805, 0.02525289729237548, 0.3748111641025007], "extents": [0.11259791931134783, 0.012565627694129954, 0.00505824383977399], "rotate_angle": 20.46, "rotate_angle_pred": 20.293060542634137}