{"centroid": [0.09932826341346007, -0.013170273043215316, 0.33448632735598555], "extents": [0.053620888715620096, 0.009923756122589122, 0.011471049631796737], "rotate_angle": 37.7, "rotate_angle_pred": 39.8828599765892}