{"centroid": [0.04640660897472766, 0.031498766504228067, 0.30909741252533435], "extents": [0.14938091021571928, 0.05311334133148196, 0.027695980442028367], "rotate_angle": 35.69, "rotate_angle_pred": 37.6111242888656}