{"centroid": [-0.13795454743532043, 0.20414447411894796, 0.2882656306121901], "extents": [0.050705053544460615, 0.11327403038740161, 0.012186262908533085], "rotate_angle": -44.57, "rotate_angle_pred": -42.81152701164519}