{"centroid": [0.04306065963267907, 0.12320314347743982, 0.19591312058409552], "extents": [0.048030057064868584, 0.09541629254817965, 0.06435723737503479], "rotate_angle": -15.52, "rotate_angle_pred": -16.029207089632337}