{"centroid": [0.10835379226441864, 0.06027013994753361, 0.06570156337525651], "extents": [0.08790613682232419, 0.03858079388737681, 0.08188660416142987], "rotate_angle": 40.96, "rotate_angle_pred": 36.30655164005802}