{"centroid": [0.07418610714621758, 0.2068994306027889, 0.35991920510654424], "extents": [0.08372756095837841, 0.10179015249013901, 0.06841757895276185], "rotate_angle": 43.75, "rotate_angle_pred": 36.930562714353016}