{"centroid": [0.04332785783083649, 0.035361779853701515, 0.4517396041160147], "extents": [0.21386643718251602, 0.03541751205921177, 0.049940942489804574], "rotate_angle": 38.21, "rotate_angle_pred": 37.944585768150816}