{"centroid": [-0.052281161245926355, 0.12494718283414838, 0.1522438312327918], "extents": [0.0044908150410328945, 0.16466593742370605, 0.048094197443506376], "rotate_angle": -14.22, "rotate_angle_pred": -15.430944881265845}