{"centroid": [-0.005349699493617741, 0.11860446631908414, 0.1396430876931], "extents": [0.0024539754396057864, 0.1570931375026703, 0.04191940380545356], "rotate_angle": 8.28, "rotate_angle_pred": 6.409381679941589}