{"centroid": [0.3991829869062472, 0.03796793962828807, 0.49013360375735066], "extents": [0.08160331621948891, 0.08123752474784852, 0.03247551158597489], "rotate_angle": 16.14, "rotate_angle_pred": 16.59116842847716}