{"centroid": [0.27675244675600713, 0.04358170181512828, 0.26057478207601653], "extents": [0.10445786545847985, 0.009235844016075141, 0.036195249329828316], "rotate_angle": 13.99, "rotate_angle_pred": 10.278227104236393}