{"centroid": [0.32855361842429115, 0.12561452761292446, 0.2618809730357125], "extents": [0.13824233154103266, 0.05072372406721114, 0.03341232550217538], "rotate_angle": -24.77, "rotate_angle_pred": -20.578652225504428}