{"centroid": [-0.03280479018159744, -0.04795260354876529, 0.49333003316695595], "extents": [0.16384894786640586, 0.005833342671394369, 0.027498168267886758], "rotate_angle": -16.92, "rotate_angle_pred": -18.178315659995874}