{"centroid": [-0.030079768031518028, -0.040415175259113416, 0.4959042929141731], "extents": [0.16459050437570233, 0.008277148008346578, 0.028228861633113944], "rotate_angle": -21.14, "rotate_angle_pred": -22.458494944765576}