{"centroid": [-0.019107161675079726, -0.03404413163661965, 0.4903619617691944], "extents": [0.15903093036887578, 0.009014055132865923, 0.027510097451191762], "rotate_angle": -25.49, "rotate_angle_pred": -26.682801240306418}