{"centroid": [-0.019839801825104232, 0.05709188152104608, 0.46943000376805843], "extents": [0.0503286958050927, 0.10636717081069948, 0.05398206575947162], "rotate_angle": -30.14, "rotate_angle_pred": -31.473686584118248}