{"centroid": [0.07779006167640937, -0.008079104125499814, 0.43233262605019185], "extents": [0.0047553851759983, 0.14883026480674744, 0.05515562691853931], "rotate_angle": -23.86, "rotate_angle_pred": -21.884641100276625}