{"centroid": [0.7566994453525572, -0.32141147553920757, 0.19848019006872308], "extents": [0.19574596944885359, 0.1960794627666474, 0.06313220239626496], "rotate_angle": -35.97, "rotate_angle_pred": -33.71935044656405}