{"centroid": [-0.44099903690214853, 0.4319275654852389, 0.4553907314055802], "extents": [0.21332080587337116, 0.021831817924976404, 0.03541737037380266], "rotate_angle": 32.51, "rotate_angle_pred": 32.0900078159798}