{"centroid": [-0.06615137473280551, 0.279449351131916, 0.20273114598017739], "extents": [0.0980164926252589, 0.06785862147808075, 0.052161998835431406], "rotate_angle": -1.77, "rotate_angle_pred": -2.304771113444943}