{"centroid": [-0.41969995746419836, 0.2684658505022525, 0.2964052174950342], "extents": [0.14652340506462846, 0.02579755336046219, 0.050180857482162944], "rotate_angle": -6.11, "rotate_angle_pred": -5.3205455714962255}