{"centroid": [0.4540546101981225, 0.29091726243495936, 0.255178328106637], "extents": [0.06686913142392026, 0.04689493775367737, 0.045538633519166816], "rotate_angle": -31.37, "rotate_angle_pred": -30.468524175714137}