{"centroid": [0.047487044549803556, 0.05554772913455958, 0.18690396433357742], "extents": [0.000933565174607992, 0.2857215106487274, 0.03524917643134304], "rotate_angle": -31.08, "rotate_angle_pred": -30.671250662912044}