{"centroid": [0.060184222315474746, 0.05915883928537364, 0.2435515887315684], "extents": [0.007740892234655149, 0.3246855139732361, 0.046659408581975564], "rotate_angle": 19.7, "rotate_angle_pred": 22.519687297497825}