{"centroid": [0.03184388599939224, -0.051883846521377626, 0.27776433285619206], "extents": [0.020419046092197423, 0.28960499167442333, 0.03612541373630895], "rotate_angle": 31.46, "rotate_angle_pred": 27.207742707832054}