{"centroid": [0.33155828926393843, 0.2754904367029666, 0.4433027656126695], "extents": [0.3076929398391348, 0.037436909973621424, 0.05121433648934737], "rotate_angle": -23.02, "rotate_angle_pred": -23.89916403035774}