{"centroid": [0.017109353786033885, -0.03922146558761601, 0.2687233981642349], "extents": [0.02006445811165401, 0.2799404263496399, 0.034742712733264014], "rotate_angle": 38.77, "rotate_angle_pred": 36.02185634384645}