{"centroid": [-0.2508593029726753, 0.5540904812514781, 0.39043040046555755], "extents": [0.3941443707354882, 0.006756030023097992, 0.06039619667755608], "rotate_angle": 32.65, "rotate_angle_pred": 33.933899981331834}