{"centroid": [0.013331076817420101, 0.17757981643080709, 0.23570444053551176], "extents": [0.015417650704505712, 0.2908017337322235, 0.03359749247155991], "rotate_angle": -22.17, "rotate_angle_pred": -24.741552222810185}