{"centroid": [-0.2834673681814549, 0.4761498309671878, 0.4079771743148585], "extents": [0.30242094691514815, 0.00978208333253866, 0.05976999236628566], "rotate_angle": -13.84, "rotate_angle_pred": -12.79351665197693}