{"centroid": [0.655350053959439, -0.44730427116155624, 0.2671633164609586], "extents": [0.25647407862508065, 0.10701866447925562, 0.060534164527473094], "rotate_angle": -22.06, "rotate_angle_pred": -22.813402928714964}