{"centroid": [0.7097845178451804, -0.36412677168846136, 0.23580850685148147], "extents": [0.2143500431685338, 0.19516831636428839, 0.07516999488048234], "rotate_angle": -37.72, "rotate_angle_pred": -32.1850350693689}