{"centroid": [-0.042860106629630204, 0.3427488803863525, 0.37790357143689], "extents": [0.16762754825626766, 0.15839684009552008, 0.07157744682693556], "rotate_angle": 4.46, "rotate_angle_pred": 8.444792746784387}