{"centroid": [-0.1753149170419432, 0.4254016466438769, 0.3647563394485812], "extents": [0.2630735005758347, 0.11826322227716451, 0.06263525703177708], "rotate_angle": -7.74, "rotate_angle_pred": -5.278331931940642}