{"centroid": [0.038556857544655834, 0.590733928605914, 0.3928023331616274], "extents": [0.501737363644947, 0.03728529438376427, 0.0495431505058358], "rotate_angle": 7.44, "rotate_angle_pred": 8.05476848917624}