{"centroid": [-0.09136203113518329, 0.38684635981917376, 0.3548372582040903], "extents": [0.28513687711328795, 0.10116427391767502, 0.042862400205542495], "rotate_angle": -23.66, "rotate_angle_pred": -23.056611965777407}