{"centroid": [-0.022642498888879183, 0.14491729065775857, 0.5973432992611304], "extents": [0.18489779920616006, 0.019906155765056638, 0.053205804155090575], "rotate_angle": -4.76, "rotate_angle_pred": -4.36746189543382}