{"centroid": [-0.011549580429028027, -0.387479342520237, 0.5772994417168515], "extents": [0.21228977854516715, 0.013450846076011713, 0.0380519699744718], "rotate_angle": 41.57, "rotate_angle_pred": 41.86605159601535}