{"centroid": [0.11009522482517964, -0.14747896045446407, 0.5278459387447709], "extents": [0.13839105981159922, 0.14534224569797516, 0.08402924069276879], "rotate_angle": 19.64, "rotate_angle_pred": 16.31509799195547}