{"centroid": [0.12182971915145199, 0.3360860832035541, 0.5183106941764618], "extents": [0.21394567149286003, 0.08570817857980734, 0.08130452020776968], "rotate_angle": 44.03, "rotate_angle_pred": 38.074559930674354}