{"centroid": [0.6730685122539272, -0.44250911474227905, 0.3053192887898879], "extents": [0.09396395706053773, 0.23922181129455572, 0.09959822759326303], "rotate_angle": 31.18, "rotate_angle_pred": 32.14080039687292}