{"centroid": [0.04382433528086625, 0.08326159417629231, 0.45553155912120363], "extents": [0.12772944713393997, 0.15426144003868103, 0.07700410571963984], "rotate_angle": -9.18, "rotate_angle_pred": -13.2778975982135}