{"centroid": [0.027597848233964464, 0.43790541961789126, 0.4533936222971671], "extents": [0.18479913817119065, 0.07061324268579489, 0.08375890708908545], "rotate_angle": 44.99, "rotate_angle_pred": 40.38563878169086}