{"centroid": [0.03289592698938882, -0.1843377202749253, 0.38567603809046475], "extents": [0.8138618602844356, 0.03267160058021554, 0.08258450166853809], "rotate_angle": 28.29, "rotate_angle_pred": 26.590029788351032}