{"centroid": [0.09389824464191211, 0.3352679461240768, 0.3415314943729485], "extents": [0.6452549138315143, 0.08056810498237621, 0.07508206412166879], "rotate_angle": 28.07, "rotate_angle_pred": 28.306293998604957}