{"centroid": [0.7417084368409729, -0.38726011291146284, 0.24338008223821198], "extents": [0.2546112280418844, 0.0764803215861321, 0.0447117693481798], "rotate_angle": -27.31, "rotate_angle_pred": -27.39918906872237}