{"centroid": [0.2014617373160078, -0.007869474589824798, 0.5231054069110167], "extents": [0.1544657982470128, 0.1305159330368042, 0.05731745200949939], "rotate_angle": -12.7, "rotate_angle_pred": -14.082784643118728}