{"centroid": [-0.32783189840117194, 0.567850850522518, 0.47940161633538747], "extents": [0.5621249656334429, 0.019147351384162903, 0.06062437572996726], "rotate_angle": -0.55, "rotate_angle_pred": -2.031526685783632}