{"centroid": [0.22477244984143227, 0.5239097774028777, 0.4147212012019291], "extents": [0.3336633439598619, 0.019056737422943115, 0.06310837707856509], "rotate_angle": 15.5, "rotate_angle_pred": 12.787868076298693}