{"centroid": [0.12360400469623523, 0.3284411132335663, 0.4561116444987382], "extents": [0.4207863326698713, 0.1173914670944215, 0.05305748950493161], "rotate_angle": 40.52, "rotate_angle_pred": 49.569969207772544}