{"centroid": [-4.046822852647736e-05, 0.8090668246150016, 0.5355226233287395], "extents": [0.19376979795402716, 0.012785688042640686, 0.060295507396230796], "rotate_angle": 32.45, "rotate_angle_pred": 31.362461128622}