{"centroid": [0.0884296680549459, 0.5345143824815749, 0.3731269480569137], "extents": [0.46709925384975476, 0.06953582167625433, 0.05382305435383078], "rotate_angle": 41.68, "rotate_angle_pred": 38.64531238420187}