{"centroid": [0.011079361172240816, 0.5596303120255469, 0.5431965236092875], "extents": [0.2367403511512391, 0.045162513852119446, 0.06357267510462528], "rotate_angle": -10.0, "rotate_angle_pred": -9.74477387227681}