{"centroid": [0.5442785677885523, -0.5082626566290855, 0.3099782803693294], "extents": [0.12119380247253664, 0.12709899246692663, 0.057488478068287], "rotate_angle": 40.01, "rotate_angle_pred": 36.96520205243793}