{"centroid": [-0.27866025487787727, -0.1204400658607483, 0.5109798585396932], "extents": [0.012265667062558605, 0.6330105066299438, 0.08127185532209336], "rotate_angle": -42.67, "rotate_angle_pred": -40.10329926195794}