{"centroid": [0.05931630714764208, 0.0016827285289764057, 0.20667369713519354], "extents": [0.03579411623949526, 0.30515918135643005, 0.05083565741438617], "rotate_angle": 24.43, "rotate_angle_pred": 22.067915386921655}