{"centroid": [-0.012815104393345999, 0.07768634706735605, 0.23595322979746464], "extents": [0.027764662752203798, 0.27142971754074097, 0.027452068059242968], "rotate_angle": 8.61, "rotate_angle_pred": 5.224639836881792}