{"centroid": [0.059492213097692974, 0.004534617066383324, 0.20739690944658373], "extents": [0.038682169509743104, 0.3066116273403168, 0.052398866953498546], "rotate_angle": 21.35, "rotate_angle_pred": 18.842002373582588}