{"centroid": [-0.031067112855703793, 0.0016978979110716698, 0.4474511048331919], "extents": [0.038466461528939, 0.3891875743865967, 0.05515156761737733], "rotate_angle": 15.34, "rotate_angle_pred": 14.69106441077166}