{"centroid": [0.029566008027015134, 0.34112206846475596, 0.43478180494400775], "extents": [0.18955344145851707, 0.13342441618442535, 0.07807037310145465], "rotate_angle": 1.93, "rotate_angle_pred": 2.284233312093164}