{"centroid": [-0.3743651320533092, 0.4985783025622368, 0.43263282501510547], "extents": [0.5052538410471402, 5.044043064122983e-05, 0.06263650825254741], "rotate_angle": -33.43, "rotate_angle_pred": -34.87878016997527}