{"centroid": [0.3321331885042318, 0.48146327957510954, 0.38640551666470746], "extents": [0.3293871255366754, 0.019899897277355194, 0.07673458689404], "rotate_angle": 22.14, "rotate_angle_pred": 21.706332567026948}