{"centroid": [0.04456714200414332, 0.6803609207272528, 0.5469607653519755], "extents": [0.21678316328147695, 0.15224052965641022, 0.07667458708725172], "rotate_angle": -22.7, "rotate_angle_pred": -28.662097659783925}