{"centroid": [-0.05200802848106952, 0.7024780474603175, 0.6132352403889618], "extents": [0.2804314466754367, 0.018915288150310516, 0.06529984559441293], "rotate_angle": -30.21, "rotate_angle_pred": -28.252662602674874}