{"centroid": [0.2613648906289712, 0.5001622363924979, 0.4139064872826227], "extents": [0.06935989211598875, 0.039200589060783386, 0.06720403678688391], "rotate_angle": -30.65, "rotate_angle_pred": -29.630265297945478}