{"centroid": [0.3014776149559714, 0.21320509165525425, 0.6379606025849992], "extents": [0.0979043241980162, 0.6207770705223083, 0.04476935773737134], "rotate_angle": 5.09, "rotate_angle_pred": 10.288528891196805}