{"centroid": [-0.05992740395702587, 0.3597596995532512, 0.40935700418690185], "extents": [0.1868383278500511, 0.10613026469945913, 0.0752760242414276], "rotate_angle": 32.41, "rotate_angle_pred": 31.48220513179966}