{"centroid": [0.30954201890406363, 0.5348634719848632, 0.4408076184383094], "extents": [0.5340744238023741, 0.011039495468139648, 0.06001685165925974], "rotate_angle": -35.29, "rotate_angle_pred": -38.80835068609131}