{"centroid": [0.050234394166379905, 0.026231497526168737, 0.47211669023278025], "extents": [0.037353761272754415, 0.399259090423584, 0.05808173085595281], "rotate_angle": 28.07, "rotate_angle_pred": 28.5569433642642}