{"centroid": [0.09129329232262125, 0.5986257828772067, 0.5753358320067448], "extents": [0.16224983632094492, 0.042695052921772, 0.07054701576864442], "rotate_angle": -41.72, "rotate_angle_pred": -42.5379105820981}