{"centroid": [-0.06809809074739609, 0.2760943844914436, 0.48024933831630146], "extents": [0.4277029357511377, 0.0019741505384445746, 0.05430541960532215], "rotate_angle": 36.95, "rotate_angle_pred": 38.046873917885165}