{"centroid": [0.05269926517097851, 0.6543591413646935, 0.4127355749302216], "extents": [0.4723024078474437, 0.03851504996418953, 0.05547013515937449], "rotate_angle": 7.65, "rotate_angle_pred": 4.523897080375406}