{"centroid": [-0.19663126892493726, -0.017281517386436546, 0.5101654186108195], "extents": [0.17237101073455757, 0.3149403929710388, 0.05717627564227118], "rotate_angle": -13.79, "rotate_angle_pred": -18.101575708652717}