{"centroid": [-0.5353180578646582, -0.5344962924718857, 0.36585521603611354], "extents": [0.15781421489880226, 0.016838401556015126, 0.0676612982885314], "rotate_angle": -15.39, "rotate_angle_pred": -11.900316532833571}