{"centroid": [0.06568202439266733, -0.13950145989656454, 0.3999630680863039], "extents": [0.2932465415369654, 0.09957085549831396, 0.04950065979856122], "rotate_angle": -34.58, "rotate_angle_pred": -36.46475272538722}