{"centroid": [0.08420646683875012, 0.21950678154826153, 0.5007238251020631], "extents": [0.9555759432036368, 0.04301088303327577, 0.08944644035878979], "rotate_angle": -42.69, "rotate_angle_pred": -46.043701775287055}