{"centroid": [0.07068265640138066, 0.16205696761608113, 0.516798757059147], "extents": [1.0130541329140028, 0.012745738029480091, 0.09332788739796471], "rotate_angle": -24.56, "rotate_angle_pred": -29.321162337114075}