{"centroid": [-0.5995740773536831, 0.2974153645336628, 0.32784086214472996], "extents": [0.4662065150471094, 0.013812042772769983, 0.05683086742419191], "rotate_angle": -21.98, "rotate_angle_pred": -22.58749352704713}