{"centroid": [0.4616282457869294, 0.4202565290033817, 0.2564688832922851], "extents": [0.4240887358851287, 0.030498750507831573, 0.05777359239309934], "rotate_angle": 6.15, "rotate_angle_pred": 6.205817181523159}