{"centroid": [-0.09096353487618039, 0.2912199161946773, 0.20828683556376004], "extents": [0.21888058859840487, 0.017393343150615692, 0.06517262602638471], "rotate_angle": 13.27, "rotate_angle_pred": 12.785979944565582}