{"centroid": [0.05508635026606665, 0.2487806789577007, 0.24408120037033396], "extents": [0.19642421831586243, 0.08374317735433578, 0.0567008412516479], "rotate_angle": -14.26, "rotate_angle_pred": -14.787106816293772}