{"centroid": [-0.005686535795466321, -0.36171590164303785, 0.52349336735934], "extents": [0.43754580913622226, 0.017814360558986664, 0.06272238535493674], "rotate_angle": -18.14, "rotate_angle_pred": -19.38554298023749}