{"centroid": [-0.004122604177837275, 0.5897622257471083, 0.5531629984820828], "extents": [0.37657851616578447, 0.001988321542739868, 0.060950295166093404], "rotate_angle": -40.41, "rotate_angle_pred": -40.23404687075884}