{"centroid": [0.7175795922006183, -0.24622121453285215, 0.315641176620585], "extents": [0.12092965219308227, 0.2728217244148255, 0.09145160112470191], "rotate_angle": 37.19, "rotate_angle_pred": 35.426321741802965}