{"centroid": [0.38455860635404787, 0.48708968609571457, 0.504231934057868], "extents": [0.41445119296476696, 0.01069886982440954, 0.068843023828695], "rotate_angle": 42.64, "rotate_angle_pred": 38.823286618718186}