{"centroid": [-0.4362063755446409, 0.5369663536548613, 0.5331557781211751], "extents": [0.4041053394450711, 0.0338631272315979, 0.05786782187464512], "rotate_angle": -22.19, "rotate_angle_pred": -20.3190033501662}