{"centroid": [0.02980346145044895, 0.42613132297992695, 0.460650284968556], "extents": [0.038524597781415135, 0.1674713790416717, 0.05844743161848759], "rotate_angle": 30.23, "rotate_angle_pred": 31.513449795341003}