{"centroid": [0.06828705385855832, 0.4718963354825973, 0.40565291569178874], "extents": [0.03683857658771799, 0.1399138867855072, 0.042962499417820876], "rotate_angle": -26.95, "rotate_angle_pred": -25.3829284459172}