{"centroid": [0.012479946655696376, -0.3283712454140187, 0.4294370433798102], "extents": [0.25150552242109825, 0.0426725372672081, 0.03990801400003091], "rotate_angle": -3.81, "rotate_angle_pred": -5.691677271711711}