{"centroid": [-0.2955319662981054, 0.5261473283171653, 0.5073313891270368], "extents": [0.45753207456585665, 0.029709771275520325, 0.03855863929422215], "rotate_angle": 42.49, "rotate_angle_pred": 37.95055707447986}