{"centroid": [0.0131326635456679, 0.15807847678661335, 0.42455502826686004], "extents": [0.1877487617968424, 0.028290838003158597, 0.04287926149025739], "rotate_angle": 19.44, "rotate_angle_pred": 18.238966548020315}