{"centroid": [-0.003441028714725635, 0.5885389782488345, 0.4180359126680587], "extents": [0.26625024573734246, 0.01567644625902176, 0.06083429072611812], "rotate_angle": -24.09, "rotate_angle_pred": -25.648018253393303}