{"centroid": [-0.14721792438036382, 0.36670014262199396, 0.5645824641203571], "extents": [0.10590051579363412, 0.24006330966949466, 0.07930247275772595], "rotate_angle": 24.15, "rotate_angle_pred": 18.419404054674814}