{"centroid": [0.033207541122843354, 0.05909916758537287, 0.22190297008721166], "extents": [0.0014768168633965406, 0.31729835271835327, 0.05645608273046293], "rotate_angle": -17.74, "rotate_angle_pred": -17.206648030204178}