{"centroid": [0.024332956666008314, 0.07026729732751841, 0.22223814623654253], "extents": [0.0013952553416942924, 0.31237131357192993, 0.05817991927996996], "rotate_angle": -20.23, "rotate_angle_pred": -19.021853975294107}