{"centroid": [0.8017876283797326, -0.3629606477916241, 0.24871969348936507], "extents": [0.10905725936918642, 0.11875817924737936, 0.039351655888875986], "rotate_angle": -9.47, "rotate_angle_pred": -8.461891408929205}