{"centroid": [0.015904481892049935, 0.49152558296918863, 0.4099573622286462], "extents": [0.0826030646456171, 0.13872472941875458, 0.040669738008579426], "rotate_angle": -6.48, "rotate_angle_pred": -8.025376506805586}