{"centroid": [0.6914030100589466, -0.3691908419132233, 0.2511444409865219], "extents": [0.20645081659497655, 0.16718077659606934, 0.07078832272228852], "rotate_angle": -7.47, "rotate_angle_pred": -3.7211399296989214}