{"centroid": [0.7230765986513572, -0.2564547508955002, 0.3392003141351653], "extents": [0.1062345207941594, 0.30214884877204895, 0.093717426167851], "rotate_angle": 25.06, "rotate_angle_pred": 27.169558520635817}