{"centroid": [0.11407244225668207, 0.3321652449667453, 0.5343912056407398], "extents": [0.23967364651537126, 0.09091270714998245, 0.06591351391088462], "rotate_angle": 4.71, "rotate_angle_pred": -0.5352796216402851}