{"centroid": [-0.19377863855853936, -0.3038166463375092, 0.2695396815665597], "extents": [0.014307126561566713, 0.28626346588134766, 0.030044680794579115], "rotate_angle": -26.72, "rotate_angle_pred": -27.624138904599967}