{"centroid": [-0.052712963548036174, 0.31148079782724375, 0.4896171804031826], "extents": [0.0027643590849290092, 0.45379239320755005, 0.060064311383449365], "rotate_angle": -29.35, "rotate_angle_pred": -29.765948351942313}