{"centroid": [0.0536276288986993, 0.2749782018363475, 0.5201119968218565], "extents": [0.03264987463632014, 0.428305983543396, 0.04486509405536254], "rotate_angle": 21.3, "rotate_angle_pred": 20.823061778817802}