{"centroid": [-0.01893595009221822, -0.3170488923788071, 0.5830443126747936], "extents": [0.25685629688630807, 0.005149632692337092, 0.050790206467947296], "rotate_angle": 12.74, "rotate_angle_pred": 12.161297765553044}