{"centroid": [-0.05772787022934795, 0.04224222898483272, 0.19039491186935437], "extents": [0.02887269810922613, 0.2678121030330658, 0.046893037147130945], "rotate_angle": -19.36, "rotate_angle_pred": -23.15132618137183}