{"centroid": [0.03192805206180571, 0.6099435612559317, 0.6113974393755288], "extents": [0.2756306855180821, 0.004254832863807678, 0.051143654212446266], "rotate_angle": 7.69, "rotate_angle_pred": 7.419581526037263}