{"centroid": [0.7599167645403446, -0.2868763357400895, 0.20901667653500658], "extents": [0.1787341535610727, 0.26552960276603704, 0.0768983736857694], "rotate_angle": -39.22, "rotate_angle_pred": -35.662438464683476}