{"centroid": [0.25236533721368637, 0.6029818058013915, 0.4551637779714032], "extents": [0.4734455390247375, 0.017596960067749023, 0.056074362759676144], "rotate_angle": 11.12, "rotate_angle_pred": 10.00372697648335}