{"centroid": [-0.3238805234589199, 0.6118267513811587, 0.40959991922761885], "extents": [0.3420083528659573, 0.028473682701587677, 0.07346047473626038], "rotate_angle": -10.16, "rotate_angle_pred": -7.01207311003931}