{"centroid": [0.6855643840540029, -0.39771701395511627, 0.25747246590337747], "extents": [0.17186902798174553, 0.15135136246681213, 0.07825220528660007], "rotate_angle": 19.88, "rotate_angle_pred": 23.326298825406482}