{"centroid": [0.7752479430402274, -0.238500714302063, 0.3506050994182576], "extents": [0.03225137201925499, 0.3191055655479431, 0.10595199165441344], "rotate_angle": 29.27, "rotate_angle_pred": 30.815691961719025}