{"centroid": [0.10535948329226419, 0.6100158430635928, 0.5306639800435244], "extents": [0.26468795380248983, 0.0655263140797615, 0.08165384780395424], "rotate_angle": 17.43, "rotate_angle_pred": 11.258843711455583}