{"centroid": [-0.2575678604968745, -0.14294329285621643, 0.29263034205161015], "extents": [0.0105781257899632, 0.38685327768325806, 0.0434703010410496], "rotate_angle": -40.82, "rotate_angle_pred": -34.55785295003326}