{"centroid": [-0.10491003848424146, -0.07018029689788821, 0.3045420850701126], "extents": [0.0028975755314594315, 0.45129746198654175, 0.063901797683107], "rotate_angle": -18.62, "rotate_angle_pred": -20.587069246978984}