{"centroid": [0.08330412640943015, 0.5441305190324782, 0.5733523745224948], "extents": [0.12312214824350073, 0.21228232979774475, 0.0726773441001548], "rotate_angle": 19.57, "rotate_angle_pred": 13.594256988359277}