{"centroid": [-0.041462108114098964, 0.23782575502991674, 0.1796964878363238], "extents": [0.04452721053856354, 0.09960875660181046, 0.054309081583017865], "rotate_angle": -6.76, "rotate_angle_pred": -8.461231653090707}