{"centroid": [0.056530121129985504, 0.3208354972302913, 0.2840240301597404], "extents": [0.1313963074529263, 0.08076667040586472, 0.047389700616262076], "rotate_angle": -32.42, "rotate_angle_pred": -28.0481933582615}