{"centroid": [-0.04227281633369034, 0.10662431735545387, 0.427869821569531], "extents": [0.004618093428429067, 0.22919894754886627, 0.035652369701127784], "rotate_angle": -16.26, "rotate_angle_pred": -17.17675558962938}