{"centroid": [-0.20309228695470113, 0.5005790255963801, 0.42903346726068436], "extents": [0.25104415161619237, 0.03354077786207199, 0.06124745619645361], "rotate_angle": 33.87, "rotate_angle_pred": 35.17018457130227}