{"centroid": [0.1965350338151693, 0.4969311021268367, 0.4286308603643258], "extents": [0.24862191105136516, 0.014974109828472137, 0.04858237137137328], "rotate_angle": 23.12, "rotate_angle_pred": 21.783830372864998}