{"centroid": [0.8157040544421321, -0.21383839845657368, 0.229062218926324], "extents": [0.08414962763381206, 0.34514832496643066, 0.09592065073329076], "rotate_angle": -42.46, "rotate_angle_pred": -39.52824914068327}