{"centroid": [0.32579220738740094, 0.4566481187939643, 0.41179994487829247], "extents": [0.16635363905848422, 0.04780454933643341, 0.05080239356220689], "rotate_angle": -10.71, "rotate_angle_pred": -13.064465406324672}