{"centroid": [0.02208827651361414, 0.37071853876113886, 0.5370468325376843], "extents": [0.07082074885042244, 0.20672523975372314, 0.06522034112729747], "rotate_angle": 6.0, "rotate_angle_pred": 2.506553813239364}