{"centroid": [0.4145632507094491, 0.5013613253831863, 0.31547964490212005], "extents": [0.13761788319760626, 0.0422535240650177, 0.062357439290933514], "rotate_angle": 32.05, "rotate_angle_pred": 31.845284823102617}