{"centroid": [-0.3304939481423357, 0.5224874690175055, 0.3467962827795077], "extents": [0.1959779545682342, 0.014747127890586853, 0.041641302090542176], "rotate_angle": -3.53, "rotate_angle_pred": -3.206187565505701}