{"centroid": [-0.3405912761765774, 0.3702895194292068, 0.5075123370787429], "extents": [0.14733298151993773, 0.15935155749320984, 0.060511700928565115], "rotate_angle": -31.39, "rotate_angle_pred": -30.710903677391393}