{"centroid": [0.01870338325238218, 0.3904976546764373, 0.37895369451590805], "extents": [0.8386875586735955, 0.0034657120704651434, 0.06387522220669378], "rotate_angle": 24.66, "rotate_angle_pred": 21.81102916757787}