{"centroid": [0.10966975091524868, -0.027568310499191354, 0.3512780107409924], "extents": [0.5637785881752568, 0.11719152331352241, 0.06055758616990681], "rotate_angle": -36.02, "rotate_angle_pred": -35.2056437941738}