{"centroid": [-0.4682531916648069, 0.38178486749529833, 0.3969522528278343], "extents": [0.6125944369716126, 0.018312953412532862, 0.0741463838775741], "rotate_angle": -14.81, "rotate_angle_pred": -14.788178700373194}