{"centroid": [0.04288904825893921, 0.542164646089077, 0.3630203473300509], "extents": [0.471229306233318, 0.0241176337003709, 0.09578619723148818], "rotate_angle": 43.07, "rotate_angle_pred": 34.54541039748713}