{"centroid": [0.02173765151740583, 0.003975861705839561, 0.37444293271634366], "extents": [0.6590187724345961, 0.02267254143953331, 0.06951731627747304], "rotate_angle": 27.1, "rotate_angle_pred": 25.761979745753536}