{"centroid": [0.02727939979190172, 0.503051321953535, 0.35660220282977617], "extents": [0.6469323613805564, 0.06225695461034775, 0.06513608970658241], "rotate_angle": -9.01, "rotate_angle_pred": -11.74673460716322}