{"centroid": [-0.014943062928040471, 0.2795475833117961, 0.3990757466017041], "extents": [0.646424637432359, 0.013499043881893213, 0.06633223452514542], "rotate_angle": -17.64, "rotate_angle_pred": -19.766951088478038}