{"centroid": [-0.2702046670505814, 0.36861058324575413, 0.41337538821859043], "extents": [0.153675109951821, 0.10812561213970184, 0.05635519355209706], "rotate_angle": 44.96, "rotate_angle_pred": 32.84260226661465}