{"centroid": [0.24635262447333245, 0.4131200164556502, -0.45354655207777156], "extents": [0.13812746375881693, 0.09451749920845037, 0.005836699271327406], "rotate_angle": -16.89, "rotate_angle_pred": -195.03260355634052}