{"centroid": [0.022626403334516536, 0.0222440212965011, 0.2205312749476389], "extents": [0.01287563160884718, 0.2674399018287658, 0.03084484897969514], "rotate_angle": -21.53, "rotate_angle_pred": -24.495082936018534}