{"centroid": [0.06950528601329116, 0.07792638242244716, 0.18854921625496737], "extents": [0.012750335375611294, 0.2669699788093567, 0.04481330632716146], "rotate_angle": -8.85, "rotate_angle_pred": -7.276303508712729}