{"centroid": [0.04028027738181414, 0.6345057990401983, 0.37530526844693324], "extents": [0.2547700900415943, 0.057270389050245396, 0.061883044775864926], "rotate_angle": -27.54, "rotate_angle_pred": -33.76084628169841}