{"centroid": [-0.013014538161621889, 0.28282848745584477, 0.5696907145622156], "extents": [0.45845128069652186, 0.00565351545810705, 0.057079614408926616], "rotate_angle": -13.22, "rotate_angle_pred": -13.774849988511107}