{"centroid": [-0.022893274276555353, -0.007388778030872468, 0.5649154407877568], "extents": [0.4712842989446464, 0.022270470857620264, 0.06352934225870521], "rotate_angle": 8.29, "rotate_angle_pred": 8.49058489107803}