{"centroid": [-0.06659262032573794, 0.09691695123910889, 0.637321767362146], "extents": [1.1577361498293528, 0.011620655655861026, 0.09390943979799804], "rotate_angle": -26.2, "rotate_angle_pred": -27.58803732719555}