{"centroid": [0.09511481308706918, 0.4528512060642242, 0.30643194161099996], "extents": [0.01047632102763714, 0.3368605971336364, 0.047041200306389974], "rotate_angle": 0.83, "rotate_angle_pred": 0.28259926100132304}