{"centroid": [-0.05860163523849729, 0.423606127500534, 0.3261560407996151], "extents": [0.0378840418733654, 0.3303783535957336, 0.03534107674539544], "rotate_angle": 22.97, "rotate_angle_pred": 26.699413469671583}