{"centroid": [0.042745464660461314, 0.46259418502449984, 0.5546039824735782], "extents": [0.966950277893137, 0.025164015591144617, 0.09177861177966229], "rotate_angle": -6.43, "rotate_angle_pred": -10.358899092202549}