{"centroid": [-0.1499255920531954, -0.7151051647961141, 0.35390840566065096], "extents": [0.29596548822013785, 0.0315261110663414, 0.06471247872551528], "rotate_angle": -6.15, "rotate_angle_pred": -8.062746630181792}