{"centroid": [-0.21989234956388448, 0.50221149623394, 0.3813730743585642], "extents": [0.3098106169958614, 0.06665322184562678, 0.05934028487790449], "rotate_angle": -14.9, "rotate_angle_pred": -12.999612600458605}