{"centroid": [-0.2501798144507227, 0.411768838763237, 0.4020498064853619], "extents": [0.24487176902407543, 0.08292022347450262, 0.05339402784995739], "rotate_angle": -38.55, "rotate_angle_pred": -33.23841106107199}