{"centroid": [-0.23199864814452426, -0.4359036982059479, 0.27736288421033994], "extents": [0.001640528424816018, 0.32119184732437134, 0.04321343037960268], "rotate_angle": -28.28, "rotate_angle_pred": -27.59266264287777}