{"centroid": [-0.34296469274170227, -0.01661888416856538, 0.4412643335675], "extents": [0.21425554150349732, 0.02124497294425966, 0.0443028136964716], "rotate_angle": 9.07, "rotate_angle_pred": 8.706690532577397}