{"centroid": [-0.17420806117542886, 0.12014609947800631, 0.27945348630793876], "extents": [0.02955272767861397, 0.3037368953227997, 0.049842871288594215], "rotate_angle": 5.16, "rotate_angle_pred": -0.870173465960832}