{"centroid": [-0.4311539082168201, 0.6201806850731372, 0.3767785763395463], "extents": [0.38362531822729834, 0.04579857736825943, 0.0631540028163654], "rotate_angle": 3.1, "rotate_angle_pred": 5.387453885452132}