{"centroid": [0.13472805936656612, 0.5912523902952671, 0.4213516518320835], "extents": [0.2793336154715293, 0.06104636937379837, 0.054117171834348665], "rotate_angle": 8.37, "rotate_angle_pred": 2.6125181392014554}