{"centroid": [0.015945145466644134, 0.2704805433750152, 0.3677737206736789], "extents": [0.11594827440420052, 0.3182254135608673, 0.06299748253913379], "rotate_angle": -29.57, "rotate_angle_pred": -23.86642920854571}