{"centroid": [0.014853555183541506, 0.30222523212432856, 0.3644920995581248], "extents": [0.1379368613890578, 0.268462598323822, 0.06397226502271236], "rotate_angle": -33.93, "rotate_angle_pred": -27.61295582496369}