{"centroid": [-0.03237389173614865, 0.7871871292591094, 0.602533003488123], "extents": [0.24618426259972792, 0.007864058017730713, 0.07114169086730426], "rotate_angle": -9.87, "rotate_angle_pred": -9.39482245653278}