{"centroid": [0.03132119636438205, 0.60535379499197, 0.6014532569547], "extents": [0.24506928479220125, 0.03593616187572479, 0.06106604003421723], "rotate_angle": -21.76, "rotate_angle_pred": -22.310244929671597}