{"centroid": [0.009714020925302602, 0.5781404227018355, 0.3961266178980143], "extents": [0.3399321360186565, 0.02319285273551941, 0.040327086134857026], "rotate_angle": 23.03, "rotate_angle_pred": 22.805567875611047}