{"centroid": [0.05638651269552448, 0.18338828161358814, 0.5678913643550256], "extents": [0.9519139942845729, 0.042044706642627744, 0.0897761119178272], "rotate_angle": 7.84, "rotate_angle_pred": 4.912614992982725}