{"centroid": [0.07461080696729966, -0.09630169346928609, 0.5563403938873716], "extents": [1.0604915696429384, 0.021226502954959897, 0.08680146996062799], "rotate_angle": -2.52, "rotate_angle_pred": -5.020246538049278}