{"centroid": [0.8181134820835568, 0.05028742551803591, 0.45441312051121907], "extents": [0.02533951341454943, 0.5220935344696045, 0.0564935529209305], "rotate_angle": 36.31, "rotate_angle_pred": 36.5730296514278}