{"centroid": [0.6060668530247261, -0.35500952601432806, 0.3699067795577315], "extents": [0.09731943729469295, 0.4202963709831238, 0.05869962913999166], "rotate_angle": -43.87, "rotate_angle_pred": -37.939531902282276}