{"centroid": [-0.3799827551879962, 0.1897358708083628, 0.4513517953532935], "extents": [0.10439491403669454, 0.32273298501968384, 0.06837614711950601], "rotate_angle": 38.47, "rotate_angle_pred": 39.00064480706408}