{"centroid": [0.7196995869728129, -0.20251528918743145, 0.310648776309701], "extents": [0.07054848860565777, 0.3246696889400482, 0.09197904028208681], "rotate_angle": -19.02, "rotate_angle_pred": -16.37593086954459}