{"centroid": [-0.29584815217338994, -0.07870283722877511, 0.5163899380332987], "extents": [0.020451009184399294, 0.6267386078834534, 0.06844653904409892], "rotate_angle": -9.02, "rotate_angle_pred": -9.684338685580357}