{"centroid": [0.2844615495682281, 0.4675882011651993, 0.3533833995365677], "extents": [0.34583676317819523, 0.022867113351821955, 0.06933793517077341], "rotate_angle": 30.83, "rotate_angle_pred": 33.37815687453838}