{"centroid": [-0.36890822773195486, 0.04219935089349737, 0.3079920875942658], "extents": [0.03040713119319083, 0.319851279258728, 0.048344303677625655], "rotate_angle": 22.42, "rotate_angle_pred": 23.042458093586646}