{"centroid": [-0.237448244225498, 0.3956088274717331, 0.33527444573569687], "extents": [0.2857664467260705, 0.09746500849723821, 0.053735106088167006], "rotate_angle": -31.26, "rotate_angle_pred": -26.279414112524364}