{"centroid": [-0.1256534128561636, 0.007787600159645015, 0.3098688892060265], "extents": [0.036687813978851305, 0.3162129819393158, 0.055996243337383234], "rotate_angle": 5.97, "rotate_angle_pred": 7.828149073386939}