{"centroid": [-0.3092453006122018, 0.4744635485112667, 0.36490131031864], "extents": [0.44029181346677587, 0.011346928775310572, 0.049813999765215444], "rotate_angle": -33.06, "rotate_angle_pred": -34.56844553407634}