{"centroid": [-0.12945370428440076, 0.30222258716821665, 0.21824668530260838], "extents": [0.15169779736539257, 0.052409544587135315, 0.053273941549629805], "rotate_angle": -3.79, "rotate_angle_pred": -3.3253572716078565}