{"centroid": [-0.441406555894832, 0.3441526889801025, 0.349315205135948], "extents": [0.6626616867457908, 0.0013411045074463446, 0.05829002468556799], "rotate_angle": -23.82, "rotate_angle_pred": -23.090869842096183}