{"centroid": [0.12990614391452976, 0.5037157256156205, 0.350444347996757], "extents": [0.3596522579293689, 0.03887021914124483, 0.043965921652384055], "rotate_angle": -20.64, "rotate_angle_pred": -21.25904041073339}