{"centroid": [0.39735378937096544, 0.01677732169628137, 0.24944860260973448], "extents": [0.04198301669515375, 0.3691619932651521, 0.04421132148455931], "rotate_angle": -27.39, "rotate_angle_pred": -27.24391253406874}