{"centroid": [-0.20333824880788912, 0.3662672415375709, 0.329670264801404], "extents": [0.2687526877753518, 0.1289382129907608, 0.06229469032812862], "rotate_angle": -9.4, "rotate_angle_pred": -6.497050128925181}