{"centroid": [0.18320617182106502, 0.3664108626544475, 0.29120788950013105], "extents": [0.24693793023467972, 0.08055981248617178, 0.04821354143952683], "rotate_angle": -41.1, "rotate_angle_pred": -33.25869071162722}