{"centroid": [0.4226592570903191, 0.22569157928228373, 0.5445452923872857], "extents": [0.026864603919329433, 0.3025231957435608, 0.03290332201515522], "rotate_angle": 21.74, "rotate_angle_pred": 21.893898362674435}