{"centroid": [0.36597305714722744, 0.5172045230865477, 0.5949308967533644], "extents": [0.0021393745903542927, 0.3373605608940125, 0.06754692569975362], "rotate_angle": -28.17, "rotate_angle_pred": -27.48926779658867}