{"centroid": [-0.41741044295928487, 0.028598919510841283, 0.41926800562630756], "extents": [0.03493106365394094, 0.39125746488571167, 0.06381304562439366], "rotate_angle": -9.64, "rotate_angle_pred": -8.23995236969337}