{"centroid": [0.09453212003845712, 0.021637678146362225, 0.28948954648390685], "extents": [0.007960766639874287, 0.4112512469291687, 0.06274622746537789], "rotate_angle": -5.96, "rotate_angle_pred": -4.796657228118875}