{"centroid": [0.055708550942266774, 0.019036278128623883, 0.3022419106862021], "extents": [0.018666319486959855, 0.4218599498271942, 0.058946501267470364], "rotate_angle": 0.81, "rotate_angle_pred": 0.6003386710947609}