{"centroid": [-0.0157229980792966, 0.6948094088584185, 0.23127772782878742], "extents": [0.3454953229604598, 0.03192824497818958, 0.07251412621998465], "rotate_angle": -12.85, "rotate_angle_pred": -8.710174578534847}