{"centroid": [-0.008793167038267255, 0.4520495757460593, 0.5992407876562733], "extents": [1.103621931036027, 0.023863241076469532, 0.08760320912869668], "rotate_angle": 22.78, "rotate_angle_pred": 22.37179011965975}