{"centroid": [-0.03395614119083741, 0.028096448630094396, 0.6064095570900396], "extents": [1.1064230105695878, 0.014390066266059948, 0.06560926081282104], "rotate_angle": -12.33, "rotate_angle_pred": -13.924074948491509}