{"centroid": [-0.2742630420697038, 0.543943479657173, 0.3540328126711556], "extents": [0.3711720726609412, 0.014195531606674194, 0.03956525050752108], "rotate_angle": 32.74, "rotate_angle_pred": 29.562472395205546}