{"centroid": [-0.046520104053759365, 0.19949974119663227, 0.6244400709792429], "extents": [1.110747108246749, 0.015242785215377919, 0.07374449136172201], "rotate_angle": -22.53, "rotate_angle_pred": -22.85989084240535}