{"centroid": [0.3145991536402222, 0.15635846648365256, 0.46624543707364546], "extents": [0.048363080083127896, 0.3266284167766571, 0.08142487363357903], "rotate_angle": 41.32, "rotate_angle_pred": 35.536077498283575}