{"centroid": [-0.04135739232275075, 0.22919833660125727, 0.4061827979596209], "extents": [0.1682063516651565, 0.2571955025196076, 0.07342252250946546], "rotate_angle": 14.71, "rotate_angle_pred": 15.815675288600247}