{"centroid": [-0.33839103697870654, 0.40527920424938196, 0.3490373013313207], "extents": [0.2081673778529619, 0.20338544249534607, 0.0593392859569436], "rotate_angle": 5.6, "rotate_angle_pred": 2.5567534310096676}