{"centroid": [-0.04363351919382022, 0.22544479370117176, 0.5571371911782185], "extents": [0.7388053935288705, 0.016692608594894437, 0.05958286886344499], "rotate_angle": -3.25, "rotate_angle_pred": -3.557354453972877}