{"centroid": [-0.04345605555795941, 0.6099287569522857, 0.5879604031136699], "extents": [0.6647200612624449, 0.0036517977714538574, 0.07643900099057299], "rotate_angle": -2.83, "rotate_angle_pred": -2.848818042074882}