{"centroid": [0.14589992759633108, 0.4952616654336452, 0.42524061512251854], "extents": [0.22935170381951678, 0.008029051125049591, 0.059863289121524055], "rotate_angle": 39.23, "rotate_angle_pred": 38.487020256083014}