{"centroid": [-0.33509594230927725, 0.028894844464957624, 0.3433221254277045], "extents": [0.40576224489091206, 0.029130779206752805, 0.047169799650291944], "rotate_angle": 8.69, "rotate_angle_pred": 11.100666336713317}