{"centroid": [0.8356816098971909, -0.3671048246324063, 0.22239795290383918], "extents": [0.22562857985712859, 0.09208220988512039, 0.03917918271510265], "rotate_angle": -1.92, "rotate_angle_pred": -1.2040901744928192}