{"centroid": [-0.11556308491717646, -0.1506234891712666, 0.34510731632879843], "extents": [0.48219315284851233, 0.026725552976131522, 0.06808614136478502], "rotate_angle": -40.05, "rotate_angle_pred": -40.90924804438953}