{"centroid": [-0.02208377867150968, 0.04619193449616421, 0.4941863295786135], "extents": [0.9591990874931808, 0.02311258763074884, 0.08615212291228302], "rotate_angle": -18.08, "rotate_angle_pred": -20.71488162364642}