{"centroid": [0.04585155279536967, 0.3371058572083711, 0.4717286952634089], "extents": [0.8585559265272151, 0.04126623645424854, 0.0868963314901835], "rotate_angle": -20.24, "rotate_angle_pred": -24.212439009533682}