{"centroid": [0.06601019226619897, 0.1409839652478694, 0.44512851217416394], "extents": [0.873382914313108, 0.04528409987688073, 0.08674669149796538], "rotate_angle": -13.93, "rotate_angle_pred": -19.14357568189358}