{"centroid": [0.5860398455468357, -0.5388727635145188, 0.36215102133553395], "extents": [0.10570341299561803, 0.12861123681068426, 0.05758554834208096], "rotate_angle": -0.01, "rotate_angle_pred": 3.023421432913821}