{"centroid": [0.7646848336681686, -0.38326918706297886, 0.21340249318153334], "extents": [0.24562994885063683, 0.05466217547655111, 0.05009795674209436], "rotate_angle": -44.63, "rotate_angle_pred": -44.97041100626496}