{"centroid": [-0.011123119110161672, 0.24588925391435618, 0.48636106191607825], "extents": [0.055258916081297786, 0.3870891034603119, 0.038750526442624555], "rotate_angle": -18.25, "rotate_angle_pred": -18.984970317976234}