{"centroid": [0.04919266829869851, 0.6405027881264685, 0.402760823374515], "extents": [0.6676768746111286, 0.07365424931049347, 0.07301840279695626], "rotate_angle": -13.69, "rotate_angle_pred": -17.347748811838244}