{"centroid": [0.05048216242854772, 0.27384367585182184, 0.47973252796047755], "extents": [0.04764206102683717, 0.27727317810058594, 0.045344421112389954], "rotate_angle": 35.54, "rotate_angle_pred": 36.68634351653655}