{"centroid": [-0.32724748302664414, 0.5063106007874012, 0.3584876539629218], "extents": [0.2787234472539716, 0.05787263065576559, 0.04425138215072544], "rotate_angle": -19.51, "rotate_angle_pred": -16.103082429190763}