{"centroid": [0.09219829093383125, 0.5965194795280694, 0.35263662556421904], "extents": [0.3389680332353241, 0.047290463000535965, 0.05033338735923132], "rotate_angle": -24.31, "rotate_angle_pred": -24.36822942817227}