{"centroid": [-0.29241168720303345, 0.519362810999155, 0.36555396173031385], "extents": [0.304863868380138, 0.07135558873414999, 0.06269401275603598], "rotate_angle": -13.63, "rotate_angle_pred": -11.408862559441715}