{"centroid": [0.035222347839750846, 0.42459508776664723, 0.4623113838677133], "extents": [0.025388657584656953, 0.2561956048011779, 0.05555221337304633], "rotate_angle": -37.48, "rotate_angle_pred": -36.35225787816965}