{"centroid": [0.2922055145593259, -0.39348618686199194, 0.37534067043514097], "extents": [0.20014542237170752, 0.053717583417892456, 0.054978333127752466], "rotate_angle": -11.55, "rotate_angle_pred": -13.905060033674118}