{"centroid": [-0.03753499058787255, 0.44065499305725087, 0.4872434065179094], "extents": [0.016317039794738628, 0.2561190724372863, 0.04031673090217941], "rotate_angle": -32.42, "rotate_angle_pred": -30.7941088465142}