{"centroid": [0.3962341600401647, 0.033817164599895394, 0.22668506315204812], "extents": [0.012940034445126092, 0.3163609504699707, 0.03495248081822558], "rotate_angle": -26.33, "rotate_angle_pred": -27.234532883225143}