{"centroid": [-0.01902016509937136, 0.19884179532527924, 0.17395875392389845], "extents": [0.040400997424575, 0.120191365480423, 0.05248474037768741], "rotate_angle": 2.48, "rotate_angle_pred": 0.9096224923322751}