{"centroid": [-0.07075273289710393, 0.22752392664551732, 0.19659587407485093], "extents": [0.05109501762745156, 0.10979244858026505, 0.05224027620306579], "rotate_angle": -13.74, "rotate_angle_pred": -14.397628647932308}