{"centroid": [-0.013009468857059758, 0.21926392614841456, 0.2691366799148153], "extents": [0.0035846679161016734, 0.17266672849655149, 0.04113039604403537], "rotate_angle": -43.0, "rotate_angle_pred": -37.121855948888346}