{"centroid": [0.47343110940392946, -0.3202491886913776, 0.42008030491632153], "extents": [0.4262038969817206, 0.12375714629888546, 0.08642746314373678], "rotate_angle": 42.41, "rotate_angle_pred": 42.70701256831285}