{"centroid": [-0.380255474900681, -0.33207565546035767, 0.3658378211789727], "extents": [0.40668171240697637, 0.013111412525177113, 0.09144611565932165], "rotate_angle": -42.75, "rotate_angle_pred": -40.39804270973292}