{"centroid": [0.07871461109166755, -0.07055054232478151, 0.42414486097212334], "extents": [0.7297748520217089, 0.035999558866024045, 0.0623488144671101], "rotate_angle": -4.27, "rotate_angle_pred": -8.269362850790316}