{"centroid": [0.09984301126476541, -0.05921561270952233, 0.41067810134156957], "extents": [0.6541916729691586, 0.06479083001613624, 0.06215875969925638], "rotate_angle": 29.06, "rotate_angle_pred": 22.96747983841783}