{"centroid": [0.02286948204312428, 0.09934578835964195, 0.457324036097959], "extents": [0.8264931297576242, 0.0154394656419755, 0.05485976392627634], "rotate_angle": 25.53, "rotate_angle_pred": 25.274015835654694}