{"centroid": [0.1924421333209143, 0.21696510538458813, 0.5451437900619974], "extents": [0.004333868723680051, 0.4873850345611572, 0.05014484119932272], "rotate_angle": 36.69, "rotate_angle_pred": 30.891078414748947}