{"centroid": [0.08533623882156133, -0.09614309296011934, 0.41863773024630363], "extents": [0.7014950455193667, 0.048908285796642345, 0.06226201303405343], "rotate_angle": 17.08, "rotate_angle_pred": 11.866340483360275}