{"centroid": [0.0725453091395794, 0.04643676057457915, 0.4089703854358212], "extents": [0.7514427873673413, 0.026405759155750358, 0.06582125998049615], "rotate_angle": -23.92, "rotate_angle_pred": -25.57092283503073}