{"centroid": [0.011696930090261438, 0.051349781453609356, 0.452315157707964], "extents": [0.8235109948107067, 0.01799145340919498, 0.04804753455915978], "rotate_angle": 7.64, "rotate_angle_pred": 6.9332977255105845}