{"centroid": [0.08314254893200035, -0.09076669625937948, 0.41859702014870315], "extents": [0.7254594369344267, 0.04569037631154066, 0.06252539734779577], "rotate_angle": -8.4, "rotate_angle_pred": -11.81055270306365}