{"centroid": [0.1166597049950982, 0.5683460421860217, 0.5654002916739228], "extents": [0.21268394545000482, 0.06723431497812271, 0.06216855706700297], "rotate_angle": 27.06, "rotate_angle_pred": 20.61882194986832}