{"centroid": [0.03483842845328583, 0.038328330963849924, 0.5894881600812494], "extents": [0.25131630217415113, 0.11725778132677081, 0.061759302583930475], "rotate_angle": 40.94, "rotate_angle_pred": 41.76889770396656}