{"centroid": [-0.14255562972187427, 0.3844659626483917, 0.2658889048527427], "extents": [0.13093189883225376, 0.14594912528991705, 0.03972679745512167], "rotate_angle": -43.81, "rotate_angle_pred": -36.97112588323164}