{"centroid": [0.029289265837627032, 0.20909408479928956, 0.5821433188710835], "extents": [0.1621096108115667, 0.03509251773357394, 0.04549349026236016], "rotate_angle": 4.72, "rotate_angle_pred": 4.744322868823545}