{"centroid": [0.014383912454101765, -0.3761959373950959, 0.5718682725416666], "extents": [0.2499239449837295, 0.0028966665267944336, 0.04869969199113855], "rotate_angle": -22.57, "rotate_angle_pred": -24.869552531861586}