{"centroid": [0.08440668192630173, 0.5824152845889329, 0.5117869623781215], "extents": [0.20041131758450043, 0.05457485094666481, 0.06701148974592924], "rotate_angle": -41.85, "rotate_angle_pred": -47.514282264885566}