{"centroid": [-0.046018998009638566, -0.020729720592498807, 0.26172641582735295], "extents": [0.013282209722461816, 0.22538274526596067, 0.02915668506796254], "rotate_angle": -28.47, "rotate_angle_pred": -32.68261351104289}