{"centroid": [0.12219191145877159, 0.3655919134616851, 0.41448861771951634], "extents": [0.08574745618502917, 0.14044368267059332, 0.06687085185769193], "rotate_angle": 25.57, "rotate_angle_pred": 22.683679945429958}