{"centroid": [0.0710695189955027, 0.5302923433482646, 0.5032014433261898], "extents": [0.3326633860891395, 0.07189687341451645, 0.06673279385161301], "rotate_angle": -24.57, "rotate_angle_pred": -28.784545356732004}