{"centroid": [0.049370438202824, 0.2855102568864822, 0.5585803501687671], "extents": [0.34436108177515806, 0.003990679979324396, 0.0611008692994196], "rotate_angle": -42.75, "rotate_angle_pred": -44.36668175966628}