{"centroid": [-0.02096004086862526, 0.00019419100135552542, 0.5571962442239475], "extents": [0.4055981928271393, 0.010406896471977262, 0.06652087708737309], "rotate_angle": 10.16, "rotate_angle_pred": 9.753485255779054}