{"centroid": [-0.05249644444028323, 0.046546019613742724, 0.5648324684535204], "extents": [0.9839770401365685, 0.02050684392452254, 0.07283161290007234], "rotate_angle": -33.58, "rotate_angle_pred": -34.627085054968106}