{"centroid": [-0.01640844848471741, 0.6020909771323203, 0.5661339628914329], "extents": [0.9714250826780154, 0.0009568482637407616, 0.0864955508213805], "rotate_angle": -31.55, "rotate_angle_pred": -34.09600058563626}