{"centroid": [-0.15299492133122372, -0.2787429541349411, 0.3847458498516352], "extents": [0.4884380633338557, 0.01500502228736883, 0.07512648303875197], "rotate_angle": 40.43, "rotate_angle_pred": 39.8076524406367}