{"centroid": [0.9289147506161703, 0.08285250514745705, 0.27272586485974487], "extents": [0.0010499954466928196, 0.40551573038101196, 0.053648785999755755], "rotate_angle": -7.33, "rotate_angle_pred": -4.27284850289476}