{"centroid": [0.6075337315974939, -0.5187096148729325, 0.2819431523581001], "extents": [0.14405926971160998, 0.16194114089012152, 0.0771016026640054], "rotate_angle": -17.63, "rotate_angle_pred": -14.594182283362315}