{"centroid": [0.1260911612938857, 0.2780898213386535, 0.4890931505873489], "extents": [0.43693500050522827, 0.07927548885345462, 0.0675223458813195], "rotate_angle": -20.16, "rotate_angle_pred": -23.284860801514412}