{"centroid": [-0.04675006657992137, 0.40741132199764246, 0.40555808462722653], "extents": [0.6594308779528391, 0.10573914647102362, 0.08079974555239122], "rotate_angle": -8.13, "rotate_angle_pred": -5.66930294108073}