{"centroid": [0.009732602500029573, 0.3168439418077468, 0.4037526121031894], "extents": [0.5973391419613121, 0.03244397044181829, 0.07863283008222194], "rotate_angle": 26.74, "rotate_angle_pred": 25.82465261730708}