{"centroid": [0.03286283819084457, -0.2903099693357945, 0.5216597472330866], "extents": [0.6467731522041105, 0.03444843739271164, 0.0799071630757483], "rotate_angle": -0.5, "rotate_angle_pred": -3.415800287300357}