{"centroid": [-0.09216869706948969, -0.08052313327789312, 0.2631304590108735], "extents": [0.06337044601028113, 0.3250572085380554, 0.034866866896113985], "rotate_angle": 42.1, "rotate_angle_pred": 39.97519553997978}