{"centroid": [0.09343176784812256, 0.23188276588916767, 0.4682387623778479], "extents": [0.699263471922869, 0.18003225326538094, 0.08048878822379807], "rotate_angle": -42.13, "rotate_angle_pred": -42.773141287779076}