{"centroid": [-0.13580470245919965, -0.162792444229126, 0.30401346117562095], "extents": [0.007647588803826683, 0.2551398277282715, 0.033629987189903565], "rotate_angle": 10.79, "rotate_angle_pred": 11.189013281607217}