{"centroid": [-0.02909149437300427, 0.3255722671747207, 0.45459808477065433], "extents": [0.19281096357917726, 0.007625013589859064, 0.03286304256937389], "rotate_angle": 27.75, "rotate_angle_pred": 28.114343042782565}