{"centroid": [-0.16774613058115528, -0.4069676548242569, 0.40070881813247927], "extents": [0.19873243028600776, 0.016446143388748224, 0.05290543888835031], "rotate_angle": 24.1, "rotate_angle_pred": 22.621147972841058}