{"centroid": [-0.24699552436535782, -0.051906324923038594, 0.42035357994987127], "extents": [0.20365210099772577, 0.02397324144840244, 0.041381456409558925], "rotate_angle": 34.75, "rotate_angle_pred": 33.93063693437374}