{"centroid": [0.004094735422246974, -0.2076174840331078, 0.444832639711235], "extents": [0.25119775071199446, 0.02631755173206332, 0.06000157335201106], "rotate_angle": 0.64, "rotate_angle_pred": -0.6800364958716898}