{"centroid": [-0.41543864123763674, 0.19026420637965202, 0.33834342589115074], "extents": [0.640226244434215, 0.014554373919963948, 0.0688196718163675], "rotate_angle": -36.09, "rotate_angle_pred": -39.41146992262909}