{"centroid": [0.06445200882140867, 0.28029743954539293, 0.2827345360425545], "extents": [0.7009937713617457, 0.02272567898035055, 0.053212992470473675], "rotate_angle": -20.42, "rotate_angle_pred": -14.427299193145984}