{"centroid": [0.10168162802200206, 0.3220516890287399, 0.40693504064659414], "extents": [0.06296143820141534, 0.12070408463478088, 0.06497858608512325], "rotate_angle": 26.56, "rotate_angle_pred": 25.50692122720504}