{"centroid": [0.006053001145355941, 0.34862793236970896, 0.39584094608799675], "extents": [0.06502642388814499, 0.14717073738574982, 0.06119712353973117], "rotate_angle": -41.39, "rotate_angle_pred": -40.984612663911605}