{"centroid": [0.039397038661963396, 0.19605011492967603, 0.2673007574129191], "extents": [0.03905307550708485, 0.32329672574996954, 0.039678510777875375], "rotate_angle": -25.14, "rotate_angle_pred": -23.06324058949278}