{"centroid": [0.032946664031370934, 0.11037470400333399, 0.24866132249929657], "extents": [0.020398847896653013, 0.33847516775131226, 0.052431039866557366], "rotate_angle": -22.51, "rotate_angle_pred": -21.019741896859415}