{"centroid": [0.23173997535014795, 0.07415454462170593, 0.43234811754138813], "extents": [0.1941084604530852, 0.012476481497287764, 0.039690651833784396], "rotate_angle": 18.76, "rotate_angle_pred": 18.220540904174797}