{"centroid": [0.06113639670091105, 0.5510728619992732, 0.4164753726769759], "extents": [0.2891830544977102, 0.035314492881298065, 0.04546010931271388], "rotate_angle": 14.0, "rotate_angle_pred": 10.531982280953414}