{"centroid": [-0.005170208848555045, 0.5830597057938576, 0.3886063163400486], "extents": [0.27980545176012683, 0.03519101440906536, 0.058162666883970426], "rotate_angle": -36.75, "rotate_angle_pred": -36.09146026106787}