{"centroid": [0.06394366962199738, 0.3105687834322452, 0.4941207909729983], "extents": [0.2010591001701465, 0.10205192118883133, 0.057516369155667935], "rotate_angle": -9.21, "rotate_angle_pred": -15.102892236934593}