{"centroid": [-0.01664349547028869, -0.20841725170612346, 0.5888774011742266], "extents": [0.31249802433070284, 0.011507898569107083, 0.049494071414453944], "rotate_angle": -22.1, "rotate_angle_pred": -22.524136647220274}