{"centroid": [-0.01069882127936746, 0.6251438446342944, 0.5761224784220591], "extents": [0.28300290627310465, 0.007095612585544586, 0.06604905269547612], "rotate_angle": 25.57, "rotate_angle_pred": 23.36591766288862}