{"centroid": [0.06803326616097119, 0.545407086610794, 0.45313031612123067], "extents": [0.24638471348781069, 0.05993372201919556, 0.05893191776879775], "rotate_angle": -33.3, "rotate_angle_pred": -39.249928959993085}