{"centroid": [-0.005189426621144539, -0.3829836919903756, 0.5721826685690083], "extents": [0.3422259629761523, 0.013820633292198181, 0.06027857856026475], "rotate_angle": -27.98, "rotate_angle_pred": -28.397406808405613}