{"centroid": [0.00508809534387253, -0.35751194134354597, 0.5455589062780238], "extents": [0.25307190122397627, 0.008338086307048798, 0.04112494688834056], "rotate_angle": -13.84, "rotate_angle_pred": -15.883318567985384}