{"centroid": [-0.06016017694206874, 0.6035583093762398, 0.27343313069435987], "extents": [0.3378684856512885, 0.06212867796421062, 0.036037099019198326], "rotate_angle": -7.92, "rotate_angle_pred": -12.770440155165602}