{"centroid": [-0.04898592734089454, -0.036439448595047046, 0.23398555889655653], "extents": [0.015875771445813237, 0.27248135209083557, 0.03804920939339382], "rotate_angle": 6.42, "rotate_angle_pred": 4.65866108921368}