{"centroid": [-0.12054510784687099, 0.08040280267596239, 0.24396277041613462], "extents": [0.06720089175567699, 0.22969630360603333, 0.04610087728172929], "rotate_angle": -2.42, "rotate_angle_pred": -7.217734810294161}