{"centroid": [-0.07922038510153884, 0.16624756902456272, 0.5214502751148073], "extents": [0.7183795976814297, 0.0018965750932694037, 0.06166039616220231], "rotate_angle": -14.17, "rotate_angle_pred": -15.33761307692157}