{"centroid": [0.037946083062488783, -0.30314079299569135, 0.47041508308595686], "extents": [0.5465311969693417, 0.046376459300518036, 0.08323557622500494], "rotate_angle": 2.45, "rotate_angle_pred": -4.323179257970963}