{"centroid": [-0.35475752537958016, 0.31098223850131024, 0.36449792492953537], "extents": [0.6021183713478854, 0.014339827001094874, 0.050811279432667444], "rotate_angle": 16.23, "rotate_angle_pred": 15.411593026678219}