{"centroid": [-0.15712509261954485, 0.12172342836856836, 0.29344543711021326], "extents": [0.02707488796836796, 0.40795251727104187, 0.06498671976858478], "rotate_angle": -27.72, "rotate_angle_pred": -29.001102668747997}