{"centroid": [0.1672610786575082, 0.24386529624462122, 0.5724524732420586], "extents": [0.13844996416787375, 0.1408681571483612, 0.06979539852315042], "rotate_angle": 26.66, "rotate_angle_pred": 23.620209865409308}