{"centroid": [0.11819545482930424, -0.07759690284729005, 0.29087173217138773], "extents": [0.018247298551764726, 1.3593353033065796, 0.08161179567254923], "rotate_angle": 1.7, "rotate_angle_pred": 6.775280186350898}