{"centroid": [0.03773087480858775, 0.5892999246716498, 0.391919859791303], "extents": [0.29165182321128585, 0.02774621546268463, 0.04653250181726298], "rotate_angle": -3.45, "rotate_angle_pred": -5.5045049912253035}