{"centroid": [-0.1434756104110851, 0.44236827641725535, 0.3730022454972663], "extents": [0.24412744655419785, 0.09183116257190704, 0.04579123372954802], "rotate_angle": -28.84, "rotate_angle_pred": -26.364395618286537}