{"centroid": [-0.03956403289759061, 0.45384515076875687, 0.5096117357783283], "extents": [0.11306054717249547, 0.16098965704441076, 0.06251035535104371], "rotate_angle": -36.28, "rotate_angle_pred": -40.06659887969619}