{"centroid": [-0.32004024284924115, 0.24732110649347294, 0.4570248180426053], "extents": [0.3333177615939481, 0.028933092951774625, 0.04940822793770616], "rotate_angle": 38.0, "rotate_angle_pred": 36.865531788987056}