{"centroid": [0.047292278904315574, 0.5625949427485465, 0.3783977208240721], "extents": [0.41795683563462416, 0.08579693734645855, 0.06165848396689244], "rotate_angle": 27.89, "rotate_angle_pred": 22.468715841161227}