{"centroid": [0.30031960808290215, 0.5325171351432799, 0.4147566652266515], "extents": [0.3046991780819899, 0.015407681465148926, 0.06409519072600744], "rotate_angle": -38.75, "rotate_angle_pred": -39.93138695353472}