{"centroid": [-0.406563506951637, 0.01456244289875019, 0.4261594203242319], "extents": [0.18367827063618514, 0.44141024351119995, 0.06346534235749013], "rotate_angle": 20.07, "rotate_angle_pred": 23.587026778214693}