{"centroid": [0.3512225590879067, 0.28961903974413855, 0.43870078673802476], "extents": [0.31549305112184944, 0.034799657762050684, 0.05402196637744505], "rotate_angle": -21.89, "rotate_angle_pred": -23.307652872986637}