{"centroid": [-0.3063327928420544, 0.538156010210514, 0.4388230684262], "extents": [0.2744362347530257, 0.014613434672355652, 0.052157614251867934], "rotate_angle": 39.75, "rotate_angle_pred": 40.38724492529593}