{"centroid": [-0.1126716170890965, 0.4841265324503182, 0.4330081646425588], "extents": [0.22308960611746428, 0.03253130987286562, 0.07131862657887666], "rotate_angle": 25.77, "rotate_angle_pred": 28.274610028930965}