{"centroid": [0.2679638548477444, 0.5661644265055655, 0.3913331223095312], "extents": [0.4013316995139474, 0.06323336064815521, 0.059512165419444873], "rotate_angle": -22.74, "rotate_angle_pred": -24.991051072667815}