{"centroid": [0.19286985207410914, 0.4423306807875633, 0.44516962237314317], "extents": [0.20105957656944815, 0.041051253676414545, 0.06791901477646706], "rotate_angle": 43.92, "rotate_angle_pred": 43.92719204700424}