{"centroid": [0.005907948890621325, -0.09229768812656414, 0.5598835283913671], "extents": [0.18544146195228792, 0.016637757420539884, 0.06036759840261985], "rotate_angle": -39.57, "rotate_angle_pred": -38.18684198807351}