{"centroid": [0.9311282583501257, 0.07977665960788732, 0.348844942192837], "extents": [0.07525759467244619, 0.4729224443435669, 0.11143882982709818], "rotate_angle": 22.38, "rotate_angle_pred": 30.005906188828973}