{"centroid": [0.2567335947480641, 0.5417651534080504, 0.4750476556845332], "extents": [0.25736308390351603, 0.17300456762313843, 0.08116756471857312], "rotate_angle": -14.81, "rotate_angle_pred": -17.93546667637402}