{"centroid": [-0.04270538724393719, 0.6007600985467433, 0.6097093992389456], "extents": [0.3651547415179291, 0.01581393927335739, 0.06447727203566], "rotate_angle": -9.49, "rotate_angle_pred": -9.432983697708508}