{"centroid": [-0.027266370913769097, -0.08965507149696353, 0.2570825866867443], "extents": [0.015789985536708222, 0.31049269437789917, 0.03853756532580391], "rotate_angle": -34.86, "rotate_angle_pred": -39.03290393798441}