{"centroid": [0.05877003742577393, 0.03844941407442087, 0.22166565413088843], "extents": [0.031892620423746056, 0.29819643497467035, 0.04591761586558035], "rotate_angle": -19.85, "rotate_angle_pred": -18.942670208342548}