{"centroid": [0.2603160898275441, 0.6923928186297416, 0.5410534789787053], "extents": [0.07552011977708414, 0.1512223333120346, 0.052934757815593536], "rotate_angle": -32.56, "rotate_angle_pred": -31.712382588935036}