{"centroid": [0.01980671678081615, 0.43314690515398974, 0.35951169151026724], "extents": [0.16387498220372734, 0.023749731481075287, 0.06646031822107035], "rotate_angle": 33.59, "rotate_angle_pred": 33.06246413438039}