{"centroid": [-0.00749600052212559, 0.44754417613148684, 0.35811487624748406], "extents": [0.17805124897177982, 0.011875130236148834, 0.06094236698587535], "rotate_angle": 40.44, "rotate_angle_pred": 37.45005699508587}