{"centroid": [-0.21984520157568435, 0.5684050172567366, 0.3670136077664545], "extents": [0.29452595182641667, 0.005285352468490601, 0.055621378252053766], "rotate_angle": 27.08, "rotate_angle_pred": 26.555368242596657}