{"centroid": [0.19829976557719986, 0.3179721161723135, 0.5566472326825783], "extents": [0.15297189308275305, 0.10382948815822607, 0.06545163671096177], "rotate_angle": -28.63, "rotate_angle_pred": -30.430362993709615}