{"centroid": [0.09032334487252763, 0.637329164892435, 0.5156598299576374], "extents": [0.20754230471374563, 0.07582641392946243, 0.07544922246823899], "rotate_angle": -13.26, "rotate_angle_pred": -18.588290241060974}