{"centroid": [0.024916576840456815, 0.07389739155769337, 0.47872218221581253], "extents": [0.00855846716002924, 0.2388719767332077, 0.03076423006117579], "rotate_angle": 11.73, "rotate_angle_pred": 11.338404101113824}