{"centroid": [-0.015527358137535745, 0.23271594941616053, 0.38300017709069617], "extents": [0.9477298180367782, 0.011215865612030168, 0.07215979634890174], "rotate_angle": -28.79, "rotate_angle_pred": -32.20336065997139}