{"centroid": [0.005426365991875397, 0.36730094067752356, 0.377166687282182], "extents": [0.6573814120127578, 0.05016591772437101, 0.06611669029831302], "rotate_angle": 27.24, "rotate_angle_pred": 24.105796003710253}