{"centroid": [-0.009574751984908066, 0.0762227028608321, 0.4755949441586042], "extents": [0.011881902914008275, 0.25075891613960266, 0.02871706547193348], "rotate_angle": 2.83, "rotate_angle_pred": 2.5454626345548093}