{"centroid": [0.004435424273575357, -0.09116321057081232, 0.3558992520322489], "extents": [0.7714836364516758, 0.06044209003448495, 0.08731844757616558], "rotate_angle": -13.16, "rotate_angle_pred": -17.700583676008037}