{"centroid": [0.062062309106644675, -0.3691024668514729, 0.5650865520235541], "extents": [0.22949012472537494, 0.0371415838599205, 0.02879683592893012], "rotate_angle": 28.52, "rotate_angle_pred": 26.050144264730605}