{"centroid": [0.02700524454397336, 0.1291668042540549, 0.5380566338116954], "extents": [0.1838999244183349, 0.05457979440689088, 0.046112343733952676], "rotate_angle": 0.66, "rotate_angle_pred": -0.8607158212275579}