{"centroid": [0.05024986355075245, 0.5704358741641045, 0.3459177225875575], "extents": [0.537309925289533, 0.03978119790554058, 0.06125838089030733], "rotate_angle": 41.66, "rotate_angle_pred": 37.75914341118042}