{"centroid": [0.631849152480727, -0.38919603079557424, 0.2841479121960323], "extents": [0.24088573220113552, 0.09488810598850256, 0.052142869170923034], "rotate_angle": -33.51, "rotate_angle_pred": -32.225654174119335}