{"centroid": [-0.04257389440003734, 0.4552049040794372, 0.40956759251628067], "extents": [0.3572313397741382, 0.06798344850540167, 0.059615364662466364], "rotate_angle": 3.71, "rotate_angle_pred": 3.8636908454544}