{"centroid": [-0.047610643926766893, 0.5033357068896293, 0.3890327131706171], "extents": [0.389215586560267, 0.07498215138912201, 0.0673584487537019], "rotate_angle": -6.56, "rotate_angle_pred": -8.192419034791854}