{"centroid": [-0.08256297536305095, -0.0405904799699784, 0.3053603917792582], "extents": [0.04911677596002204, 0.2831486463546753, 0.04529484413655338], "rotate_angle": 44.84, "rotate_angle_pred": 38.8958533513792}