{"centroid": [-0.07860842976041975, 0.06407653540372842, 0.28654046092772023], "extents": [0.0504236968118387, 0.2921736240386963, 0.0479777270727495], "rotate_angle": 13.48, "rotate_angle_pred": 11.795718568641433}