{"centroid": [0.4183224005394168, 0.03244179859757414, 0.29906815421387634], "extents": [0.1595423860411762, 0.158153772354126, 0.05071647228683157], "rotate_angle": -18.49, "rotate_angle_pred": -19.20806472539607}