{"centroid": [-0.005092211346974983, 0.5609217956662177, 0.3823712154961918], "extents": [0.6912925219925057, 0.06246294081211101, 0.05769800002669989], "rotate_angle": -16.09, "rotate_angle_pred": -17.430363987867622}