{"centroid": [0.32021491190277945, 0.1541817560791969, 0.30558343866681914], "extents": [0.14182570445479822, 0.1556227803230286, 0.042115315405380604], "rotate_angle": 28.09, "rotate_angle_pred": 30.41203084817728}