{"centroid": [-0.0018823606640334944, 0.3309492729604243, 0.37424631179297185], "extents": [0.5196312776677754, 0.07683502882719045, 0.0543288078561216], "rotate_angle": 6.02, "rotate_angle_pred": 8.51537672281745}