{"centroid": [0.37503933116317684, 0.04872376099228849, 0.30334077830930695], "extents": [0.14820113406624807, 0.18531778454780581, 0.057852136383678754], "rotate_angle": -32.03, "rotate_angle_pred": -33.512337083972376}