{"centroid": [0.3995970019096281, -0.008490055799484267, 0.3694390519115053], "extents": [0.2826491079083534, 0.03479135036468511, 0.04876925190654002], "rotate_angle": 40.19, "rotate_angle_pred": 36.314691581997494}