{"centroid": [0.0023960469311299845, -0.31461056321859365, 0.4160916785243805], "extents": [0.8504186887062888, 0.01017846167087566, 0.06156360371316627], "rotate_angle": -31.32, "rotate_angle_pred": -32.9918369594763}