{"centroid": [0.04136545017486347, 0.6307423971593379, 0.36457856211397693], "extents": [0.4689204110432612, 0.05695622414350521, 0.0638682397077402], "rotate_angle": -28.51, "rotate_angle_pred": -33.60000991728368}