{"centroid": [-0.2705801404697791, 0.5391364246606826, 0.3225888382534174], "extents": [0.26373618131034415, 0.0009454786777496338, 0.059645327064728304], "rotate_angle": 34.51, "rotate_angle_pred": 33.9332644354558}