{"centroid": [0.025172137241542193, 0.26798285543918604, 0.4620982482327858], "extents": [0.660599962528465, 0.00030097365379339047, 0.07804044519814152], "rotate_angle": 22.69, "rotate_angle_pred": 22.948886680823435}