{"centroid": [0.07488575254771379, 0.3541520088911056, 0.34841750543889], "extents": [0.11229993419774054, 0.1614771187305451, 0.05931205311358456], "rotate_angle": -33.4, "rotate_angle_pred": -27.111471726981947}