{"centroid": [-0.10520843018549332, 0.16634324565529818, 0.3742231004028179], "extents": [0.050938761424870624, 0.21925877034664157, 0.04229177054158162], "rotate_angle": -17.31, "rotate_angle_pred": -16.5749072647028}