{"centroid": [-0.010821894949013453, -0.414489209651947, 0.2739121445451501], "extents": [0.03562026572104619, 0.32481110095977783, 0.02094422712824634], "rotate_angle": 2.89, "rotate_angle_pred": 1.506813376680853}