{"centroid": [0.08145250496532959, 0.5457844771444796, 0.5686505815791059], "extents": [0.3172516185631927, 0.10276234894990915, 0.05739192590205788], "rotate_angle": 13.47, "rotate_angle_pred": 7.969811934302697}