{"centroid": [0.05937660914208839, 0.04250005632638926, 0.2178066727411004], "extents": [0.028446905450392253, 0.293674111366272, 0.05031495565295155], "rotate_angle": -11.85, "rotate_angle_pred": -12.656397532768153}