{"centroid": [0.06008187458429298, 0.2745229490101337, 0.5658428922739498], "extents": [0.2954618859958825, 0.0791115537285805, 0.0735406559950571], "rotate_angle": 12.27, "rotate_angle_pred": 9.220439356604672}