{"centroid": [-0.04605268529603764, -0.20612423866987234, 0.5943094662868931], "extents": [0.32810822949269103, 0.030915573239326505, 0.06089735928382811], "rotate_angle": 26.29, "rotate_angle_pred": 27.07457419668947}