{"centroid": [-0.5310405293586873, -0.5017341077327729, 0.3227689074556209], "extents": [0.01299172612384214, 0.1682760119438172, 0.06509427588668987], "rotate_angle": -1.41, "rotate_angle_pred": -0.6666555529705391}