{"centroid": [0.04511494578916377, 0.2155813984572887, 0.34438450089565903], "extents": [0.7267893417622678, 0.024930916726589286, 0.056530105761453064], "rotate_angle": -25.04, "rotate_angle_pred": -27.809838418971694}