{"centroid": [0.7356481585918295, -0.27309263497591013, 0.313390186711381], "extents": [0.1020949688850099, 0.1024970859289169, 0.061230595100276564], "rotate_angle": 36.28, "rotate_angle_pred": 38.835239010861414}