{"centroid": [0.002303400922729959, 0.396996758878231, 0.5686032449270497], "extents": [0.3200546549923966, 0.00525794923305517, 0.0575869576123188], "rotate_angle": -34.94, "rotate_angle_pred": -33.95699143956589}