{"centroid": [0.026816939195791804, -0.23884131386876117, 0.5025468184256092], "extents": [0.27777361993586164, 0.09504558891057971, 0.07597543333052348], "rotate_angle": -10.17, "rotate_angle_pred": -16.411218998996887}