{"centroid": [0.004583746681399561, 0.5975366719067096, 0.578367546702752], "extents": [0.2722560427096975, 0.006863690912723541, 0.0658307960324106], "rotate_angle": -23.7, "rotate_angle_pred": -24.70042267179369}