{"centroid": [-0.022140120192759294, 0.6143255531787871, 0.5466577618970829], "extents": [0.9643268775155442, 0.007103264331817627, 0.0885800438686194], "rotate_angle": -12.67, "rotate_angle_pred": -15.572733511358308}