{"centroid": [-0.039364543739272284, -0.11262547969818126, 0.5632539767604449], "extents": [1.0078251056680936, 0.03772886097431194, 0.07785998049059462], "rotate_angle": 29.9, "rotate_angle_pred": 28.79518633956809}