{"centroid": [-0.2723615133092816, -0.285348951816559, 0.3278954300118258], "extents": [0.0064316241577356825, 0.3240478038787843, 0.03209995410718436], "rotate_angle": 40.0, "rotate_angle_pred": 38.79614711125899}