{"centroid": [-0.03616487196741859, 0.36242185905575747, 0.3870721116516921], "extents": [0.36305764398785034, 0.06369356065988546, 0.056679550685209135], "rotate_angle": -11.91, "rotate_angle_pred": -13.464745848990887}