{"centroid": [-0.056450209953263615, -0.1484245285391808, 0.4051128563149828], "extents": [0.2262262128082223, 0.16653241217136386, 0.0630534148426738], "rotate_angle": 30.81, "rotate_angle_pred": 23.94940071042498}