{"centroid": [-0.16555527075477033, 0.24949289858341214, 0.28695231097106194], "extents": [0.044757215929002975, 0.2647762596607208, 0.05059764394076127], "rotate_angle": -44.57, "rotate_angle_pred": -41.23793284959012}