{"centroid": [0.011493486880735607, 0.6172954775393008, 0.44923821635570627], "extents": [0.5283008980526703, 0.017805881798267365, 0.06832473195573785], "rotate_angle": -23.65, "rotate_angle_pred": -23.908297961472186}