{"centroid": [-0.05456843199988108, 0.2745370268821716, 0.3279896790163734], "extents": [0.020913704957120083, 0.31163859367370605, 0.017519127349157226], "rotate_angle": 22.45, "rotate_angle_pred": 25.26872858861222}