{"centroid": [0.058872272965353245, 0.13759443722665307, 0.1649882445917614], "extents": [0.041778438538159934, 0.291721373796463, 0.051881809712631455], "rotate_angle": -4.82, "rotate_angle_pred": -8.569128996461814}