{"centroid": [0.015392289466658885, 0.14460212667472658, 0.14047347362411458], "extents": [0.07079473072883147, 0.2863297760486603, 0.050316050186910044], "rotate_angle": -35.74, "rotate_angle_pred": -42.92317459338371}