{"centroid": [0.016661654102258498, -0.14737406373023987, 0.22765162711467643], "extents": [0.015956774676248453, 0.2894811034202575, 0.022905130401916107], "rotate_angle": 0.29, "rotate_angle_pred": -2.992862392094267}