{"centroid": [0.04046964980192786, -0.4866631031036377, 0.2558911994652681], "extents": [0.0024529993329627173, 0.29943120479583735, 0.011673021964290098], "rotate_angle": 17.29, "rotate_angle_pred": 13.050426475514826}