{"centroid": [0.015897635156874344, 0.05588971823453899, 0.19627393874143256], "extents": [0.009553782346020721, 0.28714942932128906, 0.03619586936794772], "rotate_angle": -29.97, "rotate_angle_pred": -31.41115213053967}