{"centroid": [0.0016756431501396987, -0.16115272045135498, 0.30568199316284883], "extents": [0.029738127801525176, 0.32399523258209223, 0.03938534805018912], "rotate_angle": 15.47, "rotate_angle_pred": 15.63102248588109}