{"centroid": [0.03513581219872086, 0.09052916616201395, 0.2496403481574819], "extents": [0.003358826031525722, 0.3100990951061249, 0.04786914573202494], "rotate_angle": -26.57, "rotate_angle_pred": -25.464631040761716}