{"centroid": [0.022648620383391927, 0.12441653385758394, 0.2466209143037947], "extents": [0.011515490449047937, 0.31230631470680237, 0.05697036032554684], "rotate_angle": -15.53, "rotate_angle_pred": -13.876947217383687}