{"centroid": [0.04327298291284958, 0.18895136192440973, 0.49073762564352386], "extents": [0.9517167812269027, 0.04712928086519247, 0.07663752143159275], "rotate_angle": 13.78, "rotate_angle_pred": 10.773986754202099}