{"centroid": [-0.1409893461772977, -0.0800352096557618, 0.30352901773974533], "extents": [0.04355273479799514, 0.3335050642490387, 0.03362561454675056], "rotate_angle": 37.03, "rotate_angle_pred": 32.11567577341066}