{"centroid": [-0.19780993686724613, -0.379949301481247, 0.28300182289406467], "extents": [0.016116395578533838, 0.25000029802322393, 0.010612104078747076], "rotate_angle": -4.2, "rotate_angle_pred": -4.411086718538314}