{"centroid": [-0.11188584444998007, -0.005652323365211525, 0.20929686313464077], "extents": [0.0002212002853047429, 0.2906733453273773, 0.04217193981905826], "rotate_angle": -7.62, "rotate_angle_pred": -8.924621120265883}