{"centroid": [-0.18169524009207008, -0.15277723968029022, 0.22692844800191916], "extents": [0.018840581024665598, 0.2923672497272492, 0.035732291346781714], "rotate_angle": -26.33, "rotate_angle_pred": -27.084735595604748}