{"centroid": [-0.08656992088605472, 0.29446367546916, 0.22237848459205942], "extents": [0.12477641901851846, 0.05057241767644882, 0.05487647061130271], "rotate_angle": -13.72, "rotate_angle_pred": -12.039342305613772}