{"centroid": [0.3505590979279645, 0.34087031707167625, 0.29552068690766414], "extents": [0.1412937613430163, 0.059881798923015594, 0.07080726186629199], "rotate_angle": 28.73, "rotate_angle_pred": 33.20774138761172}