{"centroid": [-0.3248127178101288, 0.45586921833455557, 0.37047991680235254], "extents": [0.3360323284684181, 0.0564100556075573, 0.059805262385085045], "rotate_angle": -19.65, "rotate_angle_pred": -17.463190637967898}