{"centroid": [0.2581446140300899, 0.46378582529723644, 0.35089685186463077], "extents": [0.3201415255535303, 0.0585197769105435, 0.07045726510607386], "rotate_angle": 2.8, "rotate_angle_pred": 0.723637703385819}