{"centroid": [0.528518323963452, -0.5474703535437585, 0.3268818108980305], "extents": [0.15062748113367114, 0.10271103680133825, 0.061704774347462965], "rotate_angle": 7.6, "rotate_angle_pred": 7.196371855210316}