{"centroid": [-0.01985465894265944, 0.16925711371004576, 0.2800105770333591], "extents": [0.017309367501834642, 0.3272651433944702, 0.0545670497005486], "rotate_angle": 27.32, "rotate_angle_pred": 23.623722685298915}