{"centroid": [-0.017061793740321407, 0.46728812158107746, 0.3242178501208457], "extents": [0.028605490292376582, 0.28455838561058033, 0.0363678439885633], "rotate_angle": 27.79, "rotate_angle_pred": 29.940543994692987}