{"centroid": [0.062308210382347726, -0.0039180815219879706, 0.2812416490149762], "extents": [0.0028098225243962313, 0.3111555576324463, 0.030466559895290124], "rotate_angle": -20.57, "rotate_angle_pred": -18.8132939857298}