{"centroid": [0.004821655085377409, -0.38872440904378897, 0.5499613181877077], "extents": [0.24098417756677593, 0.01902659237384796, 0.04052381689859008], "rotate_angle": -18.67, "rotate_angle_pred": -20.35472499281346}