{"centroid": [0.02079044347255192, 0.49068690836429596, 0.23426505129162542], "extents": [0.0025169104095531455, 0.2724235951900483, 0.026538468642006707], "rotate_angle": 3.48, "rotate_angle_pred": 1.1232366953248771}