{"centroid": [0.01446771667905459, 0.08733084797859188, 0.1885906088789614], "extents": [0.015120588324877275, 0.2892676591873169, 0.034970108609000516], "rotate_angle": -30.86, "rotate_angle_pred": -32.43324212132832}