{"centroid": [0.038102861199996244, 0.30200291797518725, 0.48773495116767407], "extents": [0.22008007423108464, 0.10557457059621816, 0.047903544457049696], "rotate_angle": -44.31, "rotate_angle_pred": -46.200162533986166}