{"centroid": [0.7914123614148619, -0.35176216065883636, 0.23474386061026095], "extents": [0.17205360235676193, 0.18336984515190125, 0.07515077163573108], "rotate_angle": 11.27, "rotate_angle_pred": 15.22579339302392}