{"centroid": [0.035429068390429704, 0.14109743013977996, 0.546420833806524], "extents": [0.9216806768189625, 0.00919646769762053, 0.07198108638678091], "rotate_angle": 40.71, "rotate_angle_pred": 38.67335583122252}