{"centroid": [-0.003040547584478824, 0.48466250672936434, 0.531114575239674], "extents": [0.9665605040571397, 0.0074309781193733215, 0.07494716509705351], "rotate_angle": 6.75, "rotate_angle_pred": 5.350401216525242}