{"centroid": [0.07283818666171946, 0.13720251992344848, 0.46757145180872334], "extents": [0.9115213234294992, 0.04614872485399256, 0.08041217992458011], "rotate_angle": -17.75, "rotate_angle_pred": -22.137885918190563}