{"centroid": [0.004557655903823447, -0.30222998559474956, 0.5432976190717635], "extents": [0.9401625302633441, 0.028388768434524647, 0.0650586330471794], "rotate_angle": -26.92, "rotate_angle_pred": -30.482880395585305}