{"centroid": [0.33847945656534734, 0.317154198884964, 0.37954858834686667], "extents": [0.40148872454407225, 0.011542379856109675, 0.05321932626111997], "rotate_angle": 41.47, "rotate_angle_pred": 38.278476435126976}