{"centroid": [0.15258878291069983, 0.46891259774565697, 0.3258559528941364], "extents": [0.5598473611894762, 0.0063586160540581305, 0.08057188333350096], "rotate_angle": 34.95, "rotate_angle_pred": 36.948003614390814}