{"centroid": [0.15460675849813696, 0.2544320300221442, 0.38450955925434194], "extents": [0.10856575223979649, 0.18142400681972506, 0.07820611979744463], "rotate_angle": -10.05, "rotate_angle_pred": -13.357442935081309}