{"centroid": [0.16813239990754789, 0.013063743710517795, 0.3783919857800018], "extents": [0.09725144287309766, 0.1532675325870514, 0.05588219934495697], "rotate_angle": -4.55, "rotate_angle_pred": -7.810112987780002}