{"centroid": [0.11266389042837609, 0.015346698462963035, 0.3802953708194973], "extents": [0.15295695021012962, 0.2534578144550324, 0.04298175942349797], "rotate_angle": -44.85, "rotate_angle_pred": -40.11951126121329}