{"centroid": [0.20026053939526373, 0.028918292373418752, 0.4339688235904022], "extents": [0.09146101011142369, 0.1466398537158966, 0.0709903983974638], "rotate_angle": 43.32, "rotate_angle_pred": 37.82475653053933}