{"centroid": [0.19489394589568382, -0.061410501599311905, 0.41794117827314137], "extents": [0.07435414363703544, 0.16304537653923037, 0.06788356756158814], "rotate_angle": 25.94, "rotate_angle_pred": 21.713141314101122}