{"centroid": [-0.05637402862790376, 0.2955223042517899, 0.4424158645554303], "extents": [0.581595418003492, 0.050344053655862864, 0.05493342849667221], "rotate_angle": -9.95, "rotate_angle_pred": -10.439086809363843}