{"centroid": [0.1798449161983251, 0.6263086013495921, 0.4328646629506348], "extents": [0.4198991975694441, 0.02775498479604721, 0.0672841895070348], "rotate_angle": -36.19, "rotate_angle_pred": -35.55773366763945}