{"centroid": [-0.014095607308836793, 0.3594841659069061, 0.4234836002957755], "extents": [0.6421438264389171, 0.08068972826004034, 0.07737754054950985], "rotate_angle": -21.89, "rotate_angle_pred": -22.634896881525762}