{"centroid": [-0.010790622891515278, -0.3546586260199548, 0.4185262055035722], "extents": [0.7097549601800994, 0.02016617357730871, 0.06120279944708229], "rotate_angle": -6.04, "rotate_angle_pred": -7.292704567238843}