{"centroid": [-0.24697820373710538, 0.6067396812140942, 0.42308773895076973], "extents": [0.5034561213111102, 0.020150147378444783, 0.07007753926816879], "rotate_angle": -25.52, "rotate_angle_pred": -26.17588433319456}