{"centroid": [-0.244986387561821, 0.5080358032137154, 0.40296339676408277], "extents": [0.40842761546849304, 0.04084180667996401, 0.060828117963595385], "rotate_angle": 16.07, "rotate_angle_pred": 16.691910500765204}