{"centroid": [0.01710996634030954, 0.5945411808788775, 0.3694909948289271], "extents": [0.7313576771412263, 0.052303172647953144, 0.07046118219375169], "rotate_angle": -37.15, "rotate_angle_pred": -36.01736020485703}