{"centroid": [-0.015729278661065382, 0.43898977339267725, 0.4173246374105336], "extents": [0.8221255559909375, 0.003624588251113947, 0.05573868764449341], "rotate_angle": -8.4, "rotate_angle_pred": -10.338926047248691}