{"centroid": [0.10193366742301796, -0.32514216564595705, 0.3858748240131412], "extents": [0.6656349408080507, 0.05199380591511732, 0.05735005902824358], "rotate_angle": 5.68, "rotate_angle_pred": -1.8519517050633283}