{"centroid": [0.2633682536932022, 0.34784474968910223, 0.3883300013967229], "extents": [0.2073238623437788, 0.3048774003982545, 0.09491610446527826], "rotate_angle": 43.07, "rotate_angle_pred": 37.31859512102599}