{"centroid": [0.02673540792362648, 0.37762549519538874, 0.28569673555088304], "extents": [0.010622605463927699, 0.2939972877502441, 0.033702212627122585], "rotate_angle": 12.76, "rotate_angle_pred": 10.93987861941207}