{"centroid": [0.11692990013799125, 0.4517395570874214, 0.5045770364896371], "extents": [0.6592905757777623, 0.11691708862781541, 0.07806246262535377], "rotate_angle": -33.48, "rotate_angle_pred": -38.56208389198577}