{"centroid": [0.7285098632685477, -0.41363786906003946, 0.26626392876981264], "extents": [0.19175878442815375, 0.15115882456302643, 0.07977767403369307], "rotate_angle": 15.56, "rotate_angle_pred": 18.378641959877}