{"centroid": [0.6369404429398952, -0.43868254125118256, 0.2616336225097484], "extents": [0.20700686905169208, 0.12795844674110418, 0.08158156916425979], "rotate_angle": 30.93, "rotate_angle_pred": 32.47103854040296}