{"centroid": [0.08718677203409911, 0.08494643121957768, 0.5283470272432137], "extents": [1.0218371175013967, 0.031217217445373674, 0.09397163262458924], "rotate_angle": -26.82, "rotate_angle_pred": -31.29528240417556}