{"centroid": [0.06894990328808703, 0.1313564963638781, 0.5528354987410038], "extents": [1.0537983282201522, 0.0035664662718773166, 0.09079754441410615], "rotate_angle": 7.15, "rotate_angle_pred": 3.7029645606580033}