{"centroid": [0.9053272441015859, 0.11992458999156935, 0.2823039800553812], "extents": [0.005961529951880928, 0.4938277304172516, 0.10922510997653537], "rotate_angle": -30.51, "rotate_angle_pred": -31.729914797882145}