{"centroid": [-0.27539130966418957, 0.3883420154452324, 0.44763974339519874], "extents": [0.12834668140680314, 0.11446724832057958, 0.004454553120762372], "rotate_angle": -39.95, "rotate_angle_pred": -43.62807995715677}