{"centroid": [-0.6167141354265009, 0.08163493871688837, 0.5089532346391072], "extents": [0.025956958797181184, 0.45675742626190186, 0.09000426622672464], "rotate_angle": -26.22, "rotate_angle_pred": -24.46350847564483}