{"centroid": [0.022802974766154584, 0.09115991741418833, 0.21084784592832517], "extents": [0.00808319471950705, 0.28877687454223633, 0.0481811738030134], "rotate_angle": -35.54, "rotate_angle_pred": -36.02713736732756}