{"centroid": [-0.018022576488667674, 0.4806414544582366, 0.2726653573278141], "extents": [0.042378597885120745, 0.26366734504699696, 0.009656530084069359], "rotate_angle": 3.97, "rotate_angle_pred": 2.3384454864517323}