{"centroid": [0.027319162509894197, 0.0725208222866058, 0.20272245038262557], "extents": [0.0035231783322647245, 0.2946321666240692, 0.04897816759505014], "rotate_angle": -24.97, "rotate_angle_pred": -23.950557989289607}