{"centroid": [0.03997080690618942, -0.3970467448234558, 0.2648239635876122], "extents": [0.010101601521905791, 0.34373259544372553, 0.021909814415728368], "rotate_angle": 22.24, "rotate_angle_pred": 20.262061334152577}