{"centroid": [0.03925613857730367, 0.014775276184081972, 0.2665385564503892], "extents": [0.014404982096115307, 0.3022032976150512, 0.029824260141306957], "rotate_angle": -6.45, "rotate_angle_pred": -7.906133539346854}