{"centroid": [-0.0033874440568253342, -0.38066428899765015, 0.2606292379021195], "extents": [0.005201071451179167, 0.3168492317199707, 0.02783019814177573], "rotate_angle": 12.34, "rotate_angle_pred": 9.602832338445879}