{"centroid": [0.269764297274806, 0.41079359687864775, 0.3186036953361716], "extents": [0.4150724349371275, 0.029963243752717972, 0.06537958137458039], "rotate_angle": 2.96, "rotate_angle_pred": 9.001754696757573}