{"centroid": [0.0007143779158285124, 0.6850112304091452, 0.37104611824474615], "extents": [0.9515086268423016, 0.005968049168586731, 0.08074870583394855], "rotate_angle": -4.15, "rotate_angle_pred": -8.302333467068507}