{"centroid": [-0.06492524386059155, 0.031878486275672864, 0.2141625341111549], "extents": [0.026906573029207716, 0.2715281844139099, 0.04180505242760399], "rotate_angle": -1.72, "rotate_angle_pred": -5.787178281686778}