{"centroid": [-0.08305912881033452, 0.008253052830696075, 0.20890879276514937], "extents": [0.023201853104830528, 0.2730436325073242, 0.0415814296628883], "rotate_angle": -18.49, "rotate_angle_pred": -21.48537100562264}