{"centroid": [0.032335944036530395, 0.16784530133008954, 0.2551485316164051], "extents": [0.017962232048766222, 0.2746877670288086, 0.022948346797852848], "rotate_angle": -41.29, "rotate_angle_pred": -40.655492882372336}