{"centroid": [0.007536608342250388, 0.5136662311851978, 0.4193248444207268], "extents": [0.8529035072025233, 0.011445559561252705, 0.07243436015904675], "rotate_angle": 25.37, "rotate_angle_pred": 23.15094076284582}