{"centroid": [0.023794132948056983, 0.5050601959228515, 0.40634217274297385], "extents": [0.2276766671223998, 0.04250973463058472, 0.06183328305253816], "rotate_angle": -23.21, "rotate_angle_pred": -23.491574909298166}