{"centroid": [-0.0037386919457361445, 0.47338822484016413, 0.4378828991602077], "extents": [0.1986246711085078, 0.04379057884216314, 0.06686465462479407], "rotate_angle": 25.57, "rotate_angle_pred": 27.280055169374137}