{"centroid": [0.0336998980610817, 0.3108132779598235, 0.42358119019378415], "extents": [0.2788357943661918, 0.12109512090682989, 0.04979429607526126], "rotate_angle": -39.84, "rotate_angle_pred": -44.633031674308114}