{"centroid": [0.004521126743259753, 0.60297891497612, 0.35858166695187654], "extents": [0.6107539992611972, 0.0011726021766663708, 0.07333158535961476], "rotate_angle": 25.97, "rotate_angle_pred": 22.71825361091271}