{"centroid": [-0.015509164419016508, 0.25943487882614125, 0.37635010403993074], "extents": [0.6619852696421415, 0.01846307516098028, 0.06764224829971188], "rotate_angle": -15.72, "rotate_angle_pred": -18.23871167445543}