{"centroid": [-0.01244742167711214, -0.08791573345661167, 0.29587551944567325], "extents": [0.021617412827221384, 0.26468414068222046, 0.033032261232587457], "rotate_angle": 37.0, "rotate_angle_pred": 35.73068364938102}