{"centroid": [0.032318777753296724, 0.01983812451362604, 0.2195304486663276], "extents": [0.020784072975332604, 0.31763100624084467, 0.052026853960077835], "rotate_angle": -8.05, "rotate_angle_pred": -7.149303325498082}