{"centroid": [0.01613291828964626, 0.042354412376880604, 0.23362808531406964], "extents": [0.025871403771776432, 0.3000548183917999, 0.04225466442267753], "rotate_angle": -41.4, "rotate_angle_pred": -39.470243412031536}