{"centroid": [-0.058140297744840946, -0.015862032771110667, 0.5861908334862378], "extents": [0.07611711449551606, 0.18414457142353058, 0.045774311586723626], "rotate_angle": 1.74, "rotate_angle_pred": 1.2758383273611003}