{"centroid": [0.1194654201494875, 0.2397448122501373, 0.2750476928197702], "extents": [0.07623565803946947, 0.14529985189437866, 0.04301700663126651], "rotate_angle": -6.67, "rotate_angle_pred": -4.942157159223896}