{"centroid": [0.09398389616813935, 0.37564072757959366, 0.32654460205997227], "extents": [0.05961044925524475, 0.20861430466175085, 0.06452462128834713], "rotate_angle": 23.68, "rotate_angle_pred": 25.255711325837567}