{"centroid": [0.08328213554745273, 0.036870352923870045, 0.21468104753781297], "extents": [0.02306663237010763, 0.29366087913513184, 0.04217690214875938], "rotate_angle": 17.03, "rotate_angle_pred": 18.87820969278515}