{"centroid": [0.009954251789244317, 0.4168658107519149, 0.29281878503715963], "extents": [0.017784968243707577, 0.23738852143287653, 0.013523701749602546], "rotate_angle": 24.76, "rotate_angle_pred": 24.48350774760769}