{"centroid": [0.0505888199790262, -0.11981406807899478, 0.28953571118211985], "extents": [0.021330863698230874, 0.2545408010482788, 0.029690698430654916], "rotate_angle": 39.82, "rotate_angle_pred": 38.255339786504464}