{"centroid": [0.08688957509067019, 0.04850309342145917, 0.21561616211738155], "extents": [0.01626183837688612, 0.285461723804474, 0.039813946933445477], "rotate_angle": 8.15, "rotate_angle_pred": 9.93986480058767}