{"centroid": [0.13214556694648724, 0.4657671153545379, 0.48141259758014027], "extents": [0.10662899392173392, 0.11963939666748047, 0.05046200486601926], "rotate_angle": 34.16, "rotate_angle_pred": 32.62801976914602}