{"centroid": [-0.08577578439748743, 0.5032682418823242, 0.43174235488980683], "extents": [0.17110234650014414, 0.09402412176132208, 0.04088212585774231], "rotate_angle": -43.61, "rotate_angle_pred": -42.86498848103982}