{"centroid": [0.25706782792080396, 0.38914129137992853, 0.2805043969320742], "extents": [0.22839868077901382, 0.5198065042495728, 0.07953497770654344], "rotate_angle": -44.9, "rotate_angle_pred": -31.04210583308806}