{"centroid": [0.0020089941702786662, -0.34908181056380283, 0.570760548788742], "extents": [0.9464603357101425, 0.020456023514270838, 0.05680008421848759], "rotate_angle": 16.12, "rotate_angle_pred": 15.29178773484442}