{"centroid": [-0.010470345966818728, 0.2202064320445059, 0.5566380173093783], "extents": [0.9975459705776686, 0.008138880133628928, 0.07130694482358835], "rotate_angle": 21.64, "rotate_angle_pred": 19.32776153251335}