{"centroid": [0.09661867362140453, 0.17197145149111737, 0.4931360398745934], "extents": [0.8775749884383339, 0.063054494559765, 0.08256077843368842], "rotate_angle": -37.31, "rotate_angle_pred": -39.59822243450554}