{"centroid": [-0.038605942811143754, -0.4176032841205597, 0.2549709786305358], "extents": [0.021690860249112574, 0.30958193540573115, 0.036288924278432444], "rotate_angle": -18.9, "rotate_angle_pred": -20.717397790236035}