{"centroid": [0.025169653892367482, 0.030500024557113592, 0.21713624672835347], "extents": [0.018506533875967984, 0.31968623399734497, 0.04500870279763952], "rotate_angle": -20.13, "rotate_angle_pred": -18.045059293107784}