{"centroid": [-0.029570654522842292, 0.35393416881561274, 0.24103810360962616], "extents": [0.02232439841310487, 0.28497812151908875, 0.02213627125089951], "rotate_angle": -29.78, "rotate_angle_pred": -30.06892286136339}