{"centroid": [0.042324981327428096, 0.0017027407884597258, 0.21745480559682362], "extents": [0.027481592957687883, 0.32981500029563904, 0.05004097478707939], "rotate_angle": 10.94, "rotate_angle_pred": 9.313776188707038}