{"centroid": [0.033793290998793114, 0.013482138514518686, 0.217495548287415], "extents": [0.027623213056556996, 0.3244884610176087, 0.04911782455431324], "rotate_angle": -10.05, "rotate_angle_pred": -9.15807943311465}