{"centroid": [0.036114022324520274, 0.17246130853891367, 0.35921687248678963], "extents": [0.9155874740651132, 0.06567941606044783, 0.09137576710966827], "rotate_angle": -33.96, "rotate_angle_pred": -35.78972187605796}