{"centroid": [0.3264576808427191, 0.0816856026649474, 0.47705364441865133], "extents": [0.4396210871503842, 0.6827582120895385, 0.130925549943455], "rotate_angle": -2.95, "rotate_angle_pred": -1.227143821501457}