{"centroid": [-0.029828018336954476, -0.08517753332853323, 0.3803523835171225], "extents": [0.9461879412580985, 0.029374450445175268, 0.09095656566446492], "rotate_angle": -21.51, "rotate_angle_pred": -23.762740441332696}