{"centroid": [-0.027842332779423377, 0.5073773637413979, 0.4100887319408129], "extents": [0.9399953885616732, 0.03335924446582811, 0.09055018237177193], "rotate_angle": -39.66, "rotate_angle_pred": -42.01816624301726}