{"centroid": [-0.014673605033964199, 0.05845914781093588, 0.45646117298251654], "extents": [0.8387651360449355, 0.04554010927677162, 0.09249935952648086], "rotate_angle": -15.01, "rotate_angle_pred": -18.686747549107423}