{"centroid": [-0.010479451743187068, 0.5647640824317932, 0.43272435649269775], "extents": [0.8611071105932258, 0.023418068885803334, 0.0791636556033985], "rotate_angle": -35.85, "rotate_angle_pred": -38.84765541570502}