{"centroid": [0.03658246753149903, 0.028965247794985688, 0.3815742162287381], "extents": [0.8176469564387121, 0.07443693280220035, 0.08175341546517706], "rotate_angle": 9.72, "rotate_angle_pred": 3.306034598555428}