{"centroid": [0.025294670317120897, 0.06571912765502921, 0.3844249201558947], "extents": [0.8398491863344317, 0.06779846549034124, 0.08242723466590635], "rotate_angle": -5.72, "rotate_angle_pred": -9.51198983426724}