{"centroid": [0.41914736157467053, -0.030881941318512088, 0.4258843587054437], "extents": [0.03628210735477905, 0.6275264620780945, 0.08052198615652717], "rotate_angle": -38.82, "rotate_angle_pred": -32.78118010289727}