{"centroid": [0.6771788019710389, -0.026711493730545113, 0.39088569684469193], "extents": [0.013426802800482585, 0.718885600566864, 0.11230444697412134], "rotate_angle": 0.83, "rotate_angle_pred": 4.78195271098032}