{"centroid": [0.8771283377578363, 0.14796375483274476, -0.08307089369104745], "extents": [0.2014522840684212, 0.23691262304782873, 0.25771322720669393], "rotate_angle": 38.04, "rotate_angle_pred": 42.34294969734921}