{"centroid": [0.011665490555878854, 0.6155983135104178, 0.47747778731578727], "extents": [0.10620499538205037, 0.1041029542684555, 0.05775254293681742], "rotate_angle": 25.63, "rotate_angle_pred": 25.476457392062073}