{"centroid": [-0.05393486901603334, 0.48814462497830385, 0.3819130017037465], "extents": [0.08889495394744154, 0.08444497734308248, 0.0534644190172478], "rotate_angle": -42.91, "rotate_angle_pred": -41.51450436236632}