{"centroid": [-0.5755986159843566, 0.18042451143264773, 0.12214344322206322], "extents": [0.5896055101898745, 0.5895453691482544, 0.0001331567773503045], "rotate_angle": -14.92, "rotate_angle_pred": -18.558501418929623}