{"centroid": [0.3005589763255859, 0.021477997303008943, 0.5866088629903892], "extents": [0.18929940477604137, 0.1777116656303406, 0.034594502328336274], "rotate_angle": 23.19, "rotate_angle_pred": 27.14298860011185}