{"centroid": [-0.5011592760618592, 0.6534201856702566, -0.21548734468110542], "extents": [0.29996151585476977, 0.04354960843920719, 0.2647385970574424], "rotate_angle": 9.18, "rotate_angle_pred": 5.674211819144588}