{"centroid": [-0.18914799236249025, -0.03255826234817521, 0.6033962030612088], "extents": [0.1858619503764565, 0.19417855143547064, 0.09395156319766207], "rotate_angle": 7.27, "rotate_angle_pred": 9.688510475904508}