{"centroid": [-0.21580776417961353, -0.18862642347812672, 0.6599026629887328], "extents": [0.20865592341054226, 0.19573315978050235, 0.09234160176255979], "rotate_angle": 22.22, "rotate_angle_pred": 23.204941765402438}