{"centroid": [-0.1863847409837198, 0.0066577345132826475, 0.6244129248635292], "extents": [0.2767679662214616, 0.26226633787155157, 0.11331392705508703], "rotate_angle": -9.87, "rotate_angle_pred": -11.49973038200794}