{"centroid": [-0.17674541422099121, 0.00013376772403707153, 0.4716733393652505], "extents": [0.18345624242143763, 0.18162918090820312, 0.03323634347463328], "rotate_angle": -11.5, "rotate_angle_pred": -13.59357446428345}