{"centroid": [-0.07221523079634962, 0.044407993555068824, 0.6675860193877027], "extents": [0.3081521194506038, 0.28391808271408087, 0.29213104606272855], "rotate_angle": 23.34, "rotate_angle_pred": 23.856429784388823}