{"centroid": [-0.15683957344205104, -0.004848197102546735, 0.39384655601625757], "extents": [0.16809582587681599, 0.1731048226356507, 0.05376920809873459], "rotate_angle": -33.48, "rotate_angle_pred": -36.74718705552957}