{"centroid": [-0.20349763019595427, -0.2854592204093935, 0.7211447815594402], "extents": [0.23119270261978242, 0.26257288455963135, 0.05638305711287639], "rotate_angle": 35.1, "rotate_angle_pred": 34.17158001245696}