{"centroid": [0.24421965879206198, 0.1420416496694087, 0.6768938554292714], "extents": [0.08051189815017892, 0.09115471690893175, 0.09293569664573886], "rotate_angle": 29.22, "rotate_angle_pred": 26.414149953409435}