{"centroid": [-0.19483078514659452, -0.0505688786506654, 0.5795495228336021], "extents": [0.35605967510326064, 0.3467077314853668, 0.05083788997832894], "rotate_angle": 15.59, "rotate_angle_pred": 16.122835813916765}