{"centroid": [-0.15905121955329152, -0.05000275373458872, 0.5758263232599541], "extents": [0.3202297171988616, 0.42277026176452637, 0.38475156797634263], "rotate_angle": -31.05, "rotate_angle_pred": -28.103272306696887}