{"centroid": [-0.3098842461333444, 0.05317126214504231, 0.6118365510982147], "extents": [0.5348160199262392, 0.4923813343048097, 0.4733106136088627], "rotate_angle": -27.38, "rotate_angle_pred": -25.7979229656289}