{"centroid": [-0.31901037980512886, 0.5679682902991771, 0.5436564576556305], "extents": [0.10158133411251391, 0.09655912965536118, 0.034696079464322516], "rotate_angle": 26.49, "rotate_angle_pred": 22.10619736352639}