{"centroid": [-0.3428792917945289, 0.5848931446671485, 0.5398825460807286], "extents": [0.10883852211693018, 0.10738153755664825, 0.033914510526137476], "rotate_angle": -20.29, "rotate_angle_pred": -23.173469582705437}