{"centroid": [-0.0068591399413968895, 0.36521638929843897, 0.34546013488884264], "extents": [0.0762312704836619, 0.0736716091632843, 0.04251394390475721], "rotate_angle": -37.92, "rotate_angle_pred": -36.39549938419433}