{"centroid": [0.007766754692841454, 0.4302312992513179, 0.35112065251530267], "extents": [0.10343704826070498, 0.09519308060407644, 0.09659850325030306], "rotate_angle": 6.72, "rotate_angle_pred": 7.200658596248786}