{"centroid": [0.026665005992949933, 0.36515397578477854, 0.4696624967820302], "extents": [0.07624827982524496, 0.0738142877817154, 0.051400452259848795], "rotate_angle": 2.66, "rotate_angle_pred": 2.221301088148266}