{"centroid": [0.11970363521405816, 0.31702239811420435, 0.37208825177035687], "extents": [0.07066080911045892, 0.0715723335742951, 0.009836301474555609], "rotate_angle": -36.07, "rotate_angle_pred": -35.45988547643331}