{"centroid": [0.07509976924273991, 0.4323218166828155, 0.29394410391311965], "extents": [0.08396824307628305, 0.08823174238204956, 0.036992199094814326], "rotate_angle": 1.72, "rotate_angle_pred": 2.282395019244561}