{"centroid": [0.3254341993560993, 0.44611494243144983, 0.47617613924002483], "extents": [0.17408357847449038, 0.17602464556694036, 0.07652153945873824], "rotate_angle": -44.54, "rotate_angle_pred": -45.26448832180172}