{"centroid": [0.4508555169361549, 0.43061926215887064, 0.46843951676785345], "extents": [0.1749736621364693, 0.15773682296276093, 0.08536527829820462], "rotate_angle": 11.53, "rotate_angle_pred": 12.244798963473514}