{"centroid": [0.10116426966142879, 0.4281541556119918, 0.4949652760320845], "extents": [0.18172536869576034, 0.18041285872459423, 0.10160116895612742], "rotate_angle": 41.14, "rotate_angle_pred": 39.972540939846624}