{"centroid": [-0.016956190116106516, 0.5747038275003432, 0.503888356133189], "extents": [0.11928304414919819, 0.11751022934913635, 0.04334124970027148], "rotate_angle": -27.13, "rotate_angle_pred": -29.447642593893796}