{"centroid": [-0.48746050982256145, 0.469970989972353, 0.3353322757009959], "extents": [0.10121072249151125, 0.11104080826044083, 0.09606676705750578], "rotate_angle": -33.6, "rotate_angle_pred": -34.57657324371112}