{"centroid": [0.41915101968170176, 0.3835021145641803, 0.4747232157307157], "extents": [0.09807960915083253, 0.08378396183252335, 0.05962741139846334], "rotate_angle": 0.94, "rotate_angle_pred": 1.7099932679206944}