{"centroid": [-0.00828826765029183, 0.35563323646783823, 0.34770445030914243], "extents": [0.07995379139444286, 0.07318814098834991, 0.04434312973404647], "rotate_angle": -19.02, "rotate_angle_pred": -18.362876873659715}