{"centroid": [0.13652508043053863, 0.3138801045715809, 0.3614490478260099], "extents": [0.0681566390389673, 0.07078186422586447, 0.010792363718088616], "rotate_angle": -8.88, "rotate_angle_pred": -8.446418923540179}