{"centroid": [0.12626357533306667, 0.2953124195337295, 0.38199083379277], "extents": [0.0709635989284819, 0.06580522656440735, 0.008203100429348076], "rotate_angle": 24.59, "rotate_angle_pred": 24.72805791850314}