{"centroid": [-0.007679544934771395, 0.34382437169551844, 0.34966574497731623], "extents": [0.0817289666350523, 0.07312384247779846, 0.045872283129817504], "rotate_angle": 0.96, "rotate_angle_pred": 2.600478255382143}