{"centroid": [0.12856705298052568, 0.3035504147410392, 0.3724678660008076], "extents": [0.07058862735794996, 0.07142840325832367, 0.008030209848510772], "rotate_angle": 7.83, "rotate_angle_pred": 9.102483790264984}