{"centroid": [0.052316237232448, 0.42870172485709185, 0.37492726585030534], "extents": [0.09836835885331494, 0.09154122322797781, 0.09650882809855049], "rotate_angle": 18.33, "rotate_angle_pred": 20.54193197913159}