{"centroid": [0.004660477003201749, 0.3543353267014026, 0.3519169131459008], "extents": [0.07968934481875325, 0.07307557016611099, 0.0443144618934902], "rotate_angle": -18.41, "rotate_angle_pred": -17.421671746029716}