{"centroid": [-0.016808440296841518, 0.3381225429475307, 0.3566499412905646], "extents": [0.07923616521769619, 0.07056503742933279, 0.043008469332097565], "rotate_angle": 11.8, "rotate_angle_pred": 13.390213644815361}