{"centroid": [-0.07294110395890575, 0.49359511584043503, 0.541232138062268], "extents": [0.08702318163422869, 0.08001004159450531, 0.029450855448928892], "rotate_angle": 6.73, "rotate_angle_pred": 7.003971924619776}