{"centroid": [0.07630040947263109, 0.3537095300853252, 0.46868226594298984], "extents": [0.07088141203205867, 0.07070424407720571, 0.05491991760041953], "rotate_angle": 20.87, "rotate_angle_pred": 22.38979597701301}