{"centroid": [0.00562609415066741, 0.34686186164617533, 0.3453282790658139], "extents": [0.08163297741800632, 0.07387523353099823, 0.04518802364580321], "rotate_angle": -7.8, "rotate_angle_pred": -6.0998424795303094}