{"centroid": [-0.08596255579264846, 0.4873980693519115, 0.5347821698844395], "extents": [0.08713600097835233, 0.07970770448446274, 0.029662898008986138], "rotate_angle": 16.2, "rotate_angle_pred": 15.96731057960612}