{"centroid": [0.07009917918446519, 0.3454454988241195, 0.46873503569752367], "extents": [0.06669531688670198, 0.06765136122703558, 0.05487345098228236], "rotate_angle": 31.14, "rotate_angle_pred": 31.67979891800684}