{"centroid": [-0.20460866094071084, 0.38799519091844553, 0.5031871310934628], "extents": [0.0700004403938182, 0.06493045389652252, 0.03713897642811087], "rotate_angle": -11.42, "rotate_angle_pred": -13.87360757558622}