{"centroid": [0.010728299535211226, 0.5889352932572364, 0.5090964169409166], "extents": [0.12914664944497206, 0.11744458973407745, 0.050029560540619133], "rotate_angle": 3.53, "rotate_angle_pred": 2.0403637074845875}