{"centroid": [0.29072618362366204, 0.4464543536305427, 0.47563515361950826], "extents": [0.17329356178403107, 0.17446877062320715, 0.0789212887258317], "rotate_angle": -39.18, "rotate_angle_pred": -40.759104827353866}