{"centroid": [-0.006881741562548123, 0.36035462841391563, 0.3481844482644721], "extents": [0.07640476654983548, 0.07328741997480398, 0.042813041045414835], "rotate_angle": -28.93, "rotate_angle_pred": -27.960698566903062}