{"centroid": [-0.1278662457273706, 0.47386772930622095, 0.5162430571301369], "extents": [0.08347120553299245, 0.07353213429450989, 0.03143725420763954], "rotate_angle": 35.36, "rotate_angle_pred": 36.32960184624248}