{"centroid": [0.13677284195929704, 0.31384447216987593, 0.3628978765761442], "extents": [0.06784901101711059, 0.07088339328765875, 0.010236848264614351], "rotate_angle": -8.61, "rotate_angle_pred": -8.16647776342181}