{"centroid": [-0.07533504229791228, 0.4958893805742263, 0.5330568614809241], "extents": [0.08539788490349963, 0.078256756067276, 0.031194512039832034], "rotate_angle": 0.86, "rotate_angle_pred": 0.8695605850091539}