{"centroid": [0.08142454830096316, 0.4358134865760804, 0.292465066434664], "extents": [0.08386181438091124, 0.0882803201675415, 0.03559404299826424], "rotate_angle": 0.88, "rotate_angle_pred": 1.7575031989844803}