{"centroid": [0.02780866884539832, 0.5883640721440314, 0.5136395394305774], "extents": [0.13080694935877868, 0.11789907515048981, 0.05427865917297603], "rotate_angle": 18.57, "rotate_angle_pred": 15.938128848630129}