{"centroid": [0.2220592582807357, 0.43955248594284047, 0.49339162936208447], "extents": [0.17195674403071606, 0.17509043216705317, 0.08023954753422019], "rotate_angle": -24.35, "rotate_angle_pred": -25.636291832593486}