{"centroid": [0.08520632378536377, 0.42320344969630236, 0.32164141999784657], "extents": [0.08270042334019978, 0.08257778733968735, 0.037129178393554285], "rotate_angle": 16.32, "rotate_angle_pred": 18.371043982187643}