{"centroid": [-0.46327551497449954, 0.45801073312759394, 0.52159847607044], "extents": [0.18334441694741976, 0.20035147666931152, 0.08497909885284882], "rotate_angle": -35.65, "rotate_angle_pred": -39.57370605902707}