{"centroid": [0.08184031213821634, 0.42194912582635874, 0.3259854421133557], "extents": [0.08269845141252424, 0.08167333900928497, 0.03695309992994644], "rotate_angle": 18.8, "rotate_angle_pred": 20.838325542733386}