{"centroid": [-0.34365966606298093, 0.4139245115220546, 0.3867098657965984], "extents": [0.09290562411962949, 0.08417665213346481, 0.03883536093891615], "rotate_angle": -25.5, "rotate_angle_pred": -25.81071045040281}