{"centroid": [0.009793624807078178, 0.5493076965212821, 0.42219547928514617], "extents": [0.0921840285418855, 0.06806741654872894, 0.09390862186494559], "rotate_angle": -22.46, "rotate_angle_pred": -22.80799234077348}