{"centroid": [0.6419571534652014, 0.10204714536666859, 0.150214784392187], "extents": [0.1397084578953649, 0.04514655470848088, 0.12143863608770056], "rotate_angle": -33.61, "rotate_angle_pred": -30.613071424521728}