{"centroid": [-0.20810584002315818, 0.021686181426048144, 0.5547483602475225], "extents": [0.12175079279850518, 0.1300618201494217, 0.05861899181953878], "rotate_angle": 21.64, "rotate_angle_pred": 22.22747512621143}