{"centroid": [0.47437823845946964, 0.029910653829574432, 0.569271197811885], "extents": [0.1216323041505139, 0.13944379985332492, 0.056229097959051844], "rotate_angle": -18.6, "rotate_angle_pred": -17.70833239133914}