{"centroid": [-0.3599670007912176, 0.416283369064331, 0.40276899365581686], "extents": [0.09120585670927167, 0.0847302675247193, 0.038486748518196834], "rotate_angle": -37.84, "rotate_angle_pred": -37.31639231881828}