{"centroid": [0.0015240127794276517, 0.5351787023246287, 0.44780826058854417], "extents": [0.10469339054559305, 0.07075449079275126, 0.09665285061631013], "rotate_angle": 17.92, "rotate_angle_pred": 17.27989348886952}