{"centroid": [-0.2911442665224776, 0.02918360382318488, 0.548289184429814], "extents": [0.11725200925251275, 0.12506718933582306, 0.05023131238093215], "rotate_angle": -17.55, "rotate_angle_pred": -21.581941778921347}