{"centroid": [0.6839381147998578, 0.014397971332073128, 0.5043235101152244], "extents": [0.12694411263604932, 0.13235633075237277, 0.053500958983361324], "rotate_angle": 9.09, "rotate_angle_pred": 10.292379614468146}