{"centroid": [-0.37567553323536007, 0.41730106621980667, 0.4024022247223753], "extents": [0.09017352878168561, 0.0829935222864151, 0.036719572280893786], "rotate_angle": -42.84, "rotate_angle_pred": -41.108757915061084}