{"centroid": [0.012327357172366191, 0.5481053069233893, 0.42093487903539506], "extents": [0.09635997743580157, 0.07231773436069489, 0.09267506176476814], "rotate_angle": -36.0, "rotate_angle_pred": -38.00889029286692}