{"centroid": [-0.3311273830157385, 0.40950594842433924, 0.38677399470141305], "extents": [0.09299622308129685, 0.08360502123832703, 0.03798832675744879], "rotate_angle": -14.67, "rotate_angle_pred": -15.01488897787388}