{"centroid": [0.005398611363314269, 0.5374649316072463, 0.4463378963744831], "extents": [0.10528889551790507, 0.07051447033882141, 0.09765573825978074], "rotate_angle": 15.88, "rotate_angle_pred": 14.803572014949694}