{"centroid": [-0.34946851368730075, 0.4140168353915214, 0.3907056784423945], "extents": [0.09265775943627474, 0.08376441895961761, 0.03998090311710761], "rotate_angle": -25.3, "rotate_angle_pred": -25.73393454122963}