{"centroid": [-0.13969501666496675, -0.029114931821823176, 0.3592189160200802], "extents": [0.14702351672871378, 0.14651706814765933, 0.050135743833072954], "rotate_angle": -25.52, "rotate_angle_pred": -28.620092822169006}