{"centroid": [-0.07595106898757324, -0.042901903390884455, 0.29765466132417], "extents": [0.15592753726852956, 0.14472892880439758, 0.03485970163265639], "rotate_angle": -0.68, "rotate_angle_pred": -2.5181479186340283}