{"centroid": [-0.22761430416862208, -0.2395757138729097, 0.5006575849965795], "extents": [0.20077190971741243, 0.20139151811599737, 0.07733633990425887], "rotate_angle": 36.77, "rotate_angle_pred": 35.802088052578114}