{"centroid": [-0.11292796255346822, -0.03688637912273412, 0.3223482179703282], "extents": [0.17938515083396828, 0.16453078389167786, 0.04304472991582731], "rotate_angle": -19.17, "rotate_angle_pred": -21.90293748223948}