{"centroid": [0.08654284731438949, -0.05228786170482646, 0.6069871442230361], "extents": [0.3607347562199641, 0.35255932807922363, 0.06326981554251154], "rotate_angle": 19.38, "rotate_angle_pred": 23.836006836881168}