{"centroid": [0.22772255018973817, 0.022779639810323594, 0.5481099590085141], "extents": [0.08063561995969024, 0.04703631252050402, 0.09437547368490606], "rotate_angle": 1.2, "rotate_angle_pred": 0.9426439805228171}