{"centroid": [0.002528684199407245, 0.3032366186380386, 0.5136853170757903], "extents": [0.07420310218527187, 0.06829634308815002, 0.03340987789320393], "rotate_angle": -19.06, "rotate_angle_pred": -18.688067260995766}