{"centroid": [-0.4623047996868699, 0.029967017471790154, 0.5872944008531192], "extents": [0.15902901832317118, 0.14867906272411346, 0.04106980098362678], "rotate_angle": 19.89, "rotate_angle_pred": 18.805941547912198}