{"centroid": [0.014689197616174288, 0.2823453955352306, 0.32214304325006193], "extents": [0.0665767328717904, 0.06206610053777695, 0.03376785971662172], "rotate_angle": 3.77, "rotate_angle_pred": 1.1045856979390578}