{"centroid": [0.20126754268009703, 0.16606450825929622, 0.6683478025816468], "extents": [0.07794262531812537, 0.07805173099040988, 0.08109620279055185], "rotate_angle": 0.52, "rotate_angle_pred": 2.2734952366261325}