{"centroid": [-0.0066773231983654445, 0.02964039146900168, 0.40591345559482556], "extents": [0.3822152064195027, 0.37366414070129395, 0.030917879563274242], "rotate_angle": 16.6, "rotate_angle_pred": 17.675177396951838}