{"centroid": [0.20707284779316365, -0.12386185675859461, 0.40556203775137645], "extents": [0.06849769556058369, 0.14817382395267487, 0.1541064691587153], "rotate_angle": -40.65, "rotate_angle_pred": -35.06336575383543}