{"centroid": [-0.7351635747107944, 0.579041015356779, -0.043169650887405424], "extents": [0.11353075415226543, 0.0026176944375038147, 0.10224221566566316], "rotate_angle": 0.41, "rotate_angle_pred": -1.54546029195987}