{"centroid": [0.44540945718391856, 0.6623248532414436, 0.07602240546361907], "extents": [0.4032032993296104, 0.23201300203800213, 0.4050250258483984], "rotate_angle": -24.9, "rotate_angle_pred": -22.541693406943637}