{"centroid": [-0.48807613391199445, 0.36359801515936857, -0.29161951457859936], "extents": [0.26710867751918926, 0.06937485188245779, 0.2577526258812482], "rotate_angle": -1.39, "rotate_angle_pred": -2.264419153155856}