{"centroid": [-0.24608155395193843, 0.6506912410259247, -0.050834965082188086], "extents": [0.1823785615025954, 0.0011090636253358044, 0.15745766564321617], "rotate_angle": -29.33, "rotate_angle_pred": -29.48638737550347}