{"centroid": [-0.6003077179671118, 0.3891459070146084, -0.4017360060074661], "extents": [0.5730455627431934, 0.043398968875408395, 0.5747971644727279], "rotate_angle": 37.13, "rotate_angle_pred": 34.534957118955106}