{"centroid": [-0.4195631306813978, 0.5151362083852291, -0.4836367540227309], "extents": [0.32537568222096347, 0.10855918377637874, 0.3110641895110741], "rotate_angle": 19.93, "rotate_angle_pred": 18.772708205675826}