{"centroid": [0.6433673785560354, 0.5135423317551614, -0.37161141091069383], "extents": [0.4439884363661935, 0.08298631012439744, 0.45256664731831764], "rotate_angle": 22.97, "rotate_angle_pred": 21.055851078138133}