{"centroid": [0.020105524081748156, 0.40298856422305096, 0.46339206004918454], "extents": [0.07519716198808582, 0.06266548484563828, 0.04136951363670338], "rotate_angle": -3.39, "rotate_angle_pred": -4.015730129331416}