{"centroid": [0.003866239439574773, 0.9440904576331377, -0.2612147885793816], "extents": [0.1723254953480836, 0.04629177227616321, 0.18443350862385513], "rotate_angle": 9.21, "rotate_angle_pred": 7.522178681310038}