{"centroid": [-0.06623860461271863, 0.919830497354269, -0.12846004413443665], "extents": [0.1842357507687096, 0.05185507982969295, 0.16872744183442434], "rotate_angle": -34.13, "rotate_angle_pred": -34.73087129300182}