{"centroid": [0.2754551793199492, 0.4033485651016234, 0.5785197281412425], "extents": [0.10276867586764929, 0.0936433076858521, 0.004015754962045537], "rotate_angle": -30.35, "rotate_angle_pred": -32.87648445352726}