{"centroid": [-0.23106028802108042, 0.2554001100361346, 0.47154903040410395], "extents": [0.10937003017037247, 0.08683855086565018, 0.008682090765873562], "rotate_angle": -16.3, "rotate_angle_pred": -19.013551455298}