{"centroid": [-0.08814476392836168, 0.20006928220391262, 0.5022535436981905], "extents": [0.10225436041916695, 0.08280105143785477, 0.016144912611759155], "rotate_angle": 11.99, "rotate_angle_pred": 13.302895601516411}