{"centroid": [-0.007721718401099223, 0.45766224339604367, 0.5029616539862862], "extents": [0.10038843602839931, 0.07481912523508072, 0.04820281196047421], "rotate_angle": -22.57, "rotate_angle_pred": -22.533586489963994}