{"centroid": [-0.00522881319652955, -0.4980672970414162, 0.4191746351321554], "extents": [0.2206377354910627, 0.23615793883800512, 0.0665077408401974], "rotate_angle": 30.33, "rotate_angle_pred": 28.713490669143624}