{"centroid": [-0.5571323144403031, 0.441331498324871, 0.4744725673785583], "extents": [0.13202497532493024, 0.13648615777492534, 0.057038449482838705], "rotate_angle": 18.59, "rotate_angle_pred": 19.602479562036194}