{"centroid": [0.614065976375523, 0.4080371856689453, 0.1813892362524176], "extents": [0.061723685122534455, 0.3346424102783203, 0.35455145494376916], "rotate_angle": 17.34, "rotate_angle_pred": 16.899491867282094}