{"centroid": [-0.013955183152148418, 0.22050180658698076, 0.5109613702497136], "extents": [0.1028779830666763, 0.08582144230604175, 0.020586576534079026], "rotate_angle": 0.67, "rotate_angle_pred": 1.7226263753105542}