{"centroid": [-0.48685384533564413, -0.27553259581327444, 0.6002590583849682], "extents": [0.08304199504178905, 0.09229387342929843, 0.022805897320712032], "rotate_angle": -13.87, "rotate_angle_pred": -15.690143338745685}