{"centroid": [0.03438464242374679, 0.6610627993941306, 0.718806760728013], "extents": [0.15346020649146253, 0.14474038779735576, 0.09975318733534533], "rotate_angle": 0.61, "rotate_angle_pred": -1.0291152067175062}