{"centroid": [-0.03405825133882083, 0.6032155007123947, 0.4626402313344446], "extents": [0.21008167213299245, 0.19609245657920849, 0.07247837074999475], "rotate_angle": -38.2, "rotate_angle_pred": -38.1593986530561}