{"centroid": [0.22332911537617336, 0.369668748229742, 0.5088052256521503], "extents": [0.0970897389082662, 0.09950941056013107, 0.03963108784505254], "rotate_angle": -4.2, "rotate_angle_pred": -2.335334116372408}