{"centroid": [0.270610938284137, 0.40011111646890635, 0.5834021854424465], "extents": [0.10160248264338778, 0.09212346374988567, 0.0015748180887328322], "rotate_angle": -40.24, "rotate_angle_pred": -42.4166503766529}