{"centroid": [0.12338559933582946, 0.6023797132074832, 0.36522189923663556], "extents": [0.15767737046229113, 0.11969143897294998, 0.09285403972569795], "rotate_angle": -7.13, "rotate_angle_pred": -7.716003553457895}