{"centroid": [-0.12658802665643973, 0.23587638884782786, 0.5146600815006867], "extents": [0.09841536217470742, 0.08734975755214691, 0.014083944593084041], "rotate_angle": -19.67, "rotate_angle_pred": -21.791709582985078}