{"centroid": [0.058625636516641086, 0.3158238008618354, 0.511740169154213], "extents": [0.06509901539272467, 0.06359769403934479, 0.032408326645583796], "rotate_angle": 13.43, "rotate_angle_pred": 13.407954051000786}