{"centroid": [0.028828308194986017, 0.32560529559850687, 0.5101100478328652], "extents": [0.06289179758211969, 0.06721918284893036, 0.03329528939713183], "rotate_angle": -30.68, "rotate_angle_pred": -29.40444926732188}