{"centroid": [-0.004111963885846143, -0.5471372008323669, 0.394545385293513], "extents": [0.13991501955720906, 0.13959479331970215, 0.01679001379434325], "rotate_angle": 37.6, "rotate_angle_pred": 33.857301302116966}