{"centroid": [0.25661322227345806, 0.31097714602947224, 0.5945428871788774], "extents": [0.37322407555589077, 0.360709011554718, 0.12191250787904861], "rotate_angle": -3.33, "rotate_angle_pred": -4.169215242354483}