{"centroid": [-0.2554781013799126, 0.6330054253339767, -0.14257992828185556], "extents": [0.07743685092866939, 0.004373699426651001, 0.0742892636894405], "rotate_angle": 35.61, "rotate_angle_pred": 32.90872000717363}