{"centroid": [-0.003769310343648682, 0.3641047365963458, 0.5267095043938863], "extents": [0.05310990974003263, 0.04861722141504288, 0.020308427283564856], "rotate_angle": -24.97, "rotate_angle_pred": -25.76881036225943}