{"centroid": [-0.0015703470040171717, 0.36045706458389754, 0.5361567144007722], "extents": [0.058362704038450154, 0.05232274904847145, 0.02266886095683296], "rotate_angle": -13.09, "rotate_angle_pred": -13.02922423006126}