{"centroid": [0.050362849014782274, 0.36231771484017367, 0.48202586132896397], "extents": [0.06032421165229941, 0.05969090014696121, 0.03266226553265572], "rotate_angle": -17.38, "rotate_angle_pred": -15.91886153202421}