{"centroid": [-0.30357596737418807, 0.4366728141903876, 0.628994686493654], "extents": [0.24432749860588263, 0.24394930899143225, 0.05320014391645811], "rotate_angle": -33.81, "rotate_angle_pred": -35.09528649278738}