{"centroid": [0.04426508200351061, 0.36273369006812567, 0.47851927251931653], "extents": [0.062070210753317645, 0.060847457498311996, 0.031151528151355357], "rotate_angle": -34.82, "rotate_angle_pred": -34.2282707700868}