{"centroid": [0.059114955319739815, 0.3078643977642059, 0.5260383134349168], "extents": [0.06517623311067687, 0.06499356031417852, 0.02958550652255787], "rotate_angle": 42.04, "rotate_angle_pred": 40.82871881433937}