{"centroid": [0.33714293347147567, 0.3354513049125671, 0.3575790768705901], "extents": [0.11015409047318758, 0.07991480827331543, 0.06846756373800011], "rotate_angle": -34.44, "rotate_angle_pred": -34.358747874477075}