{"centroid": [0.07712128858307313, 0.34727214090526104, 0.4675089025511556], "extents": [0.058448937353245356, 0.05720421299338346, 0.037760578459646976], "rotate_angle": 1.85, "rotate_angle_pred": 2.020632527141842}