{"centroid": [0.5498408656103727, 0.37488047778606415, 0.23429688176253632], "extents": [0.20636448252008466, 0.1932467520236969, 0.051189392775051495], "rotate_angle": 22.12, "rotate_angle_pred": 21.322270013899768}