{"centroid": [0.04449324760383904, -0.1254631429910661, 0.7437713135125041], "extents": [0.17446535754406967, 0.1776164770126343, 0.11242400063808367], "rotate_angle": 31.65, "rotate_angle_pred": 30.647524865763202}