{"centroid": [0.00920812731924275, 0.43328326568007464, 0.5187539692960141], "extents": [0.0874717955769613, 0.08468281477689743, 0.035520947460371155], "rotate_angle": -20.06, "rotate_angle_pred": -19.100454596870946}