{"centroid": [0.4542560324757112, -0.322184205055237, 0.7765246053543071], "extents": [0.14885749319589575, 0.14529895782470706, 0.047175527876374246], "rotate_angle": -28.26, "rotate_angle_pred": -26.285682145679566}