{"centroid": [0.2509258212715028, 0.5578573346137999, 0.4504301346800014], "extents": [0.08165183722608718, 0.08112609386444103, 0.039355688082605256], "rotate_angle": 26.79, "rotate_angle_pred": 27.99349306166259}