{"centroid": [-0.18745891147842583, 0.4681652858853337, 0.8120751841159093], "extents": [0.1764850002119836, 0.16112793982028967, 0.1040639121477338], "rotate_angle": 21.96, "rotate_angle_pred": 20.29772676456146}