{"centroid": [0.24621079044922653, 0.5715491287410258, 0.425752569318838], "extents": [0.08278788551665747, 0.07880070060491562, 0.03927328402211727], "rotate_angle": -9.77, "rotate_angle_pred": -10.73096717535661}