{"centroid": [-0.313200440400014, -0.3699363432824612, 0.5756849069198802], "extents": [0.1049002232889899, 0.10667920857667923, 0.030477204504626654], "rotate_angle": -0.34, "rotate_angle_pred": -1.847009914069261}