{"centroid": [0.03334168705172228, 0.04391314089298233, 0.7609262000443319], "extents": [0.2930843800498196, 0.27330064773559576, 0.2190610744278989], "rotate_angle": 28.55, "rotate_angle_pred": 24.948235556330374}