{"centroid": [-0.08227865937166703, 0.7911670506000519, -0.3321684034769796], "extents": [0.09341714029845286, 0.10254842042922985, 0.059037031283437846], "rotate_angle": 34.53, "rotate_angle_pred": 31.653182828307393}