{"centroid": [-0.08959405769772698, 0.795298371464014, -0.35019150025693846], "extents": [0.09820181128048203, 0.10352475196123123, 0.06218603251265531], "rotate_angle": 2.5, "rotate_angle_pred": 0.10834213271174065}