{"centroid": [0.3589378366098766, -0.007296726107597478, 0.4517551716939405], "extents": [0.2584208871300319, 0.25751012563705444, 0.04215052765001037], "rotate_angle": -22.09, "rotate_angle_pred": -24.832164878685333}