{"centroid": [-0.358235181458514, 0.004097431898116927, 0.6300010446254839], "extents": [0.11041148639649984, 0.12228000164031982, 0.022470280299473733], "rotate_angle": -2.42, "rotate_angle_pred": -3.6018936582506313}