{"centroid": [-0.36076578584785557, -0.2603618353605272, 0.5292450251431702], "extents": [0.17665823350108428, 0.17603126168251043, 0.09136569782424164], "rotate_angle": 15.18, "rotate_angle_pred": 16.02667348082754}