{"centroid": [-0.1565329240998208, -0.042133502662181965, 0.723938022371747], "extents": [0.12676713178461815, 0.1398529261350632, 0.05389946830041581], "rotate_angle": -35.51, "rotate_angle_pred": -36.50965881000786}