{"centroid": [0.3243258097867254, 0.4905022680759429, 0.4705014812684069], "extents": [0.10012848836591387, 0.09256738424301136, 0.014777068286824568], "rotate_angle": 19.1, "rotate_angle_pred": 20.06725410037329}