{"centroid": [0.2232731654114592, 0.4812835156917571, 0.412936394499234], "extents": [0.11709219110580238, 0.12275665998458857, 0.006281740906207034], "rotate_angle": -30.98, "rotate_angle_pred": -32.46627411008747}