{"centroid": [0.02439082331332345, 0.0574876368045805, 0.7981352869633547], "extents": [0.2962197600391084, 0.2743794322013855, 0.050481303486627715], "rotate_angle": 3.7, "rotate_angle_pred": 1.2638764158601532}