{"centroid": [-0.2752156613977165, 0.11280643194913847, 0.6407322459733564], "extents": [0.10391262819703331, 0.10687924921512607, 0.024806603552973705], "rotate_angle": 29.34, "rotate_angle_pred": 26.218784886111962}