{"centroid": [0.40899153575751157, -0.35015288740396505, 0.5699294838830619], "extents": [0.1135323957476595, 0.12445847690105438, 0.028738860440069125], "rotate_angle": -7.41, "rotate_angle_pred": -4.482235321156125}