{"centroid": [-0.35971200373057205, -0.22965176403522503, 0.6116039347320685], "extents": [0.1596433826788447, 0.1529601514339447, 0.025165081157341396], "rotate_angle": 29.37, "rotate_angle_pred": 27.028292998727892}