{"centroid": [-0.033053429777704604, 0.6297608893364669, -0.3789043505925517], "extents": [0.04487194822157785, 0.05190926417708397, 0.026921277603080718], "rotate_angle": 23.79, "rotate_angle_pred": 22.979203296745496}