{"centroid": [0.3786203907937905, -0.25284473598003393, 0.6557037099834742], "extents": [0.1768624210294727, 0.17236676812171933, 0.037045896551391455], "rotate_angle": 16.27, "rotate_angle_pred": 17.952338240321552}