{"centroid": [0.35414443960278535, -0.02965708822011963, 0.6558254077998233], "extents": [0.11176308001675017, 0.11052902042865752, 0.016988928992041075], "rotate_angle": -5.68, "rotate_angle_pred": -3.337221745936077}