{"centroid": [0.05980665674373296, -0.09174706786870969, 0.7273593096682235], "extents": [0.15560794048146182, 0.18006797134876257, 0.12090283765527576], "rotate_angle": -31.73, "rotate_angle_pred": -31.839177151283444}