{"centroid": [0.36511394248376283, 0.07093982025980938, 0.625797912829178], "extents": [0.09253484922289612, 0.0924757719039917, 0.020491384338567564], "rotate_angle": 18.97, "rotate_angle_pred": 19.73025880799281}