{"centroid": [-0.3448997714055025, 0.1166138872504233, 0.6411795340920976], "extents": [0.10110068848571618, 0.11089643090963364, 0.02338391492078784], "rotate_angle": -14.7, "rotate_angle_pred": -15.77861044836692}