{"centroid": [-0.11242281625208202, -0.10804160684347171, 0.7911463822763145], "extents": [0.2431969206574062, 0.2404025048017502, 0.11368741146346373], "rotate_angle": 10.3, "rotate_angle_pred": 7.107355172630179}