{"centroid": [0.47020418504931005, -0.16077697277069097, 0.6995257826837666], "extents": [0.18201070916320022, 0.17553111910820013, 0.06271347366444568], "rotate_angle": 26.01, "rotate_angle_pred": 27.31326698912835}