{"centroid": [0.35901781172617864, 0.0609243363142012, 0.6463669188085976], "extents": [0.10068303141012935, 0.10303498059511185, 0.02292805304491896], "rotate_angle": -8.77, "rotate_angle_pred": -6.895877498479109}