{"centroid": [-0.03220698017110214, 0.6344586741179228, -0.3840741190885193], "extents": [0.049391824317792786, 0.05470171198248863, 0.029160201293126076], "rotate_angle": -1.25, "rotate_angle_pred": -2.7798043547899454}