{"centroid": [-0.04759931516031711, 0.7780981063842775, -0.3583082058035312], "extents": [0.09606142196072137, 0.10601353645324707, 0.054140760671668176], "rotate_angle": 22.15, "rotate_angle_pred": 20.032723683851884}