{"centroid": [-0.013596300338885118, 0.7271730676293374, -0.35765791647260814], "extents": [0.07584545186454403, 0.07519693672657013, 0.055558041984597184], "rotate_angle": -27.16, "rotate_angle_pred": -29.145236922597505}