{"centroid": [-0.018781421084077626, 0.7235681489109994, -0.36595945039057143], "extents": [0.07587183308898493, 0.07757116854190826, 0.05356078997115821], "rotate_angle": -38.31, "rotate_angle_pred": -38.660080261654635}