{"centroid": [-0.05622047158735978, 0.7830169312655927, -0.3813094932211055], "extents": [0.10496469350774591, 0.10314693301916122, 0.060611041760819884], "rotate_angle": -3.4, "rotate_angle_pred": -4.996795763997838}