{"centroid": [0.1130389027164096, 0.4665223918855189, 0.6926093932478524], "extents": [0.03727776481096162, 0.036109559237957, 0.006519917265572883], "rotate_angle": -34.56, "rotate_angle_pred": -39.33437168088267}