{"centroid": [-0.32906862431619555, 0.5174919962882996, 0.3088258577283139], "extents": [0.15497065940130544, 0.15018761157989508, 0.03445791049367142], "rotate_angle": -22.28, "rotate_angle_pred": -22.42291657909054}