{"centroid": [0.22456903713667326, -0.536115512251854, 0.6411579071578954], "extents": [0.22405606413217724, 0.22490575909614563, 0.051588710178659625], "rotate_angle": -4.05, "rotate_angle_pred": -3.1804421618473384}