{"centroid": [0.5810402135417275, 0.04172998666763289, 0.508625428891459], "extents": [0.16474493005274204, 0.16526083648204803, 0.029308608081734078], "rotate_angle": -28.35, "rotate_angle_pred": -27.366034630198413}