{"centroid": [0.5819649499643303, 0.04380168765783295, 0.49502433827769415], "extents": [0.16521630743690108, 0.16392876207828525, 0.029823537126114574], "rotate_angle": -22.88, "rotate_angle_pred": -22.195465675680737}