{"centroid": [0.6431934594766111, 0.023265071213245357, 0.4985084494024539], "extents": [0.18377957192703576, 0.18194864690303808, 0.04844711838171856], "rotate_angle": 24.17, "rotate_angle_pred": 25.75666735028345}