{"centroid": [0.2780556679850956, -0.4290673881769181, 0.47415444542065827], "extents": [0.13319681125005628, 0.1260283887386322, 0.02398146233619064], "rotate_angle": 37.65, "rotate_angle_pred": 40.10608157702197}