{"centroid": [0.6316288475084476, -0.02333711832761765, 0.5086893702111831], "extents": [0.15918892862248535, 0.15012080967426303, 0.032966770729272676], "rotate_angle": 35.24, "rotate_angle_pred": 36.73022082409541}