{"centroid": [0.324064980343968, -0.46024997159838676, 0.4267256335474209], "extents": [0.09663617351375697, 0.1044087186455726, 0.020100026782901403], "rotate_angle": -36.07, "rotate_angle_pred": -36.60988988626398}