{"centroid": [-0.12212211534309789, 0.15001791715621937, 0.421794286539878], "extents": [0.7888206990136939, 0.5395770072937013, 0.13807653154252164], "rotate_angle": 26.0, "rotate_angle_pred": 33.43113786995366}