{"centroid": [0.11422487412114529, -0.00415289402008065, 0.38188814833043694], "extents": [0.5354447225275951, 1.4196678400039673, 0.04577378436850871], "rotate_angle": 0.82, "rotate_angle_pred": -2.7268182315137466}