{"centroid": [-0.054751978994128855, 0.046644806861877344, 0.5418507564248783], "extents": [0.5671366936907263, 1.2014862298965454, 0.06748268619654418], "rotate_angle": 35.94, "rotate_angle_pred": 28.512574221374706}