{"centroid": [0.06373724303904689, 0.056130111217498765, 0.5054986419361], "extents": [0.6531008636244564, 1.2051119804382324, 0.05903980275372317], "rotate_angle": -42.25, "rotate_angle_pred": -41.0102169936548}