{"centroid": [-0.03469857079469805, 0.005855858325958155, 0.5118058254362753], "extents": [0.8527055605334226, 0.8892773389816284, 0.09065459905297485], "rotate_angle": -4.97, "rotate_angle_pred": -3.110077540902111}