{"centroid": [0.017328460482017097, -0.1676670014858246, 0.34371955940619936], "extents": [0.8497207311381112, 0.9607904553413391, 0.09555202887421599], "rotate_angle": -28.36, "rotate_angle_pred": -33.522211454570126}