{"centroid": [-0.4429135005043196, 0.07550252974033339, 0.5313836388276744], "extents": [0.5780001321601456, 0.628573536872864, 0.8937964499560196], "rotate_angle": 36.67, "rotate_angle_pred": 40.056906077800306}