{"centroid": [-0.15044796965921023, 0.11332201957702619, -0.8115761309478883], "extents": [2.358314554928876, 1.275970339775086, 0.125178026336768], "rotate_angle": 30.41, "rotate_angle_pred": -146.85363906190997}