{"centroid": [-0.05695633283917538, 0.02662509679794306, 0.34972563586334116], "extents": [0.7450247381719532, 1.4144785404205322, 0.08953498273557603], "rotate_angle": 25.76, "rotate_angle_pred": 25.096008919070627}