{"centroid": [0.0022961596431323797, -0.024080842733383276, 0.5355703194548975], "extents": [0.6927879970625792, 0.7442305088043213, 0.1867920139228959], "rotate_angle": -34.28, "rotate_angle_pred": -39.58931542268011}