{"centroid": [-0.12224728794798381, 0.08519545197486869, 0.3429384901776669], "extents": [0.7664607031506501, 1.0352171659469607, 0.6306741125950246], "rotate_angle": 18.72, "rotate_angle_pred": 16.4823693294463}