{"centroid": [0.008699502490791391, -0.055014938116073706, 0.48790593589076153], "extents": [0.740469226727462, 0.6688510775566101, 0.12436525681994265], "rotate_angle": -6.61, "rotate_angle_pred": -2.9119630678724917}