{"centroid": [-0.051534609017279985, -0.07397758960723884, 0.4202812476294952], "extents": [0.7058681749929534, 0.6814470291137695, 0.20557436068191515], "rotate_angle": -8.98, "rotate_angle_pred": -8.470827781165525}