{"centroid": [-0.066870837289067, 0.06015735864639274, 0.40466143615778305], "extents": [0.7356078560604807, 1.2077255249023438, 0.4321611485958161], "rotate_angle": -32.5, "rotate_angle_pred": -30.33525766864024}