{"centroid": [-0.009884733960480716, -0.1386831104755402, 0.3333412164129527], "extents": [1.0661975161498998, 0.7128986120224, 0.13072614391589132], "rotate_angle": 23.74, "rotate_angle_pred": 28.947553262221888}