{"centroid": [0.27941742443035067, -0.09661591053009036, 0.27750063229347005], "extents": [0.6691220429154926, 0.5624161958694458, 0.09813392201096235], "rotate_angle": -6.89, "rotate_angle_pred": -6.313265972625956}