{"centroid": [-0.06353986817606451, -0.14057409763336187, 0.332199854290966], "extents": [1.0350484802113065, 0.6738201379776002, 0.12703464868943176], "rotate_angle": -19.29, "rotate_angle_pred": -17.97497956210401}