{"centroid": [0.12873349318058802, -0.09419286251068118, 0.2520885301386846], "extents": [0.5250198245937938, 0.5763813257217407, 0.07245462389027682], "rotate_angle": 4.3, "rotate_angle_pred": 6.36655016811271}