{"centroid": [0.015269399262725789, -0.06683668494224554, 0.31429552937213845], "extents": [1.1487327821783433, 0.811256229877472, 0.06579586867917409], "rotate_angle": -34.46, "rotate_angle_pred": -40.83745225291521}