{"centroid": [0.024626172310806906, -0.12004938721656802, 0.25637293667088734], "extents": [0.5072156756297335, 0.5291391611099244, 0.08661360986395036], "rotate_angle": -37.78, "rotate_angle_pred": -39.566567330929594}