{"centroid": [-0.02505448829546475, -0.2151860892772675, 0.38848691968238114], "extents": [1.0823391435817036, 0.6965338587760925, 0.11234199751516538], "rotate_angle": 3.85, "rotate_angle_pred": 8.458922919434343}