{"centroid": [-0.2242572192224162, -0.14527767896652222, 0.271354910716121], "extents": [0.6927946246273023, 0.5859612822532654, 0.060268249679062524], "rotate_angle": -12.95, "rotate_angle_pred": -14.548303386938386}