{"centroid": [-0.045736347739870876, 0.08416420221328734, 0.20722303281551863], "extents": [0.6670636126983973, 1.209983229637146, 0.6646020600089637], "rotate_angle": -15.78, "rotate_angle_pred": -8.861764201578495}