{"centroid": [-0.03214354772832051, -0.06583881378173835, 0.3759351161212401], "extents": [0.7185270870826677, 1.179643988609314, 0.0696239479627444], "rotate_angle": 5.74, "rotate_angle_pred": 4.9565853697263265}