{"centroid": [-0.09695453964149073, 0.014318525791168137, 0.32834810327215114], "extents": [0.32263701727101307, 0.5821331739425659, 0.4917000765089648], "rotate_angle": 40.71, "rotate_angle_pred": 30.306365231130613}