{"centroid": [-0.029621469501261162, -0.15439108014106756, 0.4384741251837956], "extents": [0.7297522893579229, 0.7927350401878357, 0.15195639164694802], "rotate_angle": -3.05, "rotate_angle_pred": -4.625235946094804}