{"centroid": [-0.04246308350458916, -0.15162536501884466, 0.4275067133938243], "extents": [0.8710555939392646, 0.7547722458839417, 0.15690775051917544], "rotate_angle": -29.04, "rotate_angle_pred": -34.13280037761929}