{"centroid": [-0.15331065346817574, -0.04417544603347783, 0.3161694496818793], "extents": [0.25334572600466343, 0.5964129567146301, 0.3689986439456776], "rotate_angle": -5.63, "rotate_angle_pred": -14.826323736937738}