{"centroid": [0.2551801535857326, -0.08415430784225471, 0.2774080079046717], "extents": [0.5223102523838778, 0.7037466168403625, 0.30341580244423205], "rotate_angle": 1.54, "rotate_angle_pred": -2.9834624565310293}