{"centroid": [-0.05036458892221177, -0.11504632234573375, 0.4921831910219318], "extents": [0.6702566171716762, 0.8233577013015745, 0.12128904506858312], "rotate_angle": -1.81, "rotate_angle_pred": 0.1998529002324716}