{"centroid": [-0.21196066468157387, 0.11640672385692585, 0.4733864254412163], "extents": [0.5062297033769825, 0.7311429381370547, 0.8344096023140614], "rotate_angle": 40.37, "rotate_angle_pred": 39.378383071393046}