{"centroid": [-0.0155290730978652, 0.014459311962127658, 0.33104971378093007], "extents": [0.6746836833387955, 1.454175472259522, 0.08688551100816866], "rotate_angle": -39.93, "rotate_angle_pred": -35.753582171397525}