{"centroid": [-0.29546968482793, 0.054483920335769515, 0.5800364290333813], "extents": [0.5967284437829281, 0.5737749934196474, 0.7874398823376301], "rotate_angle": 18.13, "rotate_angle_pred": 17.320053283561748}