{"centroid": [-0.0054386366081442886, 0.05761492252349844, 0.4613627383520697], "extents": [0.7777940016837732, 0.9647902846336365, 0.09116449930994425], "rotate_angle": -16.13, "rotate_angle_pred": -10.855090274952985}