{"centroid": [0.0241577998143339, 0.06275519728660572, 0.4766600139396683], "extents": [0.7796201856460039, 0.8399272561073303, 0.099727632540755], "rotate_angle": -24.14, "rotate_angle_pred": -20.03463317960282}