{"centroid": [-0.08334783576339809, 0.013796389102935763, 0.23995565862633306], "extents": [0.7546811029703563, 1.547888159751892, 0.13005760184350842], "rotate_angle": 19.37, "rotate_angle_pred": 15.952415503205899}