{"centroid": [0.09187172866054275, 0.012984037399291867, 0.4873069437810127], "extents": [0.7834154965519138, 0.8211248517036439, 0.0972546041263298], "rotate_angle": -29.41, "rotate_angle_pred": -32.92693017394767}