{"centroid": [-0.038532248195153766, -0.00506776571273812, 0.5380739457437349], "extents": [0.6275297446064326, 1.0168534517288208, 0.10440656613868915], "rotate_angle": -23.12, "rotate_angle_pred": -22.351552859931104}