{"centroid": [0.06050241461608979, -0.050337284803390586, 0.42247284014100217], "extents": [0.6855853712562963, 0.5044609308242798, 0.12645731712449138], "rotate_angle": 2.11, "rotate_angle_pred": 11.740406415613378}