{"centroid": [0.008887897808449424, 0.006971627473831114, 0.4792472505537978], "extents": [0.8677435566440062, 0.78989714384079, 0.11719141966889607], "rotate_angle": 23.57, "rotate_angle_pred": 32.21028212658861}