{"centroid": [-0.09971376787472254, -0.2385517656803131, 0.2871537976706805], "extents": [0.5906117529577104, 0.5171738266944886, 0.11581191363881363], "rotate_angle": 15.99, "rotate_angle_pred": 26.166025522415865}