{"centroid": [-0.04529519891933019, -0.13755032420158395, 0.43285412860064404], "extents": [0.6296990475962225, 0.5267286896705629, 0.1778263587994705], "rotate_angle": 18.32, "rotate_angle_pred": 30.082972746393267}