{"centroid": [0.06557638762187873, -0.004522591829300031, 0.37335300781793523], "extents": [0.7043585009621213, 0.5266546607017517, 0.13102338888891119], "rotate_angle": -3.02, "rotate_angle_pred": 4.3810844599295535}