{"centroid": [-0.056146206110068604, -0.24658966064453128, 0.37355597688856146], "extents": [0.6205124902832587, 0.5272675752639772, 0.14186808576176335], "rotate_angle": 41.19, "rotate_angle_pred": 48.24690839022526}