{"centroid": [-0.07098703701491069, -0.14090827107429513, 0.4280828748757526], "extents": [0.6063719482127163, 0.4761592149734498, 0.15697013075470334], "rotate_angle": 25.21, "rotate_angle_pred": 36.86548056256916}