{"centroid": [-0.09511345778102037, -0.06342253088951118, 0.4211716730932999], "extents": [0.6610177023317664, 0.6379797458648682, 0.1726193839561258], "rotate_angle": -34.79, "rotate_angle_pred": -32.813735658603726}