{"centroid": [0.011258005230416354, 0.6616596281528472, 0.3226679571922326], "extents": [0.7220191239211979, 0.5143558382987976, 0.10586048486270244], "rotate_angle": 17.4, "rotate_angle_pred": 14.50812443570507}