{"centroid": [-0.302708222797855, -0.021436035633087186, 0.2891578719528471], "extents": [0.46365075494443, 1.4081771373748784, 0.10951538192863852], "rotate_angle": -10.65, "rotate_angle_pred": -16.73352404124988}