{"centroid": [-0.18188388788061227, 0.06311494112014768, 0.20564678003657247], "extents": [0.4035100264559882, 1.765647053718567, 0.1100387552439433], "rotate_angle": 31.13, "rotate_angle_pred": 20.934626878667757}