{"centroid": [0.04336306301525016, 0.5771692395210265, 0.3144039925001852], "extents": [0.7728585219756227, 0.5053018331527711, 0.08714117352135176], "rotate_angle": -11.01, "rotate_angle_pred": -14.351270547103056}