{"centroid": [0.22465447626372617, 0.02254694700241089, 0.1683907113965229], "extents": [0.5544134415438564, 1.6578354835510254, 0.11794388372943802], "rotate_angle": -23.43, "rotate_angle_pred": -23.039708346537907}