{"centroid": [0.20662446189545394, 0.01595139503479004, 0.12033934897698473], "extents": [0.5555665399171665, 1.6888720989227295, 0.1242263892171735], "rotate_angle": -27.49, "rotate_angle_pred": -26.744167431997134}