{"centroid": [-0.05899596293485694, -0.13176661729812622, 0.2910028886128177], "extents": [0.6903877410118704, 1.254827618598938, 0.09861570813553286], "rotate_angle": -33.56, "rotate_angle_pred": -25.70074931662515}