{"centroid": [-0.06465566206708921, 0.0843263864517211, 0.41577931463083734], "extents": [0.8150722748399681, 1.381908655166626, 0.09350040288749084], "rotate_angle": 7.43, "rotate_angle_pred": 9.583686128686665}