{"centroid": [-0.06072123584572441, -0.07442867755889904, 0.21262811655080557], "extents": [0.5480490776675242, 1.3472429513931279, 0.0743313486409522], "rotate_angle": 3.59, "rotate_angle_pred": 1.6045640045831107}