{"centroid": [-0.23205895313824054, -0.05459499359130861, 0.20997915835128372], "extents": [0.48245209293038066, 1.416405439376831, 0.07907890501812936], "rotate_angle": 8.61, "rotate_angle_pred": 3.3737648022839437}