{"centroid": [0.13962318354371142, 0.0673994868993758, 0.4483273942199783], "extents": [0.5881697561226895, 0.6239210963249209, 1.0154446407839643], "rotate_angle": -19.0, "rotate_angle_pred": -18.543141290316726}