{"centroid": [0.006257012653699975, -0.03840214014053349, 0.2245214187677167], "extents": [0.5315352705695178, 1.4576764106750488, 0.19704024595252223], "rotate_angle": 0.59, "rotate_angle_pred": -0.2867326701169475}