{"centroid": [-0.261606393369181, -0.0037366747856140137, 0.34955419632238005], "extents": [0.4703485857220554, 1.4987481832504272, 0.1040325736841326], "rotate_angle": -33.67, "rotate_angle_pred": -34.50230171250308}