{"centroid": [-0.00500672398681104, -0.12018150091171266, 0.3255832256143364], "extents": [0.6312425867929121, 1.3108923435211182, 0.06190118326321087], "rotate_angle": -28.43, "rotate_angle_pred": -24.363656529995666}