{"centroid": [-0.2540496522861905, 0.010619223117828328, 0.28155936203124193], "extents": [0.480314145488013, 1.458187222480774, 0.08746265055874672], "rotate_angle": 0.36, "rotate_angle_pred": -4.5264213612368565}