{"centroid": [0.2895205759343194, 0.005434334278106662, 0.2761043365787351], "extents": [0.5745153551471994, 1.3268523216247559, 0.04605784366874771], "rotate_angle": 12.65, "rotate_angle_pred": 5.426443927617456}