{"centroid": [0.003563493293504194, 0.013478636741638184, 0.15143142136250812], "extents": [0.7616612751358285, 1.5356253385543823, 0.14636897733555784], "rotate_angle": -37.48, "rotate_angle_pred": -33.33245195857407}