{"centroid": [0.24676400404963045, 0.02793282270431517, 0.25324610632817945], "extents": [0.4836878148639711, 1.6366485357284546, 0.08280482088614033], "rotate_angle": 36.11, "rotate_angle_pred": 24.618382399441842}