{"centroid": [0.002375201144785191, 0.6406141221523284, 0.33489886677442426], "extents": [0.767419021854381, 0.5181389451026918, 0.11388560857273677], "rotate_angle": 13.91, "rotate_angle_pred": 12.049818845230746}