{"centroid": [0.011586237255388106, -0.2162787914276123, 0.2826170255282954], "extents": [0.6566817076160418, 1.1943248510360718, 0.07749982074048409], "rotate_angle": 30.93, "rotate_angle_pred": 25.753794225315403}