{"centroid": [-0.09522127773092261, 0.12140178680419911, 0.47196614121116753], "extents": [0.8422801053969562, 1.262686252593994, 0.0660281491542199], "rotate_angle": 4.44, "rotate_angle_pred": 6.6702479471888125}