{"centroid": [-0.06446625333475929, 0.06056019663810722, 0.4240727492486839], "extents": [1.0200864998984758, 1.0367289781570437, 0.1322077626795462], "rotate_angle": 22.26, "rotate_angle_pred": 21.64801821863746}