{"centroid": [-0.12466845059403693, -0.0994785726070404, 0.2752935282085167], "extents": [0.5432528232630291, 0.8825765252113342, 0.048756982909131885], "rotate_angle": -23.41, "rotate_angle_pred": -26.558071522380423}