{"centroid": [-0.34497182602224924, -0.1421126127243042, 0.24295210142742638], "extents": [0.5284105614065253, 1.0847729444503784, 0.0505383468862412], "rotate_angle": -34.71, "rotate_angle_pred": -33.75378317559541}