{"centroid": [0.010397670753015308, -0.05039328336715698, 0.339964325101516], "extents": [0.6255173543879158, 1.4079867601394653, 0.07633299955624095], "rotate_angle": -42.59, "rotate_angle_pred": -38.42449330865825}