{"centroid": [-0.019529520224229602, -0.003741443157196045, 0.40415949664556106], "extents": [0.9342110171212568, 1.1278266906738281, 0.11290161328787052], "rotate_angle": -34.3, "rotate_angle_pred": -34.64790775661086}