{"centroid": [-0.004744781231640877, -0.4617381989955902, 0.2494059438391457], "extents": [0.6525552810125144, 0.7992647290229798, 0.080276890866821], "rotate_angle": -40.52, "rotate_angle_pred": -32.59812818569919}