{"centroid": [-0.07254551835463185, 0.4592836946249008, 0.30546074771572035], "extents": [0.5665405508942946, 1.154069423675537, 0.08491958852086734], "rotate_angle": -18.35, "rotate_angle_pred": -21.459568227684272}