{"centroid": [-0.23734220940038225, -0.015185505151748754, 0.48687309882733076], "extents": [0.6546572360482751, 0.7515363097190859, 0.7001282480408898], "rotate_angle": 42.45, "rotate_angle_pred": 42.54251017661653}