{"centroid": [-0.014895712574001858, 0.6342091262340545, 0.2635927389154269], "extents": [0.6389072659904147, 0.6429572105407716, 0.06569057083892513], "rotate_angle": 18.7, "rotate_angle_pred": 16.928998401664302}