{"centroid": [-0.020944576353351868, -0.016056895256042508, 0.27851613014762205], "extents": [0.7059603034436281, 1.5751917362213135, 0.13968635503828025], "rotate_angle": 42.23, "rotate_angle_pred": 33.29390385962344}