{"centroid": [-0.05805760864781424, -0.207866370677948, 0.2809279947880708], "extents": [0.7035364432836411, 1.1481279134750366, 0.09260627527607446], "rotate_angle": -9.72, "rotate_angle_pred": -8.129747493922679}