{"centroid": [-0.07665352699096882, 0.01432031393051146, 0.22365834391786454], "extents": [0.7022201368910855, 1.6519066095352173, 0.12492923349656898], "rotate_angle": 10.59, "rotate_angle_pred": 8.979685786115496}