{"centroid": [0.012372992741088391, 0.6419470012187958, 0.30189210693320784], "extents": [0.6832728332798716, 0.5162090063095094, 0.10478143312522603], "rotate_angle": 40.9, "rotate_angle_pred": 31.65068062957431}