{"centroid": [-0.044300232670273776, -0.2913393974304199, 0.30100981572561375], "extents": [0.6661881396837065, 1.0020698308944702, 0.06744921398193893], "rotate_angle": 3.31, "rotate_angle_pred": 1.8099674859755055}