{"centroid": [-0.06999134909703314, 0.11765652894973745, 0.4558437484740618], "extents": [0.8621062867667001, 1.2237112522125244, 0.06972254999773797], "rotate_angle": 9.91, "rotate_angle_pred": 11.608573621605643}