{"centroid": [-0.05072595932056287, -0.24768540263175964, 0.3246876242988911], "extents": [0.8167899387850932, 0.8914313912391663, 0.08532339477461487], "rotate_angle": 7.76, "rotate_angle_pred": 6.390136846836043}