{"centroid": [-0.06266249382722545, 0.6002099514007567, 0.36649650809432704], "extents": [0.7257334623905107, 0.5926586985588075, 0.08382266799081367], "rotate_angle": 18.87, "rotate_angle_pred": 21.59795904458423}