{"centroid": [-0.03275911449560437, 0.03981846570968617, 0.5355769335300936], "extents": [1.3370367500678126, 1.1564164161682131, 0.02604403015560619], "rotate_angle": 20.1, "rotate_angle_pred": 26.477254114106515}