{"centroid": [-0.06290970272597707, -0.034908831119537465, 0.36319899131727396], "extents": [0.9957197842978982, 1.0952744483947752, 0.10075360474236472], "rotate_angle": 6.03, "rotate_angle_pred": 3.668365171321682}