{"centroid": [0.0068023552024484915, 0.10486817359924315, 0.41063054324137627], "extents": [0.9565758774874953, 1.2947022914886475, 0.12321829885665464], "rotate_angle": -31.82, "rotate_angle_pred": -34.486161152365945}