{"centroid": [-0.04700956287030491, 0.002422749996185289, 0.18597266191093156], "extents": [0.6196712671225475, 1.6879668235778809, 0.21041988714241683], "rotate_angle": 9.5, "rotate_angle_pred": 3.4626916630085276}