{"centroid": [0.0456548789395451, 0.07542720437049856, 0.51300640129557], "extents": [0.6825606400037241, 0.598376512527466, 0.7838739355535023], "rotate_angle": -25.18, "rotate_angle_pred": -25.753421563909242}