{"centroid": [-0.13602076708692312, -0.013368934392929181, 0.4588557646817179], "extents": [0.7820623979683463, 0.6737471222877504, 0.4517777187056715], "rotate_angle": -9.01, "rotate_angle_pred": -10.543270330994133}