{"centroid": [-0.0613552423310316, 0.085371434688568, 0.44000199908582915], "extents": [0.8583557127913508, 1.3784509897232053, 0.10328920327820462], "rotate_angle": 16.08, "rotate_angle_pred": 13.008032612790018}