{"centroid": [-0.24857522353236114, 0.43854713439941395, -1.1835447942183308], "extents": [2.9607780813471525, 1.682185888290406, 0.11738603147622029], "rotate_angle": 42.92, "rotate_angle_pred": -141.73701021124674}