{"centroid": [-0.05827367479331251, 0.12195539474487295, 0.4690652378693796], "extents": [0.834919161782055, 1.1949946880340576, 0.09713344358994536], "rotate_angle": -6.25, "rotate_angle_pred": -2.834287505957363}