{"centroid": [-0.021795153912891302, 0.11220830678939818, 0.39833838057392096], "extents": [0.9055267074196973, 1.3733294010162354, 0.11776557691978967], "rotate_angle": -34.53, "rotate_angle_pred": -33.62159136234552}