{"centroid": [-0.03842998640011223, 0.09717625379562368, 0.4610428666778269], "extents": [0.8683012583166464, 1.209018588066101, 0.07407913981991288], "rotate_angle": -12.56, "rotate_angle_pred": -11.559053212306651}