{"centroid": [0.015490771834580787, -0.09536886215209968, 0.37528604013237477], "extents": [0.9475927271464573, 0.914806604385376, 0.07914706996605886], "rotate_angle": -18.96, "rotate_angle_pred": -25.1569160535837}