{"centroid": [0.03635165501046167, 0.014306753873824976, 0.5042523807467361], "extents": [0.7718458603873496, 0.8651216626167297, 0.08746288526611568], "rotate_angle": -11.97, "rotate_angle_pred": -11.388121893037791}