{"centroid": [-0.06704651954542598, 0.041499078273773166, 0.3956246159177441], "extents": [0.9349975495985896, 1.1898154020309448, 0.10572111504888765], "rotate_angle": 38.05, "rotate_angle_pred": 32.19477253961743}