{"centroid": [-0.01992342875901011, 0.09875071048736571, 0.47521329572498955], "extents": [0.7677166548193923, 1.265984296798706, 0.10141129905667451], "rotate_angle": -43.47, "rotate_angle_pred": -39.04728971450631}