{"centroid": [-0.018791070760146467, 0.10611754655838011, 0.4035159304566219], "extents": [0.9506677195712934, 1.3446464538574219, 0.1243670557466392], "rotate_angle": -32.43, "rotate_angle_pred": -32.847196552430994}