{"centroid": [0.005051094453500278, -0.011825174093246571, 0.4338129800704734], "extents": [0.8531026213020425, 0.8876106739044192, 0.08333428173637902], "rotate_angle": 10.0, "rotate_angle_pred": 8.756541305215308}