{"centroid": [-0.07577737164460967, 0.09906393289566029, 0.46858682693723375], "extents": [1.0681144098103599, 0.9658097624778748, 0.08342000919416748], "rotate_angle": -8.42, "rotate_angle_pred": -6.619125567500518}