{"centroid": [-0.05702685366068527, 0.0804978609085082, 0.48146767774873234], "extents": [0.8433710863325937, 1.3154207468032837, 0.11425350512416005], "rotate_angle": 20.53, "rotate_angle_pred": 18.701568903190037}