{"centroid": [-0.06733365727862481, 0.022119998931884738, 0.4283438974451186], "extents": [0.9242857895956276, 1.1418277025222778, 0.12736470453422888], "rotate_angle": 44.86, "rotate_angle_pred": 35.394289977724455}