{"centroid": [-0.05705030903639283, 0.10597658157348622, 0.45072418577524354], "extents": [0.8696119686755667, 1.2848501205444334, 0.08126974013731963], "rotate_angle": -3.8, "rotate_angle_pred": -1.9806864027192859}