{"centroid": [0.0237557283750907, 0.0669009089469909, 0.4059419209382812], "extents": [1.162536614783389, 0.9025258421897892, 0.10016871934400884], "rotate_angle": 18.37, "rotate_angle_pred": 15.517665994645725}