{"centroid": [-0.03409339098450185, 0.03980308771133412, 0.44554702564770876], "extents": [0.7703756534351627, 1.3696982860565183, 0.09334654917437601], "rotate_angle": 22.69, "rotate_angle_pred": 10.85606412144547}