{"centroid": [0.09409696379041173, 0.19185149669647208, 0.4780093284970211], "extents": [1.4779457229435646, 1.2564115524291994, 0.08039932157260721], "rotate_angle": 25.29, "rotate_angle_pred": 23.706290787234977}