{"centroid": [-0.039592368238316925, 0.03140187263488767, 0.41013585169657657], "extents": [0.8887858901359661, 1.284605860710144, 0.13489886988576494], "rotate_angle": 42.92, "rotate_angle_pred": 32.79773878769379}