{"centroid": [-0.03507171844945183, 0.11906319856643667, 0.48888301040284216], "extents": [0.756270014368437, 1.2031195163726807, 0.06583102247395406], "rotate_angle": -12.61, "rotate_angle_pred": -9.392882968562503}