{"centroid": [-0.19644849009971585, -0.11643147468566899, 0.1928707809064304], "extents": [0.5340412844527267, 0.6717085838317871, 0.05961758259002983], "rotate_angle": 21.92, "rotate_angle_pred": 18.313213242993115}