{"centroid": [-0.17742206100634744, -0.020774364471435575, 0.08758684107944079], "extents": [0.40059322479347326, 0.6010017395019531, 0.05208339961561657], "rotate_angle": 31.16, "rotate_angle_pred": 17.217609821895607}