{"centroid": [-0.18237439857985588, 0.06427118182182312, 0.14094510261565948], "extents": [0.4348679219361637, 0.561770498752594, 0.0701370989871774], "rotate_angle": -12.76, "rotate_angle_pred": -11.476140818509549}