{"centroid": [-0.11338090188064986, -0.2042292058467865, 0.11402601484714575], "extents": [0.3763753170269143, 0.6405466198921204, 0.08737380789941573], "rotate_angle": 20.12, "rotate_angle_pred": 15.929102204963442}