{"centroid": [-0.12286137423448953, -0.17341306805610657, 0.14615788464001855], "extents": [0.4275668304827818, 0.6511687636375427, 0.08528992616252391], "rotate_angle": 26.28, "rotate_angle_pred": 24.06300899528435}