{"centroid": [-0.06255386723207833, -0.010700047016143847, 0.13439805612578307], "extents": [0.3254956042601004, 0.5479557514190674, 0.07984575716556158], "rotate_angle": -7.75, "rotate_angle_pred": -10.717943118134386}