{"centroid": [-0.0444498236467738, -0.24732577800750735, 0.43522965411914805], "extents": [0.9606219976723438, 0.7876389026641847, 0.08655285700629706], "rotate_angle": 36.46, "rotate_angle_pred": 38.93562499554497}