{"centroid": [0.11317037630901419, -0.1469988226890564, 0.0876777002952387], "extents": [0.16301281692700673, 0.6768648624420166, 0.16694146335842322], "rotate_angle": -2.51, "rotate_angle_pred": -5.470631837157313}