{"centroid": [0.10399544117064495, 0.04994991421699518, 0.4156756234969601], "extents": [1.152116538775515, 0.8550913929939272, 0.17238463486556937], "rotate_angle": 33.3, "rotate_angle_pred": 42.94163115301896}