{"centroid": [-0.4367707635372667, -0.03250479698181152, 0.20643611059047873], "extents": [0.6413300681695978, 0.9349172711372375, 0.09565235746367878], "rotate_angle": -6.96, "rotate_angle_pred": -14.912590151989946}