{"centroid": [-0.2838024404252503, -0.08731383085250856, 0.1222346195474105], "extents": [0.13964443346718433, 0.595363438129425, 0.472276940852255], "rotate_angle": 32.06, "rotate_angle_pred": 31.96559875884438}