{"centroid": [-0.06045834286568477, -0.16923448443412784, 0.413913281635063], "extents": [0.9226204314200477, 0.6960304379463197, 0.10867755300348775], "rotate_angle": 19.92, "rotate_angle_pred": 26.25098805967444}