{"centroid": [-0.291785249871336, -0.11570248007774349, 0.16494154767895042], "extents": [0.5104156020949049, 0.8013678193092345, 0.051738052388851624], "rotate_angle": 11.45, "rotate_angle_pred": 8.22401056167321}