{"centroid": [0.21535837563047291, -0.140489399433136, 0.12574726745935347], "extents": [0.40023487896339255, 0.5960747003555298, 0.03836359092281119], "rotate_angle": 25.7, "rotate_angle_pred": 21.251821983362348}