{"centroid": [0.38054444430426754, 0.011119484901428209, 0.24963970874492064], "extents": [0.6586687457541105, 0.7631574273109437, 0.061128633963567214], "rotate_angle": 42.41, "rotate_angle_pred": 38.69618900240039}