{"centroid": [-0.31212653835874293, -0.08594197034835824, 0.1809814389924574], "extents": [0.5891621809544119, 0.7788663506507874, 0.06305383253553615], "rotate_angle": 29.91, "rotate_angle_pred": 26.702272538123978}