{"centroid": [0.10877556091457258, -0.03139987587928778, 0.2332534252737288], "extents": [0.42684864289731017, 0.5008049607276917, 0.05751487144779349], "rotate_angle": -6.05, "rotate_angle_pred": -10.576329098510541}