{"centroid": [-0.10248122556156002, -0.02741166949272159, 0.2321721055949119], "extents": [0.4822924223914421, 0.5044041275978088, 0.07568003373450069], "rotate_angle": -37.38, "rotate_angle_pred": -35.63179264491911}