{"centroid": [-0.21272608654505748, -0.2141801416873932, 0.14580253362411436], "extents": [0.4138501403505015, 0.7039011120796205, 0.12242843556811046], "rotate_angle": 22.33, "rotate_angle_pred": 18.927054642062117}