{"centroid": [-0.09216436794789067, -0.2359243929386139, 0.24984176553245188], "extents": [0.41162787608910656, 0.576497256755829, 0.16173332434920032], "rotate_angle": -35.65, "rotate_angle_pred": -36.65311443093945}