{"centroid": [-0.00013926206914827155, 0.11210966110229485, 0.47409728297660264], "extents": [0.7868512113563748, 1.1330257654190063, 0.04925238241398616], "rotate_angle": 41.42, "rotate_angle_pred": 31.316831278387028}