{"centroid": [-0.4031509429048081, -0.11801531910896301, 0.29559787668080983], "extents": [0.6530222289091087, 0.763487696647644, 0.06196894861973806], "rotate_angle": -31.18, "rotate_angle_pred": -30.95130196405161}