{"centroid": [0.028210598706853444, 0.011345207691192613, 0.23037430368568995], "extents": [0.42276967609824834, 0.6205226182937622, 0.04082029785603292], "rotate_angle": 26.19, "rotate_angle_pred": 28.07223472107958}