{"centroid": [-0.08854747322212067, 0.5350843071937561, 0.2299009023408899], "extents": [0.4840391343880461, 0.6585275530815125, 0.03483992117186649], "rotate_angle": -43.92, "rotate_angle_pred": -44.93402906689622}