{"centroid": [-0.1555903757146811, 0.37427930533885956, 0.2672232052714315], "extents": [0.4271228296267673, 0.8705512881278992, 0.027649402507206156], "rotate_angle": -43.78, "rotate_angle_pred": -45.63916253516461}