{"centroid": [0.17126567258491932, -0.07428100705146791, 0.3583192399410424], "extents": [0.5909158105034878, 0.7101365923881532, 0.06385365251299696], "rotate_angle": 23.67, "rotate_angle_pred": 30.506794097659494}