{"centroid": [-0.2149145498057542, -0.300589919090271, 0.1621675795013479], "extents": [0.4835474564035023, 0.9493813514709474, 0.060435020344817486], "rotate_angle": 23.29, "rotate_angle_pred": 9.866936312032905}