{"centroid": [0.1338907007666642, -0.38631001114845276, 0.2338575070019344], "extents": [0.5696028952107455, 0.8509330153465272, 0.045930854049404335], "rotate_angle": -30.36, "rotate_angle_pred": -24.482193353398984}