{"centroid": [-0.35737054296020215, -0.08585464954376226, 0.2773644698493078], "extents": [0.6349402048301585, 0.8117365837097168, 0.06493584789449852], "rotate_angle": 36.23, "rotate_angle_pred": 33.095101920795045}