{"centroid": [-0.006682180619795086, -0.24167469143867493, 0.19613847134362397], "extents": [1.5152965393055142, 0.6833868622779847, 0.04532623546581821], "rotate_angle": 12.77, "rotate_angle_pred": 13.139159884910484}