{"centroid": [-0.012582980476975411, -0.24276697635650635, 0.12118369270784288], "extents": [1.4998283517849016, 0.7247681617736819, 0.07514944738532497], "rotate_angle": -29.48, "rotate_angle_pred": -32.09637249408951}