{"centroid": [-0.39064598023009145, -0.09665730595588684, 0.24325448210755957], "extents": [0.6282997117561967, 0.865078866481781, 0.05600977304209606], "rotate_angle": 8.31, "rotate_angle_pred": 4.707773992234735}