{"centroid": [-0.044558485687247074, -0.29900452494621277, 0.214365780487806], "extents": [1.3202032243790112, 0.7499918341636659, 0.08036026597807017], "rotate_angle": -12.16, "rotate_angle_pred": -6.940442893807912}