{"centroid": [0.31887965984813815, 0.01987326145172115, 0.3370803675569348], "extents": [0.7344718987937302, 0.7593411803245543, 0.04561743771254623], "rotate_angle": -0.54, "rotate_angle_pred": 0.896692868380697}