{"centroid": [-0.006684021360868195, -0.21323290467262268, 0.16806963086551305], "extents": [1.553620651394368, 0.709670126438141, 0.05688702151516847], "rotate_angle": -8.55, "rotate_angle_pred": -8.094721131848544}