{"centroid": [0.027553325673773665, -0.15905660390853882, 0.19218236895135765], "extents": [1.53419290272047, 0.6558662652969363, 0.04206287069174297], "rotate_angle": 32.21, "rotate_angle_pred": 29.759144431527957}