{"centroid": [-0.0821534693317088, 0.011601030826568492, 0.54390166596591], "extents": [0.5061679902216566, 1.2150070667266843, 0.0751856166760535], "rotate_angle": 33.74, "rotate_angle_pred": 30.653416924256703}