{"centroid": [-0.00433099949171762, -0.13416203856468206, 0.4575984033139643], "extents": [0.7650836552326448, 0.8375772833824157, 0.10223106834372964], "rotate_angle": -27.45, "rotate_angle_pred": -28.294038137637386}