{"centroid": [0.2994041611128808, 0.03510066866874687, 0.38107352090784363], "extents": [0.6076881300889357, 0.8956391215324402, 0.05026072273152393], "rotate_angle": 7.9, "rotate_angle_pred": 9.637739602590358}