{"centroid": [-0.003934971586155189, 0.044685840606689405, 0.19939130185796206], "extents": [1.5607066109531462, 0.6987012028694155, 0.07341526427583012], "rotate_angle": -19.65, "rotate_angle_pred": -22.50188674409766}