{"centroid": [-0.007384892226278375, 0.030381321907043346, 0.5361712333351148], "extents": [0.5860631437606016, 1.264617085456848, 0.05759749533729652], "rotate_angle": 5.69, "rotate_angle_pred": 6.124644621932987}