{"centroid": [-0.05624927145252763, -0.12121948599815376, 0.4388853244353942], "extents": [0.7520288669404406, 0.804888904094696, 0.14216972593299004], "rotate_angle": -10.94, "rotate_angle_pred": -10.689764420496758}