{"centroid": [-0.043544063147658754, -0.2341928482055664, 0.1724933951538863], "extents": [1.3046554405345439, 0.8529729843139651, 0.10771183734239646], "rotate_angle": -28.06, "rotate_angle_pred": -27.19085150978217}