{"centroid": [0.015859275353929392, -0.11410376429557802, 0.3815255279007399], "extents": [0.8122828647832605, 0.9143498539924623, 0.06289848720142388], "rotate_angle": 41.15, "rotate_angle_pred": 30.713525224632576}