{"centroid": [-0.21041487955202964, -0.320769339799881, 0.2361377741374254], "extents": [0.49912737745142766, 0.9904409050941467, 0.07873602045066772], "rotate_angle": -30.0, "rotate_angle_pred": -31.3918304359269}