{"centroid": [0.1703343016096149, -0.32194867730140686, 0.17545760920394307], "extents": [0.5294640717696018, 0.9519123435020447, 0.06799024417212796], "rotate_angle": 39.78, "rotate_angle_pred": 30.199247702225776}