{"centroid": [-0.22078084670411657, 0.1335809826850891, 0.2628506146111218], "extents": [0.4252971534621641, 1.081769347190857, 0.047852759711926734], "rotate_angle": -22.13, "rotate_angle_pred": -25.530568948051652}