{"centroid": [-0.36455458712749605, -0.12166467308998109, 0.2597920076131171], "extents": [0.6251946610875223, 0.7715434432029724, 0.06243645323087768], "rotate_angle": 14.13, "rotate_angle_pred": 9.320735797123135}