{"centroid": [-0.03315731326612652, -0.01584732532501229, 0.5149140602557349], "extents": [0.6697503526332356, 1.1231491565704346, 0.06142557966517298], "rotate_angle": 31.47, "rotate_angle_pred": 27.064368536047894}