{"centroid": [-0.13900573823360848, 0.024278998374938868, 0.5010928940518934], "extents": [0.7574978604727252, 0.8372151851654054, 0.19568126249569168], "rotate_angle": 34.76, "rotate_angle_pred": 41.229915353356006}