{"centroid": [-0.03458950509855792, 0.07367193698883047, 0.5703504640797934], "extents": [0.4524093299487842, 1.3157323598861694, 0.057968888805759455], "rotate_angle": 1.03, "rotate_angle_pred": 3.4272045591556974}