{"centroid": [0.17264979747825815, -0.0783464014530182, 0.37021138539184345], "extents": [0.7040952331627022, 0.7250543236732484, 0.06666811449149923], "rotate_angle": 38.25, "rotate_angle_pred": 39.51193964938753}