{"centroid": [-0.35030754488977645, -0.12268921732902528, 0.2616797342628934], "extents": [0.6358478032769137, 0.7989845871925354, 0.04711078452815942], "rotate_angle": 33.49, "rotate_angle_pred": 28.9238571549877}