{"centroid": [-0.016024570171653686, -0.15999674797058114, 0.4260673594311206], "extents": [0.7342748146221565, 0.7887711524963378, 0.100982250162506], "rotate_angle": 3.91, "rotate_angle_pred": 4.041146626077463}