{"centroid": [-0.04817034903700599, -0.008660614490509144, 0.4651757911004592], "extents": [0.77628365868988, 1.0467360019683836, 0.05944117729870879], "rotate_angle": 8.63, "rotate_angle_pred": 9.425032889871886}