{"centroid": [0.0009080925879045645, -0.12376734614372259, 0.3875088640892101], "extents": [0.8093618334127828, 0.9323039650917055, 0.07744722240169688], "rotate_angle": -23.4, "rotate_angle_pred": -25.37045097987344}