{"centroid": [0.010913342290418196, 0.08411890268325796, 0.5673421070490052], "extents": [0.43467174998607827, 1.3466620445251465, 0.06459282195674709], "rotate_angle": -19.63, "rotate_angle_pred": -19.969830493272653}