{"centroid": [-0.11359596586563991, -0.00655242800712591, 0.21817311809008713], "extents": [0.40801262213410416, 0.6156968474388121, 0.06073507198475592], "rotate_angle": 2.42, "rotate_angle_pred": 1.2495636136470836}