{"centroid": [-0.09035646802543632, -0.008061677217483562, 0.22318098062545585], "extents": [0.40996765034763877, 0.6193976402282715, 0.053175198407675484], "rotate_angle": 6.36, "rotate_angle_pred": 6.903522091626257}