{"centroid": [-0.010021973810092899, -0.12721124291419983, 0.16032106749463404], "extents": [1.59307362017481, 0.6319599151611329, 0.04091017355892043], "rotate_angle": 22.02, "rotate_angle_pred": 20.04492643613787}