{"centroid": [-0.41819705479433134, 0.09382125735282887, 0.3056479972743131], "extents": [0.6112819153023674, 1.0507653951644895, 0.06086530003597279], "rotate_angle": 0.57, "rotate_angle_pred": 0.7736846626547873}