{"centroid": [0.2869336814323607, 0.03794705867767325, 0.36447996359043444], "extents": [0.7242630710680161, 0.8286119103431702, 0.04301554331526397], "rotate_angle": -6.7, "rotate_angle_pred": -6.004037930812174}