{"centroid": [0.2562815561008136, 0.012484043836593614, 0.27610798718470025], "extents": [0.8952749291521431, 0.9853219389915469, 0.10389870312347022], "rotate_angle": 42.51, "rotate_angle_pred": 41.10639307891432}