{"centroid": [0.15285344365371917, 0.12459987401962275, 0.4457362683067367], "extents": [0.6292975024387227, 0.8488342761993409, 0.026664054341159316], "rotate_angle": 27.82, "rotate_angle_pred": 33.00078654887179}