{"centroid": [-0.35669983098786584, 0.05187466740608207, 0.3332575046743275], "extents": [0.6245899787341624, 0.9235683083534241, 0.05884339279262274], "rotate_angle": -4.24, "rotate_angle_pred": -4.945615774986692}