{"centroid": [-0.41729604882747884, 0.06364387273788452, 0.3126971478622797], "extents": [0.6107266518957327, 1.199384093284607, 0.06164447564123843], "rotate_angle": -25.31, "rotate_angle_pred": -24.799989998617704}