{"centroid": [0.2705744592106521, 0.10090813040733329, 0.45384588229586836], "extents": [0.710842687461897, 0.9331120252609254, 0.03141173429367994], "rotate_angle": 19.09, "rotate_angle_pred": 24.922999380839272}