{"centroid": [-0.3936249705494262, 0.06703859567642202, 0.3288578363719036], "extents": [0.6217279363201242, 1.0365852117538452, 0.0714516035503091], "rotate_angle": 31.7, "rotate_angle_pred": 34.89679466251694}