{"centroid": [0.35232869761272795, 0.05688437819480888, 0.31985910106394216], "extents": [0.6253993603201798, 0.9245463013648989, 0.06712025502716512], "rotate_angle": -41.27, "rotate_angle_pred": -46.82724945141629}