{"centroid": [-0.11773678964261822, -0.007660806179046714, 0.4776655567761109], "extents": [0.49907625100512143, 1.1846330165863037, 0.08027071566740435], "rotate_angle": 43.44, "rotate_angle_pred": 35.806643235571656}