{"centroid": [-0.013843484860174449, -0.04141733050346381, 0.457671561718049], "extents": [0.8043124245007807, 0.8795199394226074, 0.08084774928551602], "rotate_angle": -18.86, "rotate_angle_pred": -19.87972638065871}