{"centroid": [-0.23750642922022275, -0.31752121448516846, 0.26076992582337216], "extents": [0.5548061699646252, 0.941862940788269, 0.07733789046152248], "rotate_angle": -37.75, "rotate_angle_pred": -37.85659320060268}