{"centroid": [0.17677201088190708, -0.3202570080757141, 0.24897218373970498], "extents": [0.5931798273444663, 0.9200241565704347, 0.04263767638704996], "rotate_angle": -36.48, "rotate_angle_pred": -32.840732337845495}