{"centroid": [-0.012221593119249086, -0.18479123711586004, 0.0651783943737393], "extents": [1.6041741287533011, 0.6687430739402773, 0.053307480832217397], "rotate_angle": -35.95, "rotate_angle_pred": -38.768090797683676}