{"centroid": [-0.15873453807641744, 0.30069579184055323, 0.24254075573161327], "extents": [0.48788629628395747, 0.76847243309021, 0.026150581643233473], "rotate_angle": 5.47, "rotate_angle_pred": -2.503078906043413}