{"centroid": [0.1342431178988622, 0.048192739486694294, 0.36076152563955144], "extents": [0.7157741071417745, 0.7998921871185305, 0.06195553290393213], "rotate_angle": -27.35, "rotate_angle_pred": -27.237581556734767}