{"centroid": [-0.020442466096426026, -0.2071267068386078, 0.18415589467405788], "extents": [1.5501548301396033, 0.7009692788124084, 0.05281351591735545], "rotate_angle": -4.17, "rotate_angle_pred": -2.8825082110639357}