{"centroid": [0.28316374328821575, 0.020912826061248703, 0.39075437074449776], "extents": [0.6157619453562296, 0.9105002284049988, 0.03584874477511957], "rotate_angle": 12.15, "rotate_angle_pred": 13.945239248508614}