{"centroid": [-0.05288350707717745, -0.4970344007015228, 0.24440143230436778], "extents": [0.5837814796402545, 0.7251948714256288, 0.052257779882818906], "rotate_angle": -40.21, "rotate_angle_pred": -24.451670157205697}