{"centroid": [-0.3813085791262347, 0.022002756595611503, 0.36968008478958], "extents": [0.6038866728694071, 1.0221248865127563, 0.05392075782512934], "rotate_angle": -33.14, "rotate_angle_pred": -35.014822737288135}