{"centroid": [-0.0003653071496905816, -0.06091630458831794, 0.39783849083404654], "extents": [0.8207796016988715, 0.9783297777175903, 0.060979655396501464], "rotate_angle": 1.34, "rotate_angle_pred": -1.4200437692273766}