{"centroid": [0.1775797605112962, -0.24673664569854736, 0.2335757548887571], "extents": [0.5290266410635196, 1.1554114818572998, 0.05309941382837963], "rotate_angle": -15.34, "rotate_angle_pred": -13.645095814017537}