{"centroid": [-0.23520365779596833, -0.06563913822174074, 0.2124536270771811], "extents": [0.4967216839138307, 1.321191668510437, 0.04375445461239033], "rotate_angle": 42.91, "rotate_angle_pred": 31.376900357366324}