{"centroid": [0.34275163546345605, 0.0717976987361907, 0.3397241621049749], "extents": [0.6139835052102218, 0.9205374717712402, 0.05123821217412061], "rotate_angle": -10.58, "rotate_angle_pred": -13.822151095089026}