{"centroid": [-0.02285363851811889, -0.28281107544898987, 0.14198928793479135], "extents": [1.484894383314102, 0.7104956507682803, 0.070884495421725], "rotate_angle": -27.58, "rotate_angle_pred": -28.42174128246326}