{"centroid": [0.18804946471804954, 0.3848788887262344, 0.1745874528123199], "extents": [0.46317237356842744, 0.7603422403335572, 0.038356572175331616], "rotate_angle": -24.77, "rotate_angle_pred": -24.02576693339229}