{"centroid": [-0.3926675021162781, 0.039927899837493896, 0.33249346721556244], "extents": [0.5990872909776634, 0.9458385705947876, 0.06135678220256169], "rotate_angle": -20.27, "rotate_angle_pred": -21.92018083466388}