{"centroid": [0.03643631051085644, -0.22811099886894226, 0.1976422412539524], "extents": [1.4413524988579496, 0.6791234612464906, 0.055259116463527574], "rotate_angle": 32.59, "rotate_angle_pred": 28.598303066390855}