{"centroid": [0.45386172248892664, 0.017778813838958622, 0.1425631284272656], "extents": [0.8003625858280196, 0.7922570109367373, 0.06091344347806872], "rotate_angle": -35.66, "rotate_angle_pred": -39.30221238266836}