{"centroid": [0.24643862342659772, 0.04485586285591124, 0.2176802772741538], "extents": [0.9625909406805053, 1.043418049812317, 0.09691329379280436], "rotate_angle": 12.8, "rotate_angle_pred": 15.248175146787716}