{"centroid": [-0.0466543656106858, 0.04527121782302855, 0.4933822268841894], "extents": [0.7263369121299361, 1.1141940355300903, 0.06478867074912015], "rotate_angle": -32.04, "rotate_angle_pred": -30.617292537643884}