{"centroid": [0.28155467681341895, 0.023429214954376137, 0.3134512054979213], "extents": [0.7897981847117317, 0.757020890712738, 0.04790323134125585], "rotate_angle": -11.45, "rotate_angle_pred": -11.385216492355568}