{"centroid": [-0.04596706852518834, 0.03898620605468739, 0.58231119758874], "extents": [0.4809349181293503, 1.2985508441925047, 0.06106898191163168], "rotate_angle": 14.2, "rotate_angle_pred": 15.766980958050198}