{"centroid": [-0.16289533053089747, -0.05489325523376465, 0.24530289805697603], "extents": [0.4183558296549204, 0.6068241596221925, 0.08638200310271515], "rotate_angle": -44.5, "rotate_angle_pred": -43.7254963275643}