{"centroid": [-0.11619107194423331, -0.013640820980072056, 0.2536123923475059], "extents": [0.39758407886589064, 0.5870006084442139, 0.07354380156517776], "rotate_angle": -20.2, "rotate_angle_pred": -25.09244155074616}