{"centroid": [-0.1402428853677374, -0.012057453393936192, 0.24194656376586893], "extents": [0.39773302380981906, 0.5855557918548584, 0.07803603832273423], "rotate_angle": -16.46, "rotate_angle_pred": -21.12038290113233}