{"centroid": [0.1795559547726747, -0.07419186830520633, 0.39959105691865254], "extents": [0.5678654721535568, 0.7231648564338684, 0.0773026321622875], "rotate_angle": 27.42, "rotate_angle_pred": 34.86663005356509}