{"centroid": [-0.39410045476853656, -0.08851006627082825, 0.292422304764952], "extents": [0.6287357732512338, 0.8031437397003174, 0.0690587750818904], "rotate_angle": -17.03, "rotate_angle_pred": -20.18451573767271}