{"centroid": [0.2612500903796846, 0.06372889876365662, 0.18441379844903227], "extents": [0.9612755769101206, 1.1239047050476074, 0.1104420273766471], "rotate_angle": -8.17, "rotate_angle_pred": -6.671120562053773}