{"centroid": [-0.01245531479276657, -0.16315481066703796, 0.1786751411656327], "extents": [1.6302402325512877, 0.6101917028427124, 0.03473288258542187], "rotate_angle": 11.78, "rotate_angle_pred": 11.031395284263212}