{"centroid": [-0.39029220513699975, -0.08237037062644958, 0.24146623626830327], "extents": [0.6275274064662668, 0.8812516331672668, 0.055724660972672646], "rotate_angle": 9.41, "rotate_angle_pred": 6.74577864011799}