{"centroid": [0.15524426693240295, -0.04380369186401375, 0.29354699126714856], "extents": [0.5809899674967337, 0.6964743733406068, 0.09302586487441389], "rotate_angle": -40.38, "rotate_angle_pred": -41.01814231630835}