{"centroid": [-0.009133290153993598, -0.018292129039764495, 0.4489761059947796], "extents": [0.8219081159685566, 0.8786195516586304, 0.07777236398514042], "rotate_angle": -12.25, "rotate_angle_pred": -14.088153570806057}