{"centroid": [-0.012773493211872954, -0.05385175347328189, 0.4011044844344328], "extents": [0.8566855116226413, 0.9622125029563904, 0.059634085215874155], "rotate_angle": 20.57, "rotate_angle_pred": 17.34898177032386}