{"centroid": [-0.030600477758010294, -0.19353026151657104, 0.1952560851861012], "extents": [1.366661188163023, 0.762940049171448, 0.057400334507843764], "rotate_angle": 31.47, "rotate_angle_pred": 30.811320991703667}