{"centroid": [-0.38632178783505633, -0.0722666084766388, 0.2790049586187109], "extents": [0.6274616711352377, 0.8385524153709412, 0.05674564459604342], "rotate_angle": -17.27, "rotate_angle_pred": -18.043090513135894}