{"centroid": [-0.03043953069995186, -0.17277455329895025, 0.3582540639813944], "extents": [0.8747598578878844, 0.8399063348770142, 0.0673785064496707], "rotate_angle": 30.13, "rotate_angle_pred": 30.290384952504027}