{"centroid": [-0.060436877412131274, -0.19118624925613406, 0.20174850807156586], "extents": [1.3819170971143868, 0.7374832630157471, 0.05644382446913487], "rotate_angle": 12.02, "rotate_angle_pred": 17.61312468453245}