{"centroid": [-0.3833770948060461, -0.07147189974784851, 0.29167232348472966], "extents": [0.6293486909756293, 0.8436787724494934, 0.06426210657532949], "rotate_angle": -25.9, "rotate_angle_pred": -25.49279755508843}