{"centroid": [-0.4045307684847677, -0.07699093222618103, 0.2807797725439113], "extents": [0.6618851620742198, 0.8064464926719666, 0.05511635706359902], "rotate_angle": -7.27, "rotate_angle_pred": -11.51446423731862}