{"centroid": [-0.39690418675307737, -0.11870667338371277, 0.2853109942232325], "extents": [0.6334581503291655, 0.7542524933815004, 0.0650489492464939], "rotate_angle": -30.09, "rotate_angle_pred": -30.1791053715137}