{"centroid": [0.06365720790334876, -0.251242995262146, 0.2105405189063855], "extents": [1.2863017203747047, 0.8015265464782717, 0.07081191177394702], "rotate_angle": 34.49, "rotate_angle_pred": 31.822106629247898}