{"centroid": [-0.12304404746556999, 0.4810757488012314, 0.24574588678208198], "extents": [0.4261527061251231, 0.7421537637710571, 0.023671405388732997], "rotate_angle": -34.44, "rotate_angle_pred": -39.104830973615734}