{"centroid": [0.14034975084878692, 0.6012861132621764, 0.20032344049056008], "extents": [0.4839720115971712, 0.6058899760246277, 0.039851955954229856], "rotate_angle": 38.29, "rotate_angle_pred": 30.966849528704202}