{"centroid": [8.122883370759171e-05, 0.02574807405471792, 0.3981436323422243], "extents": [0.7416207731076881, 1.347300410270691, 0.059043455396865785], "rotate_angle": -17.24, "rotate_angle_pred": -17.892417628998402}