{"centroid": [-0.2626626255736819, -0.09103935956954956, 0.22567414681177653], "extents": [0.43147264664094015, 1.1325370073318481, 0.05424900941226732], "rotate_angle": -30.39, "rotate_angle_pred": -31.58056153847295}