{"centroid": [0.09994431875347642, -0.02163693308830262, 0.21084309833983372], "extents": [0.7358185058701173, 0.8975862860679626, 0.049393314907344166], "rotate_angle": 44.05, "rotate_angle_pred": 31.200415079712215}