{"centroid": [0.11920581581068028, -0.10652080178260803, 0.16426986707114538], "extents": [0.4385857065288008, 0.9711267352104187, 0.02857047371032423], "rotate_angle": 12.23, "rotate_angle_pred": 8.144838531808716}