{"centroid": [0.08652515898503857, 0.42267540097236633, 0.14989410108585666], "extents": [0.4559133014573987, 0.6310804486274719, 0.02402311729600548], "rotate_angle": 33.74, "rotate_angle_pred": 29.01824360886785}