{"centroid": [-0.3029275377172034, -0.0439753532409668, 0.16046412654451017], "extents": [0.4842780887335257, 1.4027366638183594, 0.05329059874215947], "rotate_angle": -2.32, "rotate_angle_pred": -2.7713661575203616}