{"centroid": [0.33475687218830746, -0.1541585624217987, 0.24252751384168766], "extents": [0.6017063769185798, 0.9689831137657166, 0.06880898674249819], "rotate_angle": 39.81, "rotate_angle_pred": 32.90015480311628}