{"centroid": [0.1212441217194529, 0.3167603462934493, 0.29372790599674237], "extents": [0.5494652921417603, 0.5924137830734253, 0.04568922093015476], "rotate_angle": 24.89, "rotate_angle_pred": 33.40194648628109}