{"centroid": [0.30188665110471596, -0.11165112257003784, 0.17515433703326694], "extents": [0.49451219894871434, 1.3513725996017456, 0.0542933008020314], "rotate_angle": 11.23, "rotate_angle_pred": 8.576383632516595}