{"centroid": [-0.025883892552524074, -0.15578949451446533, 0.2867753663289136], "extents": [0.5548977789632548, 1.0483520030975342, 0.05465276105500361], "rotate_angle": -28.37, "rotate_angle_pred": -26.505111662992498}