{"centroid": [0.016417869383949804, 0.6752045154571533, 0.23668964087029065], "extents": [0.6165755269958915, 0.6000128984451294, 0.05458049368891696], "rotate_angle": -3.3, "rotate_angle_pred": -4.950632123880524}