{"centroid": [-0.03238058861553115, -0.582573264837265, 0.2272662017641271], "extents": [0.6264448191746326, 0.503551185131073, 0.06252098854356], "rotate_angle": -39.76, "rotate_angle_pred": -24.530838016324594}