{"centroid": [-0.006575295391081447, -0.5631231963634491, 0.1922511068667125], "extents": [0.5356498848877991, 0.6674707531929016, 0.057404870874717295], "rotate_angle": 2.96, "rotate_angle_pred": 5.351474187219424}