{"centroid": [-0.06284311149950053, -0.06791388988494873, 0.2036185559584613], "extents": [0.4321358273699878, 1.1040775775909424, 0.06987799816963441], "rotate_angle": -4.5, "rotate_angle_pred": -5.856727764005285}