{"centroid": [-0.01827446518554833, -0.1919977068901063, 0.18206646832508122], "extents": [1.5976020982963637, 0.6797918081283572, 0.038629341128569555], "rotate_angle": 3.26, "rotate_angle_pred": 4.220981668032707}