{"centroid": [-0.032282171242782265, -0.22676882147789007, 0.3325136121580987], "extents": [0.8999662373482034, 0.8330960869789124, 0.07371027746519138], "rotate_angle": -5.51, "rotate_angle_pred": -7.294253224598279}