{"centroid": [-0.04275312481802014, 0.00983643531799308, 0.5501959444417958], "extents": [0.611137079298945, 1.1576529741287231, 0.05811174837093469], "rotate_angle": 24.85, "rotate_angle_pred": 23.359476250924203}