{"centroid": [0.36957405623848527, -0.02417534589767465, 0.26429643512940176], "extents": [0.6957468867627365, 0.7832865715026855, 0.04613907183844154], "rotate_angle": -13.94, "rotate_angle_pred": -16.8739109997705}