{"centroid": [-0.054968204735815464, -0.11209011077880866, 0.4509348961817907], "extents": [0.8153784447975266, 0.9275344610214233, 0.08295697149730674], "rotate_angle": 18.26, "rotate_angle_pred": 17.993112997496766}