{"centroid": [-0.08664367402515312, 0.007992446422576849, 0.2976843749905083], "extents": [1.5800707793314113, 0.6250305175781251, 0.08334980398997566], "rotate_angle": 10.3, "rotate_angle_pred": 10.914346666984912}