{"centroid": [-0.039627322052295966, -0.2554316222667694, 0.17174457462028922], "extents": [1.2511488178270271, 0.813988268375397, 0.1016902325833661], "rotate_angle": -32.38, "rotate_angle_pred": -32.43767312065483}