{"centroid": [0.005518300510410551, -0.14860209822654724, 0.17046556186225575], "extents": [1.5572699361677258, 0.6594551801681521, 0.042914368359055766], "rotate_angle": 28.77, "rotate_angle_pred": 25.87756160894409}