{"centroid": [-0.0011557567717335807, -0.08411380648612983, 0.3944941285269609], "extents": [0.8263095622226309, 0.9687903523445129, 0.056617248837171175], "rotate_angle": 16.81, "rotate_angle_pred": 13.922019149368822}