{"centroid": [-0.08378979084540696, -0.2546454668045044, 0.20167468374328326], "extents": [1.0509581346766144, 0.8878310918807986, 0.08526554525961394], "rotate_angle": -38.81, "rotate_angle_pred": -37.51622689639909}