{"centroid": [-0.005198709531025587, -0.11553671956062317, 0.4095702078639178], "extents": [0.796913447324153, 0.9268659949302674, 0.0791096913145598], "rotate_angle": -34.6, "rotate_angle_pred": -32.64326051119472}