{"centroid": [-0.08759055027293869, -0.010851293802261387, 0.23932538337862325], "extents": [0.3794590934975934, 0.591681718826294, 0.06788055785088551], "rotate_angle": -11.15, "rotate_angle_pred": -15.805424503696315}