{"centroid": [-0.3867349664635239, -0.10425859689712524, 0.24899307502094065], "extents": [0.6163363377696872, 0.8624721765518188, 0.0618505917009374], "rotate_angle": -10.38, "rotate_angle_pred": -12.541505117655106}