{"centroid": [-0.15762462397314705, -0.01873475313186649, 0.22843437816526935], "extents": [0.4026553059278083, 0.5942701101303101, 0.07362207815135874], "rotate_angle": -10.42, "rotate_angle_pred": -16.11809906270726}