{"centroid": [0.30334401198109956, -0.14530557394027716, 0.24332458032501852], "extents": [0.571541366403708, 0.753209948539734, 0.05466034611441198], "rotate_angle": -34.56, "rotate_angle_pred": -40.43827449709759}