{"centroid": [-0.014086218586562303, -0.08361163735389716, 0.4049077807588916], "extents": [0.8017509772002971, 0.940814197063446, 0.06334056857193976], "rotate_angle": -1.99, "rotate_angle_pred": -4.01212048164281}