{"centroid": [0.007574997543974178, -0.012639224529266448, 0.500838267147455], "extents": [0.8031871948834451, 0.8974412083625795, 0.06493365792081895], "rotate_angle": 29.96, "rotate_angle_pred": 22.896160830021046}