{"centroid": [0.37455459299648375, 0.060889929533004726, 0.1636829693971671], "extents": [0.8886158068507437, 0.8611109852790835, 0.05723272764196369], "rotate_angle": -22.47, "rotate_angle_pred": -21.67959888939687}