{"centroid": [-0.3966427549814341, -0.0626334547996521, 0.25778957005538133], "extents": [0.7469697040909804, 0.9650610685348511, 0.07078864465520607], "rotate_angle": -33.71, "rotate_angle_pred": -32.3206528853391}