{"centroid": [0.013907633046000907, -0.14155936241149902, 0.3430728448780388], "extents": [0.8851069158161136, 0.9502302408218385, 0.08664610929275923], "rotate_angle": -34.23, "rotate_angle_pred": -35.52555549813784}