{"centroid": [-0.3035324167413864, 0.07921251654624933, 0.2599526255500774], "extents": [0.550614788041155, 0.978896975517273, 0.04330699254444012], "rotate_angle": -5.24, "rotate_angle_pred": -8.872441924512174}