{"centroid": [-0.3223899075051704, -0.2346632182598114, 0.22857388301994086], "extents": [0.5831252480101203, 0.9557387232780457, 0.0477469985024197], "rotate_angle": -3.81, "rotate_angle_pred": -10.888613181809859}