{"centroid": [0.21028140429184827, -0.28467798233032227, 0.24124742433712415], "extents": [0.6473978152368134, 0.7799686193466188, 0.05145440988187558], "rotate_angle": -26.92, "rotate_angle_pred": -29.654714123235173}