{"centroid": [0.16621430290436406, -0.038960576057434165, 0.2048066970403212], "extents": [0.6319675294524412, 1.2032159566879272, 0.15010217963551908], "rotate_angle": -26.93, "rotate_angle_pred": -28.485504628893814}