{"centroid": [-0.29071075952712266, 0.03756606578826903, 0.17110277447117817], "extents": [0.505515827529325, 1.466925859451294, 0.10310155432727358], "rotate_angle": 10.77, "rotate_angle_pred": 10.540745328651084}