{"centroid": [-0.021146145977021538, -0.05070006847381593, 0.36798883401135624], "extents": [0.740410868311711, 1.3048663139343262, 0.05249623237304779], "rotate_angle": 23.92, "rotate_angle_pred": 23.065523520776793}