{"centroid": [0.36249034037643013, -0.022826045751571683, 0.3251758139619629], "extents": [0.6265832139563323, 0.8024876713752747, 0.03554269645243835], "rotate_angle": 22.92, "rotate_angle_pred": 20.96153695130029}