{"centroid": [0.000408465722406659, -0.23073309659957886, 0.10465266939974024], "extents": [1.5489505855370371, 0.704707741737366, 0.06465385990304136], "rotate_angle": -29.22, "rotate_angle_pred": -32.00072427715952}