{"centroid": [-0.05234414136891791, -0.17353135347366333, 0.3231939372822911], "extents": [0.9058149576555572, 0.8525164127349852, 0.10916835213770865], "rotate_angle": -6.91, "rotate_angle_pred": -10.082121236383983}