{"centroid": [-0.05648758538723095, -0.2907634973526001, 0.13705602533514974], "extents": [1.4066474462912317, 0.7084037065505984, 0.08156230315276129], "rotate_angle": -39.87, "rotate_angle_pred": -39.5832925889565}