{"centroid": [0.14890081770278712, -0.07200947403907779, 0.3437325505270904], "extents": [0.580191009960643, 0.7043874859809875, 0.06258699230629289], "rotate_angle": 22.67, "rotate_angle_pred": 29.197921474378546}