{"centroid": [0.22662659997334444, 0.07863703370094294, 0.23191788763965468], "extents": [0.6119871164102696, 0.6724700927734376, 0.06181664044647578], "rotate_angle": -27.37, "rotate_angle_pred": -33.23969357329647}