{"centroid": [-0.31532185635804805, -0.20019212365150452, 0.2601640614281552], "extents": [0.5677555206395775, 0.8103620409965515, 0.06399641934391168], "rotate_angle": -42.57, "rotate_angle_pred": -38.98171223453513}