{"centroid": [0.15930674534389455, -0.30043163895606995, 0.2398138428673352], "extents": [0.5897551930229932, 0.5905228257179261, 0.0674911308174021], "rotate_angle": 3.02, "rotate_angle_pred": 4.880236773128999}