{"centroid": [0.09463346273557564, -0.16083028912544256, 0.4141852308639526], "extents": [1.4200917466977736, 0.9082905650138857, 0.019787836798431768], "rotate_angle": 43.45, "rotate_angle_pred": 38.64361633680815}