{"centroid": [-0.38451009283685234, 0.09930044412612904, 0.34938649903159014], "extents": [0.6536342445229923, 0.9518445134162903, 0.058568126947868726], "rotate_angle": 15.89, "rotate_angle_pred": 20.95451913046122}