{"centroid": [0.3593526930575647, 0.0870068371295928, 0.32721741331538257], "extents": [0.6416712203208917, 0.968821108341217, 0.05098547254960312], "rotate_angle": -18.76, "rotate_angle_pred": -24.96263273227028}