{"centroid": [-0.3758331443258749, 0.03430828452110281, 0.33064068979995065], "extents": [0.6298154736332384, 1.0122451782226562, 0.04572957486029694], "rotate_angle": 43.03, "rotate_angle_pred": 39.7717574883971}