{"centroid": [-0.14866884451286175, -0.018524616956710864, 0.23091027586488458], "extents": [0.3939880092287439, 0.5903756618499756, 0.07467640859823871], "rotate_angle": -11.83, "rotate_angle_pred": -17.05119498090515}