{"centroid": [0.011745332667186859, 0.003659427165985066, 0.22867846213440918], "extents": [0.380491849099691, 0.6146299839019775, 0.052160497252988325], "rotate_angle": 14.14, "rotate_angle_pred": 15.897351211766178}