{"centroid": [-0.022844528818256514, -0.016026467084884657, 0.18633732525206598], "extents": [0.4777632961527515, 0.6127151846885681, 0.0638505966779796], "rotate_angle": 43.58, "rotate_angle_pred": 37.18914507097662}