{"centroid": [0.37720124322276727, 0.03181576728820795, 0.15035191065698983], "extents": [1.0057379258788335, 0.6807229518890382, 0.0477011029427345], "rotate_angle": -19.69, "rotate_angle_pred": -21.865443257098647}