{"centroid": [-0.41189010281717947, -0.07650604844093326, 0.24520652285230576], "extents": [0.7348836005426714, 0.7971330881118773, 0.042265779931276976], "rotate_angle": 2.57, "rotate_angle_pred": -5.391573953585052}