{"centroid": [-0.0726896416940258, 0.04085546731948844, 0.5580487450835769], "extents": [0.481961359017346, 1.2502456903457642, 0.07142855071422205], "rotate_angle": 12.9, "rotate_angle_pred": 15.922850282971467}