{"centroid": [-0.07993552902357597, -0.0795537233352662, 0.4759116938675664], "extents": [0.7148176408717726, 0.8797397613525391, 0.09513099461069169], "rotate_angle": 20.29, "rotate_angle_pred": 22.910024709359476}