{"centroid": [0.1742466014238333, 0.07130217552185052, 0.3519418592028266], "extents": [0.5904738949850935, 0.7452336549758911, 0.049616959339290834], "rotate_angle": -13.07, "rotate_angle_pred": -10.336282483357252}