{"centroid": [0.00988963574336621, 0.01998871564865111, 0.24089871961718531], "extents": [0.5389256526506825, 1.5973421335220337, 0.12808063743100967], "rotate_angle": 8.67, "rotate_angle_pred": 1.6124235758338301}