{"centroid": [-0.02301969518927828, -0.0259951949119568, 0.2698479789074646], "extents": [0.5357840092880837, 1.0217030048370361, 0.049142323725044096], "rotate_angle": -29.34, "rotate_angle_pred": -25.858157650596354}