{"centroid": [-0.2937503999247273, 0.013608783483505187, 0.353631060797064], "extents": [0.6157513133673937, 0.8531177639961243, 0.07804314630978404], "rotate_angle": 38.12, "rotate_angle_pred": 36.11679704593294}