{"centroid": [0.24589016551100112, 0.01703459024429313, 0.35193873309303086], "extents": [0.7679780162546302, 0.8010962605476379, 0.04247538765827685], "rotate_angle": -14.6, "rotate_angle_pred": -13.703856968221274}