{"centroid": [-0.07021382010054328, -0.024409115314483698, 0.2684575729968128], "extents": [1.5454792844826284, 0.6102938055992128, 0.0859457992152039], "rotate_angle": 18.54, "rotate_angle_pred": 18.118849215612556}