{"centroid": [0.0005292155773690063, -0.0763795971870423, 0.3957983631981352], "extents": [0.8190905981799108, 0.958641767501831, 0.057300470307541373], "rotate_angle": 16.19, "rotate_angle_pred": 12.698518394170051}