{"centroid": [-0.03828000644514052, 0.005643010139465235, 0.47795424497073735], "extents": [0.7718183500135103, 1.0289645195007324, 0.06278552197847259], "rotate_angle": 10.52, "rotate_angle_pred": 11.794301143793831}