{"centroid": [0.0049159618096974445, -0.0411688983440399, -0.002363349887574225], "extents": [1.8135711047932892, 0.5076009035110476, 0.06442289087524647], "rotate_angle": -31.49, "rotate_angle_pred": -39.27408723813323}