{"centroid": [-0.09334335077832331, 0.04668349027633667, 0.058993984216011104], "extents": [0.3876773819400198, 1.0088762044906616, 0.13691094886336477], "rotate_angle": -7.3, "rotate_angle_pred": -13.219383061520062}