{"centroid": [-0.009069001823872866, -0.05977380275726323, 0.4079853146874597], "extents": [0.9484212979740456, 0.9122288227081298, 0.06597116579227202], "rotate_angle": 23.84, "rotate_angle_pred": 19.93933281070659}