{"centroid": [0.011009974853842905, -0.6043617725372314, 0.1840237505984807], "extents": [0.539828404189803, 0.4586154222488402, 0.06155831562605782], "rotate_angle": 12.17, "rotate_angle_pred": 2.5001038746853936}