{"centroid": [-0.048771778422075765, -0.33359721302986145, 0.2534374774936381], "extents": [0.5162547837069451, 0.9506518244743347, 0.055886186770864515], "rotate_angle": -40.6, "rotate_angle_pred": -33.27783462259416}