{"centroid": [0.050665238815609415, -0.00501441955566409, 0.15970537038487878], "extents": [0.45898032984698156, 0.5447176694869995, 0.048203357400322805], "rotate_angle": 32.82, "rotate_angle_pred": 21.63355059657806}