{"centroid": [-0.13956969177389353, -0.0029238164424896795, 0.19269999724803072], "extents": [0.4803625387833958, 0.5855838656425475, 0.05340930494351678], "rotate_angle": 9.35, "rotate_angle_pred": 2.0883615367004182}