{"centroid": [-0.367482738205085, -0.029368489980697667, 0.3250257277311677], "extents": [0.6289036332338763, 0.8202573657035828, 0.06759209993644044], "rotate_angle": -2.95, "rotate_angle_pred": -6.251758242062579}