{"centroid": [0.3291592229171011, 0.03660464286804197, 0.420491912093294], "extents": [0.6710472132788601, 0.8573728799819947, 0.05215091278380851], "rotate_angle": 20.84, "rotate_angle_pred": 22.41746526949359}