{"centroid": [-0.3065817496427502, -0.0187345743179321, 0.1976964199393583], "extents": [0.5008625924163337, 1.4248400926589964, 0.06408293468442539], "rotate_angle": -12.71, "rotate_angle_pred": -13.11694009480317}