{"centroid": [-0.18588299077140477, -0.0041607022285461565, 0.18326704526556742], "extents": [0.4174319594411819, 1.6438255310058594, 0.08825950512120698], "rotate_angle": 14.03, "rotate_angle_pred": 6.5126277573372136}