{"centroid": [0.12138939129088672, -0.1394951343536377, 0.23800393647853768], "extents": [0.4760606282359431, 1.4360086917877197, 0.06482124319694074], "rotate_angle": -37.19, "rotate_angle_pred": -32.23724475617436}