{"centroid": [0.010727006504253615, -0.6105930060148239, 0.18246317611448243], "extents": [0.5330409259422872, 0.46803513169288646, 0.06940677569071105], "rotate_angle": 24.66, "rotate_angle_pred": 12.307295005376204}