{"centroid": [0.16329262551087215, -0.04109984636306763, 0.2148885791857497], "extents": [0.5220295837820625, 1.5708049535751343, 0.06935776837825328], "rotate_angle": -43.79, "rotate_angle_pred": -37.77876823686551}