{"centroid": [-0.23010045360479306, -0.021121621131896973, 0.20736401928224185], "extents": [0.4369879360577768, 1.6658574342727661, 0.09899143864701496], "rotate_angle": -35.75, "rotate_angle_pred": -33.092994339780326}