{"centroid": [-0.37026537491154854, -0.09075570106506348, 0.2849235641114193], "extents": [0.5867373282239368, 0.8262605667114258, 0.07970246584275792], "rotate_angle": -41.25, "rotate_angle_pred": -34.309218759367084}