{"centroid": [0.3712171457685316, -0.0010898113250732838, 0.29251801108370307], "extents": [0.6770220879194457, 0.7844964861869811, 0.04802878491418955], "rotate_angle": 3.82, "rotate_angle_pred": 2.743289829244418}