{"centroid": [-0.06319286150951708, 0.32183617353439326, 0.3019864289428197], "extents": [0.5411639202805006, 1.201740026473999, 0.04799624150391696], "rotate_angle": -42.35, "rotate_angle_pred": -38.18793646047681}