{"centroid": [-0.03233673577560285, -0.06202346086502075, 0.18550359889028795], "extents": [1.4955872684625326, 0.8488054871559143, 0.07143041676504366], "rotate_angle": -8.08, "rotate_angle_pred": -9.441887545911598}