{"centroid": [-0.05998080015864968, -0.15296813845634466, 0.43668052000074675], "extents": [0.8065552022155513, 0.842768371105194, 0.088073640043138], "rotate_angle": 15.48, "rotate_angle_pred": 18.306297779936813}