{"centroid": [0.2831271618658642, 0.07059586048126218, 0.42604139999514035], "extents": [0.6435984527441471, 0.9136284589767457, 0.03980460113379636], "rotate_angle": 27.61, "rotate_angle_pred": 29.436048132594024}