{"centroid": [-0.3359959678665756, -0.04902228713035592, 0.25615415852429757], "extents": [0.5883167245534817, 0.8263800740242004, 0.06570576719462926], "rotate_angle": 34.65, "rotate_angle_pred": 28.74210933300627}