{"centroid": [0.3735652269391086, -0.02762737870216378, 0.2695969989884156], "extents": [0.6836507824658339, 0.774231493473053, 0.053298770665749756], "rotate_angle": -9.22, "rotate_angle_pred": -11.440497671837235}