{"centroid": [0.21007725277952594, -0.09417131543159488, 0.31300839157108684], "extents": [0.593082843755339, 0.7222705483436584, 0.06011458099034839], "rotate_angle": 7.89, "rotate_angle_pred": 10.327977304593162}