{"centroid": [-0.004749822325081941, -0.18887272477149963, 0.32750139606653356], "extents": [0.9092961629525149, 0.8685268759727479, 0.08668351249442341], "rotate_angle": -16.2, "rotate_angle_pred": -19.986477938331618}