{"centroid": [0.26503495353167666, -0.07366639375686654, 0.3105324870096507], "extents": [0.6022025309607736, 0.7671347260475159, 0.060652128977946695], "rotate_angle": -8.26, "rotate_angle_pred": -11.776923589285957}