{"centroid": [0.013178528803188913, 0.04762738943099967, 0.3695685309157651], "extents": [0.6714589437442242, 1.4373574256896973, 0.07339878207199824], "rotate_angle": -32.73, "rotate_angle_pred": -28.9883002400016}