{"centroid": [-0.05166029422350027, -0.024325400590896627, 0.2432995350636226], "extents": [1.7555391928058262, 0.5823745131492616, 0.05154089298099246], "rotate_angle": 9.17, "rotate_angle_pred": 7.692791740524214}