{"centroid": [-0.039303246604781586, 0.01602578163146963, 0.4760618544958235], "extents": [0.7933831445824082, 1.0597695112228394, 0.06734137433073456], "rotate_angle": 4.88, "rotate_angle_pred": 5.347474932366367}