{"centroid": [-0.20956359691484586, -0.07201099395751956, 0.4095807861484005], "extents": [0.5038848531893613, 1.0303785800933838, 0.16809643846955175], "rotate_angle": 39.9, "rotate_angle_pred": 39.671236112505426}