{"centroid": [-0.0732648459440601, 0.4690063148736953, 0.2503851486713188], "extents": [0.4880126159745074, 0.6540043354034425, 0.03494940355041262], "rotate_angle": -29.09, "rotate_angle_pred": -33.08186629668943}