{"centroid": [-0.24677433527811599, -0.19260048866271967, 0.24768771542851303], "extents": [0.47426760762135245, 1.198803901672363, 0.06452154445088532], "rotate_angle": -37.59, "rotate_angle_pred": -36.58023628893951}