{"centroid": [-0.046018366626974644, 0.011050581932067774, 0.5023753955917677], "extents": [0.7274814991014289, 1.0340893268585205, 0.06957555702734969], "rotate_angle": 15.31, "rotate_angle_pred": 14.19723438339446}