{"centroid": [0.3501097373372599, -0.09917244315147405, 0.2521855054301471], "extents": [0.6305706055941961, 0.826996386051178, 0.048732181315187806], "rotate_angle": -16.36, "rotate_angle_pred": -20.542056688318723}