{"centroid": [-0.0037605810321889865, -0.012718617916107178, 0.25065011302532203], "extents": [0.5382636086438648, 1.5997772216796875, 0.1055990735346658], "rotate_angle": -30.56, "rotate_angle_pred": -30.912233912388118}