{"centroid": [-0.04585299283228863, -0.14545902609825143, 0.4384036276611538], "extents": [0.765054828050997, 0.849390685558319, 0.09351119473421132], "rotate_angle": -11.23, "rotate_angle_pred": -11.964051995500228}