{"centroid": [-0.39931075396637256, -0.06453943252563477, 0.3221911286622945], "extents": [0.6290277773795423, 0.839155912399292, 0.06292951042086159], "rotate_angle": -17.88, "rotate_angle_pred": -18.594540466828818}