{"centroid": [0.36329623670284933, 0.010542064905166543, 0.3161181319943982], "extents": [0.6633522389443574, 0.8285025954246521, 0.0676459508707481], "rotate_angle": -22.71, "rotate_angle_pred": -25.555986826150132}