{"centroid": [-0.3713860388631787, -0.013668358325958224, 0.21256222993290377], "extents": [0.6107198491124827, 1.3049165010452268, 0.0774370567613765], "rotate_angle": -14.71, "rotate_angle_pred": -21.16589628132874}