{"centroid": [-0.008086307924776055, 0.05781394243240355, 0.3792611786710121], "extents": [0.640701392996139, 1.4610522985458374, 0.06409635938202618], "rotate_angle": -26.4, "rotate_angle_pred": -22.954983270742673}