{"centroid": [-0.03150013355762155, -0.12114182114601138, 0.38940801599790636], "extents": [0.8762685667712935, 0.8600527644157411, 0.10204012704976717], "rotate_angle": 41.23, "rotate_angle_pred": 38.498727828282426}