{"centroid": [-0.05979554373402904, -0.02660268545150765, 0.5023112711086669], "extents": [0.5736420275419316, 1.1643818616867065, 0.07335475986758638], "rotate_angle": 36.46, "rotate_angle_pred": 29.602859146414445}