{"centroid": [-0.0006980939833594602, -0.17826601862907412, 0.20140062345663734], "extents": [1.5029957258464537, 0.6295408606529236, 0.04183481996172303], "rotate_angle": 26.94, "rotate_angle_pred": 25.356280815017243}