{"centroid": [0.05280401451223235, 0.5531583428382872, 0.2177302716884533], "extents": [0.6081855451252802, 0.5349116325378418, 0.06023302081915438], "rotate_angle": -26.2, "rotate_angle_pred": -30.911360659664112}