{"centroid": [-0.2988801558242169, -0.1285298466682434, 0.25228790789274974], "extents": [0.5396789730365261, 1.1869435310363772, 0.05696516668619142], "rotate_angle": -34.33, "rotate_angle_pred": -34.59138798925744}