{"centroid": [0.32502454379153894, -0.03836312890052797, 0.3418388180260464], "extents": [0.9744613173224231, 0.960204064846039, 0.05995171146204625], "rotate_angle": 43.57, "rotate_angle_pred": 38.90422219371686}