{"centroid": [-0.3567480581958874, 0.007507503032684298, 0.1851822872997257], "extents": [0.5875000465775874, 1.2727622985839844, 0.04774788482465564], "rotate_angle": 10.57, "rotate_angle_pred": 8.47109509740271}