{"centroid": [0.3591520335469762, -0.08846268057823187, 0.23899776424706348], "extents": [0.6297090727097286, 0.856404721736908, 0.059342023715487996], "rotate_angle": -35.44, "rotate_angle_pred": -41.112710442563944}