{"centroid": [0.004896117429387406, -0.19022321701049807, 0.34215690803704146], "extents": [0.8645800384207749, 0.8563797473907471, 0.07502768961638967], "rotate_angle": -28.51, "rotate_angle_pred": -30.297357994424722}