{"centroid": [-0.3859111451623595, -0.06423422694206238, 0.29816371674099074], "extents": [0.6323611593705496, 0.8735651373863221, 0.06101693075398029], "rotate_angle": -31.59, "rotate_angle_pred": -28.937247549533758}