{"centroid": [0.0018861387180204442, 0.012871742248535156, 0.270325651723946], "extents": [0.5524597117638376, 1.5890223979949951, 0.09111210620844562], "rotate_angle": -13.09, "rotate_angle_pred": -14.875343944090432}