{"centroid": [0.11925181298349352, -0.15279972553253174, 0.19940183418990043], "extents": [0.4821007148894234, 0.7849639654159547, 0.041796813758657014], "rotate_angle": -5.19, "rotate_angle_pred": -10.864564580354042}