{"centroid": [-0.05879574128628298, -0.46181440353393555, 0.22512840714994298], "extents": [0.515610451246383, 0.6579461097717286, 0.07379363402517805], "rotate_angle": -35.5, "rotate_angle_pred": -31.242830154853074}