{"centroid": [-0.0058412119334972645, -0.06387841701507568, 0.21997354330221702], "extents": [1.0757214966337219, 1.1146466732025146, 0.087018757599855], "rotate_angle": 2.01, "rotate_angle_pred": 2.7926652134703858}