{"centroid": [-0.009108742786702984, -0.1346363127231598, 0.15641434089174913], "extents": [1.6278307192293657, 0.5866220593452454, 0.04845341221898761], "rotate_angle": 8.89, "rotate_angle_pred": 6.85371206535325}