{"centroid": [-0.03354545497909506, -0.02136057615280157, 0.18917084963341937], "extents": [1.4644286376595828, 0.6108274459838868, 0.11880709023257613], "rotate_angle": -14.52, "rotate_angle_pred": -13.635919040740603}