{"centroid": [-0.03411298235433698, -0.11108517646789556, 0.4626278944508202], "extents": [0.7847534984472673, 0.8934447765350342, 0.08757258918543626], "rotate_angle": -26.86, "rotate_angle_pred": -26.733071713246467}