{"centroid": [0.017714847290076823, -0.11089017987251283, 0.46349751866496114], "extents": [0.7715474527517169, 0.8438730835914613, 0.07294508221378959], "rotate_angle": 42.08, "rotate_angle_pred": 36.011840151063666}