{"centroid": [-0.015431757570497091, -0.39921435713768005, 0.2984001437727908], "extents": [0.6975507728348593, 0.7853296399116517, 0.037256691562885635], "rotate_angle": 14.62, "rotate_angle_pred": 12.611631207532696}