{"centroid": [-0.3410730676476822, -0.011443674564361649, 0.21289343078055534], "extents": [0.5418921250584563, 0.6352604627609253, 0.09849177550971519], "rotate_angle": 18.5, "rotate_angle_pred": 16.169970497761923}