{"centroid": [-0.31039039030766735, -0.20908403396606445, 0.22854087719616212], "extents": [0.5235511683520462, 1.087653398513794, 0.06447340576293933], "rotate_angle": -16.18, "rotate_angle_pred": -21.523530624531602}