{"centroid": [0.1647869836711474, 0.4847363233566283, 0.29417588567269454], "extents": [0.5775522015904236, 0.5971689224243164, 0.042879052625512504], "rotate_angle": 32.43, "rotate_angle_pred": 36.91075037661183}