{"centroid": [0.2357597033182238, -0.0867992639541626, 0.1786394794250941], "extents": [0.4844008698257659, 1.4372973442077637, 0.10041163890978166], "rotate_angle": 39.94, "rotate_angle_pred": 30.259129426735626}