{"centroid": [-0.24020398790080244, -0.04227638244628906, 0.19589114293106322], "extents": [0.4528949206842708, 1.4578567743301392, 0.08160576127262328], "rotate_angle": -15.81, "rotate_angle_pred": -19.539214615980796}