{"centroid": [-0.020667174634512217, -0.22110211849212646, 0.19719284032178], "extents": [1.5136218990718504, 0.7045235633850099, 0.0527884950675902], "rotate_angle": 9.52, "rotate_angle_pred": 10.217419080592975}