{"centroid": [0.11001330453716962, 0.40666547417640686, 0.15929030275839226], "extents": [0.45454459454025686, 0.6777127385139466, 0.05054125086547551], "rotate_angle": 44.3, "rotate_angle_pred": 35.74026483085851}