{"centroid": [0.22360328848269623, -0.12150543928146362, 0.20189161064527905], "extents": [0.507612584656964, 1.255059838294983, 0.08259611554593871], "rotate_angle": 41.09, "rotate_angle_pred": 34.48918199988994}