{"centroid": [-0.08912046638774787, -0.4507227838039398, 0.231984451271839], "extents": [0.5244225700118523, 0.7057059407234193, 0.06986361529502341], "rotate_angle": -44.35, "rotate_angle_pred": -36.44667955403037}