{"centroid": [0.040289952378290944, -0.45740604400634766, 0.21948016791021235], "extents": [0.517520851314911, 0.6753392219543458, 0.05404770813441953], "rotate_angle": -24.21, "rotate_angle_pred": -22.256286814375287}