{"centroid": [0.23283974225749723, 0.006463170051574679, 0.28142596301853223], "extents": [0.9032621821152668, 1.0654146671295166, 0.0916794969439132], "rotate_angle": 37.46, "rotate_angle_pred": 38.261139007840654}