{"centroid": [0.2428540096212789, -0.3485098183155061, 0.20385577983342057], "extents": [0.5684580660515163, 0.8123494982719424, 0.06980554584635212], "rotate_angle": 35.81, "rotate_angle_pred": 27.393024365565424}