{"centroid": [-0.2768499036521225, -0.20094799995422363, 0.27010375643014184], "extents": [0.4993975010333985, 1.1204257011413574, 0.06466397446050817], "rotate_angle": -41.49, "rotate_angle_pred": -40.21861301404775}