{"centroid": [0.09451650217711402, 0.5438179671764374, 0.2219139353802429], "extents": [0.6295958130665409, 0.6135869622230531, 0.050618648282320544], "rotate_angle": -30.02, "rotate_angle_pred": -33.684830585319034}