{"centroid": [0.014743523908303316, -0.03340798616409302, 0.001248832368006823], "extents": [1.8377218022505262, 0.46826040744781516, 0.06371451836664555], "rotate_angle": -31.2, "rotate_angle_pred": -38.453103386980075}