{"centroid": [0.01963249974391823, -0.4515092968940735, 0.23672610560702448], "extents": [0.6017592086899568, 0.7510429620742799, 0.048255440919230924], "rotate_angle": 33.33, "rotate_angle_pred": 21.649830365090452}