{"centroid": [-0.004964952027378636, -0.028090983629226754, 0.45324873011829914], "extents": [0.8187587414060298, 0.8845963478088379, 0.07933671175541768], "rotate_angle": -6.58, "rotate_angle_pred": -9.310239962822848}