{"centroid": [0.009845621411491395, -0.616277664899826, 0.19889450651489995], "extents": [0.5701767789210099, 0.44960099458694464, 0.05474826308496078], "rotate_angle": -11.05, "rotate_angle_pred": -5.6699440003853425}