{"centroid": [-0.030671306541930454, 0.189641922712326, 0.2567230854833187], "extents": [0.5239618426567182, 1.2273753881454468, 0.10485361528415277], "rotate_angle": 13.07, "rotate_angle_pred": 10.629675990348147}