{"centroid": [-0.0019369470690863005, -0.6039680540561676, 0.20075376898954825], "extents": [0.5673601750893242, 0.46308225393295294, 0.05725404744842011], "rotate_angle": -16.74, "rotate_angle_pred": -8.105866088516422}