{"centroid": [-0.024400122935123565, 0.4720674082636832, 0.25234733370933965], "extents": [0.5351563004342466, 0.8248846530914307, 0.04919232343778307], "rotate_angle": -18.89, "rotate_angle_pred": -20.610138320515105}