{"centroid": [-0.03483050817180524, -0.16975486278533936, 0.26921735455034324], "extents": [0.4724118800635491, 1.0512669086456299, 0.08281713883790767], "rotate_angle": -42.13, "rotate_angle_pred": -33.16669202360415}