{"centroid": [-0.15649573364280084, -0.02776181697845459, 0.2425246103709359], "extents": [0.4130739002361008, 0.5930659770965576, 0.07864774818310646], "rotate_angle": -24.1, "rotate_angle_pred": -29.536144619144167}