{"centroid": [-0.39078911611303324, -0.09323209524154663, 0.25876199254883525], "extents": [0.624247600262204, 0.8859404325485231, 0.048569790217041026], "rotate_angle": -7.51, "rotate_angle_pred": -12.25569784124393}