{"centroid": [0.3465317593423951, -0.10010948777198798, 0.2540667029193284], "extents": [0.6158375696352242, 0.8363782763481139, 0.04603273388861753], "rotate_angle": -6.64, "rotate_angle_pred": -10.685514749255177}