{"centroid": [0.28731604860008353, -0.2311074435710907, 0.1963558419044121], "extents": [0.5324747576272033, 0.9758874773979187, 0.06605213897736453], "rotate_angle": 39.85, "rotate_angle_pred": 30.340721846636782}