{"centroid": [0.0696724084800306, 0.5455619692802429, 0.2664588237226027], "extents": [0.6200546135951249, 0.5178532600402832, 0.04349589052278252], "rotate_angle": 13.74, "rotate_angle_pred": 13.368875703763905}