{"centroid": [-0.1121761233717377, 0.4440941214561462, 0.2623918865796835], "extents": [0.5032245042751309, 0.6733000874519349, 0.040570610255273976], "rotate_angle": -33.27, "rotate_angle_pred": -41.01466139507081}