{"centroid": [-0.049391613550372006, 0.4671008288860321, 0.18861562821151776], "extents": [0.5042372918642501, 0.7345470786094667, 0.035563561900830015], "rotate_angle": 29.04, "rotate_angle_pred": 22.992593103299967}