{"centroid": [0.13866992710837192, 0.5839998126029968, 0.21491450683947244], "extents": [0.5395877905595469, 0.5845176577568056, 0.04208739806581366], "rotate_angle": 33.29, "rotate_angle_pred": 29.3429958055099}