{"centroid": [-0.04116046614037648, -0.13721176981925967, 0.10060703545299042], "extents": [1.6495983586149952, 0.6215904355049136, 0.04682946201032599], "rotate_angle": -22.18, "rotate_angle_pred": -22.114056074264198}