{"centroid": [-0.019679026447324457, -0.257552832365036, 0.20515203363473322], "extents": [1.4806204759843364, 0.7166110873222351, 0.05231322623691537], "rotate_angle": 8.08, "rotate_angle_pred": 10.003128191017709}