{"centroid": [-0.35075010224698655, -0.0959214866161347, 0.2536918309943343], "extents": [0.6307227128724392, 0.8910327553749083, 0.04920531152606705], "rotate_angle": 43.71, "rotate_angle_pred": 37.37164633116096}