{"centroid": [0.2076278743281788, 0.09151703119277951, 0.45583178918864087], "extents": [0.6215779185539002, 0.8646499514579774, 0.05435274541591306], "rotate_angle": 31.96, "rotate_angle_pred": 37.69319258335932}