{"centroid": [-0.05057663160432536, 0.04032778739929198, 0.47460418755418393], "extents": [0.7074756408136649, 1.0992313623428345, 0.0814762239824412], "rotate_angle": -39.54, "rotate_angle_pred": -36.3689330720895}