{"centroid": [0.045227901982595305, 0.5081529021263123, 0.2468539123502278], "extents": [0.5846481414354868, 0.5813010334968568, 0.032584522427293205], "rotate_angle": 14.11, "rotate_angle_pred": 13.752959072392244}