{"centroid": [-0.2363381016720903, -0.3190514147281647, 0.2559737053557753], "extents": [0.5654442961108687, 0.9516513943672181, 0.08342965027974752], "rotate_angle": -33.7, "rotate_angle_pred": -35.49922389688725}