{"centroid": [0.27353700919780116, -0.23564761877059937, 0.20284216115549317], "extents": [0.5676825518226306, 0.9977356195449829, 0.08272608933422931], "rotate_angle": 39.83, "rotate_angle_pred": 28.840771059913294}