{"centroid": [-0.1357933273436696, -0.00840681791305542, 0.29046528368588326], "extents": [0.45886570458734965, 0.9864901304244996, 0.05661279365661215], "rotate_angle": -35.8, "rotate_angle_pred": -40.20181487492819}