{"centroid": [-0.3429986168095736, 0.031994074583053575, 0.40151251040616626], "extents": [0.596933857006753, 1.0387228727340698, 0.055696403172768194], "rotate_angle": -38.3, "rotate_angle_pred": -39.626890112742856}