{"centroid": [-0.33856824887713843, -0.05639690160751343, 0.19130872180991929], "extents": [0.5423190445432475, 1.344830870628357, 0.060554849190770116], "rotate_angle": -20.16, "rotate_angle_pred": -21.300428167898616}