{"centroid": [0.021716239046304465, -0.04206094145774851, 0.46054833473617585], "extents": [0.8644332294737294, 0.8017991185188293, 0.07575283949024936], "rotate_angle": -34.13, "rotate_angle_pred": -39.134860510206124}