{"centroid": [-0.20073310384289605, 0.047161042690277, 0.41751744538946], "extents": [0.7394401590767828, 1.1388627290725708, 0.08948213055253951], "rotate_angle": -1.94, "rotate_angle_pred": 3.819434908353216}