{"centroid": [-0.008387792280243417, -0.25385013222694397, 0.19138902885423748], "extents": [1.5225058967680298, 0.663589894771576, 0.04499308816254213], "rotate_angle": 13.17, "rotate_angle_pred": 13.396760801489052}