{"centroid": [-0.38082357811516143, -0.07812780141830447, 0.26203434243523444], "extents": [0.6393615512686381, 0.7953545451164246, 0.058454777215621395], "rotate_angle": 10.34, "rotate_angle_pred": 6.0392223492926576}