{"centroid": [-0.14944188089765092, -0.031226366758346585, 0.2939107850401279], "extents": [1.4660714780147144, 0.6354500055313111, 0.07060939032825331], "rotate_angle": 23.01, "rotate_angle_pred": 20.4929147485215}