{"centroid": [-0.11548627728547656, 0.2453406378626823, 0.24582625790640295], "extents": [0.4566332143927201, 0.7275155782699586, 0.03487785937759835], "rotate_angle": -17.81, "rotate_angle_pred": -22.733109294466942}