{"centroid": [-0.06771519311478935, 0.4678520560264587, 0.2471152253847437], "extents": [0.48434531299327377, 0.698654592037201, 0.035559314948564014], "rotate_angle": -28.82, "rotate_angle_pred": -33.12009825914247}