{"centroid": [-0.2638341324856099, -0.010301411151885986, 0.25316906612498985], "extents": [0.46088332664544734, 1.2553478479385376, 0.07724593701576304], "rotate_angle": -17.67, "rotate_angle_pred": -20.6576974516519}