{"centroid": [-0.0978857537439996, -0.34895873069763184, 0.19179995136868713], "extents": [0.5119723194057807, 0.7853374481201173, 0.06750212758055271], "rotate_angle": 19.25, "rotate_angle_pred": 7.798663352729349}