{"centroid": [-0.3957870557836021, -0.060456931591033936, 0.28452091634733273], "extents": [0.6392642705381373, 0.8542900085449219, 0.05885271589702118], "rotate_angle": -17.89, "rotate_angle_pred": -18.72281388836909}