{"centroid": [-0.05941231895842912, -0.3945372402667999, 0.2600958876384184], "extents": [0.5881305223509985, 0.8851153254508972, 0.047394151816536445], "rotate_angle": -13.32, "rotate_angle_pred": -11.498665802031823}