{"centroid": [0.009798052138062119, -0.6014415919780731, 0.18470878588433706], "extents": [0.5485584602015592, 0.47928744554519664, 0.07213089439098663], "rotate_angle": 29.91, "rotate_angle_pred": 14.627969622044787}