{"centroid": [0.018490177518901973, 0.6726519167423248, 0.21229887967453914], "extents": [0.557886425476154, 0.6572531461715698, 0.05333870685627981], "rotate_angle": 25.02, "rotate_angle_pred": 16.26480798257863}