{"centroid": [0.23409388319927119, -0.1427825689315796, 0.18807355844659152], "extents": [0.49642550525468154, 1.342928409576416, 0.07540854747897488], "rotate_angle": 33.97, "rotate_angle_pred": 26.818187429507603}