{"centroid": [-0.24844682577728897, -0.0468245148658753, 0.21734597059999208], "extents": [0.47006403795209944, 1.2992048263549805, 0.0445627303649693], "rotate_angle": 39.01, "rotate_angle_pred": 34.06537861004469}