{"centroid": [0.05180095672106098, -0.16553616523742676, 0.347554212821796], "extents": [0.8738849850478438, 0.9032437801361085, 0.07802732370425697], "rotate_angle": -36.26, "rotate_angle_pred": -38.62707667554839}