{"centroid": [-0.19460224774375637, 0.20517551898956293, 0.2568688103515219], "extents": [0.45160447583242486, 0.9521383047103882, 0.03418856785929955], "rotate_angle": -9.25, "rotate_angle_pred": -17.80376599120423}