{"centroid": [-0.21572185234134478, -0.35162353515625, 0.17768246960866557], "extents": [0.5164502169802503, 0.882049560546875, 0.057404662377082555], "rotate_angle": 14.25, "rotate_angle_pred": 1.659146321793557}