{"centroid": [-0.3435970159849949, -0.013942480087280378, 0.319021347481382], "extents": [0.6200932197186169, 0.6112014055252075, 0.11552503579937723], "rotate_angle": 6.96, "rotate_angle_pred": 1.5244175772247672}