{"centroid": [0.2713165273253909, 0.05792027711868275, 0.3460714638410508], "extents": [0.730026972809573, 0.5678405761718751, 0.11134442876719641], "rotate_angle": -21.62, "rotate_angle_pred": -31.561075299317572}