{"centroid": [0.4109841347522647, 0.0011326074600219727, 0.2216321426663649], "extents": [0.7128125814998217, 1.2140870094299316, 0.083062094980807], "rotate_angle": -42.2, "rotate_angle_pred": -46.7409159021981}