{"centroid": [-0.04114195004593855, -0.5076884925365448, 0.1804625820809957], "extents": [0.4974435452473803, 0.5687291026115417, 0.0780053791191817], "rotate_angle": 9.38, "rotate_angle_pred": 2.0662646530032873}