{"centroid": [-0.2598108412094095, -0.12574505805969233, 0.2294866592541915], "extents": [0.42505972950618426, 1.160773992538452, 0.05296365838617903], "rotate_angle": -23.35, "rotate_angle_pred": -24.430918512354324}