{"centroid": [-0.09048760452057149, 0.5584874153137206, 0.18700084792552116], "extents": [0.4583029222765828, 0.6267075538635254, 0.023617593941564596], "rotate_angle": 17.53, "rotate_angle_pred": 10.588686430696555}