{"centroid": [-0.058606057522981224, 0.4577267169952392, 0.3415808552345578], "extents": [0.770425275635765, 0.6091070771217347, 0.07712736881666449], "rotate_angle": 18.0, "rotate_angle_pred": 19.416809199967673}