{"centroid": [-0.047894186040730584, -0.37263354659080505, 0.31761067633156526], "extents": [0.7989909187475708, 0.6844142079353334, 0.07550957926188623], "rotate_angle": 6.17, "rotate_angle_pred": 7.506377974450743}