{"centroid": [0.34524531311703904, 0.06846752762794484, 0.34723178839805846], "extents": [0.6360830777252562, 0.9729185104370119, 0.04531857451566468], "rotate_angle": -9.89, "rotate_angle_pred": -14.071901842272766}