{"centroid": [0.17847103519681454, -0.2473474144935608, 0.2199475422175034], "extents": [0.5555548764484904, 0.9793823957443238, 0.04341001884107051], "rotate_angle": 10.48, "rotate_angle_pred": 7.33487321665983}