{"centroid": [0.06146393656220772, -0.4035389721393585, 0.20502171634188185], "extents": [0.5600522200323806, 0.7006370425224304, 0.047339920290905724], "rotate_angle": -1.64, "rotate_angle_pred": -7.822480164284684}