{"centroid": [-0.26922054808563317, -0.14913374185562134, 0.24929607573802814], "extents": [0.4703347638825812, 1.2301267385482788, 0.056084829787730245], "rotate_angle": -37.75, "rotate_angle_pred": -32.804698533520714}