{"centroid": [0.04070949902482152, 0.4960287511348723, 0.2155382309005334], "extents": [0.5262417241118278, 0.6016599535942078, 0.03823977368181128], "rotate_angle": 24.57, "rotate_angle_pred": 23.376356116039076}