{"centroid": [-0.030638625110037017, -0.3458611071109772, 0.19918558720209684], "extents": [0.5140922750884733, 0.7351455092430116, 0.05222955432757209], "rotate_angle": 21.25, "rotate_angle_pred": 10.677543863588255}