{"centroid": [-0.0378397850987669, -0.00802084803581244, 0.37522806055445107], "extents": [1.0383910005622048, 0.6147068142890931, 0.08366629533609599], "rotate_angle": -13.89, "rotate_angle_pred": -20.0943071682118}