{"centroid": [-0.012049917913844792, 0.3278275579214095, 0.3665994382096768], "extents": [0.8472064279120664, 0.4774939715862273, 0.09213352357426147], "rotate_angle": 3.15, "rotate_angle_pred": 6.829617536843443}