{"centroid": [-0.06048680370363099, -0.39134129881858826, 0.3566665543344121], "extents": [0.8651800162797907, 0.5960204005241395, 0.10032351323322114], "rotate_angle": 24.05, "rotate_angle_pred": 36.90063281553883}