{"centroid": [0.0023871203322874263, -0.08158713579177859, 0.35761538696440087], "extents": [1.1480655392254857, 0.6116863489151001, 0.08780315305835074], "rotate_angle": 14.29, "rotate_angle_pred": 13.301317580342129}