{"centroid": [-0.25074906134385233, -0.0360288619995118, 0.38244248614311427], "extents": [0.8202509343461172, 0.6903377771377563, 0.0830737581908802], "rotate_angle": 7.61, "rotate_angle_pred": 3.3207833136481497}