{"centroid": [-0.039283337099166066, -0.3703032135963441, 0.3670700658258635], "extents": [0.8643015254878417, 0.5888161659240725, 0.09681624429328306], "rotate_angle": 32.99, "rotate_angle_pred": 42.38645076908304}