{"centroid": [0.06338408954222458, -0.3966633081436157, 0.32077300515653134], "extents": [0.9104795568823119, 0.7427052259445192, 0.07064142910807775], "rotate_angle": -16.71, "rotate_angle_pred": -18.804326439540787}