{"centroid": [-0.02652592855702493, -0.42129698395729065, 0.3217856639831482], "extents": [0.8256669204412149, 0.5932293534278871, 0.09261347532834902], "rotate_angle": 17.93, "rotate_angle_pred": 25.289813412696716}