{"centroid": [0.01826727777300125, 0.32983808219432825, 0.30485910544520334], "extents": [0.865297260699636, 0.4660051167011262, 0.09291277855891406], "rotate_angle": -13.06, "rotate_angle_pred": -13.178800341323011}