{"centroid": [0.07352073639755519, -0.24498590826988223, 0.3192129960537281], "extents": [1.033666275041276, 0.8239848017692566, 0.056969777959446355], "rotate_angle": 18.57, "rotate_angle_pred": 22.63857730200533}