{"centroid": [-0.04036849248017649, -0.007892400026321418, 0.29496037103412787], "extents": [1.3158160490843076, 0.7394002079963684, 0.07367359125718947], "rotate_angle": -29.02, "rotate_angle_pred": -33.25689765689743}