{"centroid": [-0.23210525477551214, 0.05994191765785209, 0.3705347811141076], "extents": [1.0650673199357703, 0.8779091238975525, 0.09613006075758324], "rotate_angle": 5.0, "rotate_angle_pred": 7.15884978201845}