{"centroid": [-0.20306159552129066, -0.02387851476669317, 0.4851565447179062], "extents": [0.8539373248052453, 0.6083699464797976, 0.3918182835859486], "rotate_angle": -38.39, "rotate_angle_pred": -36.12898110280703}