{"centroid": [-0.003302011140783004, -0.03236094117164619, 0.32639692740434145], "extents": [1.3282436441001413, 0.7116524577140808, 0.07648591874904098], "rotate_angle": 11.39, "rotate_angle_pred": 6.484717841034183}