{"centroid": [-0.02064524904312983, -0.012106567621231135, 0.3628416647331439], "extents": [0.7170130383504163, 0.5337892174720765, 0.10864093555837129], "rotate_angle": -44.55, "rotate_angle_pred": -47.58659378886232}