{"centroid": [-0.14782369118652444, 0.0711767077445983, 0.45239539615479857], "extents": [0.9017480880316575, 0.9166487455368044, 0.08946284918151742], "rotate_angle": 26.3, "rotate_angle_pred": 26.952686119982374}