{"centroid": [-0.26363016280845974, -0.020281881093978972, 0.4440714889818784], "extents": [0.7109287911704576, 0.6753587126731873, 0.13675302141052942], "rotate_angle": -4.14, "rotate_angle_pred": -11.11370069428854}