{"centroid": [-0.06513191203136219, -0.005734741687774714, 0.2535006637015703], "extents": [1.3890817354247664, 0.7437252402305605, 0.07341695676731091], "rotate_angle": -39.64, "rotate_angle_pred": -38.91623383914775}