{"centroid": [-0.04151195944544347, -0.3818168640136719, 0.38701229747384397], "extents": [0.8552334323904456, 0.6110684871673585, 0.10151502508181082], "rotate_angle": 27.43, "rotate_angle_pred": 38.165393700350734}