{"centroid": [-0.12804492716868088, -0.015231817960739219, 0.39208560495156497], "extents": [0.9789547202796745, 0.7236210703849792, 0.07272885649624417], "rotate_angle": 19.93, "rotate_angle_pred": 17.651424473373154}