{"centroid": [-0.07762923775788852, -0.03168517351150513, 0.008596256074102514], "extents": [0.6954001277672771, 1.6877440214157104, 0.19631900145654477], "rotate_angle": -8.67, "rotate_angle_pred": 1.7019436479957761}