{"centroid": [-0.06775491755484246, -0.021196722984313965, 0.02002297108201867], "extents": [0.6890666576863153, 1.6624966859817505, 0.15332079138488103], "rotate_angle": -42.48, "rotate_angle_pred": -17.969171961922413}