{"centroid": [0.2891876815437156, -0.019943058490753174, -0.0021624797290481484], "extents": [0.6150959574340095, 1.524544358253479, 0.16357288840323542], "rotate_angle": 37.8, "rotate_angle_pred": 20.286035618126604}