{"centroid": [-0.1269603036880328, -0.060089707374572754, 0.015714315983800145], "extents": [0.501539934961847, 1.5973918437957764, 0.26132192653325503], "rotate_angle": -7.36, "rotate_angle_pred": -2.2792995682557233}