{"centroid": [-0.08727988080615132, -0.015116393566131592, 0.0003538700923585384], "extents": [0.6896567405437302, 1.7217785120010376, 0.2110790628913469], "rotate_angle": -15.85, "rotate_angle_pred": -4.698576858500999}