{"centroid": [-0.24547568014399018, 0.01727932691574101, 0.02702531050059976], "extents": [0.6146192614018239, 1.675807237625122, 0.14064821745903655], "rotate_angle": -39.88, "rotate_angle_pred": -31.615266582005063}