{"centroid": [0.3108857765115411, -0.02363520860671997, -0.0696741337870684], "extents": [0.5844472197969518, 1.48975670337677, 0.2734484145419243], "rotate_angle": 5.95, "rotate_angle_pred": -0.9584697360899952}