{"centroid": [-0.1515101897313972, 0.1117323637008667, 0.10365522418950016], "extents": [0.3626063414266902, 0.7972831726074219, 0.17401471485433997], "rotate_angle": -8.35, "rotate_angle_pred": -14.566573571455422}