{"centroid": [-0.0627730075905718, -0.07040280103683468, 0.04867884052567792], "extents": [0.6864408447626442, 1.5863099098205564, 0.12107020956938269], "rotate_angle": -14.74, "rotate_angle_pred": -1.4168538729188498}