{"centroid": [0.023369698508911733, 0.4272230863571167, -0.03950476354756449], "extents": [0.8890644485945265, 0.25276017189025907, 1.0335254871509034], "rotate_angle": 41.76, "rotate_angle_pred": 42.45482126078162}