{"centroid": [-0.0025403038265334604, -0.28020112216472626, 0.087150332563808], "extents": [1.115435831394702, 0.48713284730911277, 1.0788807798305007], "rotate_angle": 8.66, "rotate_angle_pred": 10.818324316065983}