{"centroid": [0.005466034652534188, 0.20494797825813293, 0.07464494986156764], "extents": [1.1116677774256978, 0.5425647497177127, 1.0786307102183323], "rotate_angle": 29.94, "rotate_angle_pred": 30.549929791795584}