{"centroid": [0.0025691760168190456, 0.1229446679353714, 0.012757438744151271], "extents": [0.7868952546004805, 0.15899994969368003, 0.6436304282231424], "rotate_angle": 44.52, "rotate_angle_pred": 43.235941559186124}