{"centroid": [-0.00195111131642621, 0.2038011848926544, 0.06072665488790454], "extents": [1.0362551088959497, 0.2538648247718813, 0.5967235494154177], "rotate_angle": 41.44, "rotate_angle_pred": 42.921313940270004}