{"centroid": [-0.21604282781769577, -0.014259919524192793, -0.0868315583257365], "extents": [0.5648175478852907, 0.23167437314987194, 0.45876690752431076], "rotate_angle": 6.67, "rotate_angle_pred": -0.0010064150755937362}