{"centroid": [-0.17023934024516152, 0.13151120394468313, -0.26615951634721513], "extents": [0.4160305792989503, 0.1397625356912614, 0.4627282845571845], "rotate_angle": 40.37, "rotate_angle_pred": 10.07170878559026}