{"centroid": [0.004416026782195374, 0.11730699986219406, 0.047208383337373636], "extents": [0.5492226042238068, 0.07518054544925704, 0.37109760509738265], "rotate_angle": 39.94, "rotate_angle_pred": 39.81090913846006}