{"centroid": [0.31531317570462813, 0.11446637287735942, -0.005144810150091883], "extents": [0.2343026460230955, 0.10904537886381163, 0.630176143260789], "rotate_angle": 5.52, "rotate_angle_pred": 7.15865747200661}