{"centroid": [0.04615066944983782, 0.12247341498732567, -0.02224038190035693], "extents": [0.23471886024844124, 0.10519883781671538, 0.632942440964405], "rotate_angle": 36.29, "rotate_angle_pred": 38.463290403479995}