{"centroid": [0.23181204206083125, -0.06003285571932789, -0.0124880806082465], "extents": [0.3714231404282374, 0.12990385293960588, 0.6365529558618397], "rotate_angle": 42.57, "rotate_angle_pred": 43.07360699954545}