{"centroid": [-0.19778981513874422, -0.08108802139759066, -0.0068302645172734905], "extents": [0.3662921691765722, 0.12254777550697343, 0.6333202556224035], "rotate_angle": 35.59, "rotate_angle_pred": 37.50187372964353}