{"centroid": [0.25041181075154195, 0.2811538763344288, -0.005913129148997019], "extents": [0.3803084487407532, 0.09798832982778563, 0.6185387960436268], "rotate_angle": 16.95, "rotate_angle_pred": 18.40391382343158}