{"centroid": [-0.24905889110720927, 0.10486168414354322, -0.03272575545591275], "extents": [0.2203129081440786, 0.10874386131763472, 0.6308794613422322], "rotate_angle": 7.88, "rotate_angle_pred": 11.514678064254085}