{"centroid": [-0.0001327693758228013, 0.2621258571743965, 0.02031232012784309], "extents": [0.5568221071464102, 0.17764322459697734, 0.40181209627050785], "rotate_angle": 33.1, "rotate_angle_pred": 33.688356924602836}