{"centroid": [0.006108389891401354, 0.05592328310012817, 0.05811196698916797], "extents": [0.9285325914901554, 0.24234056472778337, 0.7069714597553056], "rotate_angle": 5.67, "rotate_angle_pred": 6.43705222986344}