{"centroid": [-0.6129924721818428, -0.06631141901016245, 0.08374940116145882], "extents": [0.33216709440790804, 0.35412007570266735, 0.6082855562327587], "rotate_angle": 39.58, "rotate_angle_pred": 39.61816064684849}