{"centroid": [0.5647499510675481, -0.10509254038333886, 0.10729681689814169], "extents": [0.37033038446337563, 0.15936841070652025, 0.6179964394686267], "rotate_angle": 37.04, "rotate_angle_pred": 39.111336964474006}