{"centroid": [0.38998252513426995, 0.1167889758944512, 0.04110926946810531], "extents": [0.6763253193588274, 0.21809144318103807, 0.46891704074216845], "rotate_angle": 43.1, "rotate_angle_pred": 46.79065129963367}