{"centroid": [-0.3324465634358362, 0.12935605645179743, 0.029342275585995756], "extents": [0.6628977015492009, 0.21039450168609636, 0.47612565433881915], "rotate_angle": 41.73, "rotate_angle_pred": 43.51085620575409}