{"centroid": [0.00102218373232486, 0.1361621022224426, 0.11020293261803872], "extents": [0.46113406348085184, 0.15357726812362682, 0.43962459551487953], "rotate_angle": 17.08, "rotate_angle_pred": 17.749558749617123}