{"centroid": [0.41183319779111394, 0.12957811355590823, 0.15634940377457293], "extents": [0.2597587092851915, 0.1638278365135194, 0.4638633699883709], "rotate_angle": 36.65, "rotate_angle_pred": 33.16436754100355}