{"centroid": [-0.005960319947799768, 0.05814827233552931, 0.06884448816229283], "extents": [0.5297341899681625, 0.061967715620994734, 0.5302238421210079], "rotate_angle": 31.46, "rotate_angle_pred": 32.25787890256024}