{"centroid": [0.0039597259521476635, 0.08447820693254468, 0.03769939756496797], "extents": [0.5826153072615935, 0.17356045544147503, 0.48871403206770414], "rotate_angle": 8.58, "rotate_angle_pred": 8.769717827044488}