{"centroid": [0.015300960737369688, 0.19608962535858154, 0.05964846644343283], "extents": [0.706132752245272, 0.24955397844314592, 0.6423050007455725], "rotate_angle": 16.87, "rotate_angle_pred": 18.325921551280928}