{"centroid": [-0.2944542436941868, 0.006376530975103331, 0.07891299537288218], "extents": [0.5850888339821578, 0.1074983254075052, 0.5750215501345175], "rotate_angle": 27.15, "rotate_angle_pred": 26.80114134247716}