{"centroid": [0.6012212470546605, 0.1234105192124844, -0.041861223175503934], "extents": [0.2601253986265164, 0.08485452085733426, 0.5754123329909488], "rotate_angle": 8.59, "rotate_angle_pred": 7.143365012426443}