{"centroid": [-0.005494822645747993, 0.14368844032287598, 0.01091969013124345], "extents": [0.8443117125579229, 0.29248982667922996, 0.8132959588711968], "rotate_angle": 38.87, "rotate_angle_pred": 41.72613942935085}