{"centroid": [0.042962451437301194, 0.10927222669124603, 0.0527714245844329], "extents": [0.9802364223629643, 0.2960171401500705, 1.1749851838714114], "rotate_angle": 38.74, "rotate_angle_pred": 40.928971681888584}