{"centroid": [-0.3253288309792568, 0.006669871509075139, 0.07928846871623615], "extents": [0.6020164053299829, 0.06952731311321272, 0.5498800423488306], "rotate_angle": 6.89, "rotate_angle_pred": 6.516934647811297}