{"centroid": [0.2945540842621595, 0.0187216140329838, 0.0762398514843653], "extents": [0.5782954005249756, 0.06153481453657167, 0.5465392383842442], "rotate_angle": 31.89, "rotate_angle_pred": 33.07826017536226}