{"centroid": [0.010617142165574318, 0.017956010997295355, 0.10592818623801986], "extents": [0.39909870291057414, 0.1089256256818773, 0.7233413613487809], "rotate_angle": 9.32, "rotate_angle_pred": 9.611314567661495}