{"centroid": [0.4130160805497486, 0.43033208698034286, 0.03793392759889387], "extents": [0.5815931711589468, 0.24729247391223924, 0.4813351459750227], "rotate_angle": 40.17, "rotate_angle_pred": 41.84466510328243}