{"centroid": [-0.38565746781024446, 0.3521827533841133, 0.015465101456428366], "extents": [0.5773665202476357, 0.22553984820842757, 0.47893007706517965], "rotate_angle": 8.1, "rotate_angle_pred": 9.76014989975748}