{"centroid": [0.003493535038873244, 0.2858872637152671, 0.13991974225490017], "extents": [0.6582351315366812, 0.15305466949939742, 0.5992237318945166], "rotate_angle": 9.17, "rotate_angle_pred": 11.273161574123336}