{"centroid": [0.0033889581233707902, -0.14697195589542392, 0.15462389970271123], "extents": [0.6872739870741016, 0.5723561048507693, 0.6079537342221493], "rotate_angle": 9.17, "rotate_angle_pred": 9.11811816806707}