{"centroid": [0.364664057039676, 0.21708659827709204, 0.044171913840825], "extents": [0.43790739371454307, 0.17365512251853957, 0.5634525962442127], "rotate_angle": 6.89, "rotate_angle_pred": 8.580364977507585}