{"centroid": [0.33747626993797397, 0.1666216403245926, 0.24860657501285974], "extents": [0.4012625144574116, 0.12623742222785966, 0.5867131841932208], "rotate_angle": 43.03, "rotate_angle_pred": 42.31534465577006}