{"centroid": [0.35245992825639144, -0.014040380716323873, 0.26157532366670816], "extents": [0.4027411935802996, 0.12650287151336687, 0.6072464582423447], "rotate_angle": 25.01, "rotate_angle_pred": 24.200159953474866}