{"centroid": [0.33936877407153054, -0.1982432678341865, 0.2347143933166834], "extents": [0.4129774265919095, 0.1285190135240556, 0.5971431722746159], "rotate_angle": 42.82, "rotate_angle_pred": 41.80051671851522}