{"centroid": [0.27343982945760426, -0.2665007710456848, 0.08455404540696407], "extents": [0.4893733233216103, 0.13969561457633986, 0.506412801043016], "rotate_angle": 33.17, "rotate_angle_pred": 35.18319083933825}