{"centroid": [0.25198392285991034, 0.053780034184455885, 0.034047851650248304], "extents": [0.4390759423511587, 0.17253112792968764, 0.4517488433760909], "rotate_angle": 18.12, "rotate_angle_pred": 18.539197315954553}