{"centroid": [0.2949183796639243, 0.022307634353637737, 0.032737354086970746], "extents": [0.49044193239138245, 0.09689424932003035, 0.3897622041051054], "rotate_angle": 43.74, "rotate_angle_pred": 45.62133028293984}