{"centroid": [0.05523735474030285, 0.10131732374429708, -0.3140232224040671], "extents": [0.4970571237917838, 0.10703678429126748, 0.40225876488036905], "rotate_angle": 9.98, "rotate_angle_pred": -1.7609713495284183}