{"centroid": [0.5816320825423277, -0.07753885164856902, 0.036627626452853425], "extents": [0.3412907714909263, 0.12798720598220845, 0.8501728761402002], "rotate_angle": 40.69, "rotate_angle_pred": 42.437559715756}