{"centroid": [0.5613730655055793, -0.23236985504627222, 0.15316002815357385], "extents": [0.33425480070908914, 0.13058292865753193, 0.8454998717340243], "rotate_angle": 18.03, "rotate_angle_pred": 19.253132072990184}