{"centroid": [-0.5745197425440973, -0.24518081918358808, 0.06455125553989338], "extents": [0.3072344109636636, 0.12174416333436983, 0.8437366608967682], "rotate_angle": 8.64, "rotate_angle_pred": 10.103519217263411}