{"centroid": [-0.3876532919730772, 0.1945530176162719, 0.014945969174571784], "extents": [0.16935503432297982, 0.2849267125129701, 0.7112063744309681], "rotate_angle": 29.55, "rotate_angle_pred": 30.71742239970174}