{"centroid": [0.3831186200522018, 0.19660386443138125, 0.006177137359215268], "extents": [0.18158360917519822, 0.2769657373428346, 0.7137759767405998], "rotate_angle": 40.68, "rotate_angle_pred": 40.80034118961983}