{"centroid": [0.24004346629854267, -0.05552732571959493, -0.005215588265480062], "extents": [0.44416767756211495, 0.12979079782962816, 0.5701847723481359], "rotate_angle": 33.91, "rotate_angle_pred": 33.906627705859314}