{"centroid": [0.27874936189581867, 0.09805582091212273, 0.02016049480054193], "extents": [0.5223951436340236, 0.10840354114770903, 0.4598974670592565], "rotate_angle": 13.33, "rotate_angle_pred": 12.72915646165633}