{"centroid": [0.635400655065986, 0.3792094066739083, 0.08398240949094503], "extents": [0.4939533846295038, 0.17998902499675767, 0.426277703663251], "rotate_angle": 44.89, "rotate_angle_pred": 46.741795230584195}