{"centroid": [0.32865437858534907, 0.43173616379499435, 0.046922766805011715], "extents": [0.6339200791349138, 0.23004545271396654, 0.7418232029944123], "rotate_angle": 40.38, "rotate_angle_pred": 40.10862906472614}