{"centroid": [0.023009658436667052, 0.5715154707431793, 0.09680818541179122], "extents": [0.7400464057169286, 0.2953802943229678, 0.9435956185107669], "rotate_angle": 40.02, "rotate_angle_pred": 41.34920000260273}