{"centroid": [0.0018111228592734285, 0.46079300343990326, 0.07774361962658748], "extents": [1.3586475474206097, 0.26588991284370445, 0.5737948259313608], "rotate_angle": 4.86, "rotate_angle_pred": 5.38108438160242}