{"centroid": [-0.01603150211258908, -0.4108092337846756, 0.08903980720242603], "extents": [1.0262689622009649, 0.4132284522056582, 0.6401541848792547], "rotate_angle": 33.83, "rotate_angle_pred": 34.15056333031639}