{"centroid": [-0.00043280801055227414, 0.23626799881458288, 0.0890142129103048], "extents": [1.003799564402418, 0.2401970326900485, 0.6362540764465977], "rotate_angle": 24.92, "rotate_angle_pred": 24.358952060396106}