{"centroid": [0.004256300700261499, 0.5021310746669769, 0.08661189927429759], "extents": [1.0026454792732837, 0.2955475449562075, 0.6401583467569086], "rotate_angle": 4.45, "rotate_angle_pred": 4.73067947088478}