{"centroid": [-0.0012040953566196944, -0.29579597152769566, 0.11479021480811086], "extents": [0.9021689466788978, 0.5507150888442995, 0.9149918729664407], "rotate_angle": 3.65, "rotate_angle_pred": 4.525684398678081}