{"centroid": [0.016705596583287262, 0.1726947277784347, 0.11412579747195026], "extents": [0.8821592483320495, 0.46783718466758756, 0.9202953736017296], "rotate_angle": 15.33, "rotate_angle_pred": 16.951337699671072}