{"centroid": [0.008904830836865163, 0.5743132531642914, 0.12139092791048069], "extents": [0.8852353030640379, 0.308302700519562, 0.9275000026878581], "rotate_angle": 38.8, "rotate_angle_pred": 39.13781963199777}