{"centroid": [-0.01933440618523901, -0.33692000806331635, 0.11249368678577587], "extents": [0.8906489616268303, 0.5039520263671877, 0.9054968958822232], "rotate_angle": 5.27, "rotate_angle_pred": 6.7525858893489215}