{"centroid": [-0.014346804111784177, 0.5408886075019836, 0.10435202219531399], "extents": [0.8881891798293694, 0.30161535739898704, 0.9089139528453428], "rotate_angle": 6.67, "rotate_angle_pred": 8.01424360774891}