{"centroid": [0.00604229311104814, 0.4661819189786911, 0.062027201219712925], "extents": [0.7614751617681199, 0.4603458940982821, 0.9208737804674485], "rotate_angle": 42.35, "rotate_angle_pred": 43.417892696872364}