{"centroid": [0.004184618349593147, -0.033214092254638686, 0.07270001343020496], "extents": [0.7796585641213578, 0.2607321441173556, 0.9234331942610745], "rotate_angle": 6.32, "rotate_angle_pred": 8.865259614588183}