{"centroid": [0.008230603530216221, 0.25142906606197357, 0.05955933571988801], "extents": [0.7661564917506295, 0.25507649779319785, 0.9271817172642799], "rotate_angle": 24.31, "rotate_angle_pred": 25.99691324905386}