{"centroid": [-0.01211616737521548, -0.3130189776420593, 0.09600682662182], "extents": [0.9839259622333683, 0.4571717977523806, 0.8699881047305222], "rotate_angle": 19.32, "rotate_angle_pred": 19.950739901747525}