{"centroid": [0.003961278168953905, 0.5514815896749496, 0.06868688899847855], "extents": [1.1726135142245058, 0.2977879345417025, 0.664940900837945], "rotate_angle": 4.45, "rotate_angle_pred": 4.424351885570289}