{"centroid": [0.009625395449953986, 0.152979776263237, 0.07788206180508148], "extents": [1.180498468112436, 0.47676262259483365, 0.6560606885988647], "rotate_angle": 43.86, "rotate_angle_pred": 44.73584975171535}