{"centroid": [0.01527464490099855, 0.5020077228546143, 0.07907496014511202], "extents": [0.7249698656579165, 0.294426202774048, 0.8797409555888335], "rotate_angle": 29.93, "rotate_angle_pred": 31.140920333674835}