{"centroid": [0.01132232665528754, 0.5395767688751221, 0.06867585137106685], "extents": [0.8757673569274425, 0.29462289810180686, 0.6583263328602382], "rotate_angle": 6.08, "rotate_angle_pred": 6.821021074060013}