{"centroid": [-0.3262788000219474, 0.4325404539704322, 0.05221052283746128], "extents": [0.6571704163616858, 0.23885600268840806, 0.7380272762224895], "rotate_angle": 10.02, "rotate_angle_pred": 10.47530951188969}