{"centroid": [-0.3456839245043142, 0.44416041672229756, 0.06139752028597144], "extents": [0.6629496940508226, 0.23634824156761192, 0.7457659388176014], "rotate_angle": 32.46, "rotate_angle_pred": 33.96028101949815}