{"centroid": [0.3707682247951599, 0.5230246633291245, 0.04936114549454312], "extents": [0.7034395291532147, 0.24714067578315752, 0.7618849228137277], "rotate_angle": 5.95, "rotate_angle_pred": 7.366067080747314}