{"centroid": [-0.33692217458201323, 0.4685779809951782, 0.04297197445870255], "extents": [0.6874389717653593, 0.2500340938568118, 0.7678859311172248], "rotate_angle": 41.18, "rotate_angle_pred": 42.31031392492997}