{"centroid": [-0.0061977880774228, -0.019754424691200277, 0.09358050960751449], "extents": [1.105446805022002, 0.2713941931724551, 0.6917493873890179], "rotate_angle": 41.56, "rotate_angle_pred": 42.297247215653336}