{"centroid": [-0.0038936869342093283, -0.3983454406261444, 0.09481036977672777], "extents": [1.1137505772081404, 0.45350337028503435, 0.6940255166565599], "rotate_angle": 4.26, "rotate_angle_pred": 4.79664999645901}