{"centroid": [0.0034633193557798148, 0.5724908262491225, 0.08146287074501579], "extents": [1.105989697083742, 0.32522246241569536, 0.6913337127027644], "rotate_angle": 4.84, "rotate_angle_pred": 5.688030721034167}