{"centroid": [0.01589568901338133, -0.40761736035346985, 0.0331836423154826], "extents": [1.1702953683757626, 0.35220056772232095, 1.0970890622043696], "rotate_angle": 36.07, "rotate_angle_pred": 37.54003917083924}