{"centroid": [0.013844793499373849, 0.526823878288269, 0.07986807745798574], "extents": [0.8582336926188912, 0.29821681976318387, 0.9003510499885905], "rotate_angle": 43.05, "rotate_angle_pred": 43.54743131158308}