{"centroid": [0.0006955068258075875, -0.35622620582580566, 0.08999944913585112], "extents": [0.8794047893953424, 0.4699266850948336, 0.8876472177557164], "rotate_angle": 25.51, "rotate_angle_pred": 26.712787872237982}