{"centroid": [0.0008864672729423095, -0.009329088032245653, 0.09153851245871251], "extents": [1.005780584359666, 0.24984975159168266, 0.631838445104105], "rotate_angle": 32.37, "rotate_angle_pred": 32.42626258285213}