{"centroid": [-0.001310622362845168, 0.5345845520496368, 0.08248785861076807], "extents": [1.0129763914245662, 0.2907354235649111, 0.6396000280595975], "rotate_angle": 4.35, "rotate_angle_pred": 4.746139095653092}