{"centroid": [0.0024043948555041855, 0.26010806858539576, 0.09448465209217793], "extents": [1.0029412576095003, 0.24465528130531336, 0.6353572650171299], "rotate_angle": 32.06, "rotate_angle_pred": 32.86294885129502}