{"centroid": [0.021888457738167652, 0.1926690489053726, 0.10978159517453209], "extents": [0.8733687415391768, 0.3185172975063327, 0.9238280073323015], "rotate_angle": 24.29, "rotate_angle_pred": 25.38173232286691}