{"centroid": [0.005313061637540216, -0.2610132321715355, 0.11879962415520906], "extents": [0.8888586840976034, 0.49615761637687705, 0.921946772436234], "rotate_angle": 25.04, "rotate_angle_pred": 25.47912449343987}