{"centroid": [0.0062984609711260325, 0.45603056252002716, 0.07566034389858561], "extents": [1.2630506432409796, 0.22764524817466758, 0.761195759470372], "rotate_angle": 9.55, "rotate_angle_pred": 9.720866736681401}