{"centroid": [0.32998413507158775, 0.43146611750125885, 0.07003779565109991], "extents": [0.6564038721945914, 0.23936244845390336, 0.7218166292850159], "rotate_angle": 44.73, "rotate_angle_pred": 46.10751063434845}