{"centroid": [-0.0012073406234584041, 0.5720213055610657, 0.02180290814493159], "extents": [0.80029964311732, 0.23916542530059837, 0.7644109713029894], "rotate_angle": 29.11, "rotate_angle_pred": 29.624115386609702}