{"centroid": [-0.006449666851980701, 0.4853368103504181, 0.066889403124], "extents": [0.9798106942247623, 0.28028577566146873, 0.6270309555490513], "rotate_angle": 18.73, "rotate_angle_pred": 18.64885835129104}