{"centroid": [-0.003553709304217119, 0.226181261241436, 0.07160308081130135], "extents": [0.9828449550130445, 0.23180605471134202, 0.6191978493930097], "rotate_angle": 8.52, "rotate_angle_pred": 8.548035659702776}