{"centroid": [-0.001946892770173403, 0.5351875722408295, 0.0909330009511442], "extents": [0.9209555283422486, 0.3179751038551333, 0.6606326028554311], "rotate_angle": 21.8, "rotate_angle_pred": 22.340771541015158}