{"centroid": [-0.3873464914738523, 0.4628733694553375, 0.050387618082979854], "extents": [0.5961708930213068, 0.23513478040695207, 0.7189711220998326], "rotate_angle": 25.92, "rotate_angle_pred": 27.141759089332282}