{"centroid": [-0.38086988846100883, 0.4243079572916031, 0.054921177870202016], "extents": [0.5692179219532649, 0.22644945979118364, 0.6982787867759048], "rotate_angle": 42.57, "rotate_angle_pred": 41.42518159918051}