{"centroid": [0.009767266093703854, -0.02488799393177034, 0.08865827833743803], "extents": [0.6806254548795438, 0.2506260871887209, 0.9256520491476883], "rotate_angle": 30.66, "rotate_angle_pred": 30.19033338638559}