{"centroid": [0.022665727274735023, 0.5292392224073409, 0.08468140017434739], "extents": [0.6807857901276401, 0.2671579420566561, 0.9215345584964026], "rotate_angle": 33.22, "rotate_angle_pred": 32.46694490219696}