{"centroid": [0.023888932160277883, 0.24253495037555686, 0.09098390645512562], "extents": [0.6665723462029285, 0.23447939753532432, 0.9237183523967213], "rotate_angle": 6.12, "rotate_angle_pred": 6.573526672121929}