{"centroid": [0.005858756264003992, 0.14527009427547452, 0.07980440155468166], "extents": [1.1654622458832902, 0.46760311722755454, 0.6543105786817163], "rotate_angle": 15.84, "rotate_angle_pred": 16.09260036830851}