{"centroid": [0.00944162649525919, 0.29971627146005625, 0.012577799030998905], "extents": [0.565140139247666, 0.15473715960979478, 0.5544446219742263], "rotate_angle": 34.24, "rotate_angle_pred": 32.364522164299224}