{"centroid": [0.005308265230861753, 0.5291410088539124, 0.07687097368397024], "extents": [1.1508620034622572, 0.2916165590286257, 0.641351594513551], "rotate_angle": 5.81, "rotate_angle_pred": 6.023543300717108}