{"centroid": [0.024751559543671253, 0.521016925573349, 0.12271437577588071], "extents": [0.9023659571611502, 0.3350332379341128, 0.9540934924640053], "rotate_angle": 43.18, "rotate_angle_pred": 45.36152031893373}