{"centroid": [0.02635078586691366, 0.25696657598018646, 0.08002227113887223], "extents": [1.0025129248882, 0.24232670664787315, 0.6320368007803704], "rotate_angle": 18.69, "rotate_angle_pred": 19.078968159168213}