{"centroid": [0.022121644265858054, -0.3708277642726898, 0.08928132917262085], "extents": [1.0080890650997858, 0.4146232008934023, 0.6467909213980942], "rotate_angle": 41.59, "rotate_angle_pred": 41.931028625678074}