{"centroid": [0.0322628343174411, -0.013426214456558234, 0.09891018555214048], "extents": [1.0053975926947614, 0.250993072986603, 0.6357531765592931], "rotate_angle": 33.86, "rotate_angle_pred": 35.27968903250864}