{"centroid": [0.012308380597811613, -0.38257206976413727, 0.0381858589963161], "extents": [1.176582087814094, 0.3588648438453678, 1.119094600519158], "rotate_angle": 34.09, "rotate_angle_pred": 35.79749395692126}