{"centroid": [0.01163575311279523, -0.007910817861557014, 0.03608491752690238], "extents": [1.1830228633362876, 0.3647356033325198, 1.1186344686199923], "rotate_angle": 7.43, "rotate_angle_pred": 8.617988419507853}