{"centroid": [0.010505273573239882, 0.36340129375457764, 0.045441124722330695], "extents": [1.1845797424313385, 0.3714838027954106, 1.1175539610520708], "rotate_angle": 34.49, "rotate_angle_pred": 36.14191992043379}