{"centroid": [-0.011838955096004355, 0.46483054757118225, 0.05996193324943219], "extents": [1.3791600776867718, 0.2516157031059268, 0.5814509522940893], "rotate_angle": 43.16, "rotate_angle_pred": 43.34045412680411}