{"centroid": [0.6280255607010469, 0.3558921739459038, 0.029894092174812464], "extents": [0.48186230895770443, 0.17888154089450847, 0.4213144203818412], "rotate_angle": 9.48, "rotate_angle_pred": 9.225350305432116}