{"centroid": [-0.007681418952390953, 0.4050161987543106, 0.05770819171030836], "extents": [1.2582326968548756, 0.254674166440964, 0.5698292779481738], "rotate_angle": 44.12, "rotate_angle_pred": 42.95710806375821}