{"centroid": [0.0016099979339061904, 0.5692567378282547, 0.0884628134070019], "extents": [0.9366236876182037, 0.32571443915367143, 0.6840693914907167], "rotate_angle": 18.72, "rotate_angle_pred": 19.621930307813614}