{"centroid": [0.0021463340424099503, 0.4336956962943077, 0.034529857905601063], "extents": [1.2002145404142717, 0.17718835175037423, 1.1381509638021463], "rotate_angle": 34.89, "rotate_angle_pred": 37.08377799694366}