{"centroid": [0.006634481135407211, -0.4084156006574631, 0.02942944482066541], "extents": [1.2089835229612627, 0.3653352260589604, 1.1517149042563624], "rotate_angle": 42.94, "rotate_angle_pred": 43.52647333193514}