{"centroid": [0.01087947747631203, 0.5248418152332306, 0.08492694193152155], "extents": [0.8974796671083192, 0.2985932230949404, 0.6525235276056457], "rotate_angle": 36.86, "rotate_angle_pred": 38.092760300324265}