{"centroid": [0.01588394763916578, 0.26221680641174316, 0.08483930794045459], "extents": [0.7453901589664247, 0.2510640025138857, 0.9318555966925801], "rotate_angle": 33.43, "rotate_angle_pred": 34.13208713815639}