{"centroid": [0.009942124427506936, -0.023771911859512346, 0.09741233437534583], "extents": [0.7613655511908013, 0.26077970862388633, 0.9248263462340778], "rotate_angle": 5.87, "rotate_angle_pred": 6.941881412955624}