{"centroid": [0.016710139008085823, 0.5427185595035553, 0.09371427932690432], "extents": [0.7525658478132022, 0.3068317770957949, 0.9316364366619148], "rotate_angle": 35.28, "rotate_angle_pred": 36.05349779308416}