{"centroid": [-0.3342939536202182, 0.4371174201369286, 0.05083932611650656], "extents": [0.6614321919773513, 0.2423492223024371, 0.7372153834098716], "rotate_angle": 16.81, "rotate_angle_pred": 18.100718756338267}