{"centroid": [0.010439910757282303, 0.1634676307439804, 0.0316092344114981], "extents": [1.0468552335982562, 0.15819576382637052, 0.9949923370027414], "rotate_angle": 27.49, "rotate_angle_pred": 28.453736436649905}