{"centroid": [0.003327443762758883, 0.33102401345968246, 0.030805712038406756], "extents": [1.0464016123045041, 0.14964528381824516, 0.9912682699623694], "rotate_angle": 6.63, "rotate_angle_pred": 7.3367344904426375}