{"centroid": [0.0012690056172253161, 0.5147821605205536, 0.028089182813343633], "extents": [1.0366503057380079, 0.14699202775955222, 0.9912959391856097], "rotate_angle": 4.42, "rotate_angle_pred": 5.73220772591975}