{"centroid": [-0.0019370075364052997, 0.18383368849754328, 0.08483471106044596], "extents": [1.1235276514082058, 0.5064016580581667, 0.658199253828456], "rotate_angle": 38.66, "rotate_angle_pred": 39.07296199111501}