{"centroid": [-0.0038736297853319, -0.296908963471651, 0.08904844281393155], "extents": [1.1117600421847447, 0.5080851912498475, 0.6664221418220866], "rotate_angle": 37.56, "rotate_angle_pred": 38.29845128112924}