{"centroid": [0.004072350133687105, 0.5217138975858688, 0.07734643158825863], "extents": [1.1314565215183894, 0.29694262146949785, 0.634184852579722], "rotate_angle": 5.98, "rotate_angle_pred": 6.758809840234278}