{"centroid": [0.0016547160095449626, -0.33945664018392563, 0.0785723443899108], "extents": [1.1488906304934905, 0.48642078042030357, 0.6402756660847886], "rotate_angle": 26.18, "rotate_angle_pred": 26.248246555453008}