{"centroid": [-0.5568204256621438, 0.3421774283051491, 0.049174321224059014], "extents": [0.44616275183550624, 0.16770170629024517, 0.4142960827822072], "rotate_angle": 9.78, "rotate_angle_pred": 10.845978290389567}