{"centroid": [0.6226276584435643, 0.35028710216283804, 0.04142546258611951], "extents": [0.4529381095997382, 0.16978903114795696, 0.41875284906821164], "rotate_angle": 25.71, "rotate_angle_pred": 25.972539718711417}