{"centroid": [0.023991573920395, -0.7074333727359772, 0.032870769471863154], "extents": [0.8868209911145258, 0.2694104313850405, 0.8392579736728762], "rotate_angle": 24.91, "rotate_angle_pred": 24.365486029625927}