{"centroid": [0.020833027663333482, 0.1979115791618824, 0.031218059698015374], "extents": [0.8776764098480561, 0.119973920285702, 0.8287933899458044], "rotate_angle": 43.46, "rotate_angle_pred": 43.41832746844502}