{"centroid": [0.015176168629834647, -0.09092775173485279, 0.036240342312407955], "extents": [0.8799054710654266, 0.13053560256958036, 0.8382293665798453], "rotate_angle": 36.39, "rotate_angle_pred": 35.709180612812034}