{"centroid": [0.026027250322317466, 0.8104042038321495, 0.04358511012584674], "extents": [0.8753280182852878, 0.10779829323291801, 0.8426053658062564], "rotate_angle": 4.75, "rotate_angle_pred": 5.77201251556626}