{"centroid": [-0.0791606587045081, -0.44301697239279747, 0.031071644796004848], "extents": [0.4795212996776962, 0.10341971367597597, 0.5865678133799603], "rotate_angle": 43.98, "rotate_angle_pred": 32.45602992992681}