{"centroid": [0.0011549336914689068, -0.31149357557296753, 0.10503009726192017], "extents": [0.7881981604026328, 0.5062843561172488, 0.9491399970391061], "rotate_angle": 9.94, "rotate_angle_pred": 12.016288559991096}