{"centroid": [0.004122944353658842, 0.14833924919366834, 0.08947326055038632], "extents": [0.6620001756772877, 0.2475640624761584, 0.8903769206083818], "rotate_angle": 6.75, "rotate_angle_pred": 8.277372047929148}