{"centroid": [0.007551511987921367, 0.41763414442539215, 0.0807215051871939], "extents": [0.6604673984760326, 0.25796911120414756, 0.8925284312537878], "rotate_angle": 25.78, "rotate_angle_pred": 26.688901195686192}