{"centroid": [-0.0013850319387197219, 0.554851807653904, 0.038955174401800054], "extents": [1.0534196090397785, 0.14828865230083493, 1.004313725507402], "rotate_angle": 28.1, "rotate_angle_pred": 29.206918952290287}