{"centroid": [-0.016949673675587126, -0.3611596003174782, 0.03959985560843873], "extents": [1.0665957684642602, 0.7010886669158938, 1.0077057847217412], "rotate_angle": 8.15, "rotate_angle_pred": 9.3161131804261}