{"centroid": [0.009942246519776488, 0.15685717761516568, 0.09475453128332575], "extents": [0.8466111566356898, 0.4502493441104891, 0.8831108959530782], "rotate_angle": 5.46, "rotate_angle_pred": 6.895155703341956}