{"centroid": [0.002970800089025491, 0.24461587518453598, 0.07076022788143044], "extents": [0.9323830429628391, 0.23208035528659837, 0.6323112130746179], "rotate_angle": 2.9, "rotate_angle_pred": 2.7787361223412432}