{"centroid": [-0.0003476724481590032, -0.03350134938955308, 0.07409693148288626], "extents": [0.9466213125644483, 0.24593688547611262, 0.6327440234703341], "rotate_angle": 37.9, "rotate_angle_pred": 37.55804412748379}