{"centroid": [-0.0006429360719176977, -0.322422094643116, 0.0938518912668726], "extents": [0.8537012538258362, 0.4946977794170382, 0.8804288116331159], "rotate_angle": 5.65, "rotate_angle_pred": 6.827466518265268}