{"centroid": [0.0030040990228952097, 0.45573391020298004, 0.04789860947110737], "extents": [1.0511266862440527, 0.32469913363456754, 1.0165916369123733], "rotate_angle": 29.17, "rotate_angle_pred": 30.619929316303924}