{"centroid": [0.004565192970792997, 0.5740881264209747, 0.08929163881873721], "extents": [1.0600324769517022, 0.31815809011459373, 0.6726496156408606], "rotate_angle": 13.06, "rotate_angle_pred": 13.287212420748986}