{"centroid": [0.009057719480934617, 0.28830181062221527, 0.09897691585486434], "extents": [1.0463125685500794, 0.24405995011329668, 0.6625229107452396], "rotate_angle": 8.58, "rotate_angle_pred": 9.56733280546311}