{"centroid": [0.01585958233602608, 0.13745991885662073, 0.08476055530990798], "extents": [1.1698418744444057, 0.4677906334400179, 0.6405016122957273], "rotate_angle": 36.11, "rotate_angle_pred": 36.86591701155467}