{"centroid": [0.015271307484714891, 0.5231397151947021, 0.08270710676869747], "extents": [1.1689179817698543, 0.2959873676300051, 0.6463692012404789], "rotate_angle": 23.53, "rotate_angle_pred": 24.21801204578105}