{"centroid": [-0.002715711785161473, -0.37321190536022186, 0.0964754530268583], "extents": [1.073155909409742, 0.44008740782737754, 0.6724192088504501], "rotate_angle": 23.36, "rotate_angle_pred": 24.347997954831257}