{"centroid": [0.015833798066695826, 0.1488092839717865, 0.10437806971088308], "extents": [1.1741985278199982, 0.47297674417495755, 0.6468032706226561], "rotate_angle": 41.8, "rotate_angle_pred": 42.59070071713443}