{"centroid": [0.00880642348569019, -0.34154319018125534, 0.09088763738120043], "extents": [1.1730515940489674, 0.4969444870948794, 0.6392766228327424], "rotate_angle": 44.5, "rotate_angle_pred": 44.93916784122081}