{"centroid": [0.011962629246253478, 0.5392777323722839, 0.08998910356836777], "extents": [1.1640464089502038, 0.291110157966614, 0.6523732555345287], "rotate_angle": 3.29, "rotate_angle_pred": 3.2549202592562807}