{"centroid": [0.011316544416696023, -0.022935584187507643, 0.07863559449662466], "extents": [0.7902173033590595, 0.2570145130157473, 0.9521572866661138], "rotate_angle": 7.72, "rotate_angle_pred": 9.388235941878833}