{"centroid": [-0.005527732428617593, 0.5446904599666595, 0.08734416559005234], "extents": [0.8722433825801456, 0.30280405282974265, 0.9052907002124364], "rotate_angle": 9.58, "rotate_angle_pred": 10.482980834133173}