{"centroid": [-0.002954063811172178, -0.37991197407245636, 0.08782896920659182], "extents": [0.8040306027844981, 0.38534551858902, 0.9435896342849367], "rotate_angle": -8.51, "rotate_angle_pred": -7.451643128316846}