{"centroid": [0.001057975042344346, 0.15447299182415009, 0.09195622941113149], "extents": [0.87722609543154, 0.4608153998851779, 0.8968213603991511], "rotate_angle": 41.52, "rotate_angle_pred": 41.80933243778668}