{"centroid": [0.006019135530075721, 0.5567624866962433, 0.08150976417987324], "extents": [0.7968761770147358, 0.3258501887321475, 0.9563529310467433], "rotate_angle": 24.72, "rotate_angle_pred": 25.410046268155142}