{"centroid": [0.009179874665829535, 0.2623400390148163, 0.09094666036929488], "extents": [0.7978439161085529, 0.2549669742584231, 0.9584394489192908], "rotate_angle": 41.26, "rotate_angle_pred": 41.90213909957508}