{"centroid": [0.0046439714023683645, 0.5408207774162292, 0.06327854823530366], "extents": [0.897885701215402, 0.30626142024993924, 0.9229972578563475], "rotate_angle": 43.18, "rotate_angle_pred": 43.39229276074289}