{"centroid": [-0.0029821668079004562, -0.36032235622406006, 0.0662492646014616], "extents": [0.9090513514718572, 0.49866876006126426, 0.9218267129082127], "rotate_angle": -8.37, "rotate_angle_pred": -6.901541372140898}