{"centroid": [0.021359088387529965, 0.5184231996536255, 0.022196864572871934], "extents": [0.8234730821763871, 0.5916624069213869, 0.7968959675602116], "rotate_angle": 34.21, "rotate_angle_pred": 35.86566633721357}