{"centroid": [-0.023413453202318746, -0.36755023896694183, 0.029654791397362802], "extents": [1.2916587570848117, 0.22250679135322593, 0.6740005601768528], "rotate_angle": 18.75, "rotate_angle_pred": 19.33910617144859}