{"centroid": [0.014750466141278673, 0.6102104485034943, 0.09868950041546257], "extents": [0.7548705900497223, 0.30360692739486717, 0.9409310774115407], "rotate_angle": 5.87, "rotate_angle_pred": 6.671236204044234}