{"centroid": [0.010261024960250692, 0.5530415624380112, 0.07790745285180319], "extents": [1.0582610240778072, 0.30870583653450034, 0.6704686203001278], "rotate_angle": 13.96, "rotate_angle_pred": 14.105705707511888}