{"centroid": [0.01567653266136923, -0.010772749781608602, 0.09435569798428348], "extents": [1.0597461754702506, 0.26686981320381187, 0.6722924894994402], "rotate_angle": 25.41, "rotate_angle_pred": 26.589748769134594}