{"centroid": [0.016983196597511768, 0.5239998251199722, 0.08684146983891668], "extents": [0.8591568645050134, 0.28137132525444053, 0.6835401197464903], "rotate_angle": 33.91, "rotate_angle_pred": 35.43671989767277}