{"centroid": [0.005162396781178691, 0.48551978915929794, 0.07159362290164346], "extents": [1.3022085574962654, 0.2319488078355792, 0.7814040272064728], "rotate_angle": 36.31, "rotate_angle_pred": 36.99246684864288}