{"centroid": [0.0007059140360700863, -0.059090457856655135, 0.06704011714186912], "extents": [0.7822100370836924, 0.265886336565018, 0.9347225249221117], "rotate_angle": 42.9, "rotate_angle_pred": 43.415877890778134}