{"centroid": [0.019941009178219157, 0.4584841728210449, 0.058229714492481585], "extents": [1.3759656022690878, 0.2582788467407229, 0.5820524126200284], "rotate_angle": 4.56, "rotate_angle_pred": 4.481005153356804}