{"centroid": [0.017793022017152327, 0.5765234678983687, 0.09922765257658639], "extents": [0.6891390173504803, 0.26056590676307695, 0.9294512390951573], "rotate_angle": 4.6, "rotate_angle_pred": 4.785864518066418}