{"centroid": [0.019896871537765752, 0.2381763309240341, 0.07813349527523852], "extents": [1.0341986609802212, 0.2527177631855013, 0.6490296245924949], "rotate_angle": 33.36, "rotate_angle_pred": 34.22947279118387}