{"centroid": [0.01596849590555617, 0.5229634046554565, 0.06509085070378562], "extents": [1.0241594155898244, 0.2922050952911379, 0.6548939245801921], "rotate_angle": 23.14, "rotate_angle_pred": 22.451011916742132}