{"centroid": [0.0053234407876757706, -0.36885735392570496, 0.06608618245494219], "extents": [1.0357557409231035, 0.4605981409549714, 0.6457053940461157], "rotate_angle": 9.25, "rotate_angle_pred": 8.430369578721937}