{"centroid": [0.018703749787687657, 0.1883801966905594, 0.08094093645385261], "extents": [0.7599381446915101, 0.4926914870738986, 0.9258203797024704], "rotate_angle": 42.34, "rotate_angle_pred": 43.66957843228074}