{"centroid": [0.003303040108102527, -0.3021284863352775, 0.08857867404948128], "extents": [0.7688320950790164, 0.49889785051345836, 0.9348025413907617], "rotate_angle": 9.48, "rotate_angle_pred": 12.32482030630257}