{"centroid": [0.008172730274844525, 0.5798391252756119, 0.09087706848160282], "extents": [0.7481991443534408, 0.2994281947612765, 0.9429521302132395], "rotate_angle": 39.07, "rotate_angle_pred": 40.623427552781365}