{"centroid": [0.006449494578351492, 0.5340567380189896, 0.08976998600038044], "extents": [1.14138699147734, 0.3014460504055026, 0.6376619370825408], "rotate_angle": 32.29, "rotate_angle_pred": 32.95961150126829}