{"centroid": [0.029136124845331957, 0.5211060494184494, 0.06861875377745641], "extents": [0.9040454133518843, 0.296893745660782, 0.6488894298442256], "rotate_angle": 36.86, "rotate_angle_pred": 38.14921503304222}