{"centroid": [0.02526616043854281, 0.5067695081233978, 0.0934689908667842], "extents": [0.9805896517941293, 0.2812770009040835, 0.6329093727636432], "rotate_angle": 26.59, "rotate_angle_pred": 26.97810368158914}