{"centroid": [0.024272984424313943, 0.23941130936145782, 0.08100757438355358], "extents": [0.9813325501654782, 0.24009296298027055, 0.6203898252479931], "rotate_angle": 9.76, "rotate_angle_pred": 10.061479079989326}