{"centroid": [-0.41686538376827453, -0.2693139761686325, 0.02983437979068916], "extents": [0.8485411445318238, 0.3326690793037416, 0.5687388804378756], "rotate_angle": 41.94, "rotate_angle_pred": 43.0520228595147}