{"centroid": [-0.012755150724802808, 0.5152974128723145, 0.07399625295122497], "extents": [1.0805531760919336, 0.2944328784942629, 0.605438531606651], "rotate_angle": 12.89, "rotate_angle_pred": 13.2877649405645}