{"centroid": [0.41115424791254424, -0.26366473734378815, 0.018605630586114176], "extents": [0.840585837230808, 0.32789188623428356, 0.5543640913989358], "rotate_angle": 4.9, "rotate_angle_pred": 5.144839685599578}