{"centroid": [-0.010329907059869456, -0.3271208852529526, 0.08224785090670464], "extents": [1.0955419271995448, 0.46262603998184226, 0.6137441842391231], "rotate_angle": 34.23, "rotate_angle_pred": 34.5054968634646}