{"centroid": [-0.4011678388662127, 0.30509078502655024, 0.011671586662074275], "extents": [0.8351754800890415, 0.22583514451980613, 0.5716426734954239], "rotate_angle": 43.24, "rotate_angle_pred": 46.11746163673589}