{"centroid": [0.4101402075153227, 0.3312941268086434, 0.023747990300931866], "extents": [0.843155631321155, 0.2102600783109667, 0.5424587187412871], "rotate_angle": 34.06, "rotate_angle_pred": 36.04257795197863}