{"centroid": [-0.01156052959146242, 0.44951531291007996, 0.07025272858512094], "extents": [1.3672814667324902, 0.2691834568977358, 0.5779706961768001], "rotate_angle": 17.68, "rotate_angle_pred": 18.017816955831393}