{"centroid": [0.0014763299404725871, 0.5135395824909209, 0.08369943776990905], "extents": [0.8602217454556347, 0.2698554396629335, 0.6639321460866797], "rotate_angle": 42.91, "rotate_angle_pred": 41.97093234015645}