{"centroid": [0.001429292345475952, -0.19508104026317596, 0.11061929995540101], "extents": [0.78160156254344, 0.42682436108589195, 1.0229885765954625], "rotate_angle": 34.11, "rotate_angle_pred": 34.9470994485995}