{"centroid": [0.0022672035236386764, 0.5083571374416351, 0.10994407598457448], "extents": [0.7593973291278753, 0.2843223214149478, 1.0261909978293904], "rotate_angle": 3.34, "rotate_angle_pred": 4.272190213574589}