{"centroid": [0.008200258990878152, 0.1919520795345306, 0.11661268858578874], "extents": [0.7556320615258676, 0.27532893419265775, 1.0180861008984183], "rotate_angle": 19.96, "rotate_angle_pred": 21.97619541340964}