{"centroid": [0.01387561543039642, 0.18248648941516873, 0.08875991777671409], "extents": [0.901913101766145, 0.46289029717445396, 0.9451305221201166], "rotate_angle": 23.41, "rotate_angle_pred": 25.5668871583391}