{"centroid": [0.013569335084316833, 0.5707996189594269, 0.09076092508197273], "extents": [0.7322705805739658, 0.28032654523849515, 0.9284034741269953], "rotate_angle": 33.85, "rotate_angle_pred": 34.36637696738689}