{"centroid": [-0.0008344717102789917, 0.316255509853363, 0.05443372711300467], "extents": [1.0852575485576397, 0.7505575418472291, 1.0357673343268903], "rotate_angle": 8.12, "rotate_angle_pred": 10.052211479852403}