{"centroid": [0.005225488060110271, 0.5042842626571655, 0.1204715763811661], "extents": [0.8634960456306036, 0.3347530364990237, 0.9243817120559028], "rotate_angle": 41.19, "rotate_angle_pred": 41.735942645648166}