{"centroid": [0.03190412247152458, -0.38305458426475525, 0.08240058966648726], "extents": [0.9658514403829466, 0.402660369873047, 0.6458967423422051], "rotate_angle": -41.17, "rotate_angle_pred": -42.202943148665724}