{"centroid": [0.028468529634624054, 0.49887827038764954, 0.07763782068545244], "extents": [0.9673990079609373, 0.283969581127167, 0.6420717284773726], "rotate_angle": -38.29, "rotate_angle_pred": -38.22396046394792}