{"centroid": [0.044120156290939065, 0.25987058877944946, 0.07888463652617811], "extents": [0.9460787877654384, 0.26969975233078014, 0.632960564930522], "rotate_angle": 5.0, "rotate_angle_pred": 5.304084632938469}