{"centroid": [0.04487721980104276, -0.016134306788444547, 0.07672290164999884], "extents": [0.9525281438177835, 0.32795712351799033, 0.6481404472781618], "rotate_angle": 7.37, "rotate_angle_pred": 7.176721910704856}