{"centroid": [0.6149588331623861, 0.34921432286500936, 0.04281124013514109], "extents": [0.490278672279366, 0.17935298383235948, 0.4185834919194821], "rotate_angle": 4.14, "rotate_angle_pred": 4.634360785554378}