{"centroid": [-0.0064976273064934545, -0.34600682556629175, 0.09982131609366376], "extents": [0.8979836054352441, 0.4947612285614015, 0.9092817253917052], "rotate_angle": 42.61, "rotate_angle_pred": 43.81664596125953}