{"centroid": [0.0026783310211027644, 0.14837223291397092, 0.0923697750540273], "extents": [0.879842134657568, 0.46254181861877464, 0.9152171325992442], "rotate_angle": 24.31, "rotate_angle_pred": 26.29513608137392}