{"centroid": [-0.001905552378760507, 0.537538081407547, 0.09119748353227473], "extents": [0.8882150662271087, 0.3057503104209902, 0.912124754255986], "rotate_angle": 36.08, "rotate_angle_pred": 37.20656028984695}