{"centroid": [0.013116048743823966, 0.12898701429367065, 0.03582500737907978], "extents": [1.083242194789066, 0.3428907394409183, 1.0261105458379904], "rotate_angle": 44.78, "rotate_angle_pred": 44.621843517668786}