{"centroid": [0.026861620835302413, -0.1850535646080971, 0.04752322459767763], "extents": [1.0799506809154376, 0.33564743399620084, 1.01966260980524], "rotate_angle": 13.7, "rotate_angle_pred": 15.92458313628751}