{"centroid": [0.0027304701664346495, 0.3459318280220032, 0.03494399617779824], "extents": [0.9333124245047748, 0.29817432165145896, 0.8219635560828765], "rotate_angle": 33.22, "rotate_angle_pred": 34.074567366058574}