{"centroid": [-0.005792147845485554, -0.02487833797931671, 0.03264688262774201], "extents": [0.9522493144604931, 0.3453508019447329, 0.8462447158205982], "rotate_angle": 27.02, "rotate_angle_pred": 27.844761909361544}