{"centroid": [0.01707262928763304, 0.6743744015693665, 0.03694016836690358], "extents": [0.9325361349515553, 0.3194018602371218, 0.8693636746874589], "rotate_angle": 6.77, "rotate_angle_pred": 7.021917368177725}