{"centroid": [0.0015614964359477734, 0.25519359111785894, 0.07497200819936824], "extents": [1.0222391910374324, 0.2440125942230227, 0.6457626115010429], "rotate_angle": 6.17, "rotate_angle_pred": 6.29708526557971}