{"centroid": [-0.018827532755712043, -0.30737912654876703, 0.09585705447132806], "extents": [1.083793433240643, 0.4590049386024476, 0.6339656298969324], "rotate_angle": 17.01, "rotate_angle_pred": 17.80135111294186}