{"centroid": [-0.001123821487170426, -0.01481017470359804, 0.08543418591202169], "extents": [1.0329305194262695, 0.255302667617798, 0.6514283583077842], "rotate_angle": 11.02, "rotate_angle_pred": 11.938378996520683}