{"centroid": [-0.015539499376930388, -0.38264699280262005, 0.07982194194076962], "extents": [1.0368136255523654, 0.41586998105049167, 0.6567905004931969], "rotate_angle": 44.94, "rotate_angle_pred": 44.49008846373617}