{"centroid": [0.012848251507127768, -0.04600372910499573, 0.010764850904673835], "extents": [0.839940364208728, 0.5292451381683352, 0.8110698414019328], "rotate_angle": 44.98, "rotate_angle_pred": 44.73474374606143}