{"centroid": [0.012923531919684053, 0.6349808871746063, 0.029008318199955398], "extents": [0.8355867428072964, 0.2582405209541323, 0.7959567462188208], "rotate_angle": 7.15, "rotate_angle_pred": 8.077988605812024}