{"centroid": [0.006813664724328129, 0.3590228706598282, 0.018936271270742766], "extents": [0.8424038111454286, 0.26270487904548667, 0.7913208435221958], "rotate_angle": 8.83, "rotate_angle_pred": 9.139416672269505}