{"centroid": [0.008778653435281072, 0.4049570709466934, 0.06365884811303768], "extents": [1.1663087433311492, 0.17106381058692965, 1.1012161806681864], "rotate_angle": 31.35, "rotate_angle_pred": 32.66601255387333}