{"centroid": [0.019169852490366637, 0.0650787204504013, 0.028607139529147937], "extents": [1.4064496515682048, 0.4406560361385349, 0.7607598174975019], "rotate_angle": 34.37, "rotate_angle_pred": 35.32993690972098}