{"centroid": [-0.41085053405364746, 0.43534803390502924, 0.05252863417543256], "extents": [0.5861036793216319, 0.23017334938049333, 0.7126730699580417], "rotate_angle": 43.36, "rotate_angle_pred": 43.06171192159165}