{"centroid": [0.01026254103903998, -0.36221520602703094, 0.01070183865368822], "extents": [1.3994235216277868, 0.440619081258774, 0.7597309576775981], "rotate_angle": 29.6, "rotate_angle_pred": 29.956857610726964}