{"centroid": [0.032786796162297766, 0.5549208670854568, 0.09667318478792053], "extents": [1.1548277008025305, 0.29293403029441856, 0.6579935475685252], "rotate_angle": 43.53, "rotate_angle_pred": 43.78185983917125}