{"centroid": [0.02797726828363667, 0.4648901969194412, 0.06241372543954624], "extents": [1.2337912343326538, 0.2118771970272067, 0.771059514481673], "rotate_angle": 35.63, "rotate_angle_pred": 35.18011524947237}