{"centroid": [-0.031438765186190515, -0.343268446624279, 0.08208965903807774], "extents": [1.1388490107705884, 0.4757564663887026, 0.6175537059304308], "rotate_angle": 35.67, "rotate_angle_pred": 35.77982862573597}