{"centroid": [0.017324999602857126, 0.5402644276618959, 0.09700314963966074], "extents": [0.9297932412669937, 0.31394350528717063, 0.6841937918921666], "rotate_angle": 38.02, "rotate_angle_pred": 39.771478517032925}