{"centroid": [0.02097972008355531, 0.49658459424972534, 0.0610749867595187], "extents": [1.0775606792044887, 0.3270412683486941, 1.0259456786678725], "rotate_angle": 32.84, "rotate_angle_pred": 35.07585410136366}