{"centroid": [0.00504808916505739, -0.5321765542030336, 0.060480631503151715], "extents": [1.0957088247107276, 0.3448899388313296, 1.0292303352363723], "rotate_angle": 7.24, "rotate_angle_pred": 8.475020377082771}