{"centroid": [0.007971275264072833, -0.18952768296003342, 0.05963760283024265], "extents": [1.0925987980529603, 0.3553157150745394, 1.0262368937773492], "rotate_angle": 14.91, "rotate_angle_pred": 16.59131759258517}