{"centroid": [0.0160171167647234, 0.5083969533443451, 0.06880107470119226], "extents": [0.7297619449526889, 0.3340620398521426, 0.9245287013102896], "rotate_angle": -43.29, "rotate_angle_pred": -39.192936385600774}