{"centroid": [0.004463817380565081, 0.4353078305721283, 0.055620401150303846], "extents": [0.6695801537158494, 0.30237752199173, 1.0177912592687781], "rotate_angle": -41.99, "rotate_angle_pred": -41.329420611721616}