{"centroid": [-0.0342419171857186, 0.5287683606147765, 0.0697046059736042], "extents": [0.7464952508638967, 0.2926221489906313, 0.9976920538645041], "rotate_angle": 14.28, "rotate_angle_pred": 17.092192783716897}