{"centroid": [-0.028258520554312293, 0.42707282304763783, 0.003700219587452605], "extents": [0.7236975331291229, 0.30036246776580827, 0.9628370270998409], "rotate_angle": -30.21, "rotate_angle_pred": -26.928779159846485}