{"centroid": [-0.0237777214709545, 0.4178495854139328, -0.0010959174620624804], "extents": [0.7367966224817264, 0.295724540948868, 0.9882172412825339], "rotate_angle": -39.02, "rotate_angle_pred": -38.13817267557113}