{"centroid": [-0.031718546177609226, 0.41849392652511597, -0.038741875040381485], "extents": [0.9014842307754896, 0.28094494342803983, 1.049880481028405], "rotate_angle": -42.66, "rotate_angle_pred": -42.067127056104}