{"centroid": [0.0332102051555475, -0.25462977588176733, 0.2939845155100447], "extents": [0.8581096102068914, 0.17795690894126912, 0.5153554778952059], "rotate_angle": 17.86, "rotate_angle_pred": 16.838633053743493}