{"centroid": [0.06604613503362493, -0.03050398826599124, -0.04754597058574511], "extents": [0.8615472141453161, 1.4368338584899902, 1.1638550521566051], "rotate_angle": 4.26, "rotate_angle_pred": 0.1276822105391915}