{"centroid": [-0.05039065828060543, 0.4887646734714508, -0.057400578310571125], "extents": [0.7289743215114766, 0.26163065433502214, 0.7817441001622674], "rotate_angle": -5.34, "rotate_angle_pred": -7.129689821377056}