{"centroid": [0.0034787052807690663, 0.12098022550344467, -0.020077382616009977], "extents": [0.5781262630168617, 0.1280697137117388, 0.9397170727660903], "rotate_angle": -0.95, "rotate_angle_pred": 0.022801124278586826}