{"centroid": [0.04547966671014325, -0.19147174060344696, 0.0010209705476749154], "extents": [0.5059052588328427, 0.15059444308280967, 0.9440442700589103], "rotate_angle": 41.72, "rotate_angle_pred": 38.453426595798504}