{"centroid": [-0.015317705262928749, 0.20887109637260437, 0.0829570283339576], "extents": [1.116605738187251, 0.515227556228638, 1.0868661204313157], "rotate_angle": -32.86, "rotate_angle_pred": -32.841989356134434}