{"centroid": [0.02318739163690149, 0.236008133739233, 0.023190931312072144], "extents": [1.1323879997993371, 0.48819309473037753, 1.1123101751344167], "rotate_angle": 10.78, "rotate_angle_pred": 11.744253591953111}