{"centroid": [0.004962712277218534, -0.28084454312920565, 0.09313258136280084], "extents": [1.1139223859719993, 0.48699623346328746, 1.0857743301774283], "rotate_angle": -1.74, "rotate_angle_pred": 0.8104619816708833}