{"centroid": [-0.004561847335584332, 0.13850805908441544, -0.008196220371115018], "extents": [0.8525288164774985, 0.14696499705314653, 0.6568483160288953], "rotate_angle": 4.86, "rotate_angle_pred": 5.570953661353599}