{"centroid": [-0.0001031587417278379, 0.13823039829730985, 0.023719348204024354], "extents": [0.7920069631333946, 0.1378552019596102, 0.6606314129577338], "rotate_angle": -27.25, "rotate_angle_pred": -27.5253591697453}