{"centroid": [-0.36022303007169054, 0.23950746655464167, 0.12255691739226048], "extents": [0.2903043997960708, 0.18682444095611575, 0.3716554138107666], "rotate_angle": -1.74, "rotate_angle_pred": -0.9802698038852782}