{"centroid": [0.582167554929434, -0.21570415794849396, 0.11120505175307688], "extents": [0.5520641655943934, 0.1831322014331818, 0.3692377706858238], "rotate_angle": -3.46, "rotate_angle_pred": -3.715285271521708}