{"centroid": [-0.43562399979822136, 0.021661758422851615, 0.09197917741590354], "extents": [0.26403032981502705, 0.19083917140960704, 0.3700240745078808], "rotate_angle": -43.74, "rotate_angle_pred": -40.50953144118892}