{"centroid": [0.5655664098664607, -0.07967172563076025, 0.13596481951146044], "extents": [0.5681130884275876, 0.17029169201850902, 0.3662569819719155], "rotate_angle": -12.71, "rotate_angle_pred": -10.535975381187583}