{"centroid": [0.5924207769437957, 0.044681418687105186, 0.07521235064705645], "extents": [0.5891136672135685, 0.17831793427467357, 0.37516064375631786], "rotate_angle": 11.88, "rotate_angle_pred": 11.809682464753621}