{"centroid": [0.43687884304789704, 0.015487235039472639, 0.00868921969936821], "extents": [0.4571088991001001, 0.11668899655342116, 0.3948074443187646], "rotate_angle": 30.23, "rotate_angle_pred": 37.647684763806225}