{"centroid": [-0.13150566733562147, 0.07991338521242138, 0.09332495266974423], "extents": [0.48705046695364734, 0.11750644445419318, 0.3319262518273626], "rotate_angle": 5.02, "rotate_angle_pred": 7.314581851001023}