{"centroid": [0.27345810934780157, 0.049476787447929396, -0.009015771643862656], "extents": [0.4581097494622744, 0.11568325757980358, 0.3408782579026524], "rotate_angle": -1.19, "rotate_angle_pred": -0.12892993088861715}