{"centroid": [0.3417660080102753, -0.03313213586807255, 0.16310954063245586], "extents": [0.5139505996792977, 0.18824571371078505, 0.6921268285427717], "rotate_angle": -25.7, "rotate_angle_pred": -19.623501392267954}