{"centroid": [0.00426493866644595, 0.007690191268920878, 0.09366449285302833], "extents": [0.6722362110025397, 0.34950101375579845, 0.4437839434102696], "rotate_angle": -2.92, "rotate_angle_pred": 2.2705693973371694}