{"centroid": [0.036396123580831, 0.017563298344612094, 0.15460236374557784], "extents": [0.40060905677749953, 0.060720380395650995, 0.48807699774400165], "rotate_angle": 21.34, "rotate_angle_pred": 21.597609620700098}