{"centroid": [-0.022498243758096587, 0.1479627341032028, 0.010891350417970139], "extents": [0.9121185241868914, 0.1897987574338915, 0.5368919196393789], "rotate_angle": -32.56, "rotate_angle_pred": -26.335448935353476}