{"centroid": [-0.031850814535734566, 0.06327552348375326, -0.24427632607639954], "extents": [0.42580314678656367, 0.1301317960023881, 0.4688578458834666], "rotate_angle": -10.35, "rotate_angle_pred": -7.149697689073818}