{"centroid": [-0.20522263119217757, 0.17881515622138994, -0.7312992309029975], "extents": [0.39126520852889624, 0.1252767592668535, 0.7084321885889788], "rotate_angle": 16.42, "rotate_angle_pred": -0.9785456063338813}