{"centroid": [0.011388384159729724, 0.10477305203676221, 0.02572438602281762], "extents": [0.571086829068884, 0.06934450566768657, 0.3475782902460373], "rotate_angle": -20.13, "rotate_angle_pred": -23.10933013398646}