{"centroid": [-0.21207764462465528, -0.054485812783241265, -0.020503362763859584], "extents": [0.42309763103888387, 0.17388525605201738, 0.6670836660659536], "rotate_angle": -7.4, "rotate_angle_pred": -1.2720527687397976}