{"centroid": [0.03456020869883006, -0.2853525578975678, 0.225409553866986], "extents": [0.8340802118308518, 0.16427671909332298, 0.6118394677914227], "rotate_angle": -39.05, "rotate_angle_pred": -39.3301104611071}