{"centroid": [-0.26335912154566754, 0.18686052411794668, -0.06824771334780483], "extents": [0.3400552961750533, 0.13644996285438554, 0.6021325156690172], "rotate_angle": -35.42, "rotate_angle_pred": -29.443087034226586}