{"centroid": [0.2455563642841751, 0.21938423067331314, -0.026411256476090772], "extents": [0.37913170031885324, 0.12780757248401658, 0.668382219928342], "rotate_angle": 2.12, "rotate_angle_pred": 4.597843129509599}