{"centroid": [-0.19589386733122682, -0.09422897733747956, -0.014080604058870606], "extents": [0.3885395284896565, 0.13238464295864116, 0.632443317951136], "rotate_angle": -12.62, "rotate_angle_pred": -11.27744549682545}