{"centroid": [0.23912936413915425, -0.08955575525760645, -0.049705890774566615], "extents": [0.4105291805103328, 0.16195425391197218, 0.6413005213876473], "rotate_angle": 28.17, "rotate_angle_pred": 27.469571013864794}