{"centroid": [-0.10009438036108136, 0.17140875011682516, -0.05075488071663425], "extents": [0.266999453247458, 0.1252808570861818, 0.6484551428321926], "rotate_angle": -26.62, "rotate_angle_pred": -20.974545735653066}