{"centroid": [0.24627013723778568, 0.2809699028730392, -0.00730806392379256], "extents": [0.376980810564242, 0.09742382168769853, 0.6179649816861066], "rotate_angle": -24.0, "rotate_angle_pred": -23.4368930720986}