{"centroid": [-0.2715305760909843, 0.10483564808964732, -0.03356682861041935], "extents": [0.22621268030394467, 0.1058791205286981, 0.6287132500605277], "rotate_angle": -25.08, "rotate_angle_pred": -24.785046088891363}