{"centroid": [0.2990978875222283, 0.15112378448247915, -0.011214430058409997], "extents": [0.3306303943238306, 0.13501676917076127, 0.6346232938831842], "rotate_angle": 29.67, "rotate_angle_pred": 28.208797450010508}