{"centroid": [-0.17270173603768463, 0.23389446735382072, 0.031157070333350627], "extents": [0.3593999986441979, 0.14353823661804213, 0.6296407483944886], "rotate_angle": 20.31, "rotate_angle_pred": 18.6914253901582}