{"centroid": [0.030364039513765803, 0.1234409883618355, -0.02383592838090745], "extents": [0.2283072265458469, 0.10553811490535751, 0.6340859969681893], "rotate_angle": -13.5, "rotate_angle_pred": -11.954682042675671}