{"centroid": [0.02047764603962235, -0.19313916191458702, 0.0923634167306199], "extents": [0.9275201293930119, 0.2703721523284915, 1.0180158324106965], "rotate_angle": -24.77, "rotate_angle_pred": -25.10170596237704}