{"centroid": [0.06209782535518993, -0.215900719165802, 0.05971648894236586], "extents": [0.9237388176338363, 0.2547817230224612, 0.9874318032469988], "rotate_angle": -43.12, "rotate_angle_pred": -43.29675567405979}