{"centroid": [-0.003795668054841654, 0.28684721142053604, 0.01637736022176717], "extents": [0.564001202339526, 0.1783248633146287, 0.3960258959012073], "rotate_angle": -19.47, "rotate_angle_pred": -23.079317520705445}