{"centroid": [0.07031941354624341, 0.1334565132856369, 0.018644310908694357], "extents": [0.5958901514665512, 0.184736728668213, 0.3947260294281856], "rotate_angle": 8.7, "rotate_angle_pred": 14.171999862319197}