{"centroid": [0.01497878555477266, 0.45881757140159596, 0.1652725154442494], "extents": [0.7739912354750824, 0.2794827222824099, 0.7482571682350887], "rotate_angle": 15.28, "rotate_angle_pred": 17.55186598875055}