{"centroid": [-0.027000282317682756, 0.05616512894630432, 0.020441783062266315], "extents": [0.5208106083140706, 0.12790781259536763, 0.7341246664384175], "rotate_angle": -21.41, "rotate_angle_pred": -21.69914998094187}