{"centroid": [-0.05204631222313255, -0.05837265774607663, 0.22719813836512628], "extents": [0.1493799531612375, 0.07805386930704132, 0.6782358858441563], "rotate_angle": 30.5, "rotate_angle_pred": 29.919080767870497}