{"centroid": [-0.02755516548797346, -0.05725121125578884, 0.18765913597407544], "extents": [0.1549912846399084, 0.0839122906327249, 0.6536690023167616], "rotate_angle": -37.16, "rotate_angle_pred": -31.206064635069566}