{"centroid": [-0.005042650713294638, -0.06354423984885221, 0.2155157237151154], "extents": [0.1312573403791966, 0.07041306048631683, 0.6752163771271156], "rotate_angle": 5.45, "rotate_angle_pred": 6.869955236569908}