{"centroid": [0.30885371845193293, 0.010248322039842583, 0.05106790416941685], "extents": [0.48973519770295454, 0.1422007977962495, 0.42571644003500425], "rotate_angle": -12.59, "rotate_angle_pred": -10.553766854376562}