{"centroid": [0.31490813651698213, -0.18864356726408, 0.06862317125600857], "extents": [0.47477601322718, 0.16591073572635667, 0.4419174042062085], "rotate_angle": 41.41, "rotate_angle_pred": 41.6604429765716}