{"centroid": [0.009475591290411957, 0.07246746122837065, 0.05213066550367403], "extents": [0.9555139353223456, 0.2577174305915835, 0.6948469740237275], "rotate_angle": -43.55, "rotate_angle_pred": -39.5657085453238}