{"centroid": [-0.0010171693711455085, 0.06840056926012039, 0.06101628813662487], "extents": [0.931177868768662, 0.24587772786617304, 0.7089315165143093], "rotate_angle": -30.98, "rotate_angle_pred": -30.87825719609799}