{"centroid": [0.12961951516345344, -0.020765148103237166, 0.17317694766165875], "extents": [0.7330602386839763, 0.14553496241569538, 0.5423894509320789], "rotate_angle": 39.2, "rotate_angle_pred": 36.17746831281035}