{"centroid": [-0.6338817152497349, -0.1224626898765564, 0.05439408542409038], "extents": [0.38899027723106694, 0.2757227420806886, 0.6419657373384355], "rotate_angle": -3.23, "rotate_angle_pred": -2.4553310717556087}