{"centroid": [0.5639852112049504, -0.13156088814139372, 0.082026674025295], "extents": [0.3679558075696449, 0.16948656737804427, 0.6116597117869536], "rotate_angle": -24.64, "rotate_angle_pred": -24.733960827200903}