{"centroid": [0.5908323843970386, -0.1458157449960709, 0.08169247690442905], "extents": [0.34246833047190817, 0.15719506144523637, 0.5908486404898786], "rotate_angle": -7.99, "rotate_angle_pred": -6.685845869080353}