{"centroid": [-0.5858811884363823, -0.05278460681438439, 0.06133760200183605], "extents": [0.34339853532447856, 0.3338903784751893, 0.6043664113375993], "rotate_angle": -36.81, "rotate_angle_pred": -35.49415781981713}