{"centroid": [0.6118472404801139, -0.06788888573646555, 0.08404235019732494], "extents": [0.3336753820708902, 0.1688910722732545, 0.6023076132408417], "rotate_angle": -40.76, "rotate_angle_pred": -39.255993999580284}