{"centroid": [0.56485399534043, 0.021601498126983608, 0.06260868303675615], "extents": [0.36367148970244284, 0.1691035628318788, 0.6014021768890807], "rotate_angle": -8.26, "rotate_angle_pred": -8.223144958167055}