{"centroid": [-0.3115375171955828, 0.11266992241144182, 0.00459424788783748], "extents": [0.6670377070999611, 0.2069122642278673, 0.45994501040783353], "rotate_angle": -42.46, "rotate_angle_pred": -41.3056723149374}