{"centroid": [0.3714089338956496, 0.12256050109863277, 0.01331161290203096], "extents": [0.6707475734834185, 0.20698523521423354, 0.445952829600142], "rotate_angle": -15.31, "rotate_angle_pred": -15.488509194772675}