{"centroid": [0.47480522278022674, 0.11114280670881266, -0.02544646203984767], "extents": [0.6579307235623302, 0.1797363162040712, 0.4641587378271678], "rotate_angle": -29.09, "rotate_angle_pred": -30.960051495740018}