{"centroid": [-0.013176005224005131, 0.13015898317098615, 0.1000620170153561], "extents": [0.4673928818087388, 0.15503998100757613, 0.4376138356615544], "rotate_angle": -20.36, "rotate_angle_pred": -21.65592345705805}