{"centroid": [0.4763232057851764, 0.06921969726681707, 0.017801990670887044], "extents": [0.19627325637584248, 0.10033582895994198, 0.578029048325174], "rotate_angle": -3.66, "rotate_angle_pred": -1.4238626373083463}