{"centroid": [0.10985314458016127, 0.044246390461921664, 0.10784466788022401], "extents": [0.5496381428590319, 0.1474869698286058, 0.555058350744976], "rotate_angle": -13.09, "rotate_angle_pred": -6.171353933300296}