{"centroid": [-0.41640666290262085, 0.059552758932113675, 0.030012524413916046], "extents": [0.20674811210216776, 0.08611607551574724, 0.5896055075712803], "rotate_angle": -13.5, "rotate_angle_pred": -13.485657657773615}