{"centroid": [-0.36535742509251967, 0.040953040122985854, 0.0295142459574659], "extents": [0.2642321328278684, 0.13336324691772475, 0.5293256123903249], "rotate_angle": -18.46, "rotate_angle_pred": -16.369370320186746}