{"centroid": [-0.020206415443939002, 0.06939294934272765, 0.07449538057682498], "extents": [0.5587764366393995, 0.0599637925624849, 0.5337353929525679], "rotate_angle": -22.39, "rotate_angle_pred": -23.29997651734422}