{"centroid": [-0.08461562551684372, -0.05913151800632488, 0.5258895067463756], "extents": [1.3106583223177566, 0.21104606986045865, 0.6876747538045883], "rotate_angle": 23.81, "rotate_angle_pred": 27.97206341559628}