{"centroid": [-0.00958917474198493, -0.003435712307691526, -0.23745832968581437], "extents": [0.4902106138362811, 0.049969151616096594, 0.2956748254199381], "rotate_angle": -23.91, "rotate_angle_pred": -21.451215763755343}