{"centroid": [0.05058312406952151, 0.02465765550732617, -0.20766017592899963], "extents": [0.46237178735309076, 0.05138952285051354, 0.3047164619152502], "rotate_angle": 11.73, "rotate_angle_pred": 13.119616610919792}