{"centroid": [-0.007892601645050457, 0.134540393948555, 0.0346644880473025], "extents": [0.6339049866105951, 0.19161535799503338, 0.4830419070415055], "rotate_angle": -11.87, "rotate_angle_pred": -7.9185399737440605}