{"centroid": [-0.009467351883761112, 0.07608111947774887, 0.027901978099067762], "extents": [0.5925623068213919, 0.16160385310649888, 0.49196272172976585], "rotate_angle": -32.91, "rotate_angle_pred": -30.69910377829538}