{"centroid": [0.014225974505674921, 0.1890658289194107, 0.052219053787251606], "extents": [0.7089496250368532, 0.24487623572349565, 0.6434018607776439], "rotate_angle": -17.96, "rotate_angle_pred": -16.93866776239726}