{"centroid": [0.04395232930902286, 0.004312735050916686, -0.07320346826959762], "extents": [0.3753032650569391, 0.0467555224895478, 0.23614525582581258], "rotate_angle": -18.27, "rotate_angle_pred": -16.07757483787536}