{"centroid": [0.0949841971925251, -0.01950351521372793, -0.06619911230397789], "extents": [0.39311750979994475, 0.07640277594327936, 0.2996555510129731], "rotate_angle": 18.42, "rotate_angle_pred": 22.593911278614414}