{"centroid": [0.10447129040476572, -0.0166174992918968, -0.06951563031328138], "extents": [0.3939824893916024, 0.07638164609670649, 0.2990459720475812], "rotate_angle": 20.7, "rotate_angle_pred": 24.699693751409626}