{"centroid": [0.055931979387876626, 0.0013683699071407492, -0.08974757876949176], "extents": [0.3886240904000867, 0.04320451617240913, 0.2480977998419582], "rotate_angle": -9.54, "rotate_angle_pred": -6.550999869367175}