{"centroid": [0.03341855379094788, -0.0011689346283674227, -0.044850640437067595], "extents": [0.36337185488840096, 0.05919864773750314, 0.23467764634798471], "rotate_angle": -37.09, "rotate_angle_pred": -34.176891003455296}