{"centroid": [0.041467633478613604, 0.00025098957121372526, -0.04931347883010661], "extents": [0.36204495816605087, 0.05936978384852418, 0.23265498741986518], "rotate_angle": -36.39, "rotate_angle_pred": -33.81030508176192}