{"centroid": [0.31855115309953996, 0.0014589168131351245, 0.06830101046795313], "extents": [0.5643367639418049, 0.08595403283834471, 0.5663910379774253], "rotate_angle": -10.28, "rotate_angle_pred": -9.611258710963895}