{"centroid": [0.5964743966971343, 0.15648487210273748, -0.2780003926821406], "extents": [0.33946048238698523, 0.1099132746458055, 0.6494664363342828], "rotate_angle": 1.53, "rotate_angle_pred": -5.432188548715601}