{"centroid": [0.31486320765096, -0.021346360445022583, 0.03200631513938525], "extents": [0.5355404587520192, 0.08818626403808608, 0.5304730506935325], "rotate_angle": 3.62, "rotate_angle_pred": 6.985612202712673}