{"centroid": [0.17628888874086135, -0.03426109999418257, 0.0328955700833596], "extents": [0.5743637038100385, 0.10250927507877368, 0.5434875443939788], "rotate_angle": 40.25, "rotate_angle_pred": 38.930457324295446}