{"centroid": [-0.29941642849568395, -0.0007335282862186562, 0.06524070912294896], "extents": [0.5952751715525098, 0.10362701863050475, 0.57007641356954], "rotate_angle": -0.7, "rotate_angle_pred": -1.4615547219849532}