{"centroid": [0.6725075161552216, 0.14808483421802515, -0.09785112956658418], "extents": [0.26602666866787583, 0.07823970913887038, 0.5901356183433425], "rotate_angle": -28.78, "rotate_angle_pred": -35.61009953581677}