{"centroid": [0.02367776498917249, 0.12657701969146729, 0.03980149084210044], "extents": [1.0287907423923572, 0.3343937397003176, 0.6454401204673131], "rotate_angle": -33.64, "rotate_angle_pred": -34.22590366618293}