{"centroid": [0.026311867881739018, 0.039346972480416284, 0.043688811656827], "extents": [0.6906008838626767, 0.12666001915931713, 0.5369538756742718], "rotate_angle": 4.92, "rotate_angle_pred": 6.368006188306197}