{"centroid": [-0.02015478590468664, -0.03999977931380273, 0.04693688350087573], "extents": [0.699171179429974, 0.09260329604148881, 0.5355082107832548], "rotate_angle": -20.2, "rotate_angle_pred": -20.061735535966946}