{"centroid": [-0.015638776720076693, 0.1551565378904342, 0.03813088411946388], "extents": [0.8264423624159536, 0.2909395396709444, 0.8100342765623603], "rotate_angle": -13.67, "rotate_angle_pred": -11.287723057815896}