{"centroid": [0.009414646468038072, 0.1339922361075878, 0.03464665062656377], "extents": [0.8673414091305313, 0.2778009176254274, 0.7652181474623887], "rotate_angle": 43.0, "rotate_angle_pred": 38.431798112741546}