{"centroid": [0.01883263095063071, 0.14284327626228327, 0.03933030446813994], "extents": [0.9725065138825664, 0.2621420621871951, 1.1815919763714402], "rotate_angle": -22.05, "rotate_angle_pred": -22.645847251480376}