{"centroid": [0.02731688904129092, 0.08778305351734161, 0.0019902181855542683], "extents": [1.0044969610567132, 0.27757525444030795, 1.162682566862245], "rotate_angle": 28.08, "rotate_angle_pred": 27.727027946659902}