{"centroid": [0.36729319617599704, -0.08204162120819093, 0.36356344004634944], "extents": [0.526136172589468, 0.16354906558990495, 0.5547788276993947], "rotate_angle": 31.1, "rotate_angle_pred": 35.18041936282147}