{"centroid": [0.04803474089729344, 0.06088307127356527, 0.11254788851307741], "extents": [0.5933290654628864, 0.1052865236997606, 0.706472269859278], "rotate_angle": 3.12, "rotate_angle_pred": 6.136121831397531}