{"centroid": [0.026189187345624077, 0.06245257705450054, 0.1819724278440563], "extents": [0.48083886367536566, 0.09361900389194505, 0.6781054715914452], "rotate_angle": -17.13, "rotate_angle_pred": -16.960104907352004}