{"centroid": [-0.2691168575196622, -0.26415519416332245, 0.24598969778932425], "extents": [0.38735694206990556, 0.22317913174629225, 0.41609579876673974], "rotate_angle": -18.99, "rotate_angle_pred": -14.904587186130257}