{"centroid": [0.06891977029424967, 0.05397662520408625, 0.2172145416375881], "extents": [0.4670711358277302, 0.16139774024486553, 0.45450155959352406], "rotate_angle": -17.63, "rotate_angle_pred": -10.20695859534878}