{"centroid": [-0.011084358614764207, 0.1996423304080963, 0.018645990427380958], "extents": [0.7532013514214473, 0.28138267993927024, 0.767536447036471], "rotate_angle": 34.75, "rotate_angle_pred": 29.958733503835504}