{"centroid": [0.3816500878822949, -0.006380707025527983, 0.051209107298993556], "extents": [0.5289674907162228, 0.08028139173984541, 0.5608860158679423], "rotate_angle": -18.11, "rotate_angle_pred": -11.29340408845053}