{"centroid": [0.007711645431267053, 0.056413389742374406, 0.058533825965442904], "extents": [0.4298665463747038, 0.15245710313320174, 0.47824611594762656], "rotate_angle": -28.56, "rotate_angle_pred": -28.3410437291452}