{"centroid": [0.04963714894097787, 0.04144993424415587, 0.034318080726432], "extents": [0.4229635371440287, 0.16156280040740978, 0.5056851593735268], "rotate_angle": -21.68, "rotate_angle_pred": -19.983821361379228}