{"centroid": [-0.556511615104275, -0.12979728728532788, 0.10525039745581174], "extents": [0.37111955941927677, 0.21629504859447493, 0.66236215938379], "rotate_angle": -16.45, "rotate_angle_pred": -18.53656763776017}