{"centroid": [-0.5966846942313913, 0.18489097058773046, 0.11592187592068873], "extents": [0.3900310805531284, 0.19175073504447954, 0.6345068395858595], "rotate_angle": -41.54, "rotate_angle_pred": -42.846050185551825}