{"centroid": [-0.39383297644128734, -0.08418257534503941, 0.13370538150569589], "extents": [0.26829383561978376, 0.22814092040061962, 0.48827047584129535], "rotate_angle": -1.05, "rotate_angle_pred": -0.10923497155012285}