{"centroid": [-0.5375984953514447, -0.19879359751939768, 0.113492395563495], "extents": [0.371693913526408, 0.21558158099651348, 0.6648687798255586], "rotate_angle": -24.37, "rotate_angle_pred": -26.24238477547145}