{"centroid": [-0.06908151556426481, 0.3783844299614429, 0.06103321130199942], "extents": [0.7659884934732626, 0.08357999473810213, 0.5333576967984024], "rotate_angle": -24.07, "rotate_angle_pred": -24.500916387442487}