{"centroid": [-0.5089889690983166, 0.315991073846817, 0.13988617832633796], "extents": [0.44286446590637496, 0.11757773160934465, 0.6085916000368317], "rotate_angle": -3.51, "rotate_angle_pred": -2.4681166343560506}