{"centroid": [0.6643869878682642, -0.22990266978740703, 0.03676895992982864], "extents": [0.34604990775207045, 0.1826708018779756, 0.616465156527373], "rotate_angle": -43.09, "rotate_angle_pred": -46.40886583228203}