{"centroid": [-0.08335734901023098, 0.23106236383318896, -0.06000554741195664], "extents": [0.5075187731207103, 0.08751752227544801, 0.6085414348104524], "rotate_angle": 26.49, "rotate_angle_pred": 29.75876807120048}