{"centroid": [0.21851663012529968, 0.04303429462015626, 0.06926922238880454], "extents": [0.4039861924970585, 0.10411851853132263, 0.6306594714931484], "rotate_angle": -14.63, "rotate_angle_pred": -11.219338174694897}