{"centroid": [0.004760658924478103, 0.01981953158974646, 0.11309386692910929], "extents": [0.4015362289197063, 0.10815327614545842, 0.7258129763768635], "rotate_angle": -16.73, "rotate_angle_pred": -16.56357266406414}