{"centroid": [0.47086527603878714, 0.02623659372329706, 0.06329422661612175], "extents": [0.4075777259421923, 0.10626053810119648, 0.7178942608310184], "rotate_angle": -24.34, "rotate_angle_pred": -23.097406301971432}