{"centroid": [-0.4350973298214612, 0.009192474186420453, 0.015510695207255967], "extents": [0.4179368673045104, 0.10352502763271348, 0.718445251403517], "rotate_angle": -10.6, "rotate_angle_pred": -9.468057017339632}