{"centroid": [-0.09683396342847189, 0.04543756786733864, 0.03573985556363893], "extents": [0.41576880728434906, 0.11329668760299698, 0.6819232786204101], "rotate_angle": 16.31, "rotate_angle_pred": 19.618271721422616}