{"centroid": [0.3434566353937674, -0.014945335686206797, 0.026564909354473806], "extents": [0.4340797227058669, 0.13795349001884477, 0.5365376302329138], "rotate_angle": 23.28, "rotate_angle_pred": 22.252276870167663}