{"centroid": [0.5161833251068069, 0.28866143524646765, 0.07329272340770437], "extents": [0.5729098969087372, 0.1974423825740816, 0.41401967789526073], "rotate_angle": 41.52, "rotate_angle_pred": 44.772748798892906}