{"centroid": [-0.4699767666424638, 0.40102407336235035, -0.01416990337905373], "extents": [0.5143308070791373, 0.2596684694290161, 0.45001149416511627], "rotate_angle": 0.98, "rotate_angle_pred": 6.102427668601294}