{"centroid": [-0.041071190893297235, 0.30869246274232864, 0.1090830713817536], "extents": [0.7212593735143842, 0.20341302454471605, 0.5894101408937287], "rotate_angle": -17.99, "rotate_angle_pred": -18.20502571963017}