{"centroid": [0.6166367034731937, -0.1152992099523545, 0.08362231644807891], "extents": [0.3897343825501528, 0.16717007756233232, 0.5410705737525124], "rotate_angle": -30.56, "rotate_angle_pred": -28.951608672246927}