{"centroid": [-0.1239857813931972, 0.32957202941179276, 0.1754025356429841], "extents": [0.5593823104567114, 0.0729181319475175, 0.3870895144692567], "rotate_angle": 42.4, "rotate_angle_pred": 39.752260581608965}