{"centroid": [-0.5895580806643426, -0.14063641428947443, 0.09891584708172521], "extents": [0.39924093764159346, 0.21033567190170302, 0.5453997807144996], "rotate_angle": -40.86, "rotate_angle_pred": -42.27018755100197}