{"centroid": [-0.5622047309150303, 0.07145985960960392, 0.04422318590009253], "extents": [0.40082474765082016, 0.1927352845668794, 0.5256968634618759], "rotate_angle": -20.69, "rotate_angle_pred": -21.605450818896486}