{"centroid": [0.6042406662590498, -0.33536125719547266, 0.004353014018625666], "extents": [0.4309903590785979, 0.1856036484241487, 0.5494083050766738], "rotate_angle": 34.28, "rotate_angle_pred": 30.430914136545482}