{"centroid": [0.33679513729367694, 0.14161962270736683, 0.28761210870138587], "extents": [0.42216548896678086, 0.1380602121353151, 0.5841190894260161], "rotate_angle": -25.61, "rotate_angle_pred": -24.235436077263643}