{"centroid": [0.2978958982983429, -0.22954994440078746, 0.28344835315424977], "extents": [0.5210654042787608, 0.16118878126144426, 0.5709612263543511], "rotate_angle": -41.24, "rotate_angle_pred": -36.56095780769363}