{"centroid": [0.378789718762527, 0.040216324850916814, 0.21227119633996314], "extents": [0.4491670209228409, 0.1139846593141557, 0.6106318936864452], "rotate_angle": 5.91, "rotate_angle_pred": 3.456283780421259}