{"centroid": [0.3517619251634456, -0.10677650570869451, 0.24138032999674847], "extents": [0.4718009988320815, 0.14767253398895278, 0.5935339156481181], "rotate_angle": -6.2, "rotate_angle_pred": -6.455505954449791}