{"centroid": [0.3184160854119472, -0.2293806448578835, 0.26109824543087323], "extents": [0.41767988022075464, 0.12984909117221843, 0.5952116309869716], "rotate_angle": -0.56, "rotate_angle_pred": -1.4799091160897433}