{"centroid": [0.2684875895594246, -0.15361757576465607, 0.048260568916833474], "extents": [0.518734936553018, 0.15559044480323803, 0.5058475777730906], "rotate_angle": 12.21, "rotate_angle_pred": 13.738815143831246}