{"centroid": [0.26856955181569897, -0.14540919661521914, 0.08718242928017216], "extents": [0.4915280722631459, 0.13104099035263073, 0.4990844512313848], "rotate_angle": -18.98, "rotate_angle_pred": -17.189795835568802}