{"centroid": [0.020647931905198914, -0.13230246305465695, 0.06404852511202547], "extents": [0.422340618081113, 0.23631191253662115, 0.308013667821581], "rotate_angle": -32.09, "rotate_angle_pred": -32.19743687351461}