{"centroid": [0.009397030497835846, -0.01444382965564728, 0.031447525716355396], "extents": [0.4143335009039395, 0.17307493090629583, 0.29621863964745476], "rotate_angle": -20.4, "rotate_angle_pred": -17.34346605320178}