{"centroid": [0.2420308926542013, 0.03929138183593748, 0.2235044424305468], "extents": [0.3554272667769486, 0.1163512095808984, 0.483436288638891], "rotate_angle": 36.26, "rotate_angle_pred": 33.46837266208139}