{"centroid": [0.15087855652101506, 0.029185041785240187, 0.012946667022086897], "extents": [0.5947911260472116, 0.10710729658603688, 0.6223061803383211], "rotate_angle": 36.3, "rotate_angle_pred": 35.84881434830801}