{"centroid": [0.26384975944507016, 0.23050323873758313, 0.03402480179167633], "extents": [0.4391734419120439, 0.18403266370296492, 0.44937030678882584], "rotate_angle": -23.65, "rotate_angle_pred": -24.22926384971342}