{"centroid": [0.264297915289558, -0.301416426897049, 0.04244822335352985], "extents": [0.43639183385663904, 0.18581670522689833, 0.44846302621558487], "rotate_angle": -35.7, "rotate_angle_pred": -34.8789497174359}