{"centroid": [0.2935783917744605, 0.078657859005034, -0.0020133901211357164], "extents": [0.4673160552462951, 0.1771368980407716, 0.45345109117791793], "rotate_angle": 21.64, "rotate_angle_pred": 22.7339281331912}