{"centroid": [0.23694055437624414, -0.27461275458335876, 0.03654294389982207], "extents": [0.4170154106268741, 0.20416635274887096, 0.4494364338338248], "rotate_angle": 12.95, "rotate_angle_pred": 14.990727830101065}