{"centroid": [0.2570792077430656, 0.15585059672594068, 0.006685808491458903], "extents": [0.46652240117155863, 0.15517896413803112, 0.44177845647011194], "rotate_angle": -30.46, "rotate_angle_pred": -28.218441605229813}