{"centroid": [0.25634567225405186, 0.06043294817209241, 0.032937709103131055], "extents": [0.4370748421204201, 0.16940118372440355, 0.4458322247928286], "rotate_angle": -24.58, "rotate_angle_pred": -25.454121428417693}