{"centroid": [-0.25015401062707865, 0.021564394235610948, 0.03622684934099915], "extents": [0.4733828429507398, 0.13480524718761455, 0.4062176154569368], "rotate_angle": 1.06, "rotate_angle_pred": 2.891943686061026}