{"centroid": [0.41225831310455957, -0.008026525378227203, 0.012011972098079946], "extents": [0.48228774181593703, 0.12952312827110302, 0.4301808241477443], "rotate_angle": 20.79, "rotate_angle_pred": 23.920620950942933}