{"centroid": [0.01891039983877798, 0.11369964480400098, -0.7059492056279058], "extents": [0.6066979657702085, 0.12863725423812883, 0.5364035868357511], "rotate_angle": -24.35, "rotate_angle_pred": -31.032142171830422}