{"centroid": [-0.09021476663408806, 0.18144419044256221, -0.5146446930746945], "extents": [0.5480155797355335, 0.1338239908218385, 0.33999138155607167], "rotate_angle": -28.76, "rotate_angle_pred": -20.56428597055867}