{"centroid": [-0.031219557677067418, 0.22152318060398102, 0.04354649391752962], "extents": [0.7425929310428446, 0.14374729990959192, 0.8371229770607276], "rotate_angle": 30.79, "rotate_angle_pred": 31.753270514720825}