{"centroid": [-0.6195011500164168, -0.12904614210128776, 0.06980488895065512], "extents": [0.33997016530067575, 0.26405888795852683, 0.8743394455076575], "rotate_angle": -24.2, "rotate_angle_pred": -22.926089011109184}