{"centroid": [0.5446577065577083, -0.06688726693391803, 0.01237996536790776], "extents": [0.3383527340701505, 0.12520751357078577, 0.8436090803063299], "rotate_angle": -14.2, "rotate_angle_pred": -11.865806668137765}