{"centroid": [-0.6055019989997572, 0.013653099536895752, 0.06316280335389664], "extents": [0.31839424300885566, 0.32243636250495933, 0.846164582277372], "rotate_angle": -11.15, "rotate_angle_pred": -11.697937994668266}