{"centroid": [0.5928045713417249, -0.23725104331970215, 0.06621227983342495], "extents": [0.2922102878128007, 0.14074271917343154, 0.8089378667644775], "rotate_angle": -10.22, "rotate_angle_pred": -10.688617927374807}