{"centroid": [0.574345263657729, -0.24713348597288143, 0.17210979941989643], "extents": [0.33010589716465755, 0.12923286855220814, 0.8379354385551765], "rotate_angle": -23.91, "rotate_angle_pred": -21.761262263251837}