{"centroid": [0.5699907047637096, -0.09535422921180721, 0.04634133970050709], "extents": [0.29760277802559537, 0.14086973667144795, 0.820984557026288], "rotate_angle": 15.84, "rotate_angle_pred": 16.98709675059729}