{"centroid": [-0.39091403379955353, 0.21456752717494967, 0.0330587980662866], "extents": [0.18495037943217818, 0.29372224211692827, 0.7403799211950916], "rotate_angle": -30.53, "rotate_angle_pred": -29.28641990371944}