{"centroid": [0.3625420488173208, 0.19141128659248352, 0.03274805897773595], "extents": [0.18412595734416798, 0.2902668714523317, 0.7314530510570687], "rotate_angle": -6.51, "rotate_angle_pred": -5.4296717709000575}