{"centroid": [0.5076072018884703, 0.22594773024320602, -0.05445224264091304], "extents": [0.1920415597496336, 0.2850550413131715, 0.7287335348081172], "rotate_angle": 5.66, "rotate_angle_pred": 7.310077365731772}