{"centroid": [-0.021663320439778595, 0.0936543345451355, 0.021272283768009437], "extents": [0.17583860804451823, 0.1417907178401948, 0.5790538902279714], "rotate_angle": -4.58, "rotate_angle_pred": -4.06752463657638}