{"centroid": [0.28386660984831213, 0.093775175511837, 0.024409742057146976], "extents": [0.5160197045049562, 0.10569421947002425, 0.45706290232259794], "rotate_angle": -5.74, "rotate_angle_pred": -5.514024696793626}