{"centroid": [-0.24412812600193115, 0.0674498900771141, 0.020737082034132832], "extents": [0.5712134806580745, 0.11939778178930294, 0.45111733426045364], "rotate_angle": -13.43, "rotate_angle_pred": -11.398430104276812}