{"centroid": [0.22664897125673933, -0.06699133291840555, 0.010161478466712684], "extents": [0.4472518441115032, 0.13005232810974135, 0.5749989590954665], "rotate_angle": -15.83, "rotate_angle_pred": -15.655741545095466}