{"centroid": [0.2885058140200803, 0.03746703639626504, 0.007188905010309242], "extents": [0.34710496434459914, 0.12567821145057692, 0.5897618493171881], "rotate_angle": 2.37, "rotate_angle_pred": 6.260305570194561}