{"centroid": [0.2940015834266524, 0.01223170757293697, 0.029939433038530104], "extents": [0.4137621940594787, 0.12371994554996507, 0.5718274283217788], "rotate_angle": -37.92, "rotate_angle_pred": -33.43909707793328}