{"centroid": [0.6439968666385795, 0.3484776094555855, -0.0030513515385281256], "extents": [0.4962979204048619, 0.19361408054828655, 0.42545032046380765], "rotate_angle": 2.76, "rotate_angle_pred": 4.262818449541754}