{"centroid": [0.035914149422111435, -0.22248366475105286, 0.008943146422320941], "extents": [0.7489284215262775, 0.18698662519454975, 0.6273390599066686], "rotate_angle": -27.24, "rotate_angle_pred": -29.116351677600676}