{"centroid": [0.39405346875131064, 0.48480138182640076, 0.043437769085068884], "extents": [0.6265050270507235, 0.2359775900840761, 0.7493329165012802], "rotate_angle": 36.3, "rotate_angle_pred": 35.88706720344503}