{"centroid": [-0.3416175441494578, 0.419560931622982, 0.06155989062375145], "extents": [0.6140111591928504, 0.21803040802478812, 0.7343382128271283], "rotate_angle": -2.35, "rotate_angle_pred": -2.171664003737021}