{"centroid": [-0.34348651834850324, 0.4355172887444496, 0.04607132576069366], "extents": [0.6530412428417073, 0.24925746023654954, 0.7553352705355916], "rotate_angle": -28.08, "rotate_angle_pred": -26.22520873010852}