{"centroid": [0.3308570147626253, 0.41679423302412033, 0.08387810310231847], "extents": [0.6250105542844111, 0.2283686548471453, 0.7475002459003744], "rotate_angle": -15.53, "rotate_angle_pred": -14.823163530134025}