{"centroid": [0.0058266802672231055, 0.46216246485710133, 0.07116032585344584], "extents": [1.3581968465552383, 0.2677698731422426, 0.5718724097747825], "rotate_angle": -4.34, "rotate_angle_pred": -4.057332395800671}