{"centroid": [0.004184631347559475, 0.48339294642210007, 0.07952031074246729], "extents": [1.393869770343471, 0.24456624686718015, 0.553695445333757], "rotate_angle": 28.07, "rotate_angle_pred": 29.494171349224956}