{"centroid": [-0.010271913098010801, -0.04137513786554338, 0.06709810267136049], "extents": [1.0280978648849002, 0.248280391097069, 0.6408275942672879], "rotate_angle": -26.21, "rotate_angle_pred": -27.043017974283885}