{"centroid": [0.01419690105391102, 0.5614014416933061, 0.07622914028054138], "extents": [0.988347171547183, 0.2856234610080721, 0.6252561800104561], "rotate_angle": 36.31, "rotate_angle_pred": 36.36531841137284}