{"centroid": [-0.01270243299012988, 0.5741164684295654, 0.08617633708498587], "extents": [0.8524644142940349, 0.323026776313782, 0.9278551087686567], "rotate_angle": -32.84, "rotate_angle_pred": -29.696106343436398}