{"centroid": [-0.00964051748332715, 0.18077488988637924, 0.0832822648335847], "extents": [0.8859560629692312, 0.45273274183273343, 0.8666518467560506], "rotate_angle": -44.47, "rotate_angle_pred": -41.852143054548186}