{"centroid": [-0.028533219538153833, -0.3407527506351471, 0.09468340426873362], "extents": [0.8700026286973297, 0.5276708006858828, 0.9025669707688515], "rotate_angle": -42.47, "rotate_angle_pred": -39.6397110098341}