{"centroid": [-0.01765314054633317, 0.15442891418933863, 0.11698545720719004], "extents": [0.8782143573830676, 0.45979556441307085, 0.9136269072789721], "rotate_angle": -14.22, "rotate_angle_pred": -13.369240159344528}