{"centroid": [-0.01414426970099808, 0.12989626824855804, 0.08453667600387355], "extents": [0.8746487101505219, 0.4527431130409244, 0.9138742893522908], "rotate_angle": 25.37, "rotate_angle_pred": 27.358018696042308}