{"centroid": [-0.017684345445005488, -0.33264289796352386, 0.11421700272674337], "extents": [0.8870476344161073, 0.5011439323425295, 0.9046326732770893], "rotate_angle": -10.02, "rotate_angle_pred": -8.999462270125207}