{"centroid": [-0.014820333053201178, 0.5372320860624313, 0.11135919072763414], "extents": [0.878503103298018, 0.2999867498874667, 0.9161620339422647], "rotate_angle": -15.43, "rotate_angle_pred": -14.191106729021328}