{"centroid": [-0.011347736833987293, -0.031243547797203074, 0.07854133885202585], "extents": [0.7727231923389375, 0.2673567235469821, 0.9235335521548842], "rotate_angle": -39.14, "rotate_angle_pred": -37.63127373263639}