{"centroid": [-0.04248714398817779, -0.428745150566101, 0.08389361485409562], "extents": [0.7653434384153464, 0.45917081832885753, 0.8859974270420428], "rotate_angle": -32.61, "rotate_angle_pred": -29.90626943160631}