{"centroid": [-0.014919873060175247, -0.03015249967575074, 0.07769981150722498], "extents": [0.7413562485784779, 0.30409997701644925, 0.9273960527246302], "rotate_angle": -41.01, "rotate_angle_pred": -39.325638031246804}