{"centroid": [-0.008607423592605135, -0.39756162464618683, 0.07322189071531032], "extents": [0.7876145847343008, 0.42658746242523216, 0.9174671182009095], "rotate_angle": -12.52, "rotate_angle_pred": -10.791638563603883}