{"centroid": [-0.01618757154522244, 0.5339035391807556, 0.10020532039208796], "extents": [0.9649376834387886, 0.27935802936553983, 0.8743235437319915], "rotate_angle": -29.17, "rotate_angle_pred": -29.025945097741143}