{"centroid": [-0.000869678208174185, 0.162473663687706, 0.09455249925306491], "extents": [0.9744890000649059, 0.4520931541919711, 0.8692789313678602], "rotate_angle": -33.14, "rotate_angle_pred": -32.86483868229253}