{"centroid": [-0.03288995828061782, -0.36660951375961304, 0.06220186581041396], "extents": [1.1800814851892865, 0.5279812812805178, 0.6220293037070509], "rotate_angle": 10.76, "rotate_angle_pred": 11.675514943993676}