{"centroid": [-0.00993636775144343, -0.3204898312687874, 0.098753815098483], "extents": [0.9773891939066885, 0.4735284447669985, 0.8681046762750709], "rotate_angle": -32.93, "rotate_angle_pred": -32.69599723712578}