{"centroid": [-0.026677874359199105, 0.5780200660228729, 0.09032576220631461], "extents": [1.163362397283437, 0.2786754965782168, 0.6275264693282548], "rotate_angle": -15.07, "rotate_angle_pred": -12.460922482683259}