{"centroid": [0.006365559420064053, 0.17323457449674606, 0.06515533014437913], "extents": [0.9590783334026991, 0.4561147689819338, 0.8706481651774325], "rotate_angle": 9.43, "rotate_angle_pred": 10.111052785004063}