{"centroid": [0.005262573065524127, 0.5723427534103394, 0.06806650762655816], "extents": [0.9424688877217033, 0.3015031814575198, 0.8734725174353468], "rotate_angle": 39.73, "rotate_angle_pred": 37.996764350572946}