{"centroid": [-0.005923711526190048, 0.5518161207437515, 0.06962988304072332], "extents": [1.169774566986351, 0.2960879504680636, 0.6709183653351488], "rotate_angle": -16.13, "rotate_angle_pred": -16.597421417311153}