{"centroid": [-0.012807505338080047, 0.15303718298673624, 0.07689025784332282], "extents": [1.1639803338945236, 0.4675056338310242, 0.6413962074689645], "rotate_angle": -0.4, "rotate_angle_pred": 0.5632102623342661}