{"centroid": [0.005731238087038737, 0.5315272212028503, 0.05245478861937857], "extents": [0.7357126414411124, 0.31533616781234763, 0.9146698042699646], "rotate_angle": 28.79, "rotate_angle_pred": 27.830123979483787}