{"centroid": [0.0005583467488925187, 0.5393679141998291, 0.07585409479744179], "extents": [0.8730150519248339, 0.2859132289886477, 0.656492833688187], "rotate_angle": -25.78, "rotate_angle_pred": -24.15747069490324}