{"centroid": [0.01311410485617149, 0.49898661673068995, 0.08783014591692503], "extents": [0.7219829461015292, 0.2862548530101778, 0.8749215483738553], "rotate_angle": -10.35, "rotate_angle_pred": -8.534277507032428}