{"centroid": [-0.3297318674302304, 0.4319189041852951, 0.05837513160815647], "extents": [0.6571953251141432, 0.23372188210487388, 0.7359616705463596], "rotate_angle": -20.3, "rotate_angle_pred": -19.770396496184134}