{"centroid": [0.3613737974183591, 0.4650454595685005, 0.04859703954326378], "extents": [0.6320478961065388, 0.23506976664066337, 0.7474488073037852], "rotate_angle": -20.29, "rotate_angle_pred": -18.63324274010874}