{"centroid": [0.3371657558412085, 0.4261990189552307, 0.07157228059678987], "extents": [0.6667240965628325, 0.24852192401886009, 0.7390501618393381], "rotate_angle": -15.66, "rotate_angle_pred": -14.666819895321652}