{"centroid": [0.02221907592053486, 0.11711376905441284, -0.029284684101377786], "extents": [0.528242455958594, 0.06853637099266074, 0.9803521990244566], "rotate_angle": -12.57, "rotate_angle_pred": -13.761551761657813}