{"centroid": [0.35968501585077384, 0.4435066655278206, 0.08321116808938675], "extents": [0.6688108539307481, 0.24991665780544303, 0.7351204857443783], "rotate_angle": -15.95, "rotate_angle_pred": -14.402349955224736}