{"centroid": [-0.3351856481761025, 0.45481646060943604, 0.0538637688101163], "extents": [0.6647218406392816, 0.25824731588363664, 0.7597359947010947], "rotate_angle": -42.95, "rotate_angle_pred": -41.86799602985203}