{"centroid": [0.38716943663611647, 0.48096783459186554, 0.0030642162644345244], "extents": [0.6377465592357551, 0.23702332377433794, 0.7512934051722353], "rotate_angle": 11.24, "rotate_angle_pred": 8.29203680251318}