{"centroid": [-0.34301813133875403, 0.46845072507858276, 0.04724093118538667], "extents": [0.6653684469233361, 0.26584929227828996, 0.7796871769434661], "rotate_angle": -35.31, "rotate_angle_pred": -33.85978480847417}