{"centroid": [0.011230516005547933, 0.5055054873228073, 0.10644062545803745], "extents": [0.7392479845377976, 0.30232635140419034, 0.9086493933388231], "rotate_angle": -19.18, "rotate_angle_pred": -19.09546109922441}