{"centroid": [-0.007703807833186631, 0.5180127620697021, 0.06442792567743585], "extents": [0.75547612333534, 0.31000769138336204, 0.9312003331327035], "rotate_angle": -7.02, "rotate_angle_pred": -4.360810124529095}