{"centroid": [0.37967339962423596, 0.4722090736031531, 0.038574736469216296], "extents": [0.6520416842741061, 0.2375877648591997, 0.7579140786518985], "rotate_angle": -9.62, "rotate_angle_pred": -9.364082847145653}