{"centroid": [0.36173777604302304, 0.5221554413437843, 0.04915867905477813], "extents": [0.707204444418245, 0.2483729571104052, 0.7660442410041366], "rotate_angle": 11.98, "rotate_angle_pred": 13.35463486324116}