{"centroid": [-0.35216787915248177, 0.4775767251849174, 0.03727311222893815], "extents": [0.6993471495020658, 0.2470081001520158, 0.759395849833884], "rotate_angle": -35.01, "rotate_angle_pred": -34.828460453442105}