{"centroid": [-0.03469646698826201, -0.4288053810596466, 0.09361944771121652], "extents": [1.0595214538640854, 0.4727825522422792, 0.632639239551501], "rotate_angle": -3.11, "rotate_angle_pred": -0.9258303681567241}