{"centroid": [-0.0021734973311795525, 0.2813336849212646, 0.08800463453514315], "extents": [1.1033773089712784, 0.2670289278030398, 0.6959030418477773], "rotate_angle": -25.84, "rotate_angle_pred": -26.17275943620311}