{"centroid": [-0.0022670425359833796, -0.40119053423404694, 0.09110111070624363], "extents": [1.1146234007604185, 0.4585956037044527, 0.6948541832848343], "rotate_angle": -2.79, "rotate_angle_pred": -2.2811840643671673}