{"centroid": [-0.006166328075754346, -0.02440452575683595, 0.0842683309001821], "extents": [1.0994056787615636, 0.2727977037429812, 0.6955797281452545], "rotate_angle": -24.96, "rotate_angle_pred": -24.705445563936408}