{"centroid": [-0.012069394409343681, 0.308350533246994, 0.09528006435345054], "extents": [1.0833952215384546, 0.26079744100570695, 0.677466915731793], "rotate_angle": -1.12, "rotate_angle_pred": 1.5654397859415354}