{"centroid": [-0.008903371988207356, -0.04140686988830567, 0.09955164770550418], "extents": [1.0717291842708416, 0.27403885126113914, 0.6493189937421694], "rotate_angle": -19.12, "rotate_angle_pred": -17.097722002442282}