{"centroid": [0.20000464890100267, 0.14400261640548706, 0.09423001243868445], "extents": [0.7185439904722627, 0.3017088472843171, 0.4432718953902154], "rotate_angle": 20.29, "rotate_angle_pred": 22.601518533811728}