{"centroid": [0.014901223410049957, 0.4323761984705925, 0.03910206537452547], "extents": [1.1423262461932477, 0.15971817076206235, 1.0970857243495242], "rotate_angle": -16.76, "rotate_angle_pred": -15.677286369729089}