{"centroid": [0.012236099203578987, 0.01936770230531693, -0.04817192277484442], "extents": [1.201064141702731, 0.15770857036113767, 1.1337805095445717], "rotate_angle": -11.76, "rotate_angle_pred": -11.335905746420053}