{"centroid": [0.1548102693320823, -0.551298201084137, 0.017059913109421006], "extents": [0.7455667508067815, 0.2993680238723757, 0.47528787065698763], "rotate_angle": 28.84, "rotate_angle_pred": 32.29845223309596}