{"centroid": [0.020797538086789205, 0.0447799265384674, 0.031362573894485726], "extents": [1.1583945306433068, 0.1760591268539432, 1.0945379313799464], "rotate_angle": -31.87, "rotate_angle_pred": -31.29028820855487}