{"centroid": [0.10845054541645474, -0.20261269807815552, 0.05982635544523261], "extents": [0.7575905381092293, 0.2907245159149171, 0.4469387863558305], "rotate_angle": 3.11, "rotate_angle_pred": 5.029915975457342}