{"centroid": [0.12134399594578366, 0.5232114791870117, 0.06772307932264537], "extents": [0.7656941397549137, 0.308382034301758, 0.4663840820379327], "rotate_angle": 7.67, "rotate_angle_pred": 13.483900791373557}