{"centroid": [0.004711700583718323, -0.4744645506143571, -0.008726841065654939], "extents": [1.1608262931575253, 0.31911048293113753, 1.1289229079280836], "rotate_angle": 36.53, "rotate_angle_pred": 37.29736832962256}