{"centroid": [0.00950681184675875, -0.12954195216298103, 0.0209270540529308], "extents": [1.1648277298400629, 0.18154098093509707, 1.094956541105757], "rotate_angle": -27.22, "rotate_angle_pred": -27.82562807429356}