{"centroid": [0.6081406159460802, 0.3457865715026855, 0.058328220212131604], "extents": [0.4796196299450001, 0.18661510944366472, 0.41310871311897573], "rotate_angle": -30.83, "rotate_angle_pred": -30.9454398540973}