{"centroid": [0.0011795346988363944, 0.5172338783740997, 0.07976809163418798], "extents": [0.8686041456852469, 0.2947427630424501, 0.8961453665738963], "rotate_angle": -13.61, "rotate_angle_pred": -12.266885091677366}