{"centroid": [0.001143946083381371, 0.1348889023065567, 0.07549134788464346], "extents": [0.8597362257267789, 0.4705329239368441, 0.8953848109874056], "rotate_angle": -18.97, "rotate_angle_pred": -18.242689692127897}