{"centroid": [-0.025403990979944793, 0.15419265627861017, 0.09503752249363055], "extents": [0.8814445728287624, 0.44277638196945207, 0.8525213593656826], "rotate_angle": -22.77, "rotate_angle_pred": -20.114643668832954}