{"centroid": [0.008735744910698812, -0.4169768989086151, 0.03907493168966761], "extents": [0.8447787722552141, 0.5085679888725283, 0.8877682644724385], "rotate_angle": 39.17, "rotate_angle_pred": 38.64900795356303}