{"centroid": [-0.015054069438264588, 0.5439781248569487, 0.08344340825864482], "extents": [0.8520407673871822, 0.3132772445678713, 0.9082856771318704], "rotate_angle": 20.91, "rotate_angle_pred": 23.24469253012262}