{"centroid": [0.0071712237370741005, -0.20725097507238383, 0.004266774704251283], "extents": [0.5854955969962505, 0.08137132227420824, 0.8418731177272756], "rotate_angle": -0.86, "rotate_angle_pred": 0.23420764978199315}