{"centroid": [0.012730152122739091, -0.20744561403989792, 0.00406684748122145], "extents": [0.5846550391594425, 0.08019728958606737, 0.8410177721820613], "rotate_angle": -1.25, "rotate_angle_pred": -0.3793837134864475}