{"centroid": [-0.01964939517033286, 0.5422756373882294, 0.09357861312182175], "extents": [0.989304911460535, 0.28146958351135276, 0.6275289130306608], "rotate_angle": -31.48, "rotate_angle_pred": -26.649114044681696}