{"centroid": [-0.005148014879753332, -0.0031502097845077653, 0.08215882408103992], "extents": [1.0093785270431492, 0.24311894178390517, 0.63400207355037], "rotate_angle": -0.15, "rotate_angle_pred": -0.5646063558345134}