{"centroid": [-0.012005210149861084, 0.5242812931537628, 0.08312328180950472], "extents": [1.0252190949806002, 0.2972363829612734, 0.6373068169770778], "rotate_angle": -37.06, "rotate_angle_pred": -36.59578608563642}