{"centroid": [-0.011768243673692322, 0.252205565571785, 0.08553589511071077], "extents": [0.9830159983647344, 0.24043485522270228, 0.615830292381339], "rotate_angle": -33.9, "rotate_angle_pred": -31.898837700407483}