{"centroid": [-0.016953674761865392, -0.0715027451515198, 0.0853669741917926], "extents": [0.9916163718367285, 0.26406431198120134, 0.629520239695057], "rotate_angle": 7.01, "rotate_angle_pred": 9.877071375456183}