{"centroid": [0.0037175535627869405, 0.25334740430116653, 0.08880100079819944], "extents": [0.9997621858870955, 0.24284778535366072, 0.6265189104391984], "rotate_angle": -1.86, "rotate_angle_pred": -1.6901658109458282}