{"centroid": [0.012499127876874253, -0.42092210054397583, 0.07288557207748005], "extents": [0.9890796851678246, 0.4358397722244265, 0.5930958814462787], "rotate_angle": 41.84, "rotate_angle_pred": 43.09307651114898}