{"centroid": [-0.046979350711557864, -0.33954390883445745, 0.10301116898788615], "extents": [0.823447836394039, 0.5132939219474796, 0.8966445466940577], "rotate_angle": -8.71, "rotate_angle_pred": -4.991799531394705}