{"centroid": [-0.016173862771951673, 0.5642765164375305, 0.09392037270905483], "extents": [0.8545914705558981, 0.36011278629303, 0.9686541946134013], "rotate_angle": -6.66, "rotate_angle_pred": -4.345625624926441}