{"centroid": [-0.018706443090961075, 0.5578714907169341, 0.04596906303577123], "extents": [0.7810141826511827, 0.32425218820571927, 0.9640450809815455], "rotate_angle": 29.65, "rotate_angle_pred": 29.133919197436526}