{"centroid": [-0.026689106934707864, 0.5240783244371413, 0.09223743202741624], "extents": [0.7679272661392238, 0.3197639882564547, 0.942517848555656], "rotate_angle": -28.01, "rotate_angle_pred": -27.902075769952106}