{"centroid": [0.5942287395169525, 0.35365612804889673, 0.04269470406409688], "extents": [0.4830224131089296, 0.17941096425056474, 0.4149111436399172], "rotate_angle": -30.77, "rotate_angle_pred": -31.018532627141724}