{"centroid": [-0.5727863045588014, 0.3467361330986023, 0.02937438294713118], "extents": [0.4835450970480237, 0.18397217988967907, 0.41084194380429473], "rotate_angle": -10.01, "rotate_angle_pred": -8.829152569237124}