{"centroid": [-0.6069268318391688, 0.38682888448238373, 0.03209180543416694], "extents": [0.46772826913576393, 0.2114866077899934, 0.4305258503342668], "rotate_angle": -20.39, "rotate_angle_pred": -17.85118271127287}