{"centroid": [0.6448846892283402, 0.3502565994858741, 0.01262713304963273], "extents": [0.4898393230597105, 0.19360662996768963, 0.4270952708623853], "rotate_angle": -6.9, "rotate_angle_pred": -5.5117915089572165}