{"centroid": [-0.011218703942422775, 0.5266478285193443, 0.05173129192766791], "extents": [1.305520872702021, 0.23893241584301023, 0.7584057337356134], "rotate_angle": -22.64, "rotate_angle_pred": -20.327367273868532}