{"centroid": [-0.004209202686322022, 0.4611809700727463, 0.06052701942213355], "extents": [1.2635851737802632, 0.23715558648109458, 0.7622146388888068], "rotate_angle": -17.92, "rotate_angle_pred": -17.84799774752254}