{"centroid": [0.32426081798181516, 0.4290449619293213, 0.0722923650844244], "extents": [0.6458775299807168, 0.23183250427246116, 0.7142820246238624], "rotate_angle": -2.07, "rotate_angle_pred": -0.18739727578247312}