{"centroid": [-0.34336787282045583, 0.4303312748670578, 0.058346985309394944], "extents": [0.6447461919467594, 0.23075905442237876, 0.7153225029362078], "rotate_angle": -17.25, "rotate_angle_pred": -16.40709805767817}