{"centroid": [0.3855200332653176, 0.4777735397219658, 0.04759926455004373], "extents": [0.6263844775206722, 0.23578594624996202, 0.7263020650811989], "rotate_angle": 44.16, "rotate_angle_pred": 41.91531427193772}