{"centroid": [-0.017667595503957426, 0.5021540820598601, 0.05890985708634386], "extents": [1.3859201302294126, 0.2504807114601137, 0.557043060794656], "rotate_angle": 11.98, "rotate_angle_pred": 13.556698965161772}