{"centroid": [0.006420043942321492, 0.5218400061130524, -0.0037134645163334895], "extents": [0.7928712322671828, 0.27808624505996726, 0.781927819549], "rotate_angle": 29.47, "rotate_angle_pred": 30.344331037746358}