{"centroid": [-0.0032792505563000243, 0.21586004644632337, 0.07215257829053791], "extents": [0.9850534117052858, 0.237802252173424, 0.6157857127371243], "rotate_angle": -32.77, "rotate_angle_pred": -32.453917236356844}