{"centroid": [-0.03846175773880668, -0.4407215118408203, 0.06948287580056568], "extents": [0.9511767353884812, 0.4411586523056032, 0.5922342965571195], "rotate_angle": -5.18, "rotate_angle_pred": -1.2623063815748736}