{"centroid": [-0.0042502075444649234, 0.5392112284898757, 0.0780392571728434], "extents": [0.9245042749261702, 0.31927856802940385, 0.6569797956008255], "rotate_angle": -15.54, "rotate_angle_pred": -15.716527831980159}