{"centroid": [-0.023011544839341792, -0.051607236266136176, 0.07809594952937021], "extents": [0.9491709445386234, 0.2564137876033785, 0.6208827478984431], "rotate_angle": -24.42, "rotate_angle_pred": -19.609754007821536}