{"centroid": [-0.002061896484577337, 0.4792118370532989, 0.057941551745181494], "extents": [0.9826487097241228, 0.28673809766769426, 0.6245119441057714], "rotate_angle": -17.53, "rotate_angle_pred": -18.216885246001624}