{"centroid": [-0.012051690012799682, -0.3867606073617935, 0.06819133697502379], "extents": [0.9960870740503863, 0.4140681028366091, 0.6228175757881143], "rotate_angle": -11.24, "rotate_angle_pred": -11.81978344666031}