{"centroid": [-0.005280883859183509, -0.034548819065094, 0.059860055643158334], "extents": [0.986437795557531, 0.2365412414073946, 0.6162899720164087], "rotate_angle": -15.0, "rotate_angle_pred": -16.71607027766268}