{"centroid": [-0.3986506947615252, 0.47113779187202454, 0.06360534446016967], "extents": [0.6150020339730994, 0.25559145212173484, 0.7236391877006603], "rotate_angle": -17.35, "rotate_angle_pred": -13.39398587336035}