{"centroid": [-0.3963347264819169, 0.44660283625125885, 0.0702610157369384], "extents": [0.5945563308659717, 0.2495053708553316, 0.6993654361267616], "rotate_angle": -33.77, "rotate_angle_pred": -30.93621884586328}