{"centroid": [0.0024881924753308443, 0.5786558985710144, 0.09009492637578942], "extents": [0.9226041849317441, 0.2989083528518679, 0.6511211266166136], "rotate_angle": 42.94, "rotate_angle_pred": 41.014002791153246}