{"centroid": [0.014131547176959677, 0.55556520819664, 0.09215093503381397], "extents": [0.9045903506392161, 0.3077703118324282, 0.6691511739004161], "rotate_angle": -3.98, "rotate_angle_pred": -3.4184852981260008}