{"centroid": [0.0009747859740795589, -0.046676158905029304, 0.07709717872664684], "extents": [0.7221552207996633, 0.2697764039039614, 0.922987649417756], "rotate_angle": 24.37, "rotate_angle_pred": 24.756951826231997}