{"centroid": [-0.032343465163477914, -0.42042696475982666, 0.07477800203802956], "extents": [0.7335914291179393, 0.4310121536254885, 0.8937171597451796], "rotate_angle": -21.19, "rotate_angle_pred": -17.929273466504142}