{"centroid": [-0.008345744343479101, 0.30644044280052185, 0.10736599054748408], "extents": [0.7333952241575035, 0.27523869276046775, 0.8927875225791002], "rotate_angle": -39.33, "rotate_angle_pred": -35.03028201183231}