{"centroid": [0.00449721334297238, -0.390166312456131, 0.09865929645615862], "extents": [0.6828392137625834, 0.38726729154586814, 0.9122129664843335], "rotate_angle": -21.25, "rotate_angle_pred": -21.059559691964736}