{"centroid": [0.07630719937959553, -0.49848623573780054, -0.028786742892284885], "extents": [0.6283222500562033, 0.17266818881034868, 0.38469592126539986], "rotate_angle": 24.1, "rotate_angle_pred": 27.18828094779319}