{"centroid": [-0.09533304553843022, -0.6318757459521294, 0.04061186811356783], "extents": [0.5705015599545258, 0.11333586275577567, 0.30553278006798146], "rotate_angle": -42.71, "rotate_angle_pred": -38.52099518905415}