{"centroid": [-0.10922579759391038, -0.6647542789578438, 0.0027418669616982166], "extents": [0.5637322743608659, 0.1313919872045517, 0.3266038940624254], "rotate_angle": -8.48, "rotate_angle_pred": -5.052888079760365}