{"centroid": [-0.07681899614538254, -0.5741299539804459, 0.0444552087898395], "extents": [0.5522821664472956, 0.11599597334861778, 0.31084371282151685], "rotate_angle": -37.76, "rotate_angle_pred": -33.85638348065085}