{"centroid": [-0.025155159961865042, -0.23237067461013797, -0.0026722682473054593], "extents": [1.2551112136699314, 0.8093793392181399, 1.1901011430674702], "rotate_angle": 11.15, "rotate_angle_pred": 11.204438275603252}