{"centroid": [0.005928322192126467, -0.1917848438024521, 0.05282888605606509], "extents": [1.2109469325664932, 0.7684549093246462, 1.1481837176760266], "rotate_angle": -12.46, "rotate_angle_pred": -10.508900995798996}