{"centroid": [-0.026755221518262817, -0.37451881170272827, 0.060799099063452836], "extents": [1.1630171274381194, 0.5203309059143069, 0.6175877908274696], "rotate_angle": 9.52, "rotate_angle_pred": 9.762122540606128}