{"centroid": [-0.012526563732272011, -0.34451452642679214, 0.08960076843002393], "extents": [1.1631335872267465, 0.4978213608264925, 0.651874821210475], "rotate_angle": -0.92, "rotate_angle_pred": -1.4791610188250388}