{"centroid": [0.009377627260394678, 0.302138365805149, 0.0176613125425321], "extents": [0.5579923544242684, 0.14990870654582988, 0.553505793479795], "rotate_angle": -23.57, "rotate_angle_pred": -24.867517350208445}