{"centroid": [0.012325124098900263, 0.5443641245365143, 0.09279975523704966], "extents": [0.9222593073270962, 0.30154150724411033, 0.684493822356815], "rotate_angle": -18.03, "rotate_angle_pred": -18.163136831911743}