{"centroid": [0.02198153043535496, 0.5143536180257796, 0.10793846998641657], "extents": [0.8866443565865378, 0.3255000412464144, 0.9703005477692312], "rotate_angle": -13.05, "rotate_angle_pred": -12.467832096916382}