{"centroid": [0.021766916234092847, -0.364382341504097, 0.07709061038732869], "extents": [1.0122839496920608, 0.41564020514488237, 0.6353333174929217], "rotate_angle": -1.24, "rotate_angle_pred": -1.538429639541718}