{"centroid": [-0.0043211976481710435, 0.26678224653005594, 0.08026292760036648], "extents": [1.0147389426819882, 0.24624423682689683, 0.6425457757179415], "rotate_angle": 6.33, "rotate_angle_pred": 8.882466642888986}