{"centroid": [-0.004400508887011531, -0.07104104757308961, 0.09563166204086032], "extents": [1.0182728971189037, 0.27168923616409324, 0.623591197096452], "rotate_angle": 23.68, "rotate_angle_pred": 27.51279707788079}