{"centroid": [0.03522164995833069, 0.5327358990907669, 0.08151033645815109], "extents": [1.0064084704832328, 0.29025039076805137, 0.6430325619903461], "rotate_angle": -1.76, "rotate_angle_pred": -1.2558986994023087}