{"centroid": [0.00041094958279203064, 0.5676817446947098, 0.08095623525072687], "extents": [0.9945760867845579, 0.298535615205765, 0.6330880460664171], "rotate_angle": 12.17, "rotate_angle_pred": 16.114491206509953}