{"centroid": [0.006064353825278798, 0.37090247869491577, 0.034868562619968096], "extents": [1.117753847157993, 0.4067575931549075, 1.0775346600035531], "rotate_angle": -37.38, "rotate_angle_pred": -33.92178076187706}