{"centroid": [-0.007179073416100926, -0.39360097050666804, 0.023423255611567995], "extents": [1.1839929741724062, 0.3552371859550477, 1.1230075285947354], "rotate_angle": -4.03, "rotate_angle_pred": -2.046112616675444}