{"centroid": [0.014913534866964798, 0.004044950008392324, 0.03683866248300938], "extents": [1.1771180673077992, 0.3496602773666385, 1.1210533421791589], "rotate_angle": -23.39, "rotate_angle_pred": -22.738534052584228}