{"centroid": [0.007540570953748063, 0.37725560367107386, 0.050329372205270645], "extents": [1.1751821949144567, 0.3596817553043367, 1.1134361951633398], "rotate_angle": -1.57, "rotate_angle_pred": 0.28911668482906805}