{"centroid": [0.016983889938122915, -0.36916816234588623, 0.04735750425078296], "extents": [1.1729405914417552, 0.3552312254905703, 1.1188232704147816], "rotate_angle": -16.08, "rotate_angle_pred": -14.506910961702317}