{"centroid": [0.00203748261068519, 0.4769136458635329, 0.06135723562823112], "extents": [1.3385494954154349, 0.26457008719444297, 0.5618675950010479], "rotate_angle": -44.59, "rotate_angle_pred": -41.47125824202106}