{"centroid": [-0.5494453606367741, 0.34924228489398956, 0.04064688239077424], "extents": [0.4819791917238108, 0.1769552528858186, 0.41211795842844695], "rotate_angle": -1.07, "rotate_angle_pred": -0.3298466777733182}