{"centroid": [-0.6241554786311674, 0.358528383076191, 0.04843882170558782], "extents": [0.46711937318851815, 0.19891138374805467, 0.4296565420629139], "rotate_angle": -44.84, "rotate_angle_pred": -43.268883250712165}