{"centroid": [0.6579004853066139, 0.3533033952116965, 0.022249747159682438], "extents": [0.49312134637324123, 0.18882404267787944, 0.4352018750211945], "rotate_angle": -21.36, "rotate_angle_pred": -19.212738122800744}