{"centroid": [-0.02601617137310848, 0.4714210629463196, 0.07674663602200116], "extents": [1.4020713789537385, 0.2472785711288455, 0.5809525343293558], "rotate_angle": -40.37, "rotate_angle_pred": -40.80569006576346}