{"centroid": [0.6308076316530064, 0.35896085202693934, 0.025068895750805113], "extents": [0.46915909371724257, 0.17167684435844438, 0.4058331227250992], "rotate_angle": -39.13, "rotate_angle_pred": -40.0555413855144}