{"centroid": [-0.006616383161982008, 0.5678993463516234, 0.08765896004455598], "extents": [0.9289407645842696, 0.32115173339843767, 0.6831371126199606], "rotate_angle": -19.15, "rotate_angle_pred": -18.981846983472167}