{"centroid": [-0.013910680930521405, 0.5436827838420868, 0.07707591188492349], "extents": [0.9291965942945719, 0.291359603404999, 0.6618951545881122], "rotate_angle": -32.75, "rotate_angle_pred": -30.378060098273643}