{"centroid": [-0.003728118318912746, 0.453713983297348, 0.02728198536713765], "extents": [1.186363818909645, 0.1754367947578433, 1.1377009178763309], "rotate_angle": -14.72, "rotate_angle_pred": -14.012727710225263}