{"centroid": [-0.004637284374787845, -0.04136659204959871, 0.022874798720649653], "extents": [1.2029936572665365, 0.40266853570938155, 1.1510379562271393], "rotate_angle": -20.1, "rotate_angle_pred": -19.578188749014075}