{"centroid": [0.0007244646479570571, 0.2541641667485236, 0.029423048982126943], "extents": [1.1900142111862293, 0.18851904571056396, 1.1368441276599932], "rotate_angle": -11.86, "rotate_angle_pred": -10.544928283078207}