{"centroid": [-0.014949617307010124, 0.43600623309612274, -0.007547406161910353], "extents": [1.1583195018164534, 0.17818346619606057, 1.1693413545814022], "rotate_angle": -23.07, "rotate_angle_pred": -19.445122683054223}