{"centroid": [-0.009833228564961605, -0.4096210300922394, 0.021827775794434484], "extents": [1.217535028092359, 0.37545359134674094, 1.1450634088941003], "rotate_angle": -11.76, "rotate_angle_pred": -11.063400536944258}