{"centroid": [0.0043353720369813595, 0.5187471061944962, 0.08449258989905548], "extents": [0.8833407061270477, 0.287121504545212, 0.6501288934719812], "rotate_angle": -43.86, "rotate_angle_pred": -42.20629160807084}