{"centroid": [0.011265851594480708, 0.5372141152620316, 0.09240896507808372], "extents": [0.7656345588059358, 0.31098255515098594, 0.92914238269335], "rotate_angle": -11.77, "rotate_angle_pred": -9.699523454369682}