{"centroid": [-0.007242496523459867, -0.39282315969467163, 0.10247803999473037], "extents": [0.7818552009691868, 0.4306389689445498, 0.9171966725028328], "rotate_angle": -38.15, "rotate_angle_pred": -36.42299453997764}