{"centroid": [-0.011758351590869298, 0.535266488790512, 0.07668629956661377], "extents": [0.7461516919082971, 0.3536425828933718, 0.9542100508740952], "rotate_angle": -30.27, "rotate_angle_pred": -27.298923123119152}