{"centroid": [-0.3482302134796106, 0.44446487724781036, 0.04395430734452943], "extents": [0.661289451605156, 0.25201222300529497, 0.7599947430694092], "rotate_angle": -32.42, "rotate_angle_pred": -31.041105484335425}