{"centroid": [0.3816952750983903, 0.47398216277360905, 0.025743255310677532], "extents": [0.6352150383823076, 0.2360933572053911, 0.7408388191256638], "rotate_angle": -5.98, "rotate_angle_pred": -6.487090074040452}