{"centroid": [-0.34030530694791117, 0.4360154196619987, 0.0625902196640956], "extents": [0.6625089534720032, 0.23527778685092943, 0.7369960423385473], "rotate_angle": -10.37, "rotate_angle_pred": -10.037163058333888}