{"centroid": [3.541462736422751e-05, 0.1887262910604477, 0.006072308094519127], "extents": [1.0659358422909229, 0.13932906091213257, 1.0273737831725351], "rotate_angle": -16.04, "rotate_angle_pred": -14.588963033253123}