{"centroid": [-0.018720059140937925, 0.3415684700012207, 0.023215393183538574], "extents": [1.0459690109044057, 0.15614467859268222, 0.994359733104928], "rotate_angle": -32.46, "rotate_angle_pred": -32.37533892893035}