{"centroid": [0.027878934235027644, -0.4345392882823944, -0.02420455167877776], "extents": [1.036369570305972, 0.6392335295677187, 1.0007636625855443], "rotate_angle": 40.3, "rotate_angle_pred": 37.51358206102276}