{"centroid": [0.001002959548443344, 0.5111008584499359, 0.038195144896123565], "extents": [1.0296853486755633, 0.15206414461135892, 0.9955322458222563], "rotate_angle": -24.28, "rotate_angle_pred": -23.37436286887248}