{"centroid": [2.033587673738735e-05, 0.46562036871910095, 0.003527726893482061], "extents": [1.044434652139774, 0.18023449182510404, 1.0085730412711609], "rotate_angle": 27.49, "rotate_angle_pred": 28.96843716514364}