{"centroid": [0.0023941676775317278, 0.36907031387090683, 0.023185009659095784], "extents": [1.035958031005406, 0.15432016551494632, 1.04588673411535], "rotate_angle": 39.28, "rotate_angle_pred": 40.66667176470895}