{"centroid": [-0.011328895926435253, 0.18270636349916458, 0.09146157271667918], "extents": [1.1331449911175544, 0.47342908382415794, 0.6277649493524634], "rotate_angle": -33.82, "rotate_angle_pred": -32.58265985949143}