{"centroid": [-0.028029639014224894, -0.3228585124015808, 0.11986078332467644], "extents": [1.1367768109856606, 0.5236140489578249, 0.6230128440699327], "rotate_angle": -43.12, "rotate_angle_pred": -40.68044913885164}