{"centroid": [-0.0209010741735626, 0.583169549703598, 0.09971354082164657], "extents": [1.1251548327443093, 0.279149651527405, 0.6407261972277694], "rotate_angle": -15.08, "rotate_angle_pred": -12.528002788615538}