{"centroid": [-0.013078048501431905, 0.5458717793226242, 0.09144350579334695], "extents": [1.1056038059751567, 0.26131907105445884, 0.6738698432839444], "rotate_angle": -12.29, "rotate_angle_pred": -12.950566538024745}