{"centroid": [-0.0187133700272704, -0.29449092596769333, 0.10256001289900094], "extents": [1.1201111043925267, 0.5230937600135805, 0.6728839853640287], "rotate_angle": -18.69, "rotate_angle_pred": -18.569914335930278}