{"centroid": [0.04866076797758484, -0.1523057445883751, 0.027976201725858962], "extents": [0.557637863463899, 0.0946556478738787, 0.8214144009809273], "rotate_angle": 34.38, "rotate_angle_pred": 35.30419267553097}