{"centroid": [-0.0031419146737371867, 0.18331116437911993, 0.09078767738366943], "extents": [1.1159771534983105, 0.5084068775177004, 0.6587393197752321], "rotate_angle": -0.27, "rotate_angle_pred": -0.2775040973168643}