{"centroid": [0.0041495995235869, 0.1407608240842819, 0.07186453284643464], "extents": [1.13696861633805, 0.4538896977901461, 0.6394693872096242], "rotate_angle": -23.91, "rotate_angle_pred": -24.29605512908438}