{"centroid": [-0.001121519813056887, 0.1770215481519699, 0.05445508239992543], "extents": [1.1090633106599554, 0.46801275014877347, 0.6248623970750689], "rotate_angle": -43.73, "rotate_angle_pred": -42.263295138556316}