{"centroid": [-0.5952422095773885, 0.3919820263981819, 0.02880131781184366], "extents": [0.4745334597872007, 0.2158833295106889, 0.4366705933642575], "rotate_angle": -11.99, "rotate_angle_pred": -9.082934656460168}