{"centroid": [0.611078093650251, 0.3542571812868118, 0.042600069979853356], "extents": [0.44931697501514206, 0.163675755262375, 0.40417661953525985], "rotate_angle": -25.05, "rotate_angle_pred": -25.48179768840967}