{"centroid": [0.6927726375000485, 0.3408022448420525, 0.08176418875691177], "extents": [0.4891526278325415, 0.1756837815046312, 0.39133476229226594], "rotate_angle": 33.16, "rotate_angle_pred": 37.34803420778282}