{"centroid": [-0.553993891635565, 0.3424025774002075, 0.03021661028781529], "extents": [0.4459747767320917, 0.16295629739761364, 0.40931023041306264], "rotate_angle": -23.05, "rotate_angle_pred": -21.39721876214432}