{"centroid": [0.026920720666238893, 0.16312335431575775, 0.04418139910853586], "extents": [0.8422596700437828, 0.14534315466880823, 0.8263691904921822], "rotate_angle": -27.01, "rotate_angle_pred": -24.757304836999666}