{"centroid": [0.06041283832099927, 0.6333897188305855, -0.0323846453312519], "extents": [0.8562983193567774, 0.19007815420627616, 0.832276396041683], "rotate_angle": 32.2, "rotate_angle_pred": 28.719682020954366}