{"centroid": [-0.010228295418203998, -0.219136729836464, 0.041219226715521536], "extents": [0.8553650361982776, 0.14093038439750696, 0.7447210535334725], "rotate_angle": -31.97, "rotate_angle_pred": -29.40382085192615}