{"centroid": [0.0217239328670063, 0.35086316987872124, 0.042556420515413765], "extents": [0.8789531957206096, 0.11711458116769813, 0.8375243923948347], "rotate_angle": -26.64, "rotate_angle_pred": -26.648173244325633}