{"centroid": [0.01483418647990977, -0.07552345469594003, 0.043363717022662236], "extents": [0.8900861635398651, 0.1270552277565005, 0.842496683222806], "rotate_angle": -15.17, "rotate_angle_pred": -15.401770116850713}