{"centroid": [0.019898962013704634, -0.5465138331055641, 0.008725892659720763], "extents": [0.8692517362459133, 0.1481643170118334, 0.7892088964416444], "rotate_angle": 1.07, "rotate_angle_pred": 1.3385449091656767}