{"centroid": [-0.04361677129600896, -0.7658378630876542, 0.03961176575142325], "extents": [0.8556901242435389, 0.28564521670341525, 0.7816253328165685], "rotate_angle": -20.24, "rotate_angle_pred": -17.089229128426382}