{"centroid": [0.01389925374274379, -0.402915358543396, 0.03500227001317246], "extents": [0.8540750875924707, 0.150986969470978, 0.7906642084163809], "rotate_angle": -15.46, "rotate_angle_pred": -14.929250540187013}