{"centroid": [0.016749126403381012, -0.07802339643239975, 0.051037235113393586], "extents": [0.8681317566106808, 0.1429327279329302, 0.792530536494726], "rotate_angle": 8.67, "rotate_angle_pred": 10.633359231207052}