{"centroid": [0.04751442452405178, 0.017994962632656097, 0.026054432168831416], "extents": [0.8591088263806037, 0.1334828734397891, 0.8588785736322821], "rotate_angle": 37.08, "rotate_angle_pred": 34.99399261543087}