{"centroid": [0.014008694850476976, -0.2323590219020843, 0.03202735461106038], "extents": [0.8859388755063751, 0.12634372711181657, 0.8343080213264232], "rotate_angle": -3.51, "rotate_angle_pred": -3.2678761603524578}