{"centroid": [-0.0038855076702259475, 0.551620677113533, 0.11661677609045132], "extents": [0.8767075668317441, 0.339277118444443, 0.9480453869863962], "rotate_angle": -24.95, "rotate_angle_pred": -23.12662272181784}