{"centroid": [-0.005607457197926907, 0.5660253167152405, 0.0930750119844045], "extents": [0.8890752668414901, 0.3339558839797976, 0.9205440750537628], "rotate_angle": 4.1, "rotate_angle_pred": 6.7098945914079735}