{"centroid": [-0.3959422799964849, 0.16398713365197173, 0.02730707609027687], "extents": [0.4984073555159617, 0.07349772006273289, 0.7604771128650119], "rotate_angle": 23.81, "rotate_angle_pred": 24.621504404852857}