{"centroid": [0.2964749498894832, 0.26352139562368393, 0.019410423551550857], "extents": [0.5491570220557831, 0.11615721881389637, 0.8215224126287018], "rotate_angle": 39.04, "rotate_angle_pred": 43.18967255756249}