{"centroid": [-0.0009463721095716374, -0.3139371313154697, 0.10239066285734386], "extents": [0.786300874759924, 0.5100139379501344, 0.9477828465787264], "rotate_angle": -14.79, "rotate_angle_pred": -13.85835137382854}