{"centroid": [0.011745104082266027, 0.18838506564497945, 0.05076366801719124], "extents": [0.7735282290418224, 0.4420686960220339, 0.9445439708643764], "rotate_angle": 28.88, "rotate_angle_pred": 29.260853678673982}