{"centroid": [0.02588805086136359, -0.47231587022542953, 0.004030387650124034], "extents": [0.4110064315328695, 0.18729157745838182, 0.5424891851275083], "rotate_angle": 1.19, "rotate_angle_pred": -1.043884157703019}