{"centroid": [-0.010822539331364768, 0.5707968175411223, 0.08587369948407747], "extents": [0.7565562811453764, 0.3130360245704653, 0.9641057362969363], "rotate_angle": -25.88, "rotate_angle_pred": -24.50746801830695}