{"centroid": [-0.018752609291233277, 0.50013667345047, 0.08822233595687279], "extents": [0.7230224360702712, 0.2928913831710818, 0.9097052499697363], "rotate_angle": -34.5, "rotate_angle_pred": -29.746252670749122}