{"centroid": [0.013818476280580694, 0.19080868363380432, 0.06679339554804564], "extents": [0.6998175289922612, 0.2834270000457766, 0.8885092021560157], "rotate_angle": 28.04, "rotate_angle_pred": 29.905259804418364}