{"centroid": [0.002066134898282092, 0.419098287820816, 0.07625454773408802], "extents": [0.6608271663679897, 0.24910634756088273, 0.8905645696316002], "rotate_angle": -3.68, "rotate_angle_pred": -3.348789895066872}