{"centroid": [-0.006572228301993346, -0.38770681619644165, -0.02043391144591164], "extents": [1.0841350380082295, 0.7272936105728152, 1.0312795472248801], "rotate_angle": 22.83, "rotate_angle_pred": 20.015529163437407}