{"centroid": [-0.021290188612548888, -0.351375762373209, 0.04697702162503053], "extents": [1.0655518953293655, 0.702643156051636, 1.008538978738542], "rotate_angle": -24.77, "rotate_angle_pred": -23.721421897673466}