{"centroid": [-0.002275914413029656, 0.0410309135913849, -0.0019375008662890492], "extents": [1.0363836413070726, 0.33449786901474043, 1.0339532022824867], "rotate_angle": 34.17, "rotate_angle_pred": 32.97239657267447}