{"centroid": [-0.015740095005130697, 0.541167065501213, 0.05488179536522475], "extents": [1.0582443362382277, 0.15484014153480552, 0.998526264463427], "rotate_angle": -19.11, "rotate_angle_pred": -17.99048701191319}