{"centroid": [-0.022049056944644055, 0.4750705584883689, 0.00343476931682124], "extents": [1.0470801781061208, 0.1766199320554735, 1.025474566868274], "rotate_angle": -2.0, "rotate_angle_pred": -1.0723395306206953}