{"centroid": [-0.0230828667800594, 0.3744210824370384, 0.05020989716293507], "extents": [1.0558556410933653, 0.1517807394266132, 0.999562808701664], "rotate_angle": -25.4, "rotate_angle_pred": -24.385773883054412}