{"centroid": [0.0041927097187524215, -0.035537287592887885, 0.07365023163877132], "extents": [0.9384558207276399, 0.24313029646873494, 0.6363325123385433], "rotate_angle": -15.16, "rotate_angle_pred": -16.32004919741432}