{"centroid": [-0.012226454580948731, 0.2436510175466537, 0.07727030663205973], "extents": [0.9942830969467424, 0.23530843853950517, 0.6317190634945515], "rotate_angle": 3.86, "rotate_angle_pred": 7.033615680225964}