{"centroid": [0.0009115696260238518, 0.5362498313188553, 0.09673724933708969], "extents": [0.8564807176663242, 0.2946372926235201, 0.888545811183902], "rotate_angle": -10.12, "rotate_angle_pred": -8.419045773857675}