{"centroid": [0.009937935541533098, 0.24879758059978485, 0.08943655836901956], "extents": [0.9509686219364424, 0.23387745022773768, 0.6280297032850138], "rotate_angle": -41.63, "rotate_angle_pred": -41.28170332452939}