{"centroid": [0.008709711929166426, -0.38469642400741577, 0.0682544742163396], "extents": [0.8400287512063969, 0.5175443887710574, 0.8655753612086654], "rotate_angle": 43.19, "rotate_angle_pred": 43.84160366942717}