{"centroid": [-0.021884910347387806, 0.5360987782478333, 0.09945498519342666], "extents": [0.9900985909799687, 0.27775710821151756, 0.6298543781331793], "rotate_angle": -24.03, "rotate_angle_pred": -17.923149924748103}