{"centroid": [7.68453726911894e-05, 0.4599135220050812, 0.055512158120174133], "extents": [1.0638597134437675, 0.34162300825119046, 1.0193437455605465], "rotate_angle": -11.49, "rotate_angle_pred": -9.50735853007697}