{"centroid": [0.005309676596397472, -0.06612351536750795, 0.10247273141117522], "extents": [1.0429302094265889, 0.28075909614563016, 0.6436599271014702], "rotate_angle": 44.53, "rotate_angle_pred": 47.43175810671394}