{"centroid": [-0.006328272344579375, -0.3470832109451294, 0.07254779089970584], "extents": [1.1585209320600944, 0.4988830387592318, 0.6428458067375056], "rotate_angle": -39.01, "rotate_angle_pred": -40.619867454866124}