{"centroid": [0.003357802179356384, 0.5220451205968857, 0.08392727718212516], "extents": [1.1558459712138247, 0.29347851872444175, 0.6499581772737779], "rotate_angle": -14.69, "rotate_angle_pred": -13.687421065845484}