{"centroid": [-0.008155004452491357, -0.37519371509552, 0.08498075166199302], "extents": [1.0721680015147843, 0.44708827137947105, 0.6662829573768385], "rotate_angle": -21.28, "rotate_angle_pred": -21.609099525907467}