{"centroid": [-0.016351171665005784, -0.3826542496681213, 0.048981978677035666], "extents": [1.1584921102464685, 0.5181995630264283, 0.6168285129001989], "rotate_angle": 16.47, "rotate_angle_pred": 16.932516463319203}