{"centroid": [-0.0031631300546673957, 0.13935715705156326, 0.07006656111739959], "extents": [1.1481750274379916, 0.45943975448608415, 0.6380420473300294], "rotate_angle": 2.61, "rotate_angle_pred": 2.52106543881699}