{"centroid": [-0.0025531982651405966, 0.5740768015384674, 0.08843131781227022], "extents": [1.0661057391836084, 0.32042092084884666, 0.6714822749487555], "rotate_angle": -14.69, "rotate_angle_pred": -13.898483458409771}