{"centroid": [-0.0029331546008780907, 0.5724426209926604, 0.08630888522084214], "extents": [1.1307561521582157, 0.282789468765259, 0.6250002452740429], "rotate_angle": 32.21, "rotate_angle_pred": 33.685281441564285}