{"centroid": [0.008275261044724369, 0.14808383584022516, 0.09756209859561801], "extents": [1.1693788804175442, 0.4659059047698977, 0.6297234912939416], "rotate_angle": 39.64, "rotate_angle_pred": 40.16617887829702}