{"centroid": [0.004792612557683859, -0.3396170139312744, 0.1033886660784494], "extents": [1.168757070258823, 0.5072129964828492, 0.6488279640473753], "rotate_angle": -16.92, "rotate_angle_pred": -16.64353663913478}