{"centroid": [0.006291966424924231, 0.5318614840507507, 0.09077199350645193], "extents": [1.1647740324365037, 0.28950345516204856, 0.6601756057456801], "rotate_angle": -14.75, "rotate_angle_pred": -15.300980566003702}