{"centroid": [-0.0069568246315559815, -0.31487660855054855, 0.09895538790686423], "extents": [0.8726651868183093, 0.48604175448417686, 0.8996528592878024], "rotate_angle": -11.49, "rotate_angle_pred": -10.516765527727955}