{"centroid": [-0.0005734412430370983, 0.5537152141332625, 0.08703068569097], "extents": [0.7928756421085437, 0.32481458783149736, 0.9564530783878], "rotate_angle": -10.61, "rotate_angle_pred": -8.805643659391066}