{"centroid": [0.014252502988677584, 0.31428761780261993, 0.058064455715471655], "extents": [0.7524530776623946, 0.29224446415901206, 0.9650257087472698], "rotate_angle": 42.19, "rotate_angle_pred": 42.113501016414915}