{"centroid": [-0.022986646304552084, -0.419253945350647, 0.08028847680577475], "extents": [0.7708046577777282, 0.44983994960784934, 0.9201816489302266], "rotate_angle": -14.92, "rotate_angle_pred": -12.513361977122514}