{"centroid": [-0.018148764188834925, 0.536559447646141, 0.09964253535572479], "extents": [0.8895486648129098, 0.3011255562305453, 0.8999832924102477], "rotate_angle": -41.4, "rotate_angle_pred": -40.665373813948776}