{"centroid": [-0.011299847411924434, 0.25311052799224854, 0.09147024285212413], "extents": [0.8112306599456617, 0.2755776047706607, 0.9602675443381795], "rotate_angle": -39.58, "rotate_angle_pred": -38.2929171418549}