{"centroid": [0.0072858345159910465, -0.02371670305728914, 0.08282575615128202], "extents": [0.7909980017073677, 0.25914961099624656, 0.9511524079484646], "rotate_angle": 1.69, "rotate_angle_pred": 2.9857950416075028}