{"centroid": [0.005240249035088282, 0.15404459834098808, 0.0935004363513353], "extents": [0.8692338234977244, 0.45782428979873674, 0.9031764028161748], "rotate_angle": 13.68, "rotate_angle_pred": 15.648222722619536}