{"centroid": [-0.013017743185123602, -0.3850899636745453, 0.056507543866837165], "extents": [0.865910076015166, 0.5249947905540469, 0.881815158659059], "rotate_angle": 32.12, "rotate_angle_pred": 32.9569203680491}