{"centroid": [-0.009640267488451218, -0.3837798088788986, 0.09333827044425738], "extents": [0.8053029613817453, 0.3868386149406434, 0.9425660182399347], "rotate_angle": -22.68, "rotate_angle_pred": -21.0660375997809}