{"centroid": [0.02230983554169936, 0.7414211630821228, -0.006552079525546296], "extents": [0.5265871180046151, 0.34706306457519553, 0.4776964389172872], "rotate_angle": -27.77, "rotate_angle_pred": -26.911089903347595}