{"centroid": [0.0545453558489627, 0.5489200949668884, -0.03190394643993201], "extents": [0.5081457036200338, 0.3255361914634706, 0.48711772081997995], "rotate_angle": 15.11, "rotate_angle_pred": 13.067695389960235}