{"centroid": [-0.020828899756546088, 0.5461619198322296, 0.08653935968653845], "extents": [0.860797173916634, 0.31492131948471097, 0.9140129164662961], "rotate_angle": -37.43, "rotate_angle_pred": -35.76959515081408}