{"centroid": [-0.006720679026059245, -0.36024485528469086, 0.06391679611718465], "extents": [0.9081876232380792, 0.4985321164131167, 0.9201288177124998], "rotate_angle": -10.56, "rotate_angle_pred": -9.453964359807529}