{"centroid": [-0.02456544416137761, -0.39495283365249634, 0.0545521084187365], "extents": [0.8866709544362289, 0.5272755622863772, 0.9145013765918745], "rotate_angle": 24.76, "rotate_angle_pred": 26.47410486502345}