{"centroid": [-0.014375226678230935, 0.5347821712493896, 0.06459994739635], "extents": [0.8947551161854643, 0.30452942848205594, 0.9226616529650891], "rotate_angle": -26.26, "rotate_angle_pred": -25.39728631463987}