{"centroid": [-0.010905495943624936, 0.1442255824804306, 0.06475262254210487], "extents": [0.8953067764190596, 0.4711790382862094, 0.9315119493778102], "rotate_angle": -33.2, "rotate_angle_pred": -31.88015777729204}