{"centroid": [-0.022053506805432777, -0.5612662732601166, 0.028378135297166936], "extents": [0.8199703839854551, 0.5392389893531802, 0.765491797292286], "rotate_angle": -14.73, "rotate_angle_pred": -14.276400420259534}