{"centroid": [0.013523349010934174, 0.5228734016418457, 0.03751062095233381], "extents": [0.8331090386351934, 0.5845639705657961, 0.8019182849988511], "rotate_angle": -23.89, "rotate_angle_pred": -20.651598719099724}