{"centroid": [0.01169461428101113, -0.03155529499053954, -0.015628837768073417], "extents": [0.8488337832009603, 0.5450517535209657, 0.806050642879353], "rotate_angle": 11.95, "rotate_angle_pred": 8.21295071734123}