{"centroid": [0.014502137323314103, -0.004435539245605476, 0.027202196944504875], "extents": [0.8508218607008438, 0.5524687767028811, 0.8120157795170194], "rotate_angle": -10.21, "rotate_angle_pred": -9.484007193178442}