{"centroid": [-0.014946378009601274, -0.5306133925914764, 0.022998141375247146], "extents": [0.8522848413219191, 0.5490888357162478, 0.7926784089224906], "rotate_angle": -39.59, "rotate_angle_pred": -38.75853424988421}