{"centroid": [0.0023992027837475213, 0.5661369562149048, -0.0007612576049233072], "extents": [0.8329346152290189, 0.5030947327613833, 0.7829884264682546], "rotate_angle": -40.92, "rotate_angle_pred": -35.430261939559145}