{"centroid": [-0.018531765081604867, -0.35394682735204697, 0.04464891204190981], "extents": [1.3002865543838773, 0.22051604092121144, 0.6662032125681432], "rotate_angle": -15.91, "rotate_angle_pred": -15.587317401051479}