{"centroid": [0.018728777199744688, 0.6102661937475203, 0.10057404610036585], "extents": [0.7546535642054433, 0.3058607876300814, 0.9415795096842552], "rotate_angle": 11.06, "rotate_angle_pred": 12.139369489067292}