{"centroid": [0.0028462043372139423, 0.2759591788053512, 0.08958520622639463], "extents": [1.063849344192506, 0.25985875725746177, 0.6708390802557955], "rotate_angle": -20.61, "rotate_angle_pred": -20.276652408698766}