{"centroid": [-0.009703055031826058, -0.07449629902839662, 0.10051822493924711], "extents": [1.0561474295291795, 0.27139925956726096, 0.6461855010119052], "rotate_angle": 21.72, "rotate_angle_pred": 25.312222432016}