{"centroid": [0.0016235506722206416, -0.38881196081638336, 0.08484562956813085], "extents": [1.0747126546403474, 0.4550975859165194, 0.6729301342915148], "rotate_angle": -33.39, "rotate_angle_pred": -33.71011925924728}