{"centroid": [-0.00348419669550791, 0.2917483448982239, 0.08642481102689523], "extents": [1.0719969382781227, 0.2528656125068667, 0.6609577008462248], "rotate_angle": 32.25, "rotate_angle_pred": 35.689487117098395}