{"centroid": [0.0007605547229213028, 0.5455407798290253, 0.07985807666381198], "extents": [1.0620900626178518, 0.3088651299476625, 0.6740133910633908], "rotate_angle": -27.41, "rotate_angle_pred": -26.788298358263887}