{"centroid": [0.04204628969841591, 0.6057790219783782, 0.039872290529201736], "extents": [0.5649682360009903, 0.2601062655448915, 0.9463921317636796], "rotate_angle": 43.31, "rotate_angle_pred": 40.969032494902905}