{"centroid": [0.3602621283920134, 0.4328038617968559, 0.08244342654691098], "extents": [0.6530490009243508, 0.2447080761194232, 0.7309563854122048], "rotate_angle": -13.84, "rotate_angle_pred": -11.980862128036662}