{"centroid": [0.017246992087920972, 0.5201293081045151, 0.08108362837238445], "extents": [0.8393364989094294, 0.2755265533924105, 0.6837824456262129], "rotate_angle": -3.94, "rotate_angle_pred": -2.6161895529883736}