{"centroid": [0.0007434441518715043, 0.578076809644699, 0.09569078277997704], "extents": [0.9106333083299969, 0.3051560521125795, 0.6363594411490723], "rotate_angle": 22.89, "rotate_angle_pred": 26.15012005536292}