{"centroid": [-0.33463644885970023, 0.45266783237457275, 0.04987492258176075], "extents": [0.6663496594734184, 0.25960081815719616, 0.7620038505018832], "rotate_angle": -42.91, "rotate_angle_pred": -40.326643825034665}