{"centroid": [0.041993597176771695, -0.3187684565782547, 0.027528541851858636], "extents": [0.5546343218872916, 0.17862251400947582, 0.3008020461802263], "rotate_angle": 15.38, "rotate_angle_pred": 15.218704266866808}