{"centroid": [0.052000322993918296, -0.31865327805280685, 0.028173448266098806], "extents": [0.5425443797704395, 0.1843617707490922, 0.2918054541302241], "rotate_angle": 43.18, "rotate_angle_pred": 36.557074119254466}