{"centroid": [0.033650956847220914, -0.30648036301136017, 0.022155144297460315], "extents": [0.5564016259017409, 0.17745766043663033, 0.29001552675866765], "rotate_angle": -9.96, "rotate_angle_pred": -9.049966242824567}