{"centroid": [-0.0026710834532929773, 0.4878709688782692, 0.07041606586268737], "extents": [1.285362023178923, 0.2334069460630419, 0.7833054175062952], "rotate_angle": -11.57, "rotate_angle_pred": -11.242377940869048}