{"centroid": [0.012292763622848653, 0.5441474020481109, 0.04529403276325438], "extents": [0.7399897663327475, 0.3639479875564578, 0.9893418668076315], "rotate_angle": 31.08, "rotate_angle_pred": 32.00363619947245}