{"centroid": [0.033611222755469364, -0.29111891239881516, 0.025946336124656355], "extents": [0.5512822417773797, 0.18208594620227825, 0.27275110020252585], "rotate_angle": -23.82, "rotate_angle_pred": -24.394782179471704}