{"centroid": [0.04526577427258019, -0.3261095732450485, 0.03425511211917338], "extents": [0.557211144114585, 0.1945193111896516, 0.2881442520890794], "rotate_angle": 26.15, "rotate_angle_pred": 26.30739108052444}