{"centroid": [-0.01511062769080642, 0.5325823724269866, 0.06725420906751683], "extents": [0.792171417470859, 0.3071861863136294, 0.9481888995160426], "rotate_angle": -29.65, "rotate_angle_pred": -29.24482717463546}