{"centroid": [0.0032051443081942133, 0.2399863302707672, 0.06788827692912942], "extents": [0.7753351236730951, 0.24920380115509058, 0.9492934827123072], "rotate_angle": -12.07, "rotate_angle_pred": -11.1694945553879}