{"centroid": [-0.008157646253944696, -0.03854301571846008, 0.07657179685612492], "extents": [0.7462388085121352, 0.30168139934539817, 0.9551627986334568], "rotate_angle": -2.71, "rotate_angle_pred": -1.2909775586762038}