{"centroid": [-0.029934008046714235, -0.45804014801979065, 0.06404096924345276], "extents": [0.7642586357411899, 0.47844165563583396, 0.916361108650373], "rotate_angle": 2.4, "rotate_angle_pred": 4.928405498655536}