{"centroid": [-0.008893617107527133, 0.48909997195005417, 0.06404697358194693], "extents": [1.4028706398974813, 0.24935863912105583, 0.5483883560038241], "rotate_angle": 17.93, "rotate_angle_pred": 19.350599893055673}