{"centroid": [0.010475373521724937, 0.5702501833438872, 0.109011230433503], "extents": [0.6955460995241317, 0.2636489272117617, 0.9205019592095539], "rotate_angle": -20.94, "rotate_angle_pred": -20.751981768413984}