{"centroid": [0.004401814101854473, 0.2708943486213684, 0.07321108235636169], "extents": [1.018212572924416, 0.250271499156952, 0.6546345456543794], "rotate_angle": -3.09, "rotate_angle_pred": -1.3158542612019772}