{"centroid": [0.009078380818563742, 0.5180670320987701, 0.06813789992463322], "extents": [1.025992161308457, 0.2992324233055117, 0.6612637083174142], "rotate_angle": -13.8, "rotate_angle_pred": -13.719676582099495}