{"centroid": [0.0237946531560587, 0.5690783709287642, 0.08036793650096184], "extents": [0.9983890036776084, 0.2975635230541231, 0.6368667470677761], "rotate_angle": 33.91, "rotate_angle_pred": 34.32424850734972}