{"centroid": [-0.00013326339859892622, -0.0014113038778305297, 0.05953094880336856], "extents": [1.0354427378446402, 0.2857271432876589, 0.650383072748407], "rotate_angle": -15.25, "rotate_angle_pred": -16.745923023339785}