{"centroid": [0.010404260716229241, 0.2310696542263031, 0.058588217835506246], "extents": [1.0382466363882903, 0.26028776168823264, 0.6509122282343824], "rotate_angle": -36.4, "rotate_angle_pred": -37.54791287780387}