{"centroid": [-0.00865268859140566, -0.29523395374417305, 0.09417485312864288], "extents": [0.7633374474701519, 0.49709129333496105, 0.9339586073214379], "rotate_angle": -24.05, "rotate_angle_pred": -22.16236141465305}