{"centroid": [-0.002895881718233871, 0.5811161398887634, 0.08519446840342856], "extents": [0.7545222005307628, 0.2940684556961062, 0.9381316852156392], "rotate_angle": -0.04, "rotate_angle_pred": 1.3171398775995868}