{"centroid": [-0.0220931360377946, 0.19406609237194064, 0.08086689106156794], "extents": [0.7669509543884176, 0.45941907167434726, 0.9125861400130189], "rotate_angle": -6.67, "rotate_angle_pred": -6.826155900905292}