{"centroid": [-0.009094404457594261, 0.19369027018547058, 0.08560198790681497], "extents": [0.7585151887274915, 0.4693986177444461, 0.9415545582358549], "rotate_angle": -25.46, "rotate_angle_pred": -24.162995152656976}