{"centroid": [-0.0022011583285617004, 0.5357043892145157, 0.0760248688275064], "extents": [1.1305511973581823, 0.29495570063591026, 0.6367009756352692], "rotate_angle": -7.8, "rotate_angle_pred": -8.36946720693021}