{"centroid": [0.008706758442659876, 0.5219163596630095, 0.06516083625387337], "extents": [0.8865961792605652, 0.29511934518814104, 0.652167898945599], "rotate_angle": -13.18, "rotate_angle_pred": -12.950668414130348}