{"centroid": [0.0010661445631485536, 0.5721042603254318, 0.09676788890398111], "extents": [0.9084275912501232, 0.30042901635170005, 0.6316408481308778], "rotate_angle": 20.86, "rotate_angle_pred": 24.543369515019876}