{"centroid": [-0.00856534024163337, -0.3270038291811943, 0.08310991778768834], "extents": [1.1395249656315398, 0.48014003038406394, 0.6326675575800921], "rotate_angle": -26.33, "rotate_angle_pred": -26.336333248997676}