{"centroid": [-0.007702253336405562, -0.43273925781249994, 0.05940187130236368], "extents": [0.996000177614133, 0.4367765188217164, 0.5963699859010755], "rotate_angle": 17.76, "rotate_angle_pred": 20.67166042782435}