{"centroid": [0.01941354125608321, -0.027008213102817546, 0.08261077263189281], "extents": [1.0056178381839145, 0.24927465617656727, 0.6219909670925095], "rotate_angle": -31.54, "rotate_angle_pred": -31.911554031307062}