{"centroid": [-0.011110941463926577, -0.021678656339645393, 0.07619628892008123], "extents": [0.9755151543128807, 0.2726883888244631, 0.6204476529064273], "rotate_angle": -20.26, "rotate_angle_pred": -16.574630211281374}