{"centroid": [0.0050970138654893166, 0.2593497484922409, 0.10346066396032133], "extents": [1.010856416858829, 0.24563762545585657, 0.6208936141005923], "rotate_angle": 36.0, "rotate_angle_pred": 39.72857779823869}