{"centroid": [0.032496954973695764, 0.23753981292247764, 0.08313044725922727], "extents": [0.9769227454361391, 0.23739001154899608, 0.6201761929007821], "rotate_angle": -11.94, "rotate_angle_pred": -11.774397021463315}