{"centroid": [-0.022469224169770097, -0.3664306402206421, 0.09241704975522283], "extents": [1.0892856378378792, 0.5011618137359621, 0.5866933603595101], "rotate_angle": -19.36, "rotate_angle_pred": -17.56726299168716}