{"centroid": [0.4109093069274814, 0.33516462892293925, 0.032687601335594244], "extents": [0.8371254112352547, 0.20636977255344408, 0.5469245849654795], "rotate_angle": -15.44, "rotate_angle_pred": -14.729321283515233}