{"centroid": [0.2217070863939128, 0.3607725352048874, 0.029497878328088634], "extents": [0.8271552484742194, 0.23102602362632765, 0.5491355764095895], "rotate_angle": 4.67, "rotate_angle_pred": 7.84353420318692}