{"centroid": [-0.014642529139552482, -0.32490915060043335, 0.08435419253500334], "extents": [1.0933418514648032, 0.46823745965957664, 0.6077132954883961], "rotate_angle": -21.5, "rotate_angle_pred": -21.495450929604658}