{"centroid": [0.41631272841279193, -0.2671771198511123, 0.023666397214990885], "extents": [0.8432308201961625, 0.3269464671611787, 0.5534152235340011], "rotate_angle": 20.61, "rotate_angle_pred": 21.766611146646966}