{"centroid": [-0.3996508863771977, -0.286384105682373, 0.024264389909717687], "extents": [0.8471792828936757, 0.337752789258957, 0.5378579429158552], "rotate_angle": -13.38, "rotate_angle_pred": -12.911863650075844}