{"centroid": [-0.3642183215781301, 0.07740822434425348, -0.0084966371979667], "extents": [0.8495686193570048, 0.35713350772857677, 0.5541880221661872], "rotate_angle": 12.45, "rotate_angle_pred": 17.847693752661257}