{"centroid": [-0.41124111027320526, 0.0482456982135773, 0.028643875010071877], "extents": [0.8395723900626398, 0.3281338810920717, 0.5435525308459184], "rotate_angle": -20.91, "rotate_angle_pred": -21.971330695499432}