{"centroid": [-0.4663899479461789, 0.36517313122749334, 0.01876054168787757], "extents": [0.6155884293085522, 0.19898045063018815, 0.47260695904591654], "rotate_angle": -34.3, "rotate_angle_pred": -37.71770600324903}