{"centroid": [-0.007616213374895001, 0.5181936323642731, 0.081004694902418], "extents": [1.079441919830094, 0.2902159094810488, 0.6109221065407834], "rotate_angle": -13.73, "rotate_angle_pred": -12.895767014833964}