{"centroid": [-0.010613512415354472, 0.5660212934017181, 0.09510588474514903], "extents": [0.8979287065779926, 0.2977237701416018, 0.6627879678471436], "rotate_angle": 26.75, "rotate_angle_pred": 29.793878846377396}