{"centroid": [0.00411319401186918, 0.5216906070709229, 0.10495080374051988], "extents": [0.8703166003594247, 0.2737724781036379, 0.6646684222744152], "rotate_angle": -44.34, "rotate_angle_pred": -43.98148177479919}