{"centroid": [-0.015374982629672282, -0.224401742219925, 0.10787370657310302], "extents": [0.7512995139179528, 0.4735436439514164, 1.0092511357776683], "rotate_angle": -30.77, "rotate_angle_pred": -28.662499539582406}