{"centroid": [-0.004118002709698594, -0.19641211628913885, 0.11152875819489262], "extents": [0.7678518426087126, 0.4335278570652011, 1.0217926676284148], "rotate_angle": -14.34, "rotate_angle_pred": -13.241464752998183}