{"centroid": [-0.002474695653092565, 0.1828603893518448, 0.11639375104732759], "extents": [0.7496470076787989, 0.2810795009136203, 1.0197720342441297], "rotate_angle": -22.44, "rotate_angle_pred": -21.85699931958021}