{"centroid": [-0.0232713199499002, -0.3706372380256653, 0.06758823171512263], "extents": [0.9055424949127306, 0.5419636964797976, 0.9117155691721324], "rotate_angle": 31.55, "rotate_angle_pred": 32.988192898333324}