{"centroid": [-0.02463923466276606, 0.5710889995098113, 0.09490328386889232], "extents": [0.8766846702188018, 0.315103054046631, 0.9389532257055226], "rotate_angle": -9.12, "rotate_angle_pred": -5.809813361391207}