{"centroid": [-0.02102258748192056, 0.18349640071392062, 0.10317566128832728], "extents": [0.8881614363672937, 0.46603858470916787, 0.899726287376899], "rotate_angle": -19.56, "rotate_angle_pred": -17.79780757928205}