{"centroid": [-0.018815958198361092, 0.5676001012325287, 0.0868544291226446], "extents": [0.7520890329820608, 0.31585121154785184, 0.9191619868621128], "rotate_angle": -38.0, "rotate_angle_pred": -35.68326417289643}