{"centroid": [-0.00952175728250823, 0.3229687809944152, 0.054878125127898796], "extents": [1.0967824389454426, 0.7439769506454469, 1.046947949439394], "rotate_angle": -11.67, "rotate_angle_pred": -9.542210383309026}