{"centroid": [-0.01824066152344675, -0.33174464479088783, 0.044381535694029646], "extents": [1.0834616566178732, 0.6833811998367312, 1.0272475617112211], "rotate_angle": -5.27, "rotate_angle_pred": -3.8279288317665277}