{"centroid": [0.0161202778391209, 0.34057232551276684, 0.018751979040442172], "extents": [1.0494606422096262, 0.6804898977279665, 1.0226602483373288], "rotate_angle": 7.63, "rotate_angle_pred": 7.085372948155523}