{"centroid": [-0.02724647463126334, -0.4197551310062408, 0.10214463829155554], "extents": [0.9926847219298675, 0.4409616589546205, 0.6087725758449227], "rotate_angle": -35.01, "rotate_angle_pred": -32.2179435318253}