{"centroid": [0.0016328431436520227, 0.5102955251932144, 0.12085274494301713], "extents": [0.8550019156874329, 0.3287975490093234, 0.9206420067593682], "rotate_angle": -23.2, "rotate_angle_pred": -21.15493211639702}