{"centroid": [0.015481646500952288, 0.2621842920780182, 0.07922923894405619], "extents": [0.9767742330269122, 0.254250228404999, 0.6177594771307575], "rotate_angle": -41.53, "rotate_angle_pred": -38.8591704648016}