{"centroid": [0.0015420959576105259, 0.5639958381652832, 0.08723865990074844], "extents": [1.0044154110684107, 0.29833835363388084, 0.642906319818944], "rotate_angle": 13.38, "rotate_angle_pred": 17.4262061090201}