{"centroid": [0.03776394085816785, -0.3828340470790863, 0.08948737410948444], "extents": [0.9568028724527768, 0.39865675568580644, 0.6453280038017678], "rotate_angle": -0.81, "rotate_angle_pred": -0.4700063159992567}