{"centroid": [0.007072828962385556, -0.007163941860198985, 0.08562951504863638], "extents": [0.9872788331229738, 0.31628459692001365, 0.6316371649913638], "rotate_angle": -21.3, "rotate_angle_pred": -20.36392109426967}