{"centroid": [-0.24468241036397026, 0.08487420901656151, 0.21426419128397267], "extents": [0.29022237884859303, 0.11388333886861814, 0.5324487131639059], "rotate_angle": -35.65, "rotate_angle_pred": -42.08974008754444}