{"centroid": [-0.6878110491648304, -0.09718939661979664, 0.0005996505263196825], "extents": [0.5512371025427395, 0.17781054973602312, 0.4188032121546129], "rotate_angle": -43.0, "rotate_angle_pred": -46.23753574634979}