{"centroid": [0.1630488193143136, 0.06002456694841393, -0.3833688018392337], "extents": [1.2512349821727544, 0.2230982780456544, 0.2382328758676569], "rotate_angle": 10.68, "rotate_angle_pred": 12.555319710875608}