{"centroid": [0.517014677318889, -0.06365893036127088, 0.08480758211945091], "extents": [0.5710149278164247, 0.22660242021083843, 0.5046964769589869], "rotate_angle": 22.56, "rotate_angle_pred": 21.916135475274757}