{"centroid": [0.025028942251585196, -0.1087204217910766, -0.28577304196496917], "extents": [1.6222356563620997, 0.23472887277603163, 0.25418040165412925], "rotate_angle": 5.76, "rotate_angle_pred": 11.398863770736952}