{"centroid": [-0.15248482343985018, 0.1667742803692817, 0.2223390686787629], "extents": [0.156749053722683, 0.10521927475929273, 0.5657310447335248], "rotate_angle": 21.05, "rotate_angle_pred": 24.97318577156149}