{"centroid": [0.0017095358656163545, 0.49103063344955444, 0.013676243311382175], "extents": [1.0482902545185233, 0.35196435451507596, 1.0167253035203379], "rotate_angle": -42.85, "rotate_angle_pred": -38.693519060317236}