{"centroid": [0.0008696609508694747, 0.12819085642695427, 0.029377489689585964], "extents": [1.0700493081678188, 0.3433623909950259, 1.018399498208768], "rotate_angle": -17.79, "rotate_angle_pred": -14.577155318830677}