{"centroid": [-0.5684988729306626, 0.35200081765651703, 0.023810991780584954], "extents": [0.48896603536054195, 0.182974010705948, 0.41261093761935247], "rotate_angle": -30.27, "rotate_angle_pred": -29.094725608805533}