{"centroid": [-0.6075162373515756, 0.40324477851390844, 0.0332537323736318], "extents": [0.48385432594269845, 0.22213444113731395, 0.4451906702380563], "rotate_angle": -2.63, "rotate_angle_pred": 0.5872017461480823}