{"centroid": [-0.018415406223342923, 0.5131100267171859, 0.06868738970079644], "extents": [1.370933688823499, 0.24425914883613603, 0.5717950617196487], "rotate_angle": -7.37, "rotate_angle_pred": -4.147769888288536}