{"centroid": [-0.01807198432554897, -0.3358433246612549, 0.11118645083701514], "extents": [0.8926794595282366, 0.4930405914783479, 0.914024598236624], "rotate_angle": -40.22, "rotate_angle_pred": -39.263663424584934}