{"centroid": [-0.009376135826336757, -0.3984043300151825, 0.04827534623372139], "extents": [0.8695483084259731, 0.5251991152763369, 0.8943571917407733], "rotate_angle": 36.56, "rotate_angle_pred": 36.74833384606592}