{"centroid": [0.0287385178355216, 0.4110872149467468, -0.020393644456493415], "extents": [1.0773628922155316, 0.2010933756828312, 1.0545093985843585], "rotate_angle": 35.74, "rotate_angle_pred": 34.81863917054713}