{"centroid": [0.005735704091151483, -0.6138227134943007, -0.019037247446973535], "extents": [1.1061362157744812, 0.31989297270774864, 1.0167894482556061], "rotate_angle": 31.31, "rotate_angle_pred": 32.519067093222304}