{"centroid": [0.00480370219927044, 0.1084394939243793, 0.015746607397497878], "extents": [1.0616453919168864, 0.33613580465316795, 1.0391119750985067], "rotate_angle": -16.66, "rotate_angle_pred": -14.116957100143097}