{"centroid": [0.01468942596545271, -0.24323540925979611, 0.011075813833644463], "extents": [1.0980458524108867, 0.3635580539703372, 1.0556589619320564], "rotate_angle": -41.1, "rotate_angle_pred": -38.94157242030265}