{"centroid": [-0.0029388050208458416, 0.4866409972310066, 0.010679269659033042], "extents": [1.0564713536499757, 0.20848460495471982, 1.0283379611604442], "rotate_angle": -33.14, "rotate_angle_pred": -31.15535341590627}