{"centroid": [0.023819510445066597, -0.1849437206983566, 0.04505321628904069], "extents": [1.0745700816295167, 0.34564828872680686, 1.0284307212170123], "rotate_angle": -18.43, "rotate_angle_pred": -17.469612951691175}