{"centroid": [0.010829213493108947, 0.3965671733021736, 0.04435832343413605], "extents": [1.065949686849509, 0.14946667850017575, 1.0183802923617438], "rotate_angle": -21.2, "rotate_angle_pred": -20.494770188445372}