{"centroid": [-0.023010441645060498, 0.4666681811213493, 0.06651857654940083], "extents": [1.3099900756527418, 0.2376099973917009, 0.5807964922578217], "rotate_angle": -13.11, "rotate_angle_pred": -13.568418751569595}