{"centroid": [0.017875156737375594, 0.3438958376646042, 0.032456802871758283], "extents": [0.9446860664735406, 0.31093022227287315, 0.8373779754579566], "rotate_angle": -16.4, "rotate_angle_pred": -16.02037229999212}