{"centroid": [-0.0065673109433861745, 0.31265971064567566, 0.01643931126526954], "extents": [0.8950888172894991, 0.3410537838935854, 0.8200110430149631], "rotate_angle": -41.35, "rotate_angle_pred": -36.07744205180917}