{"centroid": [0.010136245845601598, -0.016565501689910896, 0.04677465214126501], "extents": [0.8737066065059929, 0.35652691125869773, 0.8357166909017896], "rotate_angle": -32.56, "rotate_angle_pred": -30.119481420903888}