{"centroid": [0.025444538823841525, -0.694817066192627, -0.007369799485767804], "extents": [0.8809572219146808, 0.35927808284759544, 0.7700747638533766], "rotate_angle": 17.22, "rotate_angle_pred": 17.406276257121277}