{"centroid": [0.002379072916407911, -0.3540475070476532, 0.05460878648737917], "extents": [0.8718319094152209, 0.34257644414901756, 0.7823137779986999], "rotate_angle": 12.37, "rotate_angle_pred": 14.301113284763716}