{"centroid": [0.00988576649195462, 0.6796534955501555, 0.04764610615069569], "extents": [0.9413203986867071, 0.3330119252204897, 0.864024620198413], "rotate_angle": -23.09, "rotate_angle_pred": -21.276659267321605}