{"centroid": [-0.0367520556599593, -0.4280168116092682, 0.09283849367598143], "extents": [0.9899698371769894, 0.4553979039192201, 0.61255472130632], "rotate_angle": -16.69, "rotate_angle_pred": -14.754699288992882}