{"centroid": [-0.0028035240311476833, 0.2554696872830391, 0.07819051335466577], "extents": [0.9992785446115601, 0.24521429836750055, 0.6205825800894063], "rotate_angle": -44.69, "rotate_angle_pred": -42.460890836846616}