{"centroid": [-0.008893329507889777, -0.38844358921051025, 0.07647910456781525], "extents": [1.0370404911366542, 0.42580163478851335, 0.6451952576296144], "rotate_angle": -3.51, "rotate_angle_pred": -4.405858450204377}