{"centroid": [-0.011037154700296634, 0.5203297436237335, 0.07431600515167543], "extents": [1.0376678445358345, 0.2959353327751162, 0.6535594299681311], "rotate_angle": -34.0, "rotate_angle_pred": -33.71769572835288}