{"centroid": [0.005040426072200316, 0.25037659704685206, 0.0782882245307206], "extents": [1.0225364958260101, 0.24387714266777055, 0.6452143063798402], "rotate_angle": -13.51, "rotate_angle_pred": -13.242708094521262}