{"centroid": [0.0033693026191182404, 0.3591780662536621, 0.011267354658125922], "extents": [0.8445227542843992, 0.2584149241447451, 0.7906158379848605], "rotate_angle": -13.41, "rotate_angle_pred": -13.862501087752165}