{"centroid": [-0.008526708122628034, -0.5125159919261932, 0.05035717166338324], "extents": [0.2993531551240871, 0.1493170857429505, 0.30665144591725635], "rotate_angle": -21.73, "rotate_angle_pred": -18.972597887196173}