{"centroid": [-0.00852857783479875, -0.537778913974762, 0.00781172868787355], "extents": [0.2941139873224051, 0.16220355033874517, 0.31750195535984627], "rotate_angle": 19.66, "rotate_angle_pred": 21.068023022119462}