{"centroid": [-0.015341219847981109, -0.5326820611953735, 0.026804923734458582], "extents": [0.2945666824116212, 0.16088247299194336, 0.31433041975758447], "rotate_angle": 7.43, "rotate_angle_pred": 9.676145565455641}