{"centroid": [-0.006488621834748923, -0.535659059882164, 0.009291535491618218], "extents": [0.2968806972355139, 0.16277006268501287, 0.31772530613131156], "rotate_angle": 18.94, "rotate_angle_pred": 20.17303592643337}