{"centroid": [-0.008880785587892272, -0.5301311835646629, 0.017963059003536], "extents": [0.29624455368368563, 0.16428537666797638, 0.31441246615382246], "rotate_angle": 11.6, "rotate_angle_pred": 13.752029716401026}