{"centroid": [-0.042610975173250604, -0.1823514401912689, 0.05250375025240356], "extents": [1.1940182500804308, 0.784916460514069, 1.1558008245632299], "rotate_angle": -29.53, "rotate_angle_pred": -24.309323763492117}