{"centroid": [-0.0008980632241474829, 0.22556129097938538, -0.0128415183752007], "extents": [1.1734411924433812, 0.20493446290493045, 1.1494755948659217], "rotate_angle": 22.42, "rotate_angle_pred": 24.048138934391375}