{"centroid": [0.018867585889687524, 0.22648452222347248, 0.07895735096267881], "extents": [1.1618162381558204, 0.1828067004680636, 1.106549500275032], "rotate_angle": -17.12, "rotate_angle_pred": -14.57544071053752}