{"centroid": [-0.002910203860408078, -0.21484048664569855, 0.05329147286967315], "extents": [1.1717445583017843, 0.7779809236526491, 1.105614875362409], "rotate_angle": -1.7, "rotate_angle_pred": -0.864027204788286}