{"centroid": [9.548226356660694e-05, -0.3772818446159362, 0.06385166679434096], "extents": [1.3747011522184027, 0.43513906002044694, 0.7245551399950367], "rotate_angle": -30.85, "rotate_angle_pred": -28.692110668503936}