{"centroid": [-0.37015966292970137, 0.42980179190635687, 0.07330215324028473], "extents": [0.5830085255638893, 0.23045545816421537, 0.7171385857323811], "rotate_angle": -13.35, "rotate_angle_pred": -13.0385197976195}