{"centroid": [-0.4258994090195343, 0.4641402438282966, 0.08918586535527485], "extents": [0.6121299321341935, 0.24412752687931077, 0.7236848538012627], "rotate_angle": 23.08, "rotate_angle_pred": 28.615514183932035}