{"centroid": [0.03234214923366373, 0.16575947403907776, 0.08022399796265275], "extents": [1.1567076371570553, 0.45589852333068864, 0.6481976468155395], "rotate_angle": -0.76, "rotate_angle_pred": -1.4950029680068866}