{"centroid": [-0.03361210742573249, -0.3367650806903839, 0.12968751239559928], "extents": [1.1369489602034886, 0.5101949572563174, 0.5980770677691261], "rotate_angle": -29.25, "rotate_angle_pred": -26.272205284722993}