{"centroid": [0.02061947795288166, -0.3180456906557083, 0.0914650520706333], "extents": [1.1663570492858786, 0.5061541795730592, 0.6405981231827003], "rotate_angle": -0.25, "rotate_angle_pred": -0.12531415328605533}