{"centroid": [0.01888101524408807, 0.5438288748264313, 0.09060013887125798], "extents": [1.1563877861044054, 0.2937099337577822, 0.655440796100436], "rotate_angle": -17.96, "rotate_angle_pred": -17.800907197960072}