{"centroid": [0.005552929459541903, 0.16169731318950653, 0.09538581868243876], "extents": [1.1417639058185178, 0.4705086350440981, 0.6242675673353765], "rotate_angle": 16.36, "rotate_angle_pred": 17.26715826726428}