{"centroid": [0.022594066168400193, 0.46387299895286555, 0.06181383624335336], "extents": [1.218616861287713, 0.2178586125373842, 0.7730188484339267], "rotate_angle": -2.49, "rotate_angle_pred": -2.6627287361473435}