{"centroid": [-0.03011719776438236, -0.3531143218278885, 0.06307108628313635], "extents": [1.125598769309436, 0.4732181727886202, 0.6123766199955116], "rotate_angle": -38.56, "rotate_angle_pred": -39.85930311991822}