{"centroid": [-0.016099197213788177, -0.39727368950843805, 0.04223947787517122], "extents": [1.106369249737659, 0.5047166943550111, 0.6033358534455671], "rotate_angle": 14.79, "rotate_angle_pred": 15.12163873045796}