{"centroid": [-0.011420945398775431, 0.5431169718503951, 0.07630129480088882], "extents": [1.0878881505235274, 0.2714387476444246, 0.6060972374859921], "rotate_angle": -27.62, "rotate_angle_pred": -24.61374602440212}