{"centroid": [0.0011620940383514841, 0.5446414351463318, 0.08452702965309344], "extents": [0.9292692940559604, 0.310455918312073, 0.6826984737212819], "rotate_angle": -15.36, "rotate_angle_pred": -15.31305077351935}