{"centroid": [-0.012561130861676373, 0.5009861439466476, 0.07654400517877327], "extents": [1.1000554356826817, 0.2680748999118807, 0.6239742520520506], "rotate_angle": -22.02, "rotate_angle_pred": -21.963710835224404}