{"centroid": [-0.008750982660129539, 0.14429824054241178, 0.0851463156227939], "extents": [1.0863394895389862, 0.44606775045394914, 0.6254528255915229], "rotate_angle": -17.62, "rotate_angle_pred": -15.214053264502923}