{"centroid": [0.0021691757364285386, -0.528705507516861, 0.06362247039096541], "extents": [1.0928835613742542, 0.34042060375213645, 1.0223840236444977], "rotate_angle": -20.18, "rotate_angle_pred": -18.91634605903647}