{"centroid": [0.01387283263810167, -0.18915108218789106, 0.06518529685849928], "extents": [1.0889458781788754, 0.3451278507709506, 1.0356360793239325], "rotate_angle": -13.77, "rotate_angle_pred": -11.957214189379243}