{"centroid": [-0.007974344392274749, -0.5968126952648163, -0.023249521219442668], "extents": [1.1067489392368803, 0.31184881925582913, 1.0396788126623817], "rotate_angle": 15.73, "rotate_angle_pred": 17.45372136887798}