{"centroid": [0.005536787402716736, 0.4932243824005127, 0.05752956123244892], "extents": [1.0810384782479192, 0.34363603591918973, 1.0304156572433538], "rotate_angle": -23.6, "rotate_angle_pred": -22.597478477133464}