{"centroid": [-0.007084522104390922, 0.4966011047363281, 0.01772170246015084], "extents": [1.0575554149411246, 0.2764292359352114, 1.0615763441934678], "rotate_angle": -18.68, "rotate_angle_pred": -16.516879300086288}