{"centroid": [-0.0011898982839592329, 0.47183684632182116, 0.3964199241632207], "extents": [0.08988845098430615, 0.08714111894369125, 0.042705847625655546], "rotate_angle": -10.77, "rotate_angle_pred": -10.064887219258623}