{"centroid": [0.008354370596469308, 0.6398549005389212, 0.4741087917916239], "extents": [0.10528693396955932, 0.10913370549678802, 0.05112099671209819], "rotate_angle": -20.17, "rotate_angle_pred": -22.595016719176186}