{"centroid": [-0.5873752253796134, 0.17097707092762, 0.1162502850786166], "extents": [0.5804539319696636, 0.5751113891601564, 0.0025329776094900752], "rotate_angle": -32.71, "rotate_angle_pred": -36.471887710384436}