{"centroid": [-0.5016707138636725, 0.6476428024470805, -0.20315615126606323], "extents": [0.28721523707234264, 0.04268839210271835, 0.24935453006708264], "rotate_angle": 34.12, "rotate_angle_pred": 28.395241493097984}