{"centroid": [0.4013382757071735, 0.32325369492173195, -0.06516660505164723], "extents": [0.14265724977605898, 0.021730907261371668, 0.1325442340327855], "rotate_angle": -27.92, "rotate_angle_pred": -30.320554929952884}