{"centroid": [0.01891592439088166, 0.16022992879152287, 0.6431202252723035], "extents": [0.09264878996976286, 0.07001651823520663, 0.04878360069006071], "rotate_angle": 44.9, "rotate_angle_pred": 43.667766783904}