{"centroid": [-0.0603777173778869, 0.09241549670696247, 0.6891570487012793], "extents": [0.31010895709124753, 0.30974894762039196, 0.2837329483235652], "rotate_angle": -44.11, "rotate_angle_pred": -40.67879262453233}