{"centroid": [-0.14163720514136707, -0.030665546655655025, 0.5695067751987265], "extents": [0.2804748426854352, 0.2580937743186951, 0.12387381542218567], "rotate_angle": 40.04, "rotate_angle_pred": 35.97690373786914}