{"centroid": [-0.19835755140552128, 0.0064509734511374334, 0.4421923140329049], "extents": [0.19193113165705772, 0.18589051067829132, 0.03305579403739223], "rotate_angle": 10.93, "rotate_angle_pred": 9.305805146990295}