{"centroid": [-0.17827249950101537, -0.024057775735855234, 0.6072817481286844], "extents": [0.18295207583497186, 0.18763256072998052, 0.09695754181051486], "rotate_angle": 41.93, "rotate_angle_pred": 42.462200960782894}