{"centroid": [-0.20685297702356456, -0.15306086093187343, 0.6566647004733938], "extents": [0.21272065949222568, 0.2061412185430527, 0.07798325910507797], "rotate_angle": -25.65, "rotate_angle_pred": -26.64866197237093}