{"centroid": [0.2092747474259601, -0.04053536057472242, 0.6280518745691787], "extents": [0.1438130293637915, 0.15337008237838748, 0.03417631248969333], "rotate_angle": -44.02, "rotate_angle_pred": -42.36139219633726}