{"centroid": [-0.017390193397145946, -0.03783008456230176, 0.5319947542384231], "extents": [0.5667453835463698, 0.5538870692253113, 0.018873974118676307], "rotate_angle": -10.02, "rotate_angle_pred": -9.165349875394739}