{"centroid": [-0.17025446621298448, -0.04811474680900586, 0.5731633434478733], "extents": [0.33145233458460077, 0.4304981827735902, 0.39756869633691777], "rotate_angle": -15.99, "rotate_angle_pred": -11.964078468220393}