{"centroid": [0.21305651297722827, -0.019527085125446444, 0.6116323161397579], "extents": [0.10281444267060982, 0.09824045002460481, 0.006776984732328906], "rotate_angle": -43.53, "rotate_angle_pred": -41.16862471980421}