{"centroid": [0.10052563684877812, 0.2266898937523363, 0.7341769094707499], "extents": [0.0505204749535557, 0.04944492131471634, 0.04613213149762685], "rotate_angle": -25.9, "rotate_angle_pred": -24.958709165665766}