{"centroid": [-0.38465056143545634, 0.5850645974278449, 0.5470273856834253], "extents": [0.10787038009678024, 0.11178077757358551, 0.029128259722019934], "rotate_angle": -38.14, "rotate_angle_pred": -37.52516816217765}