{"centroid": [-0.37593180599226594, 0.5836863182485104, 0.5471030581185705], "extents": [0.11039895142065725, 0.11312263458967209, 0.030872613873439647], "rotate_angle": -40.97, "rotate_angle_pred": -39.092286806744035}