{"centroid": [-0.321275688507152, 0.5798319168388844, 0.5532495861278082], "extents": [0.10395465218394634, 0.09829012304544449, 0.0337886294360038], "rotate_angle": 14.24, "rotate_angle_pred": 10.288802884973876}