{"centroid": [-0.030173447437712143, 0.42369930073618883, 0.36255223076679044], "extents": [0.10175788372230271, 0.09299656003713613, 0.09191298457409242], "rotate_angle": 28.46, "rotate_angle_pred": 30.145247753490295}