{"centroid": [0.5810143789961884, 0.45557207986712445, 0.3750316126940272], "extents": [0.08979190671914028, 0.09494664520025259, 0.06722208697246873], "rotate_angle": -38.68, "rotate_angle_pred": -38.24769669462171}