{"centroid": [0.0994519771907343, 0.296213649213314, 0.3770334419661793], "extents": [0.07455514246188087, 0.0702422708272934, 0.002471025991666098], "rotate_angle": 44.52, "rotate_angle_pred": 42.20144649258958}