{"centroid": [0.23679078102366719, 0.4325133189558982, 0.4889001797852807], "extents": [0.1700555410204821, 0.17329232394695276, 0.08266045279743905], "rotate_angle": -13.6, "rotate_angle_pred": -15.19823391952454}