{"centroid": [0.10157469717420108, 0.44127041846513737, 0.48855397262284284], "extents": [0.1698207425057164, 0.17563785612583155, 0.08357939207122339], "rotate_angle": -29.41, "rotate_angle_pred": -30.79458969607731}