{"centroid": [-0.0626004084519184, 0.49290458485484123, 0.5200304744319004], "extents": [0.08661743931254787, 0.07826455682516098, 0.031336117292453], "rotate_angle": -13.94, "rotate_angle_pred": -14.777639591922295}