{"centroid": [-0.08789954706126737, 0.49433294311165804, 0.5102442526992739], "extents": [0.08627288211199347, 0.08078712970018387, 0.030439630742491786], "rotate_angle": -30.48, "rotate_angle_pred": -32.980346849658474}