{"centroid": [0.03931596271567428, 0.40445942804217333, 0.3523881992138359], "extents": [0.08088173138858433, 0.0735262855887413, 0.033939809306428426], "rotate_angle": 40.81, "rotate_angle_pred": 39.7664614177902}