{"centroid": [0.01821189451409512, 0.5904579609632491, 0.5109949140944086], "extents": [0.130532667801886, 0.11847826838493347, 0.052452273972677765], "rotate_angle": 10.2, "rotate_angle_pred": 7.790145227549232}