{"centroid": [-0.05324752080190014, 0.4401310980319976, 0.47790470628074666], "extents": [0.1727423983562359, 0.17840784788131714, 0.0874311932904615], "rotate_angle": -32.46, "rotate_angle_pred": -34.166712284522475}