{"centroid": [0.008789032214184325, 0.3476093374192714, 0.34962776416261643], "extents": [0.08270627321884846, 0.07534610480070114, 0.04606763680360704], "rotate_angle": -4.39, "rotate_angle_pred": -2.402254386187721}