{"centroid": [0.13670704986904506, 0.31250990927219385, 0.36019302859921154], "extents": [0.0681077530386294, 0.06944575905799871, 0.011325854649539724], "rotate_angle": -7.28, "rotate_angle_pred": -6.735799474407969}