{"centroid": [-0.07585155533987578, 0.49107605591416353, 0.51177894507642], "extents": [0.08739961157982587, 0.07891691476106644, 0.03128025759264319], "rotate_angle": -20.27, "rotate_angle_pred": -21.81935546511575}