{"centroid": [0.13309778531272523, 0.31576245278120024, 0.3609260020811043], "extents": [0.06719954325108331, 0.06944201886653906, 0.009917393346329573], "rotate_angle": -15.34, "rotate_angle_pred": -15.396178440721002}