{"centroid": [-0.16583700067971707, 0.3860898353159427, 0.497158899974055], "extents": [0.07183405767705892, 0.06385464221239096, 0.03475129982071845], "rotate_angle": -20.12, "rotate_angle_pred": -23.07576308106067}