{"centroid": [0.042902794774857575, 0.3744292594492435, 0.48106655908517965], "extents": [0.07155252850586728, 0.07223112136125565, 0.048131550634845977], "rotate_angle": -32.95, "rotate_angle_pred": -33.89510806943233}