{"centroid": [0.01406393738896429, 0.577966172248125, 0.5305068177729821], "extents": [0.12186567212103848, 0.11229196935892105, 0.05369081227803418], "rotate_angle": 44.67, "rotate_angle_pred": 44.864986361102126}