{"centroid": [-0.007779838080181314, 0.5819933041930198, 0.5053364553827222], "extents": [0.12474657757510052, 0.11554698646068573, 0.0449592924008842], "rotate_angle": -15.36, "rotate_angle_pred": -17.125870261883975}