{"centroid": [-0.008380122795223224, 0.36637730896472925, 0.3532903500852576], "extents": [0.07579138947516917, 0.07435062527656555, 0.040528126448693524], "rotate_angle": -44.94, "rotate_angle_pred": -42.82918257491512}