{"centroid": [-0.006959584193872833, 0.34271191060543055, 0.3549365831819456], "extents": [0.08153708142911323, 0.07359638810157781, 0.04513544141345649], "rotate_angle": 3.99, "rotate_angle_pred": 6.100873668785852}