{"centroid": [0.08347386808090977, 0.43638580292463297, 0.34323389640038293], "extents": [0.09591465653403605, 0.09305547177791601, 0.09111844947786885], "rotate_angle": -23.14, "rotate_angle_pred": -24.268345180302248}