{"centroid": [0.0026933642468628437, 0.3593673296272754, 0.35505535958731216], "extents": [0.07500236527700589, 0.07183078676462173, 0.04237163838063107], "rotate_angle": -28.99, "rotate_angle_pred": -27.924235004307334}