{"centroid": [-0.04899757813654515, 0.3285513669252395, 0.3609000551898674], "extents": [0.07898303935760193, 0.06713321805000305, 0.04274527766102382], "rotate_angle": 36.71, "rotate_angle_pred": 37.5436484911973}