{"centroid": [0.022093092015570526, 0.5811858549714087, 0.5279758285432549], "extents": [0.12539297171022923, 0.11402125656604767, 0.054555251449220465], "rotate_angle": 38.68, "rotate_angle_pred": 38.422949787959794}