{"centroid": [0.056981745997936026, 0.41317844763398165, 0.3432244042704302], "extents": [0.08138018719184942, 0.07955635339021683, 0.035127791957803134], "rotate_angle": 30.75, "rotate_angle_pred": 32.07817006645632}