{"centroid": [0.06706811581669303, 0.3713909201323985, 0.4772993679850399], "extents": [0.07806156468466059, 0.07969196885824203, 0.048766314313586634], "rotate_angle": -0.55, "rotate_angle_pred": -0.6182666967998074}