{"centroid": [0.1121343540383886, 0.32100685313343996, 0.37631266800754964], "extents": [0.07431812647102788, 0.07567510753870016, 0.009609673253312911], "rotate_angle": -43.89, "rotate_angle_pred": -41.48390693079464}