{"centroid": [-0.004781404604542948, 0.42158677428960795, 0.36523737016388536], "extents": [0.10112359403604684, 0.093202754855156, 0.09456222531348996], "rotate_angle": 19.6, "rotate_angle_pred": 21.0160944575551}