{"centroid": [0.27746973385749873, 0.42877370119094843, 0.48046294695449865], "extents": [0.17809301143366713, 0.17403995990753174, 0.09398995091088325], "rotate_angle": 7.51, "rotate_angle_pred": 7.671726462172444}