{"centroid": [0.08547012491484886, 0.42711260914802546, 0.3132707972411983], "extents": [0.0828678624861412, 0.08464330434799194, 0.03710414917533872], "rotate_angle": 12.1, "rotate_angle_pred": 13.923116627552716}