{"centroid": [-0.006416380742455285, 0.3535150662064552, 0.3459035231469056], "extents": [0.08005872221137392, 0.07258625328540802, 0.043926737392305626], "rotate_angle": -18.34, "rotate_angle_pred": -17.593859625812883}