{"centroid": [-0.0017769757201108677, 0.3452016450464725, 0.3495440240156661], "extents": [0.08104901119250543, 0.0737505629658699, 0.04545725195039996], "rotate_angle": -2.44, "rotate_angle_pred": -0.6184074011748066}