{"centroid": [0.1365639934968532, 0.31009881943464274, 0.3661852175310736], "extents": [0.06839492728850974, 0.0708380788564682, 0.01097827001998325], "rotate_angle": -0.05, "rotate_angle_pred": 1.1742884493823311}