{"centroid": [-0.01637877429731394, 0.3396983221173286, 0.3544121016704432], "extents": [0.08074356399362181, 0.07203234732151037, 0.044980502414418366], "rotate_angle": 8.24, "rotate_angle_pred": 9.99952697210729}