{"centroid": [0.1259240400742051, 0.3174873106181621, 0.363053484068728], "extents": [0.06914417307091987, 0.06999089568853384, 0.01198261207170398], "rotate_angle": -31.94, "rotate_angle_pred": -31.714623028901585}