{"centroid": [0.06691171669992972, 0.4364745207130908, 0.34414631109240656], "extents": [0.09807944800940593, 0.09426371008157736, 0.09222379099355066], "rotate_angle": -14.16, "rotate_angle_pred": -14.815212132455983}