{"centroid": [-0.3293884489888332, 0.40734278783202166, 0.38891577785043635], "extents": [0.09160950571016213, 0.08414148539304733, 0.03858106122850813], "rotate_angle": -6.54, "rotate_angle_pred": -6.7848242723780885}