{"centroid": [0.6364379132620295, 0.10913917422294606, 0.1486935968284818], "extents": [0.13795113476183418, 0.048693284392356914, 0.12017157597740048], "rotate_angle": -40.26, "rotate_angle_pred": -35.62489045421359}