{"centroid": [-0.01831861598066402, 0.5147964060306548, 0.44658111153712915], "extents": [0.10082158552398321, 0.07032126188278198, 0.0898036221178356], "rotate_angle": 36.31, "rotate_angle_pred": 37.17736964613478}