{"centroid": [-0.7540418428073274, 0.06210777163505535, 0.5554263356196193], "extents": [0.12170512358447594, 0.13909539580345157, 0.08390502720766313], "rotate_angle": 33.89, "rotate_angle_pred": 30.80501432632633}