{"centroid": [-0.42460219154927514, 0.02342336624860748, 0.563215834321215], "extents": [0.1157120525598565, 0.11949221789836886, 0.053276642459944124], "rotate_angle": 33.55, "rotate_angle_pred": 31.801393995786555}