{"centroid": [-0.184868793089669, 0.025602668523788324, 0.5615730198834621], "extents": [0.1188840771928194, 0.13137328624725342, 0.057609259129802526], "rotate_angle": 9.88, "rotate_angle_pred": 10.371294935201192}