{"centroid": [0.6665465106470292, 0.088548231869936, 0.20584699090298741], "extents": [0.14215526262425382, 0.03473722189664845, 0.13087353365938934], "rotate_angle": 23.5, "rotate_angle_pred": 23.85460413941982}