{"centroid": [0.6667871972469631, 0.08141336776316171, 0.22792570399078818], "extents": [0.137463837694913, 0.040952611714601565, 0.1262440530911278], "rotate_angle": 42.01, "rotate_angle_pred": 40.37620709864629}