{"centroid": [0.012575472589954633, 0.5462531447410582, 0.4323752598248307], "extents": [0.10183704160452664, 0.06910133361816406, 0.09888877228093623], "rotate_angle": 1.21, "rotate_angle_pred": 0.7572920398260266}