{"centroid": [0.10974342006596885, -0.01922328770160688, 0.6374179704252083], "extents": [0.3787044185056404, 0.36959189176559454, 0.06744473991521982], "rotate_angle": -18.35, "rotate_angle_pred": -16.7898894760674}