{"centroid": [-0.22286613156271254, 0.12606766819953907, 0.5445307938497255], "extents": [0.16659170574803867, 0.16120001673698428, 0.05910522556599118], "rotate_angle": 43.91, "rotate_angle_pred": 41.48504647266455}