{"centroid": [0.24706467079038524, 0.14598073810338963, 0.6663348973460442], "extents": [0.0798544445168759, 0.08736826479434971, 0.0891423830910647], "rotate_angle": 28.75, "rotate_angle_pred": 26.154656197113923}