{"centroid": [-0.4540744660406753, 0.041667416691779945, 0.5934961205325495], "extents": [0.16074713664511997, 0.15310832858085632, 0.045319205884696845], "rotate_angle": 9.59, "rotate_angle_pred": 8.268297791134515}