{"centroid": [0.2328068333378448, 0.04184729605913151, 0.47765958484692655], "extents": [0.17998941369888422, 0.21310807764530187, 0.16891545176664663], "rotate_angle": -22.96, "rotate_angle_pred": -22.688182092021577}