{"centroid": [-0.008634376272338226, 0.2983799241483211, 0.5161245577600371], "extents": [0.0729845556742249, 0.06784205883741379, 0.03287847048696213], "rotate_angle": -12.16, "rotate_angle_pred": -11.351375250976176}