{"centroid": [0.13504202457801312, -0.014705911278724861, 0.8437347011805018], "extents": [0.12516555229092602, 0.15112495422363287, 0.17136567884443343], "rotate_angle": -12.7, "rotate_angle_pred": -13.392439377507884}