{"centroid": [-0.6048973971134277, 0.04648369550704962, -0.09048264309456183], "extents": [0.6086347654530311, 0.6028211116790771, 0.04347267715044109], "rotate_angle": -12.25, "rotate_angle_pred": -18.365061607566673}