{"centroid": [-0.1217837471175473, -0.04692961275577552, 0.3244121162891975], "extents": [0.17818406153883365, 0.15790140628814697, 0.03628875673387455], "rotate_angle": 17.04, "rotate_angle_pred": 16.558933948537955}