{"centroid": [-0.0064244699431317935, -0.004583492875099231, 0.38988393611928807], "extents": [0.37431365322675103, 0.3605446815490723, 0.020878199527601893], "rotate_angle": 44.91, "rotate_angle_pred": 40.499927206098306}