{"centroid": [-0.07239605302671928, -0.046150930225849214, 0.30024165523862395], "extents": [0.1544650217548969, 0.14342506229877472, 0.03415588334873554], "rotate_angle": 6.82, "rotate_angle_pred": 5.3488941907207845}