{"centroid": [-0.15433913462328092, -0.3521264791488648, 0.5748564673933849], "extents": [0.4287879401409345, 0.42752695083618164, 0.14799052250469225], "rotate_angle": -16.57, "rotate_angle_pred": -18.437306888830108}