{"centroid": [-0.23391731305110716, -0.23849414288997667, 0.5048897741754846], "extents": [0.19896641635919854, 0.19864538311958319, 0.0758714834916619], "rotate_angle": 32.46, "rotate_angle_pred": 32.43624824457608}