{"centroid": [-0.01687825633157721, 0.253811378031969, 0.36870617389692684], "extents": [0.07332691741811669, 0.06396926194429398, 0.037693158776775204], "rotate_angle": 41.84, "rotate_angle_pred": 40.226925049186804}