{"centroid": [-0.7023164491019592, 0.41612414643168455, -0.1819003704910535], "extents": [0.34566733888313295, 0.05480905622243892, 0.30358446212814194], "rotate_angle": -33.69, "rotate_angle_pred": -34.23168265290734}