{"centroid": [0.21464679702448533, -0.1032678484916688, 0.3658023516531809], "extents": [0.059344975722777665, 0.1484591662883759, 0.17899190951966354], "rotate_angle": -0.01, "rotate_angle_pred": 2.156366081738625}