{"centroid": [-0.7275150274274481, 0.5757491141557693, -0.047886971487160895], "extents": [0.11159043168233462, 0.00467345118522644, 0.09997275609819173], "rotate_angle": 4.47, "rotate_angle_pred": 3.0804015108891747}