{"centroid": [0.5004527223167253, 0.6510771438479424, 0.08482585974152512], "extents": [0.39591324109078746, 0.22652636468410503, 0.4182485020729987], "rotate_angle": 29.85, "rotate_angle_pred": 30.840631040962577}