{"centroid": [-0.6536743505719323, 0.4029063470661641, -0.3968668585422428], "extents": [0.6217706371847895, 0.04971728473901771, 0.5885631601464001], "rotate_angle": -42.5, "rotate_angle_pred": -41.66760323117172}