{"centroid": [0.02305012087196196, 0.40099349990487093, 0.4690588637876407], "extents": [0.07673239632869046, 0.06472916156053543, 0.04179646033876733], "rotate_angle": 5.8, "rotate_angle_pred": 6.060804692707862}