{"centroid": [-0.1217963732359037, 0.22288186103105534, 0.5079450617725699], "extents": [0.10176595155437344, 0.08593474328517914, 0.018905918775833808], "rotate_angle": 2.27, "rotate_angle_pred": 3.174640419599129}