{"centroid": [0.2722910762220157, 0.5157514140009879, 0.5394703593208744], "extents": [0.17226849861847693, 0.15895353257656103, 0.04309943409806338], "rotate_angle": -15.45, "rotate_angle_pred": -14.988800975195701}