{"centroid": [0.0046621042292426355, 0.6808046251535415, 0.7008762969940888], "extents": [0.1643619103015635, 0.14715352654457092, 0.10617575131421098], "rotate_angle": -25.06, "rotate_angle_pred": -29.72101388634514}