{"centroid": [-0.10084123112945995, 0.23686677962541575, 0.5180609055465841], "extents": [0.09936504922460127, 0.08787982165813446, 0.01645106840697874], "rotate_angle": -14.77, "rotate_angle_pred": -16.6524689473935}