{"centroid": [-0.5678091516992728, 0.36187107115983963, 0.23527071645669484], "extents": [0.12090354589012531, 0.15599395334720617, 0.1644615155566916], "rotate_angle": -35.29, "rotate_angle_pred": -35.07417908909854}