{"centroid": [0.025433970244160636, 0.4579132944345473, 0.5020889962082686], "extents": [0.0929791028186496, 0.07082656025886536, 0.05261710629913263], "rotate_angle": 1.31, "rotate_angle_pred": 2.338239832928366}