{"centroid": [-0.18684397061293803, 0.23337764665484412, 0.48432079008052664], "extents": [0.10392760522717898, 0.08508362621068952, 0.011397246312285558], "rotate_angle": 12.39, "rotate_angle_pred": 13.061631470642055}