{"centroid": [0.27028547298519134, 0.3787230104207992, 0.5468466124584154], "extents": [0.102883297159855, 0.09261259436607361, 0.015929241187825127], "rotate_angle": 9.48, "rotate_angle_pred": 8.872354618293713}