{"centroid": [0.1137549224683232, 0.6021712720394135, 0.36552009492454374], "extents": [0.15561798292856954, 0.1178632378578186, 0.089559615106934], "rotate_angle": -14.44, "rotate_angle_pred": -14.88036137817518}