{"centroid": [-0.2912455504847435, 0.242105970159173, -0.13222931015242123], "extents": [0.060947960824810576, 0.05851523950695986, 0.021392743585086], "rotate_angle": 6.62, "rotate_angle_pred": 5.124901057380995}