{"centroid": [0.007129865774976714, 0.5971277207136154, 0.491926242952812], "extents": [0.229418262676088, 0.20050951838493347, 0.08353367441909743], "rotate_angle": 29.67, "rotate_angle_pred": 28.234823975596754}