{"centroid": [0.2743885629776882, 0.3781535476446151, 0.5459077944222085], "extents": [0.10306784951280418, 0.09201464056968689, 0.015704657418647128], "rotate_angle": 12.09, "rotate_angle_pred": 11.168131931915383}