{"centroid": [-0.0060893617638250064, -0.5027527958154678, 0.41893784739921536], "extents": [0.22079184985374523, 0.2367771565914154, 0.06768803400867474], "rotate_angle": 16.88, "rotate_angle_pred": 16.653816300638525}