{"centroid": [0.2645365901429183, 0.3852695785462856, 0.5558668165429488], "extents": [0.10375154968036049, 0.09277164191007614, 0.014970768538266066], "rotate_angle": 1.76, "rotate_angle_pred": 2.0348368820305325}