{"centroid": [0.57899666504397, 0.3258547559380531, 0.25824560491259363], "extents": [0.10703217669458187, 0.12816615402698517, 0.12186549246664383], "rotate_angle": -3.53, "rotate_angle_pred": -1.998559225788199}