{"centroid": [0.05630218707365109, 0.3123155608773231, 0.5149658298273436], "extents": [0.06492291483582803, 0.06265242397785187, 0.032689013053753935], "rotate_angle": 23.75, "rotate_angle_pred": 23.990003786434343}