{"centroid": [-0.054032398823990344, -0.5170010626316071, 0.40115499951989453], "extents": [0.3351109575086937, 0.34063094854354864, 0.09802511936665276], "rotate_angle": 40.1, "rotate_angle_pred": 41.68267530933602}