{"centroid": [-0.2816204653438203, 0.43928432464599604, 0.6201876198158669], "extents": [0.2590522424943974, 0.250141441822052, 0.059908504531367646], "rotate_angle": -16.14, "rotate_angle_pred": -19.560156071694266}