{"centroid": [-0.03166520957823215, -0.28840816020965576, 0.40370279273725096], "extents": [0.2842606347110418, 0.28473925590515137, 0.08426243188424559], "rotate_angle": 37.13, "rotate_angle_pred": 36.525296820205526}