{"centroid": [0.06545951503001558, 0.32142830267548556, 0.512297444221774], "extents": [0.06560257905164477, 0.06423700600862503, 0.03410259677345234], "rotate_angle": 5.32, "rotate_angle_pred": 5.241505009117191}