{"centroid": [-0.014933899484601214, -0.5646258220076562, 0.3729647413486748], "extents": [0.13413322018714746, 0.13714452087879186, 0.01446299632471848], "rotate_angle": 3.6, "rotate_angle_pred": 6.238067028875491}