{"centroid": [0.0022946443444780227, 0.36540137603878964, 0.5155466238102964], "extents": [0.05362534503019249, 0.05366645008325582, 0.02206636957048702], "rotate_angle": -38.49, "rotate_angle_pred": -40.03909290217989}