{"centroid": [-0.4550242433853757, -0.41284383833408356, 0.45642189317588583], "extents": [0.13116286639370695, 0.1397456824779511, 0.06674240501228373], "rotate_angle": -30.75, "rotate_angle_pred": -30.68946448998291}