{"centroid": [0.05776379904568585, 0.33001948520541186, 0.46786251529705186], "extents": [0.05643059665038189, 0.05376949161291128, 0.032929681120204835], "rotate_angle": 25.62, "rotate_angle_pred": 26.006074298088635}