{"centroid": [0.27994134780741275, 0.28212874010205263, 0.37001353267630105], "extents": [0.06660501754170028, 0.04904971271753311, 0.03597867912844155], "rotate_angle": 11.82, "rotate_angle_pred": 10.998684845405108}