{"centroid": [0.3311653676699115, 0.33678421005606646, 0.36912504407447533], "extents": [0.1104536269509187, 0.08125292509794235, 0.06653694745070077], "rotate_angle": -39.03, "rotate_angle_pred": -38.11809871085535}