{"centroid": [0.01987182211363714, 0.6509885489940642, 0.43380820730338], "extents": [0.13973548672686742, 0.13465040922164917, 0.06795155838806533], "rotate_angle": 5.17, "rotate_angle_pred": 3.8202672263889923}