{"centroid": [-0.00015348232110361237, 0.0039912052452563546, 0.32573583859066796], "extents": [0.08513942536230018, 0.08072517067193986, 0.03817426119391831], "rotate_angle": 24.0, "rotate_angle_pred": 22.58883171996861}