{"centroid": [0.002288311450265732, -0.2866152226924898, 0.7284847244536936], "extents": [0.13038170548507472, 0.13774007558822635, 0.05308515291819371], "rotate_angle": -25.23, "rotate_angle_pred": -25.614920866680336}