{"centroid": [-0.17019315729198614, 0.4530435502529143, 0.8016188925338195], "extents": [0.17460495185154987, 0.15425378084182745, 0.10441503644859851], "rotate_angle": 37.5, "rotate_angle_pred": 34.8767271756474}