{"centroid": [0.03759248705684824, 0.6195185482501983, 0.4627974604433549], "extents": [0.10346135443695578, 0.09639221429824829, 0.06248296392498326], "rotate_angle": 16.34, "rotate_angle_pred": 15.003959862961167}