{"centroid": [0.2317727981132167, 0.5759755074977874, 0.42874067736633736], "extents": [0.08594213593183886, 0.0836915373802185, 0.037087567871571914], "rotate_angle": -20.37, "rotate_angle_pred": -22.01940179291192}