{"centroid": [0.2470540946341957, 0.5660785548388957, 0.426211105873877], "extents": [0.0821754039710268, 0.07828988879919052, 0.03965628153767364], "rotate_angle": -4.21, "rotate_angle_pred": -4.1408979290012695}