{"centroid": [0.26026715220545016, -0.2362093478441239, 0.7729888470101036], "extents": [0.18347680097089633, 0.18077012896537784, 0.04493965465547389], "rotate_angle": 24.32, "rotate_angle_pred": 24.43253546849141}