{"centroid": [-0.2880847233227103, 0.06070075929164871, 0.588211799155783], "extents": [0.11447435409958412, 0.11411632597446443, 0.028919621777878213], "rotate_angle": 44.37, "rotate_angle_pred": 43.33354471648664}