{"centroid": [0.32088713929259427, 0.5058101974427699, 0.48243503425910683], "extents": [0.0954739279815135, 0.09341990202665323, 0.010140288381348783], "rotate_angle": 1.57, "rotate_angle_pred": 2.3306685168482204}