{"centroid": [-0.21411775707094916, -0.08941677957773222, 0.6627262807557197], "extents": [0.1295461014305715, 0.11214788258075717, 0.0570666509718718], "rotate_angle": 31.74, "rotate_angle_pred": 31.807100945836595}