{"centroid": [-0.3920390346318944, -0.009034946560859711, 0.47665597492046585], "extents": [0.2754676007887383, 0.26699632406234747, 0.05451963025409384], "rotate_angle": -34.13, "rotate_angle_pred": -35.40308269046815}