{"centroid": [0.39008512191278677, 0.10524027422070484, 0.6611578213325565], "extents": [0.10479368666978328, 0.11620694398880006, 0.023233945642304077], "rotate_angle": -38.98, "rotate_angle_pred": -37.522371737434696}