{"centroid": [-0.3130415664038066, -0.28054361790418636, 0.5052512052477777], "extents": [0.17836608997572148, 0.17558504641056066, 0.09008638315718154], "rotate_angle": 42.06, "rotate_angle_pred": 39.118097900634865}