{"centroid": [-0.3593261731268684, -0.21119841188192387, 0.6276548097706689], "extents": [0.15743585067765098, 0.15665586292743686, 0.02806604677996405], "rotate_angle": 13.98, "rotate_angle_pred": 12.401366331823553}