{"centroid": [0.058571821003073926, -0.1001134365797044, 0.7291522234337691], "extents": [0.15119862395433936, 0.17622464895248416, 0.1202727990454655], "rotate_angle": -41.8, "rotate_angle_pred": -40.34602657094683}