{"centroid": [0.3797738777851578, -0.09559197723865515, 0.6314950994602156], "extents": [0.11796909013340562, 0.11995294690132141, 0.017867949144233508], "rotate_angle": 35.16, "rotate_angle_pred": 35.26600281814889}