{"centroid": [-0.08754905078572489, 0.7827850319445134, -0.3617138936642828], "extents": [0.0985590221514751, 0.0966842845082283, 0.06533151878375987], "rotate_angle": -23.81, "rotate_angle_pred": -26.567183255386873}