{"centroid": [-0.08062692712870075, 0.7936831004917623, -0.3369294182245879], "extents": [0.09288856537214185, 0.10187790542840969, 0.05853934680627476], "rotate_angle": 25.06, "rotate_angle_pred": 22.452903104477983}