{"centroid": [-0.028993512527129207, 0.6334947012364865, -0.3987999660975074], "extents": [0.05301449016353843, 0.054575614631175995, 0.03083012963800491], "rotate_angle": -17.13, "rotate_angle_pred": -18.679753742151334}