{"centroid": [-0.3557892453758392, 0.0054013580083845675, 0.6310346238422351], "extents": [0.11040890997729513, 0.12192058563232422, 0.022037111294287204], "rotate_angle": -4.33, "rotate_angle_pred": -5.545140996417274}