{"centroid": [0.3033761844904649, -0.29218732565641414, 0.5156945594873106], "extents": [0.16788339359045565, 0.1575949341058731, 0.08470864464902711], "rotate_angle": -10.29, "rotate_angle_pred": -8.221434651436383}