{"centroid": [0.33864701844242817, 0.010936483740806451, 0.47129465548250615], "extents": [0.25647276518067175, 0.2622390985488892, 0.0478437615147711], "rotate_angle": -43.79, "rotate_angle_pred": -44.17153247458693}