{"centroid": [-0.10590197258755557, -0.10259690135717409, 0.7761374323373806], "extents": [0.23145907568802257, 0.2395475953817368, 0.10939334073711937], "rotate_angle": -9.22, "rotate_angle_pred": -11.954748351775677}