{"centroid": [0.17094009964773102, 0.4720822945237159, 0.43460872149515795], "extents": [0.11499216874568693, 0.1181684285402298, 0.011529497523499355], "rotate_angle": -45.0, "rotate_angle_pred": -43.67848183019812}