{"centroid": [0.0416422941334289, 0.09317514300346359, 0.8294709064203427], "extents": [0.295386580569984, 0.29113626480102545, 0.04174002231100837], "rotate_angle": -29.84, "rotate_angle_pred": -33.83296350578537}