{"centroid": [-0.06215114393569529, 0.7639557905495168, -0.4092163319002641], "extents": [0.11146631759074757, 0.10232869535684586, 0.06853745084837631], "rotate_angle": -36.73, "rotate_angle_pred": -37.27641616028813}