{"centroid": [-0.06517358246939645, 0.7664004079997541, -0.4051591444264452], "extents": [0.11125203194197446, 0.10097040981054306, 0.06753627193955691], "rotate_angle": -44.98, "rotate_angle_pred": -43.110381117508894}