{"centroid": [-0.051394564705814785, 0.7739901728928089, -0.3546779087962862], "extents": [0.09593290700190514, 0.10698882490396511, 0.05693795079079822], "rotate_angle": 40.96, "rotate_angle_pred": 36.37164681754801}