{"centroid": [-0.03806931826086818, 0.7354709878563882, -0.30220305922245433], "extents": [0.06912041245350829, 0.07955236732959758, 0.048514290169048735], "rotate_angle": 25.85, "rotate_angle_pred": 23.71952254432749}