{"centroid": [-0.060029311543278736, 0.4060789942741393, -0.7141235350797581], "extents": [0.04660253893402379, 0.022693634033203125, 0.0023904852166900525], "rotate_angle": 38.02, "rotate_angle_pred": -142.52161394123695}