{"centroid": [-0.3231957879364773, 0.5192149877548217, 0.32154620240810333], "extents": [0.16069136695989886, 0.14604699611663813, 0.040677719162528325], "rotate_angle": -2.81, "rotate_angle_pred": -2.4840517431734384}