{"centroid": [0.2467073748607982, -0.5146996527910233, 0.6127618356762001], "extents": [0.2229011054018867, 0.21036192774772644, 0.051598518975991436], "rotate_angle": 43.67, "rotate_angle_pred": 41.60817313748282}