{"centroid": [0.6285017561900668, -0.007763013243675235, 0.4777795984209285], "extents": [0.15523362048169864, 0.15141338109970096, 0.022379431712730657], "rotate_angle": 31.21, "rotate_angle_pred": 33.653808647520464}