{"centroid": [-0.2836959033171582, -0.38038952648639685, 0.43045446112911734], "extents": [0.13535916844898183, 0.1428501307964325, 0.021155394675682226], "rotate_angle": 35.26, "rotate_angle_pred": 35.07840845502702}