{"centroid": [0.654491737182625, -0.023568339645862572, 0.48596016524286906], "extents": [0.15919718287940254, 0.14983876049518588, 0.031798500850542755], "rotate_angle": 40.43, "rotate_angle_pred": 39.101934802313195}