{"centroid": [0.31212195049594765, -0.48973785713315005, 0.4248453283986477], "extents": [0.09668322604228158, 0.09047427028417582, 0.027836855361727975], "rotate_angle": 37.74, "rotate_angle_pred": 38.69095098868851}