{"centroid": [0.1973437731789969, 0.04452782869338981, 0.40681142356351185], "extents": [0.47277787474553096, 1.5943937301635742, 0.010415815780614679], "rotate_angle": 17.42, "rotate_angle_pred": 14.782568277710027}