{"centroid": [-0.2575019220359405, 0.05245912075042716, 0.3499767271052078], "extents": [0.4269537331483198, 1.6185625791549683, 0.061355326350704564], "rotate_angle": 44.59, "rotate_angle_pred": 38.613260287579465}