{"centroid": [-0.00475365398357544, -0.20243185758590698, 0.3662628966426671], "extents": [0.8785167823173861, 1.075700044631958, 0.13581326434862018], "rotate_angle": -43.1, "rotate_angle_pred": -39.14179588459718}