{"centroid": [-0.6359324806745081, 0.2241086475551128, 0.29752386800883046], "extents": [0.27741897586969505, 0.12121369689702993, 0.04835185119862562], "rotate_angle": -21.61, "rotate_angle_pred": -14.32938620108375}