{"centroid": [0.0015581367438344887, 0.064071625471115, 0.47115946453616975], "extents": [0.8604971312921353, 0.8558143377304077, 0.02435911487147896], "rotate_angle": 6.13, "rotate_angle_pred": 8.210741257487896}