{"centroid": [-0.64721226349719, -0.10205525159835832, 0.28307364358629084], "extents": [0.43226938751661526, 0.69342041015625, 0.03532445374524246], "rotate_angle": 41.73, "rotate_angle_pred": 39.51476830859667}