{"centroid": [-0.011864714139729934, -0.09027615189552314, 0.38680158919016155], "extents": [1.2814293211126055, 0.7649540901184082, 0.06990437375122749], "rotate_angle": 1.16, "rotate_angle_pred": -1.7713797462545813}