{"centroid": [-0.02753726862547566, -0.002151131629943903, 0.44322227251561913], "extents": [0.9684543414675204, 0.7136796712875366, 0.03594959454890001], "rotate_angle": 34.35, "rotate_angle_pred": 38.63135786099363}