{"centroid": [-0.3191557138083786, -0.050274759531021174, 0.35377298674973084], "extents": [0.90124463929195, 0.6126367449760438, 0.05175151297333025], "rotate_angle": -24.39, "rotate_angle_pred": -27.719727634291772}