{"centroid": [-0.08091237697402334, -0.139748901128769, 0.5055864761131464], "extents": [1.2444267079422469, 0.7744424939155578, 0.0603775707928455], "rotate_angle": -10.93, "rotate_angle_pred": -5.588958102944858}