{"centroid": [-0.029669071885324166, 0.12372606992721567, -0.41074849785454265], "extents": [0.6923329300750791, 1.3519055843353271, 1.2890700225907754], "rotate_angle": -24.73, "rotate_angle_pred": -15.993075864311336}