{"centroid": [-0.6687753845970725, -0.08574184775352485, 0.3034967723218449], "extents": [0.16081379554430675, 0.6964825391769409, 0.2769074474514856], "rotate_angle": 2.99, "rotate_angle_pred": 0.8113743941146936}