{"centroid": [0.00752575166092672, -0.13954737782478333, 0.43435097038977516], "extents": [0.7567612517073822, 0.9220474362373353, 0.0503181404585723], "rotate_angle": 41.02, "rotate_angle_pred": 40.80603382035187}