{"centroid": [-0.02417096624377605, 0.5733919441699981, 0.3341610531916063], "extents": [0.7923291865241391, 0.5206795930862427, 0.12137080642652442], "rotate_angle": -27.35, "rotate_angle_pred": -27.85770430264673}