{"centroid": [0.01297949319790797, -0.2113299965858461, 0.29021185156718715], "extents": [0.7370098984991384, 1.3535996675491337, 0.03984454358364714], "rotate_angle": 32.05, "rotate_angle_pred": 31.092376919294935}