{"centroid": [0.1914448562274341, 0.0019547343254089355, 0.18973710598704532], "extents": [0.5130459169199293, 1.5111812353134155, 0.03965849878420255], "rotate_angle": 10.13, "rotate_angle_pred": 9.554324825094056}