{"centroid": [-0.24894792306073632, -0.0007735490798950195, 0.169335260837761], "extents": [0.37220233821293097, 1.522168517112732, 0.09429231322143071], "rotate_angle": -31.75, "rotate_angle_pred": -35.93964102186509}