{"centroid": [-0.0850417759557564, -0.2715708017349243, 0.3044116335392383], "extents": [0.609090271355211, 1.2049427032470703, 0.08031731880122783], "rotate_angle": -35.64, "rotate_angle_pred": -31.03788070546608}