{"centroid": [-0.017828967830828317, 0.03508567810058591, 0.2600477760359176], "extents": [0.5865578670388683, 1.5243756771087646, 0.07095244549798543], "rotate_angle": 21.97, "rotate_angle_pred": 22.08278328523241}