{"centroid": [0.22578072378175207, 0.03368836641311637, 0.3727248605009804], "extents": [0.4953296247556574, 1.484977126121521, 0.04676740303529431], "rotate_angle": -14.93, "rotate_angle_pred": -9.07374708909974}