{"centroid": [0.2828494784740354, 0.05727171897888175, 0.3723646384063633], "extents": [0.5681406376556555, 1.4003407955169678, 0.01783338598385653], "rotate_angle": -23.99, "rotate_angle_pred": -20.644102612307492}