{"centroid": [-0.016158848949376095, -0.2640012502670288, 0.3169244969352488], "extents": [0.6896032203522484, 1.2698341608047485, 0.11909607240300857], "rotate_angle": 24.86, "rotate_angle_pred": 24.12556638736683}