{"centroid": [0.02669363339965504, -0.19998985528945923, 0.369884013656362], "extents": [0.6713953806314312, 1.3524079322814941, 0.030208193629940094], "rotate_angle": -16.87, "rotate_angle_pred": -22.14119632150745}