{"centroid": [-0.052212047832907546, -0.008682608604431152, 0.2960473135034689], "extents": [0.5502023578398725, 1.8705352544784546, 0.03464826121807979], "rotate_angle": -43.73, "rotate_angle_pred": -34.18427358857579}