{"centroid": [0.027793373124991916, -0.28775542974472046, 0.32895641532691483], "extents": [0.6361314463958405, 1.1826735734939575, 0.0685166994092049], "rotate_angle": -18.44, "rotate_angle_pred": -23.15583194542269}