{"centroid": [-0.002345079179104044, 0.09615349769592275, 0.46788613210172575], "extents": [0.9911978489917554, 1.2685649394989014, 0.0591569743779633], "rotate_angle": -9.16, "rotate_angle_pred": -10.233265358937459}