{"centroid": [-0.014877459864668333, -0.01268836855888375, -0.47195467054317963], "extents": [1.55375790883531, 0.8254764080047607, 0.009828868340269248], "rotate_angle": 10.02, "rotate_angle_pred": -170.32345806306068}