{"centroid": [0.002695440455242351, -0.15520882606506353, 0.4050192513250054], "extents": [1.1666390969237765, 1.1010571718215942, 0.03350726163605411], "rotate_angle": 20.42, "rotate_angle_pred": 20.08052562356677}