{"centroid": [-0.48890915753324227, 0.13320446759462357, 0.21736591699688035], "extents": [0.42586296956283926, 0.4133526086807251, 0.034394938627545335], "rotate_angle": -8.72, "rotate_angle_pred": -17.140845969156686}