{"centroid": [0.5284579068583334, 0.16582517512142647, 0.20473984262483058], "extents": [0.41033712659770644, 0.3739772140979767, 0.029721070537539335], "rotate_angle": -22.6, "rotate_angle_pred": -24.941809303055607}