{"centroid": [0.2922812606695945, -0.15041610598564148, -0.2446155460790315], "extents": [0.1213481191963306, 0.7962618470191956, 0.020831584745735293], "rotate_angle": -24.87, "rotate_angle_pred": -29.096735896582615}