{"centroid": [0.3703212663173031, -0.09365096688270572, 0.2960253330696625], "extents": [0.4059586837635626, 0.4410269260406494, 0.02582118669529193], "rotate_angle": 1.39, "rotate_angle_pred": 2.4739389472633917}