{"centroid": [-0.2718417984454781, -0.2706869244575501, 0.3428322701475581], "extents": [0.4383455761238407, 0.4740895032882691, 0.02832194384316028], "rotate_angle": 34.96, "rotate_angle_pred": 31.624058287768364}