{"centroid": [0.17566788308922235, -0.05371358990669251, 0.2540888136290614], "extents": [0.3310952538165311, 0.616346001625061, 0.013441065543755765], "rotate_angle": 17.81, "rotate_angle_pred": 20.97685689423888}