{"centroid": [-0.15741366684622904, -0.06723403930664065, 0.24882168587180825], "extents": [0.33582308597594485, 0.6375101804733276, 0.018841780558961463], "rotate_angle": -4.17, "rotate_angle_pred": -6.640916283164941}