{"centroid": [0.07684180858572115, 0.2251227460801601, 0.25933765009325316], "extents": [0.08852007173865263, 0.015495143830776215, 0.06161371944966085], "rotate_angle": 8.32, "rotate_angle_pred": 5.09084746253734}