{"centroid": [0.2451379531724504, -0.2991641759872436, 0.1988109048402745], "extents": [0.48806822697807, 1.0652065277099607, 0.02148951980107716], "rotate_angle": 21.92, "rotate_angle_pred": 18.90095464283229}