{"centroid": [-0.00403327170033747, 0.1684521734714507, 0.5540669694824052], "extents": [0.38635868632390247, 1.0875318050384521, 0.07455803607975053], "rotate_angle": 1.32, "rotate_angle_pred": 1.574249918160902}