{"centroid": [-0.05088582670045928, -0.20157480239868167, 0.27671154781248747], "extents": [1.4905769202832047, 0.736351013183594, 0.03795683529075622], "rotate_angle": -40.3, "rotate_angle_pred": -37.064772873405886}