{"centroid": [0.30467591171875796, -0.08011636137962352, 0.43092706811352416], "extents": [0.6567116876402861, 0.7746143341064455, 0.022400255907342126], "rotate_angle": -28.15, "rotate_angle_pred": -26.464838861938198}