{"centroid": [-0.3607147853709696, -0.08211305737495433, 0.4073516800952134], "extents": [0.6378526174163536, 0.7998517751693726, 0.02964684778095089], "rotate_angle": 24.04, "rotate_angle_pred": 25.343456461356084}