{"centroid": [0.008943436753817598, -0.0836506485939027, 0.5021582202781197], "extents": [0.7577362063030386, 0.9664565324783323, 0.02241721004982461], "rotate_angle": 0.27, "rotate_angle_pred": -1.2822224303517515}