{"centroid": [-0.3284330553783245, 0.0004360079765319408, 0.37415987632090675], "extents": [0.6801091501820192, 0.7295404076576233, 0.020209949669387217], "rotate_angle": -11.32, "rotate_angle_pred": -15.169456117866346}