{"centroid": [0.004564778774174369, -0.2223551869392395, 0.27069091391973804], "extents": [1.4860540684604024, 0.7507600784301759, 0.025511626250617092], "rotate_angle": 16.41, "rotate_angle_pred": 16.281905995591018}