{"centroid": [0.016337727539271284, -0.12532851099967962, 0.501837155711491], "extents": [0.7569887607036299, 0.9650552868843078, 0.022600732651020472], "rotate_angle": 34.67, "rotate_angle_pred": 35.57305774163484}