{"centroid": [-0.347850384385874, 0.07404071092605581, 0.41480608696953786], "extents": [0.6424897833112665, 1.0906195640563965, 0.02100815971660608], "rotate_angle": 2.83, "rotate_angle_pred": 2.394556896381772}