{"centroid": [0.014877452300798344, -0.012601226568222143, 0.46132573468550087], "extents": [1.70363819622469, 0.8060324192047121, 0.03341219202141621], "rotate_angle": 25.31, "rotate_angle_pred": 27.51669065994689}