{"centroid": [-0.006446439964793098, -0.09952360391616827, 0.3993208104100089], "extents": [0.7532121677441155, 1.0421708822250366, 0.019224554653363257], "rotate_angle": -15.81, "rotate_angle_pred": -19.753249854587764}