{"centroid": [-0.01409637495988161, 0.06337994337081906, 0.5670887971938301], "extents": [0.4122800525311441, 1.4277740716934204, 0.05439088116186275], "rotate_angle": 42.5, "rotate_angle_pred": 44.97431096800969}