{"centroid": [0.22481202937383743, 0.4720951411873102, 0.2526296108769449], "extents": [0.47120475819930674, 0.9070340394973755, 0.024574726846532002], "rotate_angle": 24.32, "rotate_angle_pred": 27.57703611583169}