{"centroid": [-0.23294543859595535, -0.4522213041782379, 0.2468477992475793], "extents": [0.4406984083647061, 0.8640766739845277, 0.04163698788985301], "rotate_angle": -10.87, "rotate_angle_pred": -16.688202418777607}