{"centroid": [0.3355973915278737, -0.09592077136039741, 0.3875504092030907], "extents": [0.6605185388754458, 0.8031523823738098, 0.024260022181192553], "rotate_angle": 20.7, "rotate_angle_pred": 18.79011458146313}