{"centroid": [0.013123367374961226, 0.05732733011245719, 0.5497476819946582], "extents": [0.37307216987610614, 1.3518853187561035, 0.06152402116744604], "rotate_angle": -8.96, "rotate_angle_pred": -8.664869643372612}