{"centroid": [-0.340102372962251, -0.0677323639392853, 0.3743134826894047], "extents": [0.6661766272066819, 0.8112630248069763, 0.009914269820583133], "rotate_angle": -20.29, "rotate_angle_pred": -15.484894209711896}