{"centroid": [0.34406718309983597, -0.09792563319206245, 0.39343150011431766], "extents": [0.6749718388876039, 0.8050207495689392, 0.022054359969131798], "rotate_angle": -3.38, "rotate_angle_pred": -5.611277003214013}