{"centroid": [0.020585328940457934, -0.09531787037849435, 0.5236430762838936], "extents": [0.7692727586376686, 0.9960892796516418, 0.02009763605169157], "rotate_angle": 27.17, "rotate_angle_pred": 28.079577375207947}