{"centroid": [0.6199131019419923, -0.04093986749649062, 0.23468418104408365], "extents": [0.492278521406838, 0.631667971611023, 0.01935796459758965], "rotate_angle": -34.27, "rotate_angle_pred": -37.27064313414661}