{"centroid": [-0.6428761345642329, -0.07436496019363412, 0.27719068046697704], "extents": [0.521031311491963, 0.6587342619895935, 0.036090194583076385], "rotate_angle": 11.26, "rotate_angle_pred": 12.550638354742787}