{"centroid": [-0.32493480768728417, 0.12722218036651603, 0.4621807269642085], "extents": [0.627327804758022, 1.0740584135055542, 0.03462673006022987], "rotate_angle": -28.96, "rotate_angle_pred": -29.025622516564795}