{"centroid": [0.28767557730786564, 0.06332480907440172, 0.43469831161843203], "extents": [0.6403037352744512, 1.0382308959960935, 0.029097933518045793], "rotate_angle": -4.12, "rotate_angle_pred": -3.3361348756728404}