{"centroid": [0.030139014630104835, -0.023768216371536338, 0.47684256403952585], "extents": [0.7858441731378141, 0.9397419691085815, 0.023173392583712593], "rotate_angle": 26.94, "rotate_angle_pred": 24.90261857517541}