{"centroid": [-0.29165060901843753, 0.47129006683826435, 0.2679633275464135], "extents": [0.5667244081946377, 0.6745368838310242, 0.01383502381034174], "rotate_angle": -3.62, "rotate_angle_pred": -1.4953653254846841}