{"centroid": [0.2281684029302548, -0.3336946964263916, 0.22587542867766944], "extents": [0.5051804710756057, 0.8694128990173341, 0.023040186293614817], "rotate_angle": -14.72, "rotate_angle_pred": -11.81782886354118}