{"centroid": [-0.07163534238270591, -0.3455507755279541, 0.22956804874449366], "extents": [0.5057717627325189, 1.0944597721099854, 0.03193135973505945], "rotate_angle": -23.52, "rotate_angle_pred": -26.927575631877772}