{"centroid": [0.36868459254772074, 0.06179440021514883, 0.41848656982590093], "extents": [0.6594841383385703, 1.1136419773101807, 0.013840213214717956], "rotate_angle": -6.84, "rotate_angle_pred": -10.0215739648457}