{"centroid": [-0.3311004302700127, 0.06878203153610228, 0.4518624975303696], "extents": [0.6669086376930605, 1.141072154045105, 0.04290753705311395], "rotate_angle": -19.18, "rotate_angle_pred": -19.82231177828872}