{"centroid": [-0.00563435822504791, 0.6259090304374695, -0.22929402186468423], "extents": [0.49763925948418986, 0.6360244750976562, 0.002054553441170559], "rotate_angle": 13.13, "rotate_angle_pred": -170.78883456245651}