{"centroid": [0.016371487881464003, -0.23810765147209162, 0.25424934370551505], "extents": [1.480736297618979, 0.7375478148460388, 0.019735482149458805], "rotate_angle": -39.46, "rotate_angle_pred": -41.51938669283343}