{"centroid": [0.18302591716199731, 0.13693964481353757, 0.4962356198559018], "extents": [0.6034717483523377, 1.0921751260757446, 0.023310314569234547], "rotate_angle": 38.73, "rotate_angle_pred": 45.63998363626371}