{"centroid": [0.3307873990380998, 0.020109564065933144, 0.37207141013367145], "extents": [0.7973785407186569, 0.8598863482475281, 0.03697207200698305], "rotate_angle": -16.61, "rotate_angle_pred": -11.05909095518551}