{"centroid": [0.29682759892357075, 0.003862917423248291, 0.3081256551370897], "extents": [0.9717285486924274, 1.0765587091445923, 0.03189321186850391], "rotate_angle": -39.71, "rotate_angle_pred": -38.81155932144678}