{"centroid": [0.3772886663454627, 0.008840560913085854, 0.4039243922663877], "extents": [0.6721669015890017, 0.7495191693305969, 0.024418175861436298], "rotate_angle": 4.25, "rotate_angle_pred": 5.904000600273264}