{"centroid": [-0.6015559037275993, -0.06821650266647339, 0.2611784218238955], "extents": [0.5135230397213535, 0.6612666845321655, 0.02774870382256031], "rotate_angle": -23.64, "rotate_angle_pred": -23.792305400680462}