{"centroid": [-0.1598834421436727, -0.0556665658950806, 0.21512848365729803], "extents": [0.32558137462507053, 0.6318756937980652, 0.0179477335588554], "rotate_angle": 7.9, "rotate_angle_pred": 15.180662504917635}