{"centroid": [0.3076405336859106, -0.07410269975662238, 0.3809936128658485], "extents": [0.611165335745702, 0.7903784513473511, 0.025399159267318117], "rotate_angle": 19.96, "rotate_angle_pred": 16.855795098079952}