{"centroid": [0.30627896751481465, -0.08283421397209173, 0.3818971961960601], "extents": [0.6378041011824881, 0.787320077419281, 0.017290504925959016], "rotate_angle": -16.0, "rotate_angle_pred": -17.963016595067018}