{"centroid": [0.3628142389967417, -0.06521540880203253, 0.30855181375568064], "extents": [0.7035202511155649, 0.8341419100761416, 0.031102557297455258], "rotate_angle": 40.41, "rotate_angle_pred": 39.175090856685216}