{"centroid": [-0.39063924515716775, -0.04406574368476867, 0.34213492010734203], "extents": [0.7142396384689808, 0.8403867483139039, 0.02131988798124812], "rotate_angle": -42.65, "rotate_angle_pred": -45.27120165210565}