{"centroid": [-0.4076803213763174, -0.04460442066192632, 0.31845251344743664], "extents": [0.7242276767571652, 0.8323838710784912, 0.03314430684465819], "rotate_angle": 12.44, "rotate_angle_pred": 11.183984415820774}