{"centroid": [0.0038705141419467792, -0.12560582160949713, 0.36997589398184616], "extents": [0.9400635706788898, 1.0047962665557861, 0.021715711222594247], "rotate_angle": -4.26, "rotate_angle_pred": -8.747195713930381}