{"centroid": [-0.23619617349024163, 0.5687607526779175, 0.21959057269711973], "extents": [0.4755101249100466, 0.5793820023536682, 0.005766969228946817], "rotate_angle": 1.51, "rotate_angle_pred": -0.291519411718582}