{"centroid": [-0.029179885756879326, -0.11416834592819217, 0.4484805968006992], "extents": [0.9143724402678679, 1.0224308967590332, 0.03457988038868076], "rotate_angle": 26.35, "rotate_angle_pred": 28.12136648767718}