{"centroid": [0.2182209808456442, 0.579120010137558, 0.2459345251243868], "extents": [0.5037189174570318, 0.5871511101722717, 0.028563481099568522], "rotate_angle": -14.74, "rotate_angle_pred": -12.842974612469618}