{"centroid": [-0.31289331106453533, 0.4683574587106704, 0.2844528518199138], "extents": [0.6442774667888115, 0.5927215814590454, 0.017838154358198854], "rotate_angle": -27.9, "rotate_angle_pred": -25.807247841146634}