{"centroid": [-0.27532207533814373, -0.008848428726196317, 0.22872988239231828], "extents": [0.5670576709987964, 1.5512017011642456, 0.020860660888744303], "rotate_angle": 27.22, "rotate_angle_pred": 21.845257709318446}