{"centroid": [0.2672593985162226, 0.010468602180480957, 0.24968201390874334], "extents": [0.5559955284445152, 1.5234090089797974, 0.026609458245350825], "rotate_angle": -22.91, "rotate_angle_pred": -23.96368179566609}