{"centroid": [-0.30487196088646185, -0.3040069043636322, 0.30278116906033253], "extents": [0.6061511620435479, 0.9343642592430114, 0.009089102945567529], "rotate_angle": 21.01, "rotate_angle_pred": 26.822547846371037}