{"centroid": [-0.3806731535169591, -0.06573009490966805, 0.33738901467363863], "extents": [0.7223111321226275, 0.854228138923645, 0.03942254520087757], "rotate_angle": 15.41, "rotate_angle_pred": 12.38521064391341}