{"centroid": [0.0072304690613117645, -0.13644796609878546, 0.4053965203310669], "extents": [0.93928036960639, 1.0353947877883911, 0.02323213539901353], "rotate_angle": -14.39, "rotate_angle_pred": -16.01353329812453}