{"centroid": [0.02239672391753352, -0.03281363844871532, 0.5142526352343273], "extents": [0.7279675187948484, 0.9878024458885195, 0.01773352220063329], "rotate_angle": 8.54, "rotate_angle_pred": 9.19480272941334}