{"centroid": [-0.005559991801934387, 0.006294012069702121, 0.24203688433060463], "extents": [0.5165703422226711, 1.3924280405044556, 0.08223317763422122], "rotate_angle": 39.95, "rotate_angle_pred": 38.258731965682585}