{"centroid": [-0.3474112036252989, -0.10656067728996277, 0.33392304064698186], "extents": [0.6723492167439898, 0.852988064289093, 0.01664391165433038], "rotate_angle": -44.88, "rotate_angle_pred": -49.02187981977986}