{"centroid": [-0.5951642755177226, -0.07319867610931399, 0.2582457147595583], "extents": [0.5166990784353369, 0.6463816165924072, 0.02996848539488428], "rotate_angle": -8.89, "rotate_angle_pred": -6.808903670388176}