{"centroid": [0.6311065499499757, -0.05113604664802552, 0.21192160540153096], "extents": [0.4854164827037279, 0.6279866695404053, 0.013928488205259132], "rotate_angle": 13.39, "rotate_angle_pred": 9.24063867163072}