{"centroid": [-0.30998515053983755, -0.11745905876159674, 0.32339792786287636], "extents": [0.6359226754216964, 0.7899429798126221, 0.03907121003944125], "rotate_angle": 3.67, "rotate_angle_pred": 1.4976499072331109}