{"centroid": [0.41292360282033574, 0.016934961080551023, 0.259314483120772], "extents": [0.8600573798647057, 0.8405537009239198, 0.011323455130706206], "rotate_angle": -43.28, "rotate_angle_pred": -42.464560234323926}