{"centroid": [-0.013617716644827783, -0.11241787672042847, 0.42220649199943966], "extents": [0.9350298458727717, 1.05288827419281, 0.044587566569366965], "rotate_angle": -38.02, "rotate_angle_pred": -35.395034749129856}