{"centroid": [-0.3043985120202913, -0.39156353473663325, 0.2771953748743099], "extents": [0.6042823955917169, 0.7864384651184081, 0.01832980339927054], "rotate_angle": -34.42, "rotate_angle_pred": -36.087786665606515}