{"centroid": [0.28715406194442294, -0.3300240635871887, 0.27452510939829], "extents": [0.6364025931766317, 0.7979743480682372, 0.01169628624611263], "rotate_angle": -6.44, "rotate_angle_pred": -6.649586204713984}