{"centroid": [-0.2774178470884833, 0.40151465684175486, 0.293794155604072], "extents": [0.5902256996898886, 0.7684591412544252, 0.020799718907374254], "rotate_angle": -17.78, "rotate_angle_pred": -16.912944213175493}