{"centroid": [-0.2940773874383096, 0.12398785352706898, 0.2926214688631876], "extents": [0.562171118360894, 1.35090696811676, 0.017332260083267104], "rotate_angle": 5.57, "rotate_angle_pred": 7.216714800783862}