{"centroid": [0.31897400006318116, 0.11912065744400024, 0.22077331796223576], "extents": [0.5659760795160397, 1.30179762840271, 0.03211634212243317], "rotate_angle": 37.49, "rotate_angle_pred": 37.22624867310516}