{"centroid": [0.3626106455569167, -0.03993171453475963, 0.3573011293981892], "extents": [0.736192401129616, 0.8427721858024597, 0.028996199208173923], "rotate_angle": -30.14, "rotate_angle_pred": -28.281976336694683}