{"centroid": [-0.36813290529142195, -0.1152302622795105, 0.4331712619944488], "extents": [0.6889981155585461, 0.825358271598816, 0.0313392473444602], "rotate_angle": -26.95, "rotate_angle_pred": -28.19225639689507}