{"centroid": [-0.029531034598594318, 0.11020079255104057, 0.5252866445774], "extents": [0.9372625441490985, 1.212292551994324, 0.014229625600947537], "rotate_angle": 41.09, "rotate_angle_pred": 40.56315148522992}