{"centroid": [0.3386562608471103, -0.3793764710426331, 0.34992213698384067], "extents": [0.6384720221210797, 0.6850653886795044, 0.01282896849537074], "rotate_angle": -37.37, "rotate_angle_pred": -39.55171441392171}