{"centroid": [-0.32757766286155576, -0.37422481179237366, 0.36349982059357794], "extents": [0.6468814625531507, 0.6998868584632875, 0.03255835555138292], "rotate_angle": -20.93, "rotate_angle_pred": -23.733378292447796}