{"centroid": [-0.31584773403379246, 0.3244552426040172, 0.3360432980742158], "extents": [0.6628794228731079, 0.7127589583396913, 0.02214938081329293], "rotate_angle": -17.28, "rotate_angle_pred": -19.35092496758041}