{"centroid": [0.3460749863433806, 0.16534166038036338, 0.4465466831088216], "extents": [0.6824470677753286, 0.8126699924468995, 0.025401122567747236], "rotate_angle": 13.57, "rotate_angle_pred": 15.004697145723782}