{"centroid": [0.4247718137293931, 0.012660831212997353, 0.3006659809631682], "extents": [0.7706183731154727, 0.6731603741645814, 0.033823024218167186], "rotate_angle": -25.33, "rotate_angle_pred": -27.405731113673895}