{"centroid": [0.32490249320983516, 0.03455409407615649, 0.4414920586693784], "extents": [0.614062061554906, 0.7831885814666747, 0.027349806908183227], "rotate_angle": -14.71, "rotate_angle_pred": -12.927534407251954}