{"centroid": [-0.052476804952549465, 0.08786463737487785, 0.5431249982830298], "extents": [0.8265311819411614, 1.2537105083465576, 0.03708048210346582], "rotate_angle": -44.54, "rotate_angle_pred": -38.42002808759542}