{"centroid": [-0.0036817568945440304, -0.23874258995056155, 0.2649634550203298], "extents": [1.3289644410398278, 0.8624010086059571, 0.0426965644008338], "rotate_angle": 32.59, "rotate_angle_pred": 30.364190934812513}