{"centroid": [-0.3597871753025328, -0.0273025333881379, 0.4360311837071089], "extents": [0.641013622622865, 0.7987298965454102, 0.029028192177862566], "rotate_angle": -6.17, "rotate_angle_pred": -7.2633106843149875}