{"centroid": [0.2620554310444244, 0.013500273227691637, 0.2772902353599295], "extents": [0.5785687663357053, 1.632974624633789, 0.022920005409938937], "rotate_angle": -17.72, "rotate_angle_pred": -16.54589576144707}