{"centroid": [0.02045375418235884, -0.10050803422927856, 0.23806753254559568], "extents": [0.5048086226693635, 0.7549899220466614, 0.007525600760581397], "rotate_angle": -31.91, "rotate_angle_pred": -36.565611298764814}