{"centroid": [-0.32428305837397536, -0.08072575926780709, 0.3260208864802314], "extents": [0.7023454312141953, 0.8394867777824402, 0.024005163473384383], "rotate_angle": 25.68, "rotate_angle_pred": 24.012830365723417}