{"centroid": [-0.020373923010437126, 0.32863700389862055, 0.3050651682642109], "extents": [0.6445765366712002, 1.2069005966186523, 0.01007631028458783], "rotate_angle": 6.89, "rotate_angle_pred": 7.097704512296858}