{"centroid": [0.008441905939524715, -0.5440448820590975, 0.31089170881146877], "extents": [0.6139387918245154, 0.5896528363227846, 0.026602952952383296], "rotate_angle": -5.42, "rotate_angle_pred": -9.243747085740992}