{"centroid": [-0.3314972710510731, 0.061743646860122584, 0.4340484934422096], "extents": [0.638867991634299, 1.1176179647445679, 0.0421474959973584], "rotate_angle": -1.54, "rotate_angle_pred": -4.413948388503613}