{"centroid": [0.20355638486757655, -0.28037846088409424, 0.21392870842529124], "extents": [0.4806723992167272, 1.0548160076141357, 0.019686825980877398], "rotate_angle": -16.2, "rotate_angle_pred": -12.39029679448548}