{"centroid": [0.32874660399151184, -0.10027396678924562, 0.40039262030856354], "extents": [0.6269140297595024, 0.829543948173523, 0.022080492418691033], "rotate_angle": 16.56, "rotate_angle_pred": 15.014881496128567}