{"centroid": [-0.3267281101894282, -0.0986301600933076, 0.4071547506368224], "extents": [0.6383737134841826, 0.8645634055137633, 0.025062556560684623], "rotate_angle": 28.36, "rotate_angle_pred": 26.77477881930868}