{"centroid": [0.006672038078864281, 0.08066278696060179, 0.3568992687806764], "extents": [0.6144093125233855, 1.6472052335739136, 0.018899399326287925], "rotate_angle": -15.9, "rotate_angle_pred": -17.825934295451162}