{"centroid": [0.2811222388024159, -0.28082185983657837, 0.2519288573360496], "extents": [0.5426006151162498, 1.0765165090560913, 0.02260894259197485], "rotate_angle": -26.06, "rotate_angle_pred": -30.549622277692876}