{"centroid": [0.3144611814711053, -0.11248466372489929, 0.3594296421741175], "extents": [0.6748027237137502, 0.8473864197731019, 0.02884374572462789], "rotate_angle": 16.16, "rotate_angle_pred": 19.515616149998806}