{"centroid": [-0.3936113352016054, -0.014917254447937095, 0.34923285034348983], "extents": [0.7456842795451066, 0.9122250080108643, 0.019912913800960497], "rotate_angle": -0.99, "rotate_angle_pred": 3.698209769197206}