{"centroid": [-0.2365035695631506, -0.036619663238525446, 0.22381047381271496], "extents": [0.4741999610988695, 0.4577229619026184, 0.020028155736455222], "rotate_angle": 20.67, "rotate_angle_pred": 21.322874407074366}