{"centroid": [0.00991090519809714, -0.11960977315902717, 0.3863532976694503], "extents": [0.8043301744660409, 1.0296134948730469, 0.029106743789770073], "rotate_angle": -2.4, "rotate_angle_pred": -1.7323587047229267}