{"centroid": [-0.04702810836200008, -0.0028491616249085305, 0.3468696849651776], "extents": [1.5768345892345152, 0.7172415256500244, 0.034399703795002345], "rotate_angle": 3.88, "rotate_angle_pred": 3.590486447208221}