{"centroid": [0.022592184966921336, -0.08202910423278816, 0.5061845575073535], "extents": [0.7514919444077629, 0.9647946357727051, 0.022417473957715484], "rotate_angle": 4.79, "rotate_angle_pred": 3.0511776096229255}