{"centroid": [0.28807086597418907, 0.44664791226387024, 0.25624860813886796], "extents": [0.5305589494853573, 0.6855461597442627, 0.0011159554244962733], "rotate_angle": 34.85, "rotate_angle_pred": 38.531929392328266}