{"centroid": [-0.23880696495558004, -0.07328471541404724, 0.19572890798688722], "extents": [0.4459335205831473, 0.7048326134681702, 0.010990478093198669], "rotate_angle": -27.91, "rotate_angle_pred": -29.919005791437044}