{"centroid": [-0.046358427827554886, 0.4493344128131866, 0.24140040935487928], "extents": [0.01321375393013969, 0.30092680454254156, 0.0207992497724796], "rotate_angle": 21.18, "rotate_angle_pred": 21.413771235027028}