{"centroid": [-0.26692512531858337, -0.40725722908973694, 0.3022420145471995], "extents": [0.5088361677867356, 0.8417031168937684, 0.054207915454389854], "rotate_angle": -20.64, "rotate_angle_pred": -34.559456680693934}