{"centroid": [0.029997079032986863, -0.6364917159080505, 0.2015607978099071], "extents": [0.4781502344369045, 0.5410234928131104, 0.022997997023440464], "rotate_angle": 13.55, "rotate_angle_pred": 11.204623962751711}