{"centroid": [0.014092250944837393, 0.6416617929935455, 0.23935401739300358], "extents": [0.49510960030519285, 0.6170333623886108, 0.006824823267288477], "rotate_angle": 34.62, "rotate_angle_pred": 36.26498847809178}