{"centroid": [-0.5688333439133304, -0.04393285512924189, 0.2415985971347947], "extents": [0.4638600995448489, 0.6109314560890198, 0.02050703786056307], "rotate_angle": -41.67, "rotate_angle_pred": -42.79032120008158}