{"centroid": [0.24412059998374105, -0.29714411497116083, 0.23386234732846103], "extents": [0.567882765847135, 1.056253910064697, 0.002391245172312706], "rotate_angle": 3.42, "rotate_angle_pred": 1.634787061097768}