{"centroid": [0.23413907302627912, 0.5025136172771453, 0.26773925645589747], "extents": [0.5592238890340155, 0.5303231477737427, 0.012121450128433742], "rotate_angle": -6.52, "rotate_angle_pred": -4.764521726875259}