{"centroid": [-0.16810079583586232, -0.43411487340927124, 0.31038254361338175], "extents": [0.45380112140921874, 0.9404797554016114, 0.05582724463906069], "rotate_angle": -4.49, "rotate_angle_pred": -26.021903723697385}