{"centroid": [0.2445668632811242, -0.29701948165893555, 0.21548558602388657], "extents": [0.4615882511303774, 1.0683914422988892, 0.02628352422546898], "rotate_angle": -3.08, "rotate_angle_pred": -8.585735749873209}