{"centroid": [0.2864837821414248, 0.08368676900863638, 0.44621428442602135], "extents": [0.6395429253580778, 1.0688315629959106, 0.028968471493786008], "rotate_angle": -24.72, "rotate_angle_pred": -22.616247574706378}