{"centroid": [0.235849411918634, 0.49211649596691126, 0.24421904039653308], "extents": [0.5300938647189661, 0.6693642139434814, 0.001347227062750589], "rotate_angle": 34.02, "rotate_angle_pred": 34.22793166016764}