{"centroid": [0.25067385608503145, -0.3250937759876251, 0.21760174763406528], "extents": [0.5002687047635059, 0.8725358843803406, 0.03401862132635258], "rotate_angle": 25.95, "rotate_angle_pred": 28.43507225316219}