{"centroid": [0.022628448143715382, -0.2468874752521516, 0.2391517481492003], "extents": [1.6602492423485584, 0.6633774638175967, 0.018675144864203463], "rotate_angle": 24.69, "rotate_angle_pred": 23.926498023043663}