{"centroid": [-0.39118189384893, -0.07931026816368111, 0.4119769837536143], "extents": [0.6094024060925168, 0.7671872973442078, 0.029298327284171977], "rotate_angle": 9.34, "rotate_angle_pred": 9.947531798642714}