{"centroid": [-0.21585955380189822, 0.07306861877441403, 0.20873984023300382], "extents": [0.4902702922184389, 0.6081252098083498, 0.003379404582189993], "rotate_angle": -3.7, "rotate_angle_pred": -3.800873009772701}