{"centroid": [-0.01676988892295485, 0.5435151904821397, 0.2332434942231609], "extents": [0.04035323821596791, 0.25836184620857244, 0.03615963798689842], "rotate_angle": 39.51, "rotate_angle_pred": 43.39744557680817}