{"centroid": [0.35260341777346854, -0.04806891083717346, 0.27796838039185606], "extents": [0.7065204582171346, 0.8384658694267273, 0.02940188059089699], "rotate_angle": 35.48, "rotate_angle_pred": 32.806952168879164}