{"centroid": [-0.3656601289832581, -0.059774339199066155, 0.3233307104391577], "extents": [0.7063685626777799, 0.837476134300232, 0.021311055781929322], "rotate_angle": -41.03, "rotate_angle_pred": -46.62741295779033}