{"centroid": [0.007466176572771675, -0.1399475336074829, 0.39273074119685614], "extents": [0.948093000024852, 1.024025321006775, 0.023071087968628], "rotate_angle": -18.24, "rotate_angle_pred": -22.6258219237872}