{"centroid": [-0.23746377284101383, 0.49373722821474064, -0.2523872556779738], "extents": [0.5004512629598755, 0.7904978990554808, 0.001255712462369385], "rotate_angle": 42.16, "rotate_angle_pred": -136.709110126476}