{"centroid": [-0.2383007192871414, -0.36184027791023254, 0.25129169073613844], "extents": [0.5007544232709794, 0.9164078831672667, 0.010877929786084733], "rotate_angle": 0.69, "rotate_angle_pred": 4.271604122069121}