{"centroid": [-0.3342606418273944, -0.01768660545349121, 0.26939071728152525], "extents": [0.7592244086367269, 1.23246431350708, 0.037383719974012075], "rotate_angle": -7.67, "rotate_angle_pred": -10.819233541309515}