{"centroid": [0.23613120207459415, 0.5626310110092163, 0.22192222707361592], "extents": [0.46630541149909605, 0.5719586610794067, 0.004398571389569672], "rotate_angle": 13.2, "rotate_angle_pred": 14.601232947614193}