{"centroid": [-0.2266512688382744, -0.6496128141880035, 0.22870969708937747], "extents": [0.4519519173725574, 0.5183619856834412, 0.01932505875275703], "rotate_angle": -44.68, "rotate_angle_pred": -47.25993600913477}