{"centroid": [0.22080686865816973, -0.06829065084457403, 0.24248884887467623], "extents": [0.4640619189285514, 0.5919307470321657, 0.012009697113993412], "rotate_angle": -38.88, "rotate_angle_pred": -39.11365068726593}