{"centroid": [0.016448385814618327, -0.43095913529396057, 0.4058837962645968], "extents": [0.8380590113875644, 0.8074262738227845, 0.026218857718366184], "rotate_angle": -30.95, "rotate_angle_pred": -36.56997105946562}