{"centroid": [-0.3530551551378955, 0.06369805335998525, 0.46875737704892256], "extents": [0.6683195283771793, 1.1443533897399902, 0.0305840859634659], "rotate_angle": 17.91, "rotate_angle_pred": 21.296587838335284}