{"centroid": [0.32636372700274263, 0.0523545742034911, 0.4345722278853678], "extents": [0.6705980187721493, 1.1294757127761843, 0.0237972322560277], "rotate_angle": -25.95, "rotate_angle_pred": -27.68133964869059}