{"centroid": [0.214257939475115, -0.5774411857128143, 0.20260263944813395], "extents": [0.4973766443105976, 0.48919802904129034, 0.0060502494855042555], "rotate_angle": 42.13, "rotate_angle_pred": 41.05050120732119}