{"centroid": [-0.08440471106748482, 0.03628712892532343, 0.2552220805172287], "extents": [0.0012025683972831658, 0.30072876811027527, 0.026160165351151538], "rotate_angle": -4.48, "rotate_angle_pred": -0.786537004102982}