{"centroid": [-0.11380900614270802, -0.021240562200546334, 0.45586059149078906], "extents": [1.2682327237791458, 0.847259521484375, 0.08462261545822064], "rotate_angle": 24.86, "rotate_angle_pred": 22.317674178968076}