{"centroid": [0.012559126164437717, -0.3908235132694246, 0.3724378096729609], "extents": [1.048501990964294, 0.7943800091743473, 0.027201876630094435], "rotate_angle": 28.8, "rotate_angle_pred": 28.600045233118465}