{"centroid": [0.019478615833830877, 0.34579747915267933, 0.42526594963857883], "extents": [0.9800058158045382, 0.466340184211731, 0.027133688748189888], "rotate_angle": 31.99, "rotate_angle_pred": 33.72536407179989}