{"centroid": [-0.008225775266623839, -0.40212541818618774, 0.3934226050202106], "extents": [1.003204487634747, 0.8290948867797853, 0.02862153267122758], "rotate_angle": -31.64, "rotate_angle_pred": -34.02506029379495}