{"centroid": [-0.018218750723659388, 0.32450652122497553, 0.4216416511579421], "extents": [1.0512800510099052, 0.4747026562690735, 0.012564014994108863], "rotate_angle": 4.4, "rotate_angle_pred": 5.89878671063974}