{"centroid": [0.2347582105034327, 0.02431929111480713, -0.170386500928049], "extents": [0.48731547795247326, 1.5284608602523804, 0.19362109979452896], "rotate_angle": -31.86, "rotate_angle_pred": -35.89646826836921}