{"centroid": [0.0337528638697613, -0.036096811294555664, -0.047844513005902596], "extents": [0.6452124171842878, 1.8156791925430298, 0.1467638474846235], "rotate_angle": 37.66, "rotate_angle_pred": 39.65676894917485}