{"centroid": [-0.2276471118130166, 0.013559222221374498, 0.38193178499206437], "extents": [0.32958936976978764, 1.6497023105621338, 0.10171881406264272], "rotate_angle": -17.49, "rotate_angle_pred": -19.48740248281655}