{"centroid": [0.15307031323549872, 0.03940367698669425, 0.38184253279981034], "extents": [0.47872457119633294, 1.63468861579895, 0.0030964352327352285], "rotate_angle": -1.72, "rotate_angle_pred": -2.118686035980403}