{"centroid": [-0.019873829472696225, 0.07691448926925654, 0.4714014730673202], "extents": [0.8868990074457039, 0.8871715068817141, 0.036610369175857305], "rotate_angle": -34.36, "rotate_angle_pred": -30.73162829044471}