{"centroid": [-0.5608120614738938, 0.1738784145563841, 0.37973971330313494], "extents": [0.38625205824825465, 0.035399254411459025, 0.04894176657922772], "rotate_angle": -42.66, "rotate_angle_pred": -44.17910138707296}