{"centroid": [-0.5781888139917128, 0.34491689875721926, 0.3104577045591875], "extents": [0.059384442755065936, 0.049813248217105865, 0.04380100957328731], "rotate_angle": 17.06, "rotate_angle_pred": 13.237165538012391}