{"centroid": [0.005386263188792428, -0.01545539498329171, 0.40753978734432883], "extents": [0.9232528152748354, 0.6768595576286316, 0.03425362312530822], "rotate_angle": -28.25, "rotate_angle_pred": -27.152485702027597}