{"centroid": [-0.03925475429959441, -0.06944838166236886, 0.41903055924697263], "extents": [1.176435853091248, 0.6907116770744324, 0.040333066988714084], "rotate_angle": 1.76, "rotate_angle_pred": 5.002702227563361}