{"centroid": [-0.62190447893603, -0.10137927532196044, 0.35541625701433766], "extents": [0.4420356715306348, 0.66948139667511, 0.007636986612095109], "rotate_angle": -43.29, "rotate_angle_pred": -46.122499911555686}