{"centroid": [-0.018970128318671634, -0.14260533452034002, 0.4407850240721497], "extents": [1.2798399835673666, 0.7551922202110292, 0.09450787239699054], "rotate_angle": 22.34, "rotate_angle_pred": 22.575639205763906}