{"centroid": [-0.037066469323760454, -0.18066036701202398, 0.5253503859050936], "extents": [0.678695934853125, 0.9298206567764282, 0.05468772494554536], "rotate_angle": -30.29, "rotate_angle_pred": -29.30269307002075}