{"centroid": [-0.026611140594299802, 0.6197259724140167, 0.3271121150956833], "extents": [0.6752051257420644, 0.4886794090270997, 0.1353018908422382], "rotate_angle": -20.96, "rotate_angle_pred": -19.144476942858972}