{"centroid": [-0.005127843866101316, -0.270316481590271, 0.3030231685402554], "extents": [0.7748558297599788, 1.1528407335281372, 0.10650330474502748], "rotate_angle": 0.78, "rotate_angle_pred": -2.5406424854378287}