{"centroid": [-0.031445097008925414, 0.6062029004096984, 0.31227652709699644], "extents": [0.7979684648399321, 0.5433588027954102, 0.11941336359183141], "rotate_angle": -24.61, "rotate_angle_pred": -26.558074577119882}