{"centroid": [-0.2330389500574944, 0.04086220264434812, 0.2259193641224499], "extents": [0.4029936144204499, 1.6774919033050542, 0.07027044804750038], "rotate_angle": -31.77, "rotate_angle_pred": -35.33767283708885}