{"centroid": [-0.19957955844648512, 0.010357856750488281, -0.16211725082668121], "extents": [0.6355438255630594, 1.635589361190796, 0.0001001153145463729], "rotate_angle": -18.56, "rotate_angle_pred": -202.58635761438717}