{"centroid": [0.0016601495130828953, 0.020525515079498208, 0.400643510235957], "extents": [0.8747356345209867, 1.483293056488037, 0.07674678994475453], "rotate_angle": 2.64, "rotate_angle_pred": 1.270668140286233}