{"centroid": [0.20038058862133154, -0.007746756076812716, 0.15224454994007874], "extents": [0.48919511784563885, 1.5778127908706663, 0.033061937135140496], "rotate_angle": 24.86, "rotate_angle_pred": 24.78100757800955}