{"centroid": [-0.2569793286477227, -0.007820785045623863, 0.39129814276464403], "extents": [0.4254808987479565, 1.5780586004257202, 0.07840339775940314], "rotate_angle": 2.94, "rotate_angle_pred": -2.471786315795157}