{"centroid": [0.23418202150810474, 0.004871010780334334, 0.41194292675932864], "extents": [0.4845833171553592, 1.5627073049545284, 0.0335450320689612], "rotate_angle": -35.6, "rotate_angle_pred": -34.495272943408395}