{"centroid": [-0.025572272523643136, 0.609255313873291, 0.3503176864494799], "extents": [0.6976362653184727, 0.5068158507347108, 0.12298110455991423], "rotate_angle": -37.68, "rotate_angle_pred": -35.11420354245828}