{"centroid": [-0.02767878104714809, -0.2719874978065491, 0.31427192781162144], "extents": [0.6846623554474358, 1.263803243637085, 0.09499777294023265], "rotate_angle": -9.97, "rotate_angle_pred": -12.013541996011966}