{"centroid": [0.025144526085629025, -0.1993650197982788, 0.3691635733529686], "extents": [0.671993477390181, 1.353364109992981, 0.03052368684509349], "rotate_angle": -15.47, "rotate_angle_pred": -20.733018794864833}