{"centroid": [0.006188498629940226, -0.44303932785987854, 0.2523535235099829], "extents": [0.6318789176706112, 0.7638277411460876, 0.05874664757519135], "rotate_angle": 32.19, "rotate_angle_pred": 29.231543713962395}