{"centroid": [0.007518878354737163, -0.27401596307754533, 0.3126364722294654], "extents": [0.6297935347404602, 1.1770422458648686, 0.07069146745374999], "rotate_angle": 15.16, "rotate_angle_pred": 11.955187713473876}