{"centroid": [-0.0973625448700611, 0.09274733066558828, 0.5379369657781741], "extents": [0.9867744408088871, 1.257089376449585, 0.06747111652338023], "rotate_angle": 34.91, "rotate_angle_pred": 46.46280608825063}