{"centroid": [-0.0038265956834337422, -0.028864443302154652, 0.5271464599160481], "extents": [1.6242011937491276, 0.791820824146271, 0.0035059824913992177], "rotate_angle": 30.65, "rotate_angle_pred": 32.65817437621298}