{"centroid": [-0.031707243044681824, -0.17327541112899786, 0.4680937263883492], "extents": [1.176946043422271, 1.110705614089966, 0.03477092830714246], "rotate_angle": 34.24, "rotate_angle_pred": 35.08961403609183}