{"centroid": [0.5568831204013728, 0.17624526657164097, 0.22506832124296308], "extents": [0.4003869002410592, 0.3869330883026123, 0.016789056383002654], "rotate_angle": 14.2, "rotate_angle_pred": 16.89512626914268}