{"centroid": [-0.5164865925813512, 0.15370632335543633, 0.18052571350079835], "extents": [0.4403092664999688, 0.41000872850418096, 0.04091852998014231], "rotate_angle": -27.04, "rotate_angle_pred": -25.03381984265272}