{"centroid": [0.2593990511432303, -0.17306700348854065, -0.27801127769387457], "extents": [0.1554700417252879, 0.8282189965248108, 0.012884009488979553], "rotate_angle": -14.27, "rotate_angle_pred": -15.566989020799895}