{"centroid": [0.3028069779336164, -0.15882521867752086, 0.2311945772021474], "extents": [0.13068017014419028, 0.7931950092315676, 0.00995649557037745], "rotate_angle": -8.72, "rotate_angle_pred": -12.637172378079555}