{"centroid": [-0.32974351963907683, -0.016033768653869664, 0.20140875556474097], "extents": [0.5791760525200099, 0.8168314695358276, 0.03277499139384932], "rotate_angle": -3.96, "rotate_angle_pred": -4.952842721145188}