{"centroid": [0.40048583356949463, -0.07513651251792908, 0.33213277917735645], "extents": [0.4535352530104988, 0.48185569047927856, 0.03745216456178624], "rotate_angle": 10.68, "rotate_angle_pred": 17.404006935226377}