{"centroid": [-0.57503677307354, 0.46784279122948647, 0.29874148076282947], "extents": [0.020275436563472193, 0.014784999191761017, 0.04768846608691096], "rotate_angle": -15.63, "rotate_angle_pred": -19.403931666272655}