{"centroid": [-0.09769522922294904, -0.06279462575912478, 0.2196728950463878], "extents": [0.33912455386405427, 0.6743762493133545, 0.026206377392000463], "rotate_angle": 3.86, "rotate_angle_pred": 0.025631858683723863}