{"centroid": [0.1961151776567659, -0.32162898778915405, 0.20865248437557718], "extents": [0.5086419741518493, 1.0862244367599487, 0.01288151036275495], "rotate_angle": -16.79, "rotate_angle_pred": -19.88199767838462}