{"centroid": [0.017395552256922697, 0.16105669736862172, 0.5551674081132104], "extents": [0.39370472233914855, 1.1033756732940674, 0.07148650469216122], "rotate_angle": -9.24, "rotate_angle_pred": -11.431379765767062}