{"centroid": [-0.2661439505544624, 0.4612957537174225, 0.23005631701540522], "extents": [0.5398565613871049, 0.8138805031776428, 0.020434651838357853], "rotate_angle": -9.21, "rotate_angle_pred": -4.619411188459196}