{"centroid": [-0.23366829960798902, -0.37670350074768066, 0.23599411114308474], "extents": [0.5118909426529064, 0.89791202545166, 0.012544913090827003], "rotate_angle": 11.02, "rotate_angle_pred": 12.858754255210215}