{"centroid": [-0.023119870084293698, -0.24099719524383548, 0.28447964764172456], "extents": [1.5451055991520248, 0.7598173618316652, 0.035491988582840195], "rotate_angle": 26.33, "rotate_angle_pred": 24.005756656242326}