{"centroid": [-0.30086644737086177, 0.02316784858703605, 0.3914526820377015], "extents": [0.6449390158690207, 0.7709453105926514, 0.029625710581991205], "rotate_angle": 13.08, "rotate_angle_pred": 13.003086142708526}