{"centroid": [0.0021315678085569723, -0.22479984164237976, 0.26477512168373585], "extents": [1.483817780403081, 0.7524940371513368, 0.02456667588193484], "rotate_angle": 11.81, "rotate_angle_pred": 11.727808817888658}