{"centroid": [-0.013019991087699068, 0.007388591766357339, 0.5477796510675633], "extents": [0.40128157263410985, 1.3190555572509766, 0.053657391140845], "rotate_angle": 26.45, "rotate_angle_pred": 28.849121091593148}