{"centroid": [-0.01141396091342732, -0.12804287672042852, 0.5056224776896884], "extents": [0.7735047169034737, 0.9809468984603882, 0.04120579270630381], "rotate_angle": -22.08, "rotate_angle_pred": -20.093616839353956}