{"centroid": [-0.002767611811403038, -0.08996111154556281, 0.40370778014204106], "extents": [0.757915071559913, 1.054825782775879, 0.018560169067942223], "rotate_angle": 3.96, "rotate_angle_pred": 1.474299270034905}