{"centroid": [-0.22910904679910726, -0.4288605749607088, 0.21724417097024792], "extents": [0.46720497785709586, 0.8290203213691715, 0.006931157632159568], "rotate_angle": -0.66, "rotate_angle_pred": 4.0002536696867}