{"centroid": [0.3452240522314871, -0.0842380225658417, 0.3674286192273682], "extents": [0.6349075374937408, 0.7857839465141296, 0.02591071625224467], "rotate_angle": 19.79, "rotate_angle_pred": 18.14499943580644}