{"centroid": [0.3376463394505652, -0.09374508261680611, 0.4278738875104137], "extents": [0.6878641881290884, 0.7943916916847231, 0.025886062673770582], "rotate_angle": 13.21, "rotate_angle_pred": 13.264492309619143}