{"centroid": [-0.35905469900170833, -0.09719741344451904, 0.4271439137303296], "extents": [0.6845838472811049, 0.7937071919441224, 0.018924217796295772], "rotate_angle": -42.95, "rotate_angle_pred": -46.143305364116685}