{"centroid": [0.3191164678293728, -0.09778955578804023, 0.4141548810959018], "extents": [0.6878002715026003, 0.8138697743415833, 0.021671950290981346], "rotate_angle": -13.21, "rotate_angle_pred": -11.822444167216716}