{"centroid": [-0.18281351884216893, -0.0807810723781586, 0.23764456959864233], "extents": [0.33752171129777053, 0.6407454013824463, 0.022788420943859744], "rotate_angle": 9.33, "rotate_angle_pred": 10.297884530701197}