{"centroid": [-0.5400751036946616, -0.06324902176857003, 0.23523660610547784], "extents": [0.49677289238678335, 0.637283444404602, 0.015384430284522327], "rotate_angle": 29.49, "rotate_angle_pred": 30.393293349529102}