{"centroid": [-0.34464890329639664, 0.14581650495529172, 0.4206120277425037], "extents": [0.6375458189782877, 1.0927892923355103, 0.02899566269692544], "rotate_angle": -37.91, "rotate_angle_pred": -38.227099834922235}