{"centroid": [0.33622291318616004, 0.1293702125549315, 0.4456880962083286], "extents": [0.6240153282081479, 1.0392061471939087, 0.014205995877456912], "rotate_angle": -37.98, "rotate_angle_pred": -40.62388539022386}