{"centroid": [0.3279289350810541, 0.08302983641624444, 0.43412181363602026], "extents": [0.6225919835535692, 1.0248990058898926, 0.028107863425326007], "rotate_angle": 24.32, "rotate_angle_pred": 23.26177928062674}