{"centroid": [0.2525688858285732, -0.3172243535518646, 0.21870772691268447], "extents": [0.5044732076755638, 0.9867631793022156, 0.02744546523352287], "rotate_angle": 8.76, "rotate_angle_pred": 3.2628447983986035}