{"centroid": [-0.1720432807551543, -0.4325164556503296, 0.3103734321063855], "extents": [0.454732694303003, 0.909504532814026, 0.05213841887897125], "rotate_angle": -23.23, "rotate_angle_pred": -42.37235992812179}