{"centroid": [-0.31785531005761253, 0.07443553209304794, 0.4503739515798616], "extents": [0.6669434233297945, 1.107454538345337, 0.023675832628670068], "rotate_angle": 27.82, "rotate_angle_pred": 32.130669457777884}