{"centroid": [0.007296625966445647, -0.29090219736099243, 0.23500320437949793], "extents": [0.5132101817068686, 1.2613011598587036, 0.04230205750024832], "rotate_angle": 19.24, "rotate_angle_pred": 17.49637017838623}