{"centroid": [0.031478785516987746, 0.6232900619506836, 0.217467912169765], "extents": [0.4764209325899215, 0.6216798424720764, 0.009288242893735227], "rotate_angle": 11.28, "rotate_angle_pred": 8.494835575488352}