{"centroid": [0.2641453249245236, 0.24380040168762201, 0.20496295616755655], "extents": [0.5115408977187933, 1.0547577142715454, 0.020908009587010057], "rotate_angle": -14.5, "rotate_angle_pred": -16.400145312677537}