{"centroid": [0.40289151324200545, -0.012171328067779624, 0.289030137078795], "extents": [0.7604922669812137, 0.8215140104293823, 0.033133737819441234], "rotate_angle": -12.08, "rotate_angle_pred": -14.380252625353307}