{"centroid": [-0.0051761905081510184, 0.08151668310165394, 0.5198871657307697], "extents": [0.886637138970026, 1.27953827381134, 0.018071153882379343], "rotate_angle": 19.65, "rotate_angle_pred": 21.08103559946379}