{"centroid": [0.2366433082823618, 0.004816710948944022, 0.30051109710929436], "extents": [1.0050419561221497, 1.1383873224258423, 0.03273203593934809], "rotate_angle": -11.12, "rotate_angle_pred": -9.682573510277223}