{"centroid": [0.017903126264822385, -0.3679257631301881, 0.3134511684875547], "extents": [0.6248210776916853, 0.9725300073623661, 0.035136130316410275], "rotate_angle": -14.15, "rotate_angle_pred": -17.394293409171283}