{"centroid": [-0.6179976033603943, -0.05144923925399775, 0.21528304576731455], "extents": [0.5211202003700139, 0.64396071434021, 0.012446891749315014], "rotate_angle": -26.16, "rotate_angle_pred": -25.996167914089142}