{"centroid": [-0.11874706273175939, -0.06294763088226318, 0.24093823908604828], "extents": [0.3217994311891297, 0.6210327744483948, 0.019535783916162064], "rotate_angle": -44.72, "rotate_angle_pred": -46.35265384253827}