{"centroid": [0.30464401390263984, 0.010241031646728488, 0.3395708055938188], "extents": [0.8651163832611386, 1.0391262769699101, 0.035359216031847496], "rotate_angle": -38.3, "rotate_angle_pred": -37.65928960743829}