{"centroid": [0.3099815434594083, -0.06938761472702029, 0.38782626920639346], "extents": [0.6444400476264133, 0.7733500003814697, 0.03437910190199839], "rotate_angle": 20.85, "rotate_angle_pred": 20.1574781737623}