{"centroid": [-0.35621883668127713, -0.10810208320617676, 0.42528331181723317], "extents": [0.6457094050506159, 0.7776594161987306, 0.03444583765444237], "rotate_angle": -42.59, "rotate_angle_pred": -42.807858615078885}