{"centroid": [0.018653193992306416, -0.22860273718833923, 0.25861489393344034], "extents": [1.4521754848988988, 0.7107337117195128, 0.03363318338429608], "rotate_angle": 0.98, "rotate_angle_pred": 3.0000820421721386}