{"centroid": [0.3438021789474014, -0.053648442029953065, 0.33153532816031356], "extents": [0.7225273975449225, 0.8367601037025452, 0.027077738674869845], "rotate_angle": -12.51, "rotate_angle_pred": -14.228182462781234}