{"centroid": [-0.4076805942276277, -0.04534780979156501, 0.3403900355784688], "extents": [0.7174883047839814, 0.8658438920974731, 0.034911350189661516], "rotate_angle": 4.19, "rotate_angle_pred": 2.009775818564222}