{"centroid": [-0.37534667978487884, -0.048947453498840415, 0.31024831914659107], "extents": [0.700907959446628, 0.8172358274459839, 0.023230966638407458], "rotate_angle": 25.35, "rotate_angle_pred": 25.911947554033887}