{"centroid": [-0.0014134531968973685, -0.12058955430984497, 0.38892690262428825], "extents": [0.9450544245341503, 1.0088838338851929, 0.021600920996035444], "rotate_angle": -34.16, "rotate_angle_pred": -38.97093576634456}