{"centroid": [0.009914993628779269, -0.12475228309631355, 0.3989110884063115], "extents": [0.9312479122401456, 1.0213370323181152, 0.015632223711296744], "rotate_angle": 2.69, "rotate_angle_pred": 0.7131026288594171}