{"centroid": [-0.3019992369451445, 0.4924307763576507, 0.26303565400387197], "extents": [0.6047844842117115, 0.5883494019508362, 0.012924000525399881], "rotate_angle": -4.01, "rotate_angle_pred": -4.898365338610375}