{"centroid": [-0.25223414108108855, -0.03267383575439456, 0.2596870639010048], "extents": [0.5682955364849306, 1.5355594158172607, 0.03254366282437135], "rotate_angle": 27.65, "rotate_angle_pred": 24.433240078411984}