{"centroid": [0.27736666511368013, 0.025432407855987577, 0.24429808664009176], "extents": [0.5876417052760522, 1.4984718561172483, 0.04396185571169464], "rotate_angle": 21.98, "rotate_angle_pred": 26.382332058084856}