{"centroid": [-0.012047935737059916, -0.131218433380127, 0.4453461055765538], "extents": [0.9433578031706281, 1.0357494354248047, 0.029393247571160297], "rotate_angle": 7.37, "rotate_angle_pred": 10.099145366811555}