{"centroid": [-0.3004618337218564, -0.034229278564453174, 0.3170639548564502], "extents": [0.6324940467693567, 0.7871968746185303, 0.020281237080066183], "rotate_angle": 32.9, "rotate_angle_pred": 30.733400000477317}