{"centroid": [0.015316658838384865, 0.02128267288208005, 0.5258753327996252], "extents": [0.7206949717597992, 1.045053243637085, 0.032610443059344796], "rotate_angle": 44.74, "rotate_angle_pred": 47.57249121556629}