{"centroid": [-0.02170505787828375, 0.026911139488220215, 0.24364193140664367], "extents": [0.541401381807923, 1.4210587739944458, 0.1205748309708497], "rotate_angle": -33.05, "rotate_angle_pred": -25.022668190474164}