{"centroid": [0.3282247833841488, -0.0929771363735199, 0.300450076430716], "extents": [0.6684916106371056, 0.8579487204551698, 0.029063601424749175], "rotate_angle": 28.1, "rotate_angle_pred": 26.736489770697688}