{"centroid": [0.6505622990440911, -0.048005431890487754, 0.23725057110964703], "extents": [0.49601219180860234, 0.6347631216049194, 0.015604035336179212], "rotate_angle": -16.15, "rotate_angle_pred": -16.51900158694562}