{"centroid": [-0.3576245737385617, -0.0997417867183686, 0.31791066599226125], "extents": [0.6572117668621854, 0.8604074120521545, 0.04121042329682356], "rotate_angle": 24.93, "rotate_angle_pred": 26.52841791421335}