{"centroid": [-0.5507509376598627, -0.046732604503631675, 0.23047682792255172], "extents": [0.47807142393541185, 0.6540299654006958, 0.032763112511195486], "rotate_angle": 15.98, "rotate_angle_pred": 12.813102598166097}