{"centroid": [0.3091354307573009, -0.361600399017334, 0.24657654426690936], "extents": [0.5927650396346237, 0.7497358322143555, 0.0293398390892749], "rotate_angle": 23.98, "rotate_angle_pred": 20.661084571260034}