{"centroid": [-0.32370569301308194, 0.3931446187198162, 0.29690665732720267], "extents": [0.6155488442897311, 0.7840676307678223, 0.006246712009916666], "rotate_angle": -39.22, "rotate_angle_pred": -36.50659676357425}