{"centroid": [0.27169860510162513, 0.0901634097099304, 0.2620827737414066], "extents": [0.5829110229261241, 1.2750129699707031, 0.05099648310447469], "rotate_angle": -32.58, "rotate_angle_pred": -33.514060013795955}