{"centroid": [0.35645030074299366, -0.0445774793624878, 0.39637617949869414], "extents": [0.7104424322904215, 0.8803260326385499, 0.029471494608810767], "rotate_angle": 31.11, "rotate_angle_pred": 38.27043283109347}