{"centroid": [-0.3208289140177253, -0.056063234806060874, 0.3484897547221478], "extents": [0.7260920965406914, 0.8382229208946228, 0.03189625947742347], "rotate_angle": 8.48, "rotate_angle_pred": 8.040538686308182}