{"centroid": [-0.36902684272367914, -0.11458882689476013, 0.4318224853264978], "extents": [0.6845494582959277, 0.8254137635231019, 0.030306455076489103], "rotate_angle": -30.51, "rotate_angle_pred": -31.586942327755295}