{"centroid": [0.3478328532344719, -0.08971646428108226, 0.42175407422020417], "extents": [0.6730634724284513, 0.787198603153229, 0.021478415027478104], "rotate_angle": -9.5, "rotate_angle_pred": -8.713216707534116}