{"centroid": [-0.3163393536190551, 0.3242365717887878, 0.33712386952492246], "extents": [0.6626176992623228, 0.7142521142959596, 0.022231367017194525], "rotate_angle": -16.27, "rotate_angle_pred": -18.474477071975045}