{"centroid": [0.33903970815101325, -0.35402020812034607, 0.3909815836641503], "extents": [0.7046051803381573, 0.6966522336006163, 0.01755633995568251], "rotate_angle": -8.0, "rotate_angle_pred": 2.7177488901024702}