{"centroid": [0.3441049486035699, 0.06717729568481436, 0.43208584601053723], "extents": [0.6671981171364151, 1.1295064687728882, 0.024889521136232218], "rotate_angle": -18.5, "rotate_angle_pred": -20.87795301415423}