{"centroid": [0.19899690613554094, -0.05997696518898016, 0.21906356750384126], "extents": [0.2922567459207101, 0.5896265506744387, 0.022353701538599502], "rotate_angle": 34.74, "rotate_angle_pred": 32.7141213359326}