{"centroid": [-0.03313858765466196, -0.07434779405593878, 0.5408989289319973], "extents": [0.8907027002708716, 0.92752742767334, 0.023183199878845873], "rotate_angle": 44.95, "rotate_angle_pred": 42.12413245619513}