{"centroid": [0.33489310053539584, 0.12714378535747511, 0.44804458622282384], "extents": [0.6504599513438065, 0.7535741329193114, 0.01845834421659337], "rotate_angle": -31.29, "rotate_angle_pred": -29.589879022145418}