{"centroid": [0.3326458694893217, 0.00346446037292468, 0.42584748878137807], "extents": [0.6081051112060671, 0.7776268720626832, 0.020946647564136223], "rotate_angle": -31.62, "rotate_angle_pred": -35.323398726401685}