{"centroid": [-0.0012090254752454774, 0.09054136276245107, 0.5373306451904959], "extents": [0.8066626390307259, 1.2054049968719482, 0.02394234075652546], "rotate_angle": -25.01, "rotate_angle_pred": -24.469241166211518}