{"centroid": [0.013112079020303202, -0.2499556839466095, 0.2842936134740028], "extents": [1.2782095850537398, 0.8401471972465516, 0.030271701940629725], "rotate_angle": -14.13, "rotate_angle_pred": -11.835915485958651}