{"centroid": [-0.32021966564352333, 0.006138890981674111, 0.4078936466489482], "extents": [0.6536763340668976, 0.7876990437507629, 0.02986001609666894], "rotate_angle": 18.07, "rotate_angle_pred": 17.93737285289957}