{"centroid": [0.36332904164782476, 0.301608771085739, 0.2839208448224848], "extents": [0.6793138723596617, 0.34200370311737066, 0.01142221459702486], "rotate_angle": -35.21, "rotate_angle_pred": -39.98294030258624}