{"centroid": [0.3129793556350202, 0.008159816265106229, 0.2424164139851591], "extents": [0.5471918546818101, 1.5861346721649168, 0.027082998126893604], "rotate_angle": 35.11, "rotate_angle_pred": 33.439998789917524}