{"centroid": [0.02985311225568223, -0.7137813568115234, 0.24750591773063588], "extents": [0.4802194522568959, 0.4498090744018555, 0.03216464808707309], "rotate_angle": -7.88, "rotate_angle_pred": -11.902526324327027}