{"centroid": [-0.3085013132940229, 0.03368175029754629, 0.4474085085364323], "extents": [0.6574059695987106, 1.0976710319519043, 0.02253965651048412], "rotate_angle": 8.74, "rotate_angle_pred": 8.839044855119795}