{"centroid": [-0.04804472436786197, 0.07704102993011465, 0.5455877822371057], "extents": [0.6763086166905663, 1.3563976287841797, 0.03772605870775969], "rotate_angle": -1.56, "rotate_angle_pred": 1.3895407913501003}