{"centroid": [-0.3694085725919229, -0.047427684068679914, 0.4186696254751982], "extents": [0.6598717046967629, 0.8200712800025941, 0.027754076131028316], "rotate_angle": 42.87, "rotate_angle_pred": 38.70160942004753}