{"centroid": [0.33096193285121295, -0.03470933437347424, 0.4238666039348772], "extents": [0.610857197243325, 0.7975516319274905, 0.01318467240590826], "rotate_angle": -2.48, "rotate_angle_pred": -5.621317857291771}