{"centroid": [-0.21133073463386565, -0.2551979422569275, 0.23627326035807386], "extents": [0.4751550801941668, 1.2769880294799805, 0.014980736958140894], "rotate_angle": 25.71, "rotate_angle_pred": 20.61378684368529}