{"centroid": [0.2213992947638665, -0.2402539849281311, 0.19783212901205954], "extents": [0.5237941213029167, 1.3003699779510498, 0.00882698979366614], "rotate_angle": 7.87, "rotate_angle_pred": 2.952619212947596}