{"centroid": [0.25671459663371987, 0.6280280947685242, 0.23917539131972898], "extents": [0.498615675671364, 0.46714740991592413, 0.010339343786527427], "rotate_angle": 2.31, "rotate_angle_pred": 2.011470606020879}