{"centroid": [0.3134805006529906, -0.10467180609703076, 0.44555316852307003], "extents": [0.6549670735412297, 0.8651871085166931, 0.02722450734558418], "rotate_angle": -31.31, "rotate_angle_pred": -28.370526897239372}