{"centroid": [-0.29754531619110836, -0.06799876689910897, 0.44509915138761647], "extents": [0.656382371042346, 0.8719626665115356, 0.019114609491075407], "rotate_angle": 17.21, "rotate_angle_pred": 16.28346109364837}