{"centroid": [0.27566605240638165, 0.5142310857772827, 0.2589869697838872], "extents": [0.5480077878185805, 0.52365779876709, 0.01196457821523228], "rotate_angle": -35.49, "rotate_angle_pred": -38.373769243845395}