{"centroid": [0.29774075998293237, -0.2872704863548279, 0.2684063515228552], "extents": [0.5413372691538298, 1.0689332485198975, 0.018223662518178307], "rotate_angle": -36.01, "rotate_angle_pred": -40.774623962636404}