{"centroid": [-0.39542004517099694, -0.05321764945983895, 0.3343882968759517], "extents": [0.740921953562234, 0.8795919418334963, 0.036221853380658586], "rotate_angle": 14.45, "rotate_angle_pred": 11.214813466237857}