{"centroid": [0.21130326535828947, -0.023324415087699932, 0.2212195858549272], "extents": [0.4849972783001266, 0.49025747179985046, 0.013864744620676578], "rotate_angle": 11.12, "rotate_angle_pred": 9.247310567307053}