{"centroid": [0.23950022518822395, 0.5118794441223145, 0.2313302806686121], "extents": [0.47758089473936133, 0.6092640161514282, 0.005967441818557073], "rotate_angle": 5.47, "rotate_angle_pred": 6.9281989371839785}