{"centroid": [-0.2784198622396108, -0.01643024384975432, 0.2530076366680912], "extents": [0.5156670147201439, 0.48642632365226757, 0.008020268651229123], "rotate_angle": -42.76, "rotate_angle_pred": -44.05690577767236}