{"centroid": [-0.05669749708464905, -0.08645552396774299, 0.4615801078617154], "extents": [0.794927888934371, 1.029852271080017, 0.0249130947455381], "rotate_angle": -3.21, "rotate_angle_pred": 8.170243702577565}