{"centroid": [-0.04092154923260105, -0.011438399553299033, 0.3842025405608934], "extents": [1.5089155658357218, 0.7339497208595276, 0.04414055934157962], "rotate_angle": -20.89, "rotate_angle_pred": -15.440676746092365}