{"centroid": [-0.010224322487663931, -0.0675111413002015, 0.5603009350628487], "extents": [0.7674812842590021, 0.9654581546783447, 0.03594871316596715], "rotate_angle": 4.71, "rotate_angle_pred": 13.352886266719324}