{"centroid": [0.24975722920011276, 0.41791493073105807, 0.2755161027221789], "extents": [0.5408083922953293, 0.7322543859481812, 0.006199155147784519], "rotate_angle": -18.6, "rotate_angle_pred": -18.728768243266316}