{"centroid": [-0.02491894635523896, 0.5266275256872176, 0.2657110526215295], "extents": [0.036075294002781706, 0.2709093391895294, 0.026109617192610513], "rotate_angle": -42.13, "rotate_angle_pred": -39.493730225229925}