{"centroid": [-0.2127714888371897, -0.055258333683013916, 0.19290009835135447], "extents": [0.4756929801254677, 0.7613374590873718, 0.031003836065505136], "rotate_angle": -18.14, "rotate_angle_pred": -17.94332303676346}