{"centroid": [0.2561791844894842, -0.36343640089035034, 0.24698093863770126], "extents": [0.533030641075737, 0.8779696226119996, 0.027026020594704936], "rotate_angle": 14.22, "rotate_angle_pred": 9.790877291646908}