{"centroid": [0.01048501293581472, 0.5958694815635681, 0.2552617365958754], "extents": [0.5208314693766942, 0.6757339239120483, 0.007793940658438858], "rotate_angle": 35.57, "rotate_angle_pred": 36.221311574721}