{"centroid": [-0.023441547402925735, -0.31587427854537964, 0.22614995426560258], "extents": [0.536016888713057, 1.1266367435455322, 0.044790823618179404], "rotate_angle": 34.94, "rotate_angle_pred": 35.03869430201404}