{"centroid": [-0.0002090904596626919, 0.3448953330516815, 0.2376857298561669], "extents": [0.5067151205352516, 1.243269443511963, 0.0047675389951785385], "rotate_angle": 23.05, "rotate_angle_pred": 25.195419338083113}