{"centroid": [0.020151649719039384, -0.628921777009964, 0.2194617832837068], "extents": [0.49282022081683285, 0.5670958161354066, 0.023965928105892653], "rotate_angle": 44.09, "rotate_angle_pred": 40.20339473823694}