{"centroid": [-0.0013525263420619132, 0.6525706350803374, 0.22192163613840205], "extents": [0.5034998766467038, 0.5788423418998718, 0.0381691836795961], "rotate_angle": 30.02, "rotate_angle_pred": 30.83589695023511}