{"centroid": [0.2178364947297201, -0.2910957932472229, 0.26920031677148554], "extents": [0.511472345652396, 0.9279896020889282, 0.029481645745790264], "rotate_angle": -37.65, "rotate_angle_pred": -31.20381676077809}