{"centroid": [0.2964606054360703, 0.5012621134519577, 0.24697108953475866], "extents": [0.540144253813153, 0.5131620764732361, 0.020184631983981155], "rotate_angle": 27.74, "rotate_angle_pred": 28.86495337718864}