{"centroid": [-0.21124358110232844, 0.5544115602970122, 0.24932589619051784], "extents": [0.4736271423171417, 0.5868352055549623, 0.012122782680429461], "rotate_angle": 26.23, "rotate_angle_pred": 26.595610459083233}