{"centroid": [-0.015805226447833998, -0.23584577441215518, 0.2523770865287424], "extents": [1.5083030166503764, 0.793684780597687, 0.04408796417688468], "rotate_angle": 40.52, "rotate_angle_pred": 38.49281190266842}