{"centroid": [0.22726849320680428, 0.48123587667942036, 0.25532040379603826], "extents": [0.5061646111819642, 0.6607897281646729, 0.003295488660752355], "rotate_angle": -6.72, "rotate_angle_pred": -7.1663977409506145}