{"centroid": [0.3469750120031463, 0.0504888892173766, 0.444090444279445], "extents": [0.6625711876413894, 1.1512261629104616, 0.021745253218230898], "rotate_angle": -19.71, "rotate_angle_pred": -20.629544486725152}