{"centroid": [-0.3841703413841048, -0.07668793201446544, 0.40444171858533834], "extents": [0.657170775956159, 0.8222321867942811, 0.02837857246195874], "rotate_angle": 42.58, "rotate_angle_pred": 44.219831558906435}