{"centroid": [-0.19959718531798787, 0.08463643491268155, 0.2120872219102833], "extents": [0.4752304227006685, 0.6205338239669802, 0.013595470144464494], "rotate_angle": 5.97, "rotate_angle_pred": 6.666736260527429}