{"centroid": [0.26737693977258814, 0.6298563331365585, 0.22671379553270682], "extents": [0.49099033729994723, 0.4273161590099336, 0.00843170093105211], "rotate_angle": -26.03, "rotate_angle_pred": -27.271327645926156}