{"centroid": [0.3061906347340738, -0.0578630566596986, 0.3756162320736564], "extents": [0.7081576712906262, 0.8472401499748232, 0.03420133205065701], "rotate_angle": -41.69, "rotate_angle_pred": -38.562372965357895}