{"centroid": [-0.3338597157986531, -0.046236455440521344, 0.35798927384358975], "extents": [0.7317048376663315, 0.8570380210876466, 0.017336819475945286], "rotate_angle": 35.65, "rotate_angle_pred": 31.607695549213474}