{"centroid": [-0.02737068259681167, -0.10608586668968203, 0.2220710951831024], "extents": [0.46500562917407495, 0.7510709166526794, 0.008537329604099725], "rotate_angle": -11.82, "rotate_angle_pred": -8.029882359181954}