{"centroid": [0.28916389558017036, -0.028658837080001838, 0.4836533128206526], "extents": [0.6191290526517474, 0.8215072751045228, 0.023196834731879556], "rotate_angle": 38.25, "rotate_angle_pred": 48.161209586552275}