{"centroid": [0.2295189660028828, -0.3649115264415741, 0.2582324282393422], "extents": [0.493970900727757, 0.9337233901023866, 0.02065218612358502], "rotate_angle": -36.17, "rotate_angle_pred": -35.05561848704387}