{"centroid": [-0.37642117244622253, -0.011686980724334745, 0.2574112610538015], "extents": [0.7550954863821153, 1.2698485851287846, 0.024954464435601342], "rotate_angle": -17.82, "rotate_angle_pred": -19.63806498320497}