{"centroid": [-0.20990269781706544, -0.6090163886547089, 0.23212943848105505], "extents": [0.4367322383036394, 0.5517145991325378, 0.022748653144243708], "rotate_angle": 1.0, "rotate_angle_pred": -2.031071731757905}