{"centroid": [0.21976226370084168, -0.04966711997985846, 0.23464890446955616], "extents": [0.47477679470415474, 0.5676152110099792, 0.010557418472482594], "rotate_angle": -24.34, "rotate_angle_pred": -29.222168414162226}