{"centroid": [0.34794061089607453, 0.060065507888793876, 0.46899570660409917], "extents": [0.6792626961052688, 1.1273880004882812, 0.029055021635173817], "rotate_angle": 19.73, "rotate_angle_pred": 19.839692792954793}