{"centroid": [-0.279520651779557, -0.06484439969062808, 0.23187857642133763], "extents": [0.5018649139187752, 0.6262347102165222, 0.020280886594751663], "rotate_angle": 31.27, "rotate_angle_pred": 31.943812183416128}