{"centroid": [-0.2615988615213946, -0.5887793898582458, 0.23457526683065963], "extents": [0.48529828639647427, 0.4618263244628907, 0.001468559758692256], "rotate_angle": 23.35, "rotate_angle_pred": 22.315804258808953}