{"centroid": [-0.017396224474788828, 0.1053688302636146, 0.23839710276783665], "extents": [0.02319469370100108, 0.3059711158275604, 0.027702730951726873], "rotate_angle": 4.98, "rotate_angle_pred": 6.0428477074821245}