{"centroid": [0.2316412026252888, -0.1012770831584931, 0.23760385476508955], "extents": [0.49194216160542703, 0.6045411229133606, 0.017257129574362345], "rotate_angle": -30.07, "rotate_angle_pred": -30.991291290146123}