{"centroid": [0.049499482119559055, 0.296669840812683, 0.3884692670496086], "extents": [1.0651278456122224, 0.4205927252769471, 0.02995709691216858], "rotate_angle": 36.33, "rotate_angle_pred": 37.05349822676371}