{"centroid": [0.006337055329022276, -0.37904852628707886, 0.3745784087655092], "extents": [1.0657602607795678, 0.8386100530624391, 0.03171022626489567], "rotate_angle": -35.26, "rotate_angle_pred": -39.73637673760475}