{"centroid": [-0.026204860766466054, 0.338774837553501, 0.4430426893149432], "extents": [0.9790777134389296, 0.48630231618881214, 0.017554464116995683], "rotate_angle": -10.71, "rotate_angle_pred": -8.939873252612614}