{"centroid": [-0.035099878936214274, -0.36322656273841863, 0.3999468805334563], "extents": [1.0111947029282642, 0.8304433226585388, 0.025026895030726692], "rotate_angle": 1.57, "rotate_angle_pred": 10.488317008961346}