{"centroid": [0.04666932439352378, 0.3059024661779403, 0.38416685290966346], "extents": [1.020987883214288, 0.42271918058395397, 0.020005327010150287], "rotate_angle": 35.88, "rotate_angle_pred": 34.82721656649683}