{"centroid": [-0.2221469179770364, -0.06078949570655831, 0.4113937612119135], "extents": [1.3881470320812714, 0.673267662525177, 0.05596835682212148], "rotate_angle": -22.67, "rotate_angle_pred": -4.5090823923193994}