{"centroid": [0.022981077134055686, 0.4526853151619434, 0.3851939195073616], "extents": [0.08248443193299682, 0.07927713543176651, 0.06371120391912904], "rotate_angle": 43.75, "rotate_angle_pred": 46.39870357066525}