{"centroid": [-0.6143501491178927, 0.6310440264642239, -0.36306285871720506], "extents": [0.3200521474759847, 0.056820742785930745, 0.3184709554565951], "rotate_angle": 6.97, "rotate_angle_pred": 9.475689768358734}