{"centroid": [0.22476954525042148, 0.45113106071949005, -0.1871658595502485], "extents": [0.14119748382022174, 0.08916875720024114, 0.21312541672276922], "rotate_angle": 16.21, "rotate_angle_pred": 16.036010683730794}