{"centroid": [0.021794890637298496, 0.3089064992964267, 0.44673528334932605], "extents": [0.0977881699330451, 0.10999060422182089, 0.04204916579490331], "rotate_angle": 34.39, "rotate_angle_pred": 32.92444834926415}