{"centroid": [-0.06740636952075713, 0.24381795898079867, 0.32808702619198976], "extents": [0.09764230205675027, 0.09536591917276385, 0.05166779434373692], "rotate_angle": 5.36, "rotate_angle_pred": 5.98385753922399}