{"centroid": [-0.12143979180911638, 0.18604528903961176, 0.34469856835360546], "extents": [0.08111397868625034, 0.08200469613075259, 0.05185478891558304], "rotate_angle": 36.14, "rotate_angle_pred": 40.26327495824921}