{"centroid": [0.12583195843508563, 0.09115452552214248, 0.6638848047543082], "extents": [0.18242697159832605, 0.19217029213905332, 0.055118083174633736], "rotate_angle": 8.35, "rotate_angle_pred": 10.991334999832901}