{"centroid": [-0.11347501542847355, -0.04579996317625057, 0.6144969046678749], "extents": [0.15196226763061974, 0.15347331762313843, 0.0717392276457981], "rotate_angle": -34.16, "rotate_angle_pred": -27.357765150116087}