{"centroid": [-0.07718321446080688, -0.06385992467403423, 0.6637901300090077], "extents": [0.27927288524048904, 0.2772951424121858, 0.22586597592005342], "rotate_angle": -38.09, "rotate_angle_pred": -29.082119387053893}