{"centroid": [-0.019448537575579076, 0.13607397675514207, 0.6396843331330142], "extents": [0.0871584052238225, 0.09132282435894014, 0.04064750342376233], "rotate_angle": -11.09, "rotate_angle_pred": -6.818721793972372}