{"centroid": [-0.12276340041605503, -0.17301507294178028, 0.7179789542273574], "extents": [0.18475562788087763, 0.22825720906257632, 0.06796680557859625], "rotate_angle": -8.73, "rotate_angle_pred": -5.0388389505585565}