{"centroid": [-0.2084930602923502, -0.12281674146652231, 0.6084334278484106], "extents": [0.40710527761399584, 0.4451984763145448, 0.41659737714548195], "rotate_angle": -15.3, "rotate_angle_pred": -11.95133201849734}