{"centroid": [0.12870275793199598, -0.10039672255516065, 0.5490685879949428], "extents": [0.1327324034687959, 0.13420143723487857, 0.013141501418707846], "rotate_angle": -23.03, "rotate_angle_pred": -20.548248542689763}