{"centroid": [0.20310607566418254, -0.027910456061363397, 0.7655581443409923], "extents": [0.12890429682527335, 0.11846287548542027, 0.16018570820064437], "rotate_angle": -27.11, "rotate_angle_pred": -22.37658338464685}