{"centroid": [-0.09250514097544935, -0.13985572755336773, 0.5819667930488843], "extents": [0.31723042520284767, 0.3226076662540436, 0.046515165583118745], "rotate_angle": -18.25, "rotate_angle_pred": -17.67155976406987}