{"centroid": [-0.016870998211911944, 0.35112405568361277, 0.31933994134156013], "extents": [0.10696934330728408, 0.10368616878986359, 0.05904055479042736], "rotate_angle": -28.96, "rotate_angle_pred": -26.175846152157632}