{"centroid": [0.11527593553246168, -0.06054428219795232, 0.5665142181595517], "extents": [0.49504980096932294, 0.4664849042892456, 0.07722845619276453], "rotate_angle": 41.1, "rotate_angle_pred": 35.13467281271666}