{"centroid": [-0.26986569806022953, 0.5368549227714537, 0.5399256867174361], "extents": [0.08139261594434535, 0.10031557083129883, 0.030786123093002993], "rotate_angle": -22.99, "rotate_angle_pred": -27.980611108978017}