{"centroid": [0.008406726271104982, 0.43852428346872335, 0.35609595744693984], "extents": [0.08156589611094998, 0.07715184986591339, 0.04044246023945253], "rotate_angle": 13.13, "rotate_angle_pred": 13.84211448395412}