{"centroid": [-0.052767334027703144, 0.43322457000613207, 0.39051160412475683], "extents": [0.09113871826264988, 0.07950653880834585, 0.07987042319311483], "rotate_angle": 33.2, "rotate_angle_pred": 32.619457653360996}