{"centroid": [0.0857424300017334, 0.4335494935512542, 0.41583676432644956], "extents": [0.142464281779574, 0.14944696426391607, 0.07951407971744129], "rotate_angle": 31.93, "rotate_angle_pred": 33.204613713302294}