{"centroid": [0.10102799774028103, 0.340174276381731, 0.30152915644398015], "extents": [0.08943607837794537, 0.08859864622354507, 0.03869843933232259], "rotate_angle": -20.22, "rotate_angle_pred": -18.61308648462297}