{"centroid": [0.12191402419354871, 0.3276811242103576, 0.405386652752677], "extents": [0.06568177167404976, 0.0680474042892456, 0.016573949096071183], "rotate_angle": -27.33, "rotate_angle_pred": -24.513313624993486}