{"centroid": [-0.14815357770527263, 0.4840742722153663, 0.5179611234820674], "extents": [0.059726364283593764, 0.05145515501499176, 0.039225875919535136], "rotate_angle": 33.28, "rotate_angle_pred": 32.96594956072093}