{"centroid": [-0.06045368739617056, 0.3404534943401813, 0.3993585349801223], "extents": [0.06553152288065339, 0.06890258938074112, 0.0422361647568788], "rotate_angle": 5.24, "rotate_angle_pred": 8.031531577066858}