{"centroid": [-0.08799182271123415, 0.48229808360338206, 0.5173878138128682], "extents": [0.06785401872235722, 0.061700060963630676, 0.04222568975574098], "rotate_angle": -11.93, "rotate_angle_pred": -9.716716251043096}