{"centroid": [-0.09422366978074467, 0.34558761492371554, 0.3963568404638546], "extents": [0.06454958915836104, 0.06432474404573446, 0.04377255317374279], "rotate_angle": 28.55, "rotate_angle_pred": 28.84977985962975}