{"centroid": [-0.08183380875154216, 0.4788962453603744, 0.5108045574129375], "extents": [0.06667296509496826, 0.06516465544700623, 0.043021335688588735], "rotate_angle": -26.78, "rotate_angle_pred": -23.012779918315942}