{"centroid": [0.006076360454266244, 0.38844948261976237, 0.42968844600293155], "extents": [0.06966365061587074, 0.08908443152904516, 0.05492213315460859], "rotate_angle": 27.99, "rotate_angle_pred": 30.03553287760029}