{"centroid": [0.0013202717816410674, 0.5968880578875541, 0.5423496902221208], "extents": [0.11422757633904712, 0.11307059228420258, 0.05133597103626397], "rotate_angle": 5.67, "rotate_angle_pred": 8.22530274175989}