{"centroid": [0.01254541613389287, 0.4270611889660358, 0.34605123616149447], "extents": [0.07657769348071274, 0.07156620174646378, 0.041996751121427756], "rotate_angle": 30.46, "rotate_angle_pred": 28.016337649434334}