{"centroid": [0.12669225723289085, 0.3256035596132277, 0.3884563462757165], "extents": [0.06292784065790474, 0.06735250353813177, 0.01491945946835932], "rotate_angle": -36.73, "rotate_angle_pred": -32.939365778499266}