{"centroid": [-0.05895021174299436, 0.37193645536899556, 0.47054388744564735], "extents": [0.053336651943961005, 0.06822189688682562, 0.05751259820218557], "rotate_angle": 43.1, "rotate_angle_pred": 39.40795429775707}