{"centroid": [-0.11825454313222739, 0.4780116602778434, 0.5304618040557532], "extents": [0.06278520742768175, 0.05853693187236786, 0.03387567730428631], "rotate_angle": 3.3, "rotate_angle_pred": 3.886693252310536}