{"centroid": [-0.04153694031549148, 0.36758443713188166, 0.47305694104767254], "extents": [0.053328845704639735, 0.06790620088577276, 0.056208498833593745], "rotate_angle": 41.77, "rotate_angle_pred": 38.25167025052002}