{"centroid": [-0.05705409731435968, 0.5994113758206366, 0.4420953503557006], "extents": [0.1074759931128078, 0.1043706089258194, 0.047707373849657675], "rotate_angle": -1.72, "rotate_angle_pred": -1.5024003834089825}