{"centroid": [-0.0078112224355130246, 0.38289533928036684, 0.48901889836661483], "extents": [0.0638961780394405, 0.07154373079538345, 0.053784063972325324], "rotate_angle": -2.82, "rotate_angle_pred": -1.9425633576859127}