{"centroid": [-0.08853446108318874, 0.47194175049662584, 0.5053469600643394], "extents": [0.06659780272947992, 0.06880678981542587, 0.04380658157259698], "rotate_angle": -37.55, "rotate_angle_pred": -31.58475469206917}