{"centroid": [0.001962073243788028, 0.43030001223087305, 0.49461742325697444], "extents": [0.14502769952072597, 0.1380898654460907, 0.09596123707439591], "rotate_angle": 4.47, "rotate_angle_pred": 7.477488096778345}