{"centroid": [-0.03692570335959429, 0.347627468407154, 0.3471496027839114], "extents": [0.06711953366859416, 0.08633150160312653, 0.047700034251345946], "rotate_angle": -43.81, "rotate_angle_pred": -39.45948843145577}