{"centroid": [-0.06614243777281893, 0.40946913883090014, 0.2980971496157768], "extents": [0.09286169771056188, 0.09370752424001694, 0.08571162133212923], "rotate_angle": -4.32, "rotate_angle_pred": -3.5329742774191146}