{"centroid": [-0.029247072586883197, 0.38300176709890366, 0.49159349117980844], "extents": [0.059786250036324026, 0.06802950799465185, 0.05286207891004102], "rotate_angle": 11.4, "rotate_angle_pred": 12.236853573073262}