{"centroid": [0.041263934955855404, 0.4334965497255324, 0.4793492819060808], "extents": [0.14208736950012404, 0.1379708349704742, 0.09607382819328314], "rotate_angle": -19.05, "rotate_angle_pred": -15.233622342303775}