{"centroid": [-0.0003293483416095004, 0.4407289177179336, 0.3179568894346898], "extents": [0.06293401252291371, 0.08925387263298035, 0.03720027657817382], "rotate_angle": -30.0, "rotate_angle_pred": -28.847649149217382}