{"centroid": [-0.030431623821933783, 0.40092764794826496, 0.3692346718437399], "extents": [0.08275600702851572, 0.08381995558738714, 0.08370202961923645], "rotate_angle": -11.21, "rotate_angle_pred": -8.230495610215016}