{"centroid": [0.09406738262636448, 0.34187265858054156, 0.3047191260117428], "extents": [0.09024830117689817, 0.09074556082487106, 0.039981104234910414], "rotate_angle": -21.31, "rotate_angle_pred": -19.70401763667749}