{"centroid": [-0.05734667395239354, 0.5998275130987166, 0.4425631904466975], "extents": [0.10779591488010003, 0.10416695475578308, 0.04809553476520534], "rotate_angle": -0.94, "rotate_angle_pred": -0.7395970622539068}