{"centroid": [0.03390814631258797, 0.43144810199737543, 0.4817144916905808], "extents": [0.14413243549082996, 0.13937324285507202, 0.09732183825461582], "rotate_angle": -17.28, "rotate_angle_pred": -13.57669437984704}