{"centroid": [0.007975595270699846, 0.4369219243526458, 0.31353736684100786], "extents": [0.06856244867388966, 0.09086066484451294, 0.04477743101791409], "rotate_angle": -43.37, "rotate_angle_pred": -39.05647205216897}