{"centroid": [-0.006092204583210771, 0.37150026857852936, 0.45410589293278464], "extents": [0.0813454836260622, 0.09476038813591009, 0.056084640300235855], "rotate_angle": -4.8, "rotate_angle_pred": -4.825113064059806}