{"centroid": [0.15217563662873484, 0.3332121446728706, 0.29798963771105014], "extents": [0.08273462988476125, 0.08335931599140167, 0.033033717572577725], "rotate_angle": 1.39, "rotate_angle_pred": 2.6622749199030693}