{"centroid": [-0.3773749659933056, 0.35864491760730743, 0.36188174209107704], "extents": [0.10182562336722073, 0.11694553494453436, 0.040817796647984905], "rotate_angle": -32.93, "rotate_angle_pred": -30.60843681899577}