{"centroid": [0.6627797114622554, 0.08183865807950487, 0.2709472882794628], "extents": [0.13310167308585608, 0.04707651212811475, 0.15699046986048232], "rotate_angle": -16.94, "rotate_angle_pred": -15.254796265895322}