{"centroid": [-0.39136014431718447, 0.3258515335619449, 0.40201327475042664], "extents": [0.06472803621626494, 0.07397962361574173, 0.04716061033321456], "rotate_angle": 30.59, "rotate_angle_pred": 30.507995948178433}