{"centroid": [0.007735776718727675, 0.5526129268109797, 0.4640446054063362], "extents": [0.0829234103756831, 0.060670070350170135, 0.09069365050006639], "rotate_angle": -6.38, "rotate_angle_pred": -4.03670423083409}