{"centroid": [0.6456264551585122, 0.1397453267127274, 0.33619120580675876], "extents": [0.13110348781754777, 0.04779753461480145, 0.16518709314878577], "rotate_angle": -38.49, "rotate_angle_pred": -30.93669207894707}