{"centroid": [0.009309732172964665, 0.5509680975228547, 0.46088049987596513], "extents": [0.08105172236267003, 0.05776188150048256, 0.09024311623687531], "rotate_angle": -10.54, "rotate_angle_pred": -7.259123481621799}