{"centroid": [-0.00724147226459167, -0.032431125640869245, 0.5051358914440855], "extents": [0.11584425304602061, 0.12863050401210785, 0.07154655661631393], "rotate_angle": -16.58, "rotate_angle_pred": -16.25960488111626}