{"centroid": [-0.030031702430529404, 0.5319462455809115, 0.3793762319101416], "extents": [0.08357160610018737, 0.07637292891740799, 0.08421076906333047], "rotate_angle": 14.64, "rotate_angle_pred": 15.83368264308072}