{"centroid": [-0.07889350229173706, -0.01713374257087719, 0.5445985736216201], "extents": [0.1320443726654728, 0.1523760557174683, 0.0771261514832764], "rotate_angle": 23.4, "rotate_angle_pred": 29.65394636332944}