{"centroid": [-0.0904699628973818, 0.07196742622181761, 0.5932958354232504], "extents": [0.12718899739932568, 0.14305765926837924, 0.08277206992804209], "rotate_angle": 28.4, "rotate_angle_pred": 28.229526638614658}