{"centroid": [0.6068408309078192, 0.14793025329709042, 0.4082276382472707], "extents": [0.11101767959345044, 0.041672535240650205, 0.1645214229025146], "rotate_angle": -10.24, "rotate_angle_pred": -5.954853474577831}