{"centroid": [-0.33603911947335113, 0.3289427496492862, 0.36363241378720323], "extents": [0.08487501706158773, 0.10156214982271194, 0.04516241308678631], "rotate_angle": 23.3, "rotate_angle_pred": 30.434030703552253}