{"centroid": [-0.362061564402999, 0.32137430831789965, 0.43830443721781304], "extents": [0.07410397325784124, 0.07256051152944565, 0.04461616244697181], "rotate_angle": 2.26, "rotate_angle_pred": 2.23982129609837}