{"centroid": [-0.06913098477008171, 0.11970932036638249, 0.4181946781437342], "extents": [0.08753896742610678, 0.07311159372329712, 0.048745514287462655], "rotate_angle": 2.63, "rotate_angle_pred": 8.423533556065706}