{"centroid": [0.11507424248858492, -0.03464792668819439, 0.8110065015797976], "extents": [0.12301170718635085, 0.14075091481208804, 0.1422335791099404], "rotate_angle": 32.38, "rotate_angle_pred": 39.854960707937465}