{"centroid": [-0.09669053623403305, -0.04007838666439063, 0.307706339081537], "extents": [0.16530387389175236, 0.1635037809610367, 0.040006295537777126], "rotate_angle": 5.9, "rotate_angle_pred": 5.952766050835322}