{"centroid": [-0.13668622582866052, -0.08999897539615641, 0.3654965581826149], "extents": [0.19723101049002992, 0.18151035904884344, 0.05746434282291768], "rotate_angle": 40.45, "rotate_angle_pred": 42.4012955769206}