{"centroid": [-0.041660815035924476, 0.25387667119503005, 0.4606107251007068], "extents": [0.12121140915598269, 0.1367269158363342, 0.04117131219193826], "rotate_angle": 12.18, "rotate_angle_pred": 13.833883790184885}