{"centroid": [0.12962844196062007, 0.10588530451059328, 0.8173409596848118], "extents": [0.08911939106188765, 0.128829836845398, 0.16559353732550697], "rotate_angle": 22.19, "rotate_angle_pred": 26.12907819840109}