{"centroid": [0.29885002838792457, 0.06952869892120353, 0.4973886558711743], "extents": [0.1685394473692331, 0.19242712855339056, 0.17578136691128537], "rotate_angle": 18.76, "rotate_angle_pred": 18.88126874121761}