{"centroid": [0.044525578288592174, 0.035359114408492945, 0.6464140881687155], "extents": [0.3445776387577192, 0.3482101559638978, 0.1156444767918573], "rotate_angle": 41.92, "rotate_angle_pred": 41.26305996991266}