{"centroid": [-0.06903371663072264, -0.06781262159347545, 0.42017266803066544], "extents": [0.2550929732776138, 0.263189435005188, 0.06784519414887569], "rotate_angle": -8.57, "rotate_angle_pred": -4.162438050466804}