{"centroid": [-0.11387667766233397, 0.19677414745092378, 0.5894544282664222], "extents": [0.15964069656652513, 0.1477741897106171, 0.057262549942388], "rotate_angle": 4.61, "rotate_angle_pred": 8.117200968845879}