{"centroid": [0.22066250570594087, 0.07198128663003432, 0.514169856152221], "extents": [0.07006809803912134, 0.06056376919150355, 0.12629315155134369], "rotate_angle": -30.17, "rotate_angle_pred": -24.221269446222962}