{"centroid": [-0.6347314482593066, 0.381169080734253, -0.26310904418421927], "extents": [0.37252632975301037, 0.0766044855117799, 0.36849732385819634], "rotate_angle": -15.07, "rotate_angle_pred": -18.355462487045457}