{"centroid": [0.31497174808086853, -0.08651100099086771, 0.4901405442850451], "extents": [0.06487125045962261, 0.14919120073318484, 0.19293397330889894], "rotate_angle": -3.43, "rotate_angle_pred": -0.7581389297989602}