{"centroid": [-0.45132305798193495, 0.3375021554529667, -0.30376091394888294], "extents": [0.31659138112303087, 0.1040037944912911, 0.2981522074772363], "rotate_angle": 20.79, "rotate_angle_pred": 19.527183938049276}