{"centroid": [-0.27536741370720785, 0.6290577892214059, -0.029830450359856868], "extents": [0.20994093970376143, 0.01132958009839058, 0.1963949199394604], "rotate_angle": -17.68, "rotate_angle_pred": -14.7104127357196}