{"centroid": [-0.5566884598229138, 0.4898673593997956, -0.5297799305032133], "extents": [0.35275662540996705, 0.13816428184509277, 0.3322489019706472], "rotate_angle": -4.33, "rotate_angle_pred": -2.079734407467811}