{"centroid": [-0.04523379624195149, 0.38497099652886385, 0.3971425335317817], "extents": [0.1053016610131611, 0.09239036589860922, 0.06524325766809524], "rotate_angle": -32.69, "rotate_angle_pred": -27.44384860865145}