{"centroid": [0.013077922356239847, 0.4748556092381476, 0.5680792349199866], "extents": [0.0827271315199829, 0.06919153034687037, 0.036332434716724316], "rotate_angle": 22.01, "rotate_angle_pred": 23.86766606581726}