{"centroid": [-0.01048540927041647, 0.5665539652109146, 0.38272088659030945], "extents": [0.18874633105387012, 0.1288696825504304, 0.10403407251077595], "rotate_angle": 28.28, "rotate_angle_pred": 29.23048574463347}