{"centroid": [-0.7267899637294832, 0.046398480888455974, 0.2700634389389128], "extents": [0.12630628195419757, 0.09846571087837223, 0.12991622240559914], "rotate_angle": 31.2, "rotate_angle_pred": 28.64322627194798}