{"centroid": [-0.007434595819739901, 0.06816933816298837, 0.2952921031465145], "extents": [0.12405823550871115, 0.14721554517745974, 0.10523329997308328], "rotate_angle": 40.78, "rotate_angle_pred": 45.70852866226741}