{"centroid": [0.12962014855868892, 0.24589360877871508, 0.5056540315412243], "extents": [0.07326342880085218, 0.1192767545580864, 0.08485910261178847], "rotate_angle": -34.21, "rotate_angle_pred": -29.17327751139714}