{"centroid": [0.23740007785572856, 0.47941146790981287, 0.4802204298374946], "extents": [0.12226054156568233, 0.11797049641609192, 0.06601686821143327], "rotate_angle": -42.21, "rotate_angle_pred": -35.251590871503254}