{"centroid": [0.1819817154562328, 0.2422360479831695, 0.5437797194086442], "extents": [0.07491161080472677, 0.11890137195587161, 0.08220166133931794], "rotate_angle": -7.06, "rotate_angle_pred": -3.2840999459110947}