{"centroid": [0.14179467244729851, 0.2298202365636825, 0.5168870998517674], "extents": [0.10026828900964878, 0.1285007894039154, 0.05916461322737149], "rotate_angle": 42.28, "rotate_angle_pred": 44.44048555281765}