{"centroid": [-0.01156198974312022, 0.26332585513591755, 0.4523511983350657], "extents": [0.1067188070029036, 0.15935128927230838, 0.07393246791457014], "rotate_angle": -35.88, "rotate_angle_pred": -25.628240497819988}