{"centroid": [-0.05502744776675541, 0.8642425909638405, -0.12262574807192066], "extents": [0.20825276935159615, 0.09205599129199982, 0.19031637602044485], "rotate_angle": 35.89, "rotate_angle_pred": 34.71411870998401}