{"centroid": [-0.08721846777274751, 0.6810763627290725, 0.6917556495650697], "extents": [0.16953798696065245, 0.16438284516334534, 0.10609440234872969], "rotate_angle": -17.09, "rotate_angle_pred": -15.840420794102641}