{"centroid": [0.03342327851980108, -0.45735460519790655, 0.4396752997399076], "extents": [0.19877697824769022, 0.20411264896392828, 0.09432519368372094], "rotate_angle": 6.52, "rotate_angle_pred": 7.647069443752798}