{"centroid": [0.01857402631055445, 0.4865553937852382, 0.5640896831615785], "extents": [0.08283489360648073, 0.07275097817182541, 0.045119830364581004], "rotate_angle": -4.55, "rotate_angle_pred": -1.0149708289722383}