{"centroid": [0.08407553417340866, 0.6013799011707305, 0.38264507165350653], "extents": [0.14137521268916217, 0.10175579786300659, 0.07409481642794619], "rotate_angle": -13.77, "rotate_angle_pred": -14.325019449023088}