{"centroid": [-0.0697100829246049, 0.9089308530092239, -0.10911734770297057], "extents": [0.17321675981563425, 0.10116174817085266, 0.14139553876542343], "rotate_angle": -30.36, "rotate_angle_pred": -28.59856594481478}