{"centroid": [-0.03169188373636905, 0.2705837488174438, 0.4423254310697544], "extents": [0.11420753750654601, 0.16143751144409182, 0.08178867508862037], "rotate_angle": -44.33, "rotate_angle_pred": -29.45935946688676}