{"centroid": [0.030760055600085674, 0.3090680316090583, 0.48242950807952234], "extents": [0.07695339523784925, 0.07867427170276647, 0.039413194610042], "rotate_angle": -42.71, "rotate_angle_pred": -43.03676666217222}