{"centroid": [0.30547279643587516, 0.2967062555253505, 0.34035121423710946], "extents": [0.09529157902238211, 0.08910857886075979, 0.09811787486712947], "rotate_angle": -5.76, "rotate_angle_pred": -1.717862719880145}