{"centroid": [-0.017887546449708497, 0.32952760159969324, 0.4928111080014002], "extents": [0.041952080868403754, 0.029770106077194214, 0.007552146883494759], "rotate_angle": -16.54, "rotate_angle_pred": -19.942266425165556}