{"centroid": [0.08924336166055442, -0.50277778506279, 0.42474252702311904], "extents": [0.14287555351892897, 0.15222424268722534, 0.05586527712942607], "rotate_angle": -8.87, "rotate_angle_pred": -6.022495130814363}