{"centroid": [0.026831937695161512, 0.30610023066401476, 0.48365081559542433], "extents": [0.07561665672697009, 0.0763868317008019, 0.03782213428914749], "rotate_angle": -39.46, "rotate_angle_pred": -39.874956092885746}