{"centroid": [-0.005744226419363044, -0.33992969244718557, 0.4359236338865032], "extents": [0.20751372090731177, 0.22642780840396884, 0.09487649849151225], "rotate_angle": 14.51, "rotate_angle_pred": 15.790078334593446}