{"centroid": [0.10171686775680272, 0.2527122497558593, 0.4273617782692541], "extents": [0.06717756260412747, 0.0933556854724884, 0.0358415984123453], "rotate_angle": -27.45, "rotate_angle_pred": -26.807988182498143}