{"centroid": [0.04169301093696809, 0.3351456634700298, 0.46179617092408126], "extents": [0.044612504972086006, 0.05120756477117544, 0.014300914619190586], "rotate_angle": 29.69, "rotate_angle_pred": 27.974657487115266}