{"centroid": [-0.2360337021491735, 0.35155312716960896, 0.6417663052859974], "extents": [0.21542573311489135, 0.2294603288173676, 0.13343821674297673], "rotate_angle": 23.22, "rotate_angle_pred": 32.50803110860127}