{"centroid": [0.08542949756993512, 0.34502597898244847, 0.5366575379344402], "extents": [0.05055420366087129, 0.06619440019130707, 0.03159622408548435], "rotate_angle": -41.03, "rotate_angle_pred": -31.6404275161581}