{"centroid": [0.032317537527698365, -0.4694515764713288, 0.33839509658955197], "extents": [0.29248788310784146, 0.27689403295516973, 0.07268221516804152], "rotate_angle": -28.92, "rotate_angle_pred": -28.433791781054005}