{"centroid": [0.024856717045191264, 0.3652018755674361, 0.5234307051718269], "extents": [0.03840697282945693, 0.04251167178153992, 0.023902726042859035], "rotate_angle": -35.83, "rotate_angle_pred": -26.65566301353458}