{"centroid": [-0.09610707735384258, 0.4806731641292571, 0.3096374156803047], "extents": [0.21476508197897298, 0.20121949911117554, 0.0985149793701392], "rotate_angle": -16.94, "rotate_angle_pred": -17.149043196562644}