{"centroid": [-0.010812079707983795, 0.2864529304206371, 0.4735237956821309], "extents": [0.047963195236627724, 0.05062814801931381, 0.02117417969360119], "rotate_angle": -27.09, "rotate_angle_pred": -28.098804961044948}