{"centroid": [-0.40890349057224995, -0.4448313750326634, 0.49588059441965193], "extents": [0.10409941490265706, 0.11013608425855637, 0.08821384579932723], "rotate_angle": 0.53, "rotate_angle_pred": -0.15188050694101207}