{"centroid": [0.012431288608742895, 0.6211639493703841, 0.5220588421298037], "extents": [0.14544808771834578, 0.12547942996025085, 0.07880906710432439], "rotate_angle": 20.22, "rotate_angle_pred": 23.50243096178778}