{"centroid": [0.19880160262613916, 0.5918895602226256, 0.6010192874705622], "extents": [0.1239212545577188, 0.0959615707397461, 0.058896609492207985], "rotate_angle": 37.85, "rotate_angle_pred": 40.56561477233873}