{"centroid": [0.028144119676120415, 0.5993273518979548, 0.41947885872054347], "extents": [0.08839085802126018, 0.09723954647779465, 0.0541808313545637], "rotate_angle": -2.65, "rotate_angle_pred": -3.4679847779605524}