{"centroid": [-0.05283384638622053, -0.02207225561141976, 0.35551345828236874], "extents": [0.08702424279078266, 0.11757196485996249, 0.01582065617263473], "rotate_angle": 13.93, "rotate_angle_pred": 15.642595576382547}