{"centroid": [0.18475705870627807, 0.5167000405490397, 0.41805039045620146], "extents": [0.0716765908775562, 0.07926013320684433, 0.028777618494739254], "rotate_angle": -6.61, "rotate_angle_pred": -6.790709752620373}