{"centroid": [-0.206657353149279, 0.28029377758502944, 0.8222699977859546], "extents": [0.2133733751795583, 0.19810643792152408, 0.11824952659174526], "rotate_angle": 34.53, "rotate_angle_pred": 40.93937915833081}