{"centroid": [0.18145217636974284, -0.10340778529644035, 0.8911556298857777], "extents": [0.1955201604052762, 0.20994609594345096, 0.1012798908996243], "rotate_angle": -14.55, "rotate_angle_pred": -6.241641274257532}