{"centroid": [0.3471792423733257, -0.1986643075942995, 0.6736715215974756], "extents": [0.27794674362025523, 0.3122552037239075, 0.2152856017346121], "rotate_angle": 3.75, "rotate_angle_pred": 4.909244577837896}