{"centroid": [0.24185029827696353, 0.5301158428192138, 0.4582405623519121], "extents": [0.07140521847394943, 0.07534819841384888, 0.04474956258868823], "rotate_angle": -35.83, "rotate_angle_pred": -25.365157807842422}