{"centroid": [0.02807670527434458, 0.3460997715592384, 0.5898014699821554], "extents": [0.1144053199776495, 0.12691368162631989, 0.05037133434548935], "rotate_angle": -14.16, "rotate_angle_pred": -8.336495376440013}