{"centroid": [0.07731450226776504, 0.6142623387277126, 0.42953818138799565], "extents": [0.09413531248764806, 0.10014330595731735, 0.05949717650205949], "rotate_angle": 2.54, "rotate_angle_pred": 0.7010058462477815}