{"centroid": [0.0010393264839457465, 0.027156598865985697, 0.8180235236781852], "extents": [0.1748946902758256, 0.18644133210182195, 0.15938889958645808], "rotate_angle": 7.61, "rotate_angle_pred": 13.888708868802865}