{"centroid": [0.17362878413716948, -0.20779526978731175, 0.7400809027966575], "extents": [0.1580981320999728, 0.1666442006826401, 0.06493444023714989], "rotate_angle": 9.52, "rotate_angle_pred": 15.878342125722526}