{"centroid": [-0.24233267640612619, -0.16748985648155232, 0.7824597739690163], "extents": [0.3004195386776035, 0.31231087446212774, 0.1129194347037441], "rotate_angle": 22.23, "rotate_angle_pred": 25.244653972486404}