{"centroid": [0.18172855639343277, -0.2162104696035387, 0.7455571976065284], "extents": [0.1331846083304398, 0.14956554770469666, 0.06102914204282506], "rotate_angle": -7.46, "rotate_angle_pred": -3.838724770720532}