{"centroid": [0.25631084894806766, 0.4933965727686881, 0.4321332238058672], "extents": [0.08890299283597944, 0.08999149501323694, 0.04330188676090391], "rotate_angle": -0.02, "rotate_angle_pred": -0.5473667860305369}