{"centroid": [-0.07355625813163123, 0.7396302036941053, -0.331848609900834], "extents": [0.09272307670028541, 0.09034153074026108, 0.06659393590566626], "rotate_angle": -1.65, "rotate_angle_pred": -3.2627629877142112}