{"centroid": [0.2708787369807582, 0.4999819956719875, 0.35637569727839913], "extents": [0.08361169063522225, 0.09523903578519821, 0.049485088061877236], "rotate_angle": -35.31, "rotate_angle_pred": -33.4322593372418}