{"centroid": [0.0673060546569972, -0.19821438193321245, 0.6623575468273566], "extents": [0.13270646186501406, 0.14154338836669927, 0.07615437274150216], "rotate_angle": 18.57, "rotate_angle_pred": 20.216658362868984}