{"centroid": [0.015612497425010178, -0.1747122481465341, 0.607078477057412], "extents": [0.2164962014696327, 0.20910178124904633, 0.11621964835615006], "rotate_angle": -5.83, "rotate_angle_pred": -1.643796627098908}