{"centroid": [0.3774670278761242, 0.009554885327815947, 0.5192610203112579], "extents": [0.2589022464342881, 0.24676004052162173, 0.07295350581466237], "rotate_angle": 21.3, "rotate_angle_pred": 24.880964686732696}