{"centroid": [0.024686078704338154, 0.03934711590409263, 0.7078038319547382], "extents": [0.15249976295629575, 0.14919595420360568, 0.06372912136111553], "rotate_angle": -17.59, "rotate_angle_pred": -11.733740827997138}