{"centroid": [0.18363392021778047, 0.5021990239620208, 0.3913778842540499], "extents": [0.1042817984174402, 0.09729379415512085, 0.024256169891900325], "rotate_angle": -2.13, "rotate_angle_pred": -2.6942127675311127}