{"centroid": [-0.08160044807918555, 0.7533567771315576, -0.320725763766631], "extents": [0.09112961773555198, 0.08742289245128632, 0.06303312756223312], "rotate_angle": 11.4, "rotate_angle_pred": 8.677954393959908}