{"centroid": [-0.02903277353775594, 0.04035944491624818, 0.8028797068845371], "extents": [0.275969088450216, 0.28316918015480047, 0.22503507167687498], "rotate_angle": 36.75, "rotate_angle_pred": 43.56314240069753}