{"centroid": [0.049356361967252856, -0.14820899069309248, 0.6824129259658639], "extents": [0.2408863843209808, 0.22961750626564031, 0.1844845369066357], "rotate_angle": -41.57, "rotate_angle_pred": -33.69280202552185}