{"centroid": [-0.12794082206484306, 0.726829282939434, -0.3487973861627106], "extents": [0.0808914139402642, 0.10480950772762299, 0.06847281623952561], "rotate_angle": -5.43, "rotate_angle_pred": -4.788748105128079}