{"centroid": [0.1406866422738442, -0.14828848838806158, 0.6245975313157833], "extents": [0.14535793851753465, 0.14749148488044742, 0.05228763886972687], "rotate_angle": 34.61, "rotate_angle_pred": 36.60625073390014}