{"centroid": [-0.11887395100917558, 0.653075508773327, -0.3772570180764613], "extents": [0.05663937746661063, 0.07901476323604584, 0.0374386089960842], "rotate_angle": -15.32, "rotate_angle_pred": -14.70480570267722}