{"centroid": [0.04077426696871744, -0.19021618366241463, 0.6144705788016965], "extents": [0.20182335195047918, 0.1997773051261902, 0.11724924190586983], "rotate_angle": 35.78, "rotate_angle_pred": 33.799335805301155}