{"centroid": [-0.42027338300545714, 0.015323027968406528, 0.48738141355867626], "extents": [0.25285741790188687, 0.23122620582580572, 0.06437923040482146], "rotate_angle": 34.99, "rotate_angle_pred": 33.57603967555907}