{"centroid": [0.04052095000632942, -0.18602152913808834, 0.6127021858134588], "extents": [0.13684523109204286, 0.14126212894916534, 0.04309242964919169], "rotate_angle": -31.06, "rotate_angle_pred": -32.62161383015577}