{"centroid": [0.06501160843710826, -0.18251624703407301, 0.6281636389267259], "extents": [0.12407642777559195, 0.13041260838508606, 0.0393887577534493], "rotate_angle": -16.07, "rotate_angle_pred": -19.498967989932382}