{"centroid": [0.028470282946912367, 0.08768925815820677, 0.7555637611381989], "extents": [0.12101438926553135, 0.12817320227622986, 0.058217083543722015], "rotate_angle": 20.47, "rotate_angle_pred": 25.427022341817803}