{"centroid": [0.057907814681967845, -0.4285102561116219, 0.5229051426799546], "extents": [0.12439462534522754, 0.12339167296886444, 0.012648008755644868], "rotate_angle": -29.37, "rotate_angle_pred": -21.66525272107394}