{"centroid": [-0.02182529796879324, 0.07158612459897981, 0.6766840548638541], "extents": [0.1474544747814137, 0.1479317843914032, 0.054310640072763317], "rotate_angle": -24.12, "rotate_angle_pred": -18.49214448249427}