{"centroid": [-0.05673842114678151, 0.7346720583736898, -0.34626169821081204], "extents": [0.09705491299998374, 0.09714839607477188, 0.05510116332195153], "rotate_angle": -8.14, "rotate_angle_pred": -9.413417575381786}