{"centroid": [0.012589749429250107, 0.6810135059058666, -0.29695215675099573], "extents": [0.0792643792218058, 0.07784970849752437, 0.04094626712370619], "rotate_angle": -24.21, "rotate_angle_pred": -20.456956706881456}