{"centroid": [-0.10736106863844333, 0.7083067260682583, -0.358988345189378], "extents": [0.07980584388508921, 0.10282968729734421, 0.05631836528655332], "rotate_angle": -8.92, "rotate_angle_pred": -6.904928428708416}