{"centroid": [0.2440999782743471, -0.39846056699752813, 0.6800343616289019], "extents": [0.24101185477159887, 0.25240159034729004, 0.09269076462129722], "rotate_angle": 33.08, "rotate_angle_pred": 28.798584015373137}