{"centroid": [0.580677306912929, -0.008497722446918545, 0.5491782056605871], "extents": [0.16889217219901564, 0.1696907877922058, 0.03219317592222026], "rotate_angle": 15.62, "rotate_angle_pred": 22.382385679651335}