{"centroid": [0.640587864653354, 0.07358581386506545, 0.587290711324845], "extents": [0.17440542587492514, 0.17843362689018252, 0.06631568077570704], "rotate_angle": 3.22, "rotate_angle_pred": 2.6532111249640735}