{"centroid": [-0.09503358653987139, -0.3895386084914208, 0.4394826994965234], "extents": [0.13046487882506758, 0.1488691121339798, 0.0035468264643925274], "rotate_angle": -39.5, "rotate_angle_pred": -33.528255408450825}