{"centroid": [0.4201330426327792, -0.16085390746593492, 0.5436469354761728], "extents": [0.18780347206911457, 0.16803970932960513, 0.016802243442854414], "rotate_angle": -35.16, "rotate_angle_pred": -30.793712331577453}