{"centroid": [0.20336606495079151, -0.45220123231410986, 0.3942487256294455], "extents": [0.11405503935017142, 0.11751356720924377, 0.01135138626944382], "rotate_angle": -18.6, "rotate_angle_pred": -7.816459649730547}