{"centroid": [0.003073319431713732, 0.47422790527343744, 0.39480309616680564], "extents": [0.0899895727005539, 0.09031307697296143, 0.04594260078438139], "rotate_angle": -3.48, "rotate_angle_pred": -2.5466809147603726}