{"centroid": [-0.5559932731867223, 0.1634134650230407, 0.13810830522153864], "extents": [0.5728121449154482, 0.5720615983009338, 0.012640074004195007], "rotate_angle": 26.45, "rotate_angle_pred": 22.842724860808673}