{"centroid": [0.38894528469710743, 0.30358655378222466, -0.08459949946775762], "extents": [0.14855525010039872, 0.0038182958960533697, 0.14611719659320993], "rotate_angle": -0.51, "rotate_angle_pred": -4.529699470826657}