{"centroid": [-0.04351538251877022, 0.19803707674145682, 0.6665615074582034], "extents": [0.08927004097015662, 0.0921369269490242, 0.048263985975760204], "rotate_angle": -13.09, "rotate_angle_pred": -10.642851490764684}