{"centroid": [-0.173966200077281, 0.009077444672584409, 0.6263718621922545], "extents": [0.2735284524662831, 0.2602387070655824, 0.11107548899877806], "rotate_angle": -13.33, "rotate_angle_pred": -15.18758090486763}