{"centroid": [-0.18794816325476338, 0.0066944211721419195, 0.4599526721582486], "extents": [0.18854188812852124, 0.1847178041934967, 0.03277097623960201], "rotate_angle": 0.77, "rotate_angle_pred": -0.5542274843154757}