{"centroid": [0.009349671480935923, 0.3739700838923453, 0.4053837568506661], "extents": [0.07199221604731915, 0.06797884404659277, 0.03307419157854152], "rotate_angle": 30.04, "rotate_angle_pred": 27.754651582341126}