{"centroid": [-0.21050975932908828, -0.24416804313659674, 0.7520547955220696], "extents": [0.2500967383148221, 0.29061126708984375, 0.04798511787795323], "rotate_angle": -32.14, "rotate_angle_pred": -35.88867388450745}