{"centroid": [0.10125358576018184, 0.21638408116996283, 0.733579621679231], "extents": [0.0538183773159034, 0.04834332689642906, 0.05065830303793728], "rotate_angle": -8.27, "rotate_angle_pred": -6.507785813162457}