{"centroid": [-0.03366663469480861, -0.048016995191574145, 0.5303732458545207], "extents": [0.5602719813624735, 0.5460869669914246, 0.02003483857454913], "rotate_angle": 22.55, "rotate_angle_pred": 25.17820653433695}