{"centroid": [0.1350405636357481, -0.027704611420631603, 0.852266748741894], "extents": [0.12179782407342567, 0.15004017949104315, 0.17523743450710916], "rotate_angle": -14.14, "rotate_angle_pred": -14.457523958262598}