{"centroid": [0.20314322235308865, 0.1591274179518221, 0.6803100066933205], "extents": [0.07610579056926528, 0.07805364578962327, 0.0836668336945906], "rotate_angle": -2.84, "rotate_angle_pred": -1.0200016199042778}