{"centroid": [-0.17099551926272788, -0.048371911048889285, 0.5701414297137926], "extents": [0.3290993816638959, 0.42903149127960216, 0.3960503872434053], "rotate_angle": -18.51, "rotate_angle_pred": -14.466105210146779}