{"centroid": [-0.3206729421910537, 0.5544767677783965, 0.5253184002954925], "extents": [0.09852810285071978, 0.09226638078689575, 0.041117072443610514], "rotate_angle": 41.14, "rotate_angle_pred": 35.46217972081864}