{"centroid": [-0.3185140775164185, 0.5807988792657851, 0.5510992274639912], "extents": [0.10860690367748299, 0.10368075966835022, 0.03438269313153841], "rotate_angle": -5.34, "rotate_angle_pred": -8.894720623544757}