{"centroid": [0.13580018650650724, 0.31522497907280916, 0.3614842769709769], "extents": [0.06808339218558074, 0.07060963660478597, 0.010404076670508688], "rotate_angle": -12.63, "rotate_angle_pred": -12.541671713148034}