{"centroid": [-0.04588010035857694, 0.32997957617044443, 0.3620555318258897], "extents": [0.07922595041884942, 0.06817169487476349, 0.04357205357492311], "rotate_angle": 34.69, "rotate_angle_pred": 35.48415350090839}