{"centroid": [0.07591868729582472, 0.35189604014158243, 0.4682647095137243], "extents": [0.06988146992649355, 0.07015262544155126, 0.05486307365026827], "rotate_angle": 23.73, "rotate_angle_pred": 24.930209526354105}