{"centroid": [0.03247424926973414, 0.5878156311810016, 0.5141908195321655], "extents": [0.12938639530491647, 0.11652383953332901, 0.054631732441780934], "rotate_angle": 25.17, "rotate_angle_pred": 23.770379922496943}