{"centroid": [0.04606131695508939, 0.40489393472671503, 0.3548869757329918], "extents": [0.08097090047871716, 0.07427144050598145, 0.03420367930227075], "rotate_angle": 38.87, "rotate_angle_pred": 38.4900827562104}