{"centroid": [0.3973224078067493, 0.3653596565127373, 0.5207498955066372], "extents": [0.09258225443374607, 0.08224712312221533, 0.05193397337236799], "rotate_angle": 42.97, "rotate_angle_pred": 43.35165150098476}