{"centroid": [0.050794116419029055, 0.4307828731834888, 0.3680075167029793], "extents": [0.10037013311242285, 0.09326092153787618, 0.09751006378966526], "rotate_angle": 14.67, "rotate_angle_pred": 16.677739909916923}