{"centroid": [-0.00311411154116472, 0.34397866576910013, 0.35335040344102414], "extents": [0.08174681586501392, 0.07395975291728979, 0.04507534908507166], "rotate_angle": 1.58, "rotate_angle_pred": 3.683543208713928}