{"centroid": [-0.004487253507257839, 0.3579766303300857, 0.3522886755274479], "extents": [0.07697746224512352, 0.0725487768650055, 0.04259396008893357], "rotate_angle": -25.15, "rotate_angle_pred": -24.306661191318483}