{"centroid": [-0.03498687395585327, 0.33072015270590777, 0.362992742221298], "extents": [0.07720489792802164, 0.06780403107404709, 0.04394632201283427], "rotate_angle": 28.35, "rotate_angle_pred": 28.973966168728822}