{"centroid": [0.086026638108436, 0.4267038851976395, 0.31300283517070704], "extents": [0.08313361427078733, 0.08376625180244446, 0.03653008434441973], "rotate_angle": 12.79, "rotate_angle_pred": 14.53072325971985}