{"centroid": [0.013596804712547417, 0.4323295354843139, 0.3487847034965035], "extents": [0.10305200569196163, 0.09578299522399908, 0.0961242695534571], "rotate_angle": -0.42, "rotate_angle_pred": -0.26620667218989524}