{"centroid": [0.12843035020915433, 0.3029895722866058, 0.37279995149588296], "extents": [0.0707440222016739, 0.07134252786636353, 0.007964286894068917], "rotate_angle": 8.51, "rotate_angle_pred": 9.713366125612893}