{"centroid": [-0.017667996693844393, 0.4561001248657703, 0.2797704985106293], "extents": [0.08794852488447572, 0.09068910032510757, 0.025280502102425162], "rotate_angle": -42.86, "rotate_angle_pred": -39.54357346459556}