{"centroid": [0.07533138387697433, 0.36591685190796847, 0.4788911887202745], "extents": [0.07649802535275713, 0.07760954648256302, 0.05113317151742014], "rotate_angle": 8.08, "rotate_angle_pred": 9.022651519705335}