{"centroid": [-0.006561526065882915, 0.35373694077134127, 0.3464004313801199], "extents": [0.0799333443181887, 0.0725478008389473, 0.04380135928450413], "rotate_angle": -18.86, "rotate_angle_pred": -18.13362365397282}