{"centroid": [-0.0057221860629708046, 0.5826497972011565, 0.5051168074014908], "extents": [0.12563283501492853, 0.11547046899795532, 0.045028938983044275], "rotate_angle": -13.79, "rotate_angle_pred": -15.57387038309247}