{"centroid": [-0.017467993096948617, 0.33916534855961794, 0.3549523337434268], "extents": [0.0803815036636816, 0.07164082676172262, 0.04452113722589296], "rotate_angle": 9.6, "rotate_angle_pred": 11.306631920570808}