{"centroid": [-0.02410930801877572, 0.33538220822811127, 0.36044468306948907], "extents": [0.08027821622815945, 0.06981810927391058, 0.04394842598628301], "rotate_angle": 21.48, "rotate_angle_pred": 22.462249461992187}