{"centroid": [-0.5076667040958484, 0.4658123664557934, 0.344656762468717], "extents": [0.09752914423422154, 0.10751625150442129, 0.08873794331490326], "rotate_angle": -22.22, "rotate_angle_pred": -23.262262682267604}