{"centroid": [0.025462784149541826, 0.5818897671997546, 0.5254746921333043], "extents": [0.12682293337005573, 0.1146715059876442, 0.054792232731699864], "rotate_angle": 35.78, "rotate_angle_pred": 35.26420916212429}