{"centroid": [-0.03702382529539951, 0.4376407116651534, 0.4764320672826844], "extents": [0.17317250336448667, 0.17629584670066828, 0.0895664392115868], "rotate_angle": -16.15, "rotate_angle_pred": -19.51313075643617}