{"centroid": [-0.07667587305032839, 0.4937898814678191, 0.5383736902394266], "extents": [0.0870781240061784, 0.08080762624740595, 0.03022178997862157], "rotate_angle": 7.33, "rotate_angle_pred": 7.514129437161969}