{"centroid": [0.03062175680644459, 0.5877962335944176, 0.5170450662440176], "extents": [0.12974752216705715, 0.1167244166135788, 0.054872668141727865], "rotate_angle": 26.1, "rotate_angle_pred": 24.797716301620895}