{"centroid": [-0.1082052086152537, 0.48642300441861147, 0.5378085021912017], "extents": [0.08505632237367737, 0.07821843773126602, 0.03066492358557904], "rotate_angle": 20.89, "rotate_angle_pred": 20.829963181065565}