{"centroid": [0.2784517965150375, 0.42572096735239023, 0.5018182014623378], "extents": [0.1803708541234803, 0.17322905361652385, 0.09503030125294554], "rotate_angle": 27.3, "rotate_angle_pred": 28.609873401844226}