{"centroid": [0.1311612805477374, 0.3158119246363639, 0.35983887315181956], "extents": [0.06720927170021661, 0.06910286843776708, 0.010111920253234319], "rotate_angle": -17.73, "rotate_angle_pred": -17.934239789360646}