{"centroid": [0.03386432418543403, 0.45198710635304445, 0.27259392001165417], "extents": [0.08747452499593023, 0.09201673418283463, 0.03001469933220796], "rotate_angle": -24.95, "rotate_angle_pred": -24.047466239524212}