{"centroid": [0.2064019065288728, 0.44211453944444645, 0.49236101055057424], "extents": [0.17319219832464616, 0.17616368830204004, 0.08021549661882299], "rotate_angle": -27.54, "rotate_angle_pred": -28.755571371132895}