{"centroid": [0.026741729992526872, 0.5822461694478988, 0.5236438317258031], "extents": [0.12695748626149528, 0.11499461531639099, 0.05508918480343156], "rotate_angle": 35.13, "rotate_angle_pred": 34.58720663985406}