{"centroid": [0.4771372690267191, 0.4457760751247404, 0.49962177207514386], "extents": [0.16970208625823452, 0.1715986132621765, 0.07576162519216428], "rotate_angle": -24.38, "rotate_angle_pred": -22.119229364425536}