{"centroid": [0.6729964926341665, 0.08622287586331365, 0.20419115293325774], "extents": [0.14815847808842486, 0.03562054783105853, 0.12711097500105173], "rotate_angle": 6.75, "rotate_angle_pred": 7.0380481348440185}