{"centroid": [-0.3526703874315693, 0.38250390067696566, 0.3769301523626082], "extents": [0.08905383352877061, 0.09402007609605789, 0.0429235331658524], "rotate_angle": 39.17, "rotate_angle_pred": 40.47505463316065}