{"centroid": [-0.3516120027234521, 0.4153752624988556, 0.3919217297170434], "extents": [0.09275814907408159, 0.08502680063247686, 0.03999251134377102], "rotate_angle": -29.67, "rotate_angle_pred": -30.12546011596597}