{"centroid": [0.0024214073866464228, 0.5448606684803962, 0.4268036621119563], "extents": [0.09820935023292401, 0.07464934885501873, 0.08982578567310362], "rotate_angle": -41.66, "rotate_angle_pred": -43.533147727909196}