{"centroid": [-0.3224288716980211, 0.010618641972541663, 0.5773645923773422], "extents": [0.1179714969120958, 0.11969706416130069, 0.054506604607074904], "rotate_angle": 41.0, "rotate_angle_pred": 35.51364242160726}