{"centroid": [0.011474973490983007, 0.5466609746217727, 0.42054136161326516], "extents": [0.09297172524613645, 0.06811800599098206, 0.09295098283020209], "rotate_angle": -26.21, "rotate_angle_pred": -26.9066225388706}