{"centroid": [-0.013965354568827665, 0.5270678848028182, 0.4540525733251152], "extents": [0.10180303239905755, 0.06878849864006042, 0.0922702084412404], "rotate_angle": 25.37, "rotate_angle_pred": 25.678173492647318}