{"centroid": [-0.3454638365921691, 0.4129392206668853, 0.39016320791568465], "extents": [0.09290103848054049, 0.08319753408432007, 0.03940124536340012], "rotate_angle": -20.26, "rotate_angle_pred": -20.63184639655246}