{"centroid": [-0.7214089843163176, 0.07321771234273894, 0.5725933891098285], "extents": [0.1170250305303483, 0.14039900898933413, 0.07409730420080629], "rotate_angle": 14.77, "rotate_angle_pred": 12.21016532626912}