{"centroid": [-0.16885432026825814, 0.0337552949786185, 0.5732174362956979], "extents": [0.11683358862702363, 0.1319611966609955, 0.05663100192368187], "rotate_angle": -3.36, "rotate_angle_pred": -3.9585315733639277}