{"centroid": [0.6767576932824427, 0.02101872116327269, 0.5246718784186533], "extents": [0.13323150533497852, 0.1381897181272507, 0.05118279143063603], "rotate_angle": -25.25, "rotate_angle_pred": -24.164711753874855}