{"centroid": [-0.3714616794118313, 0.4168545454740524, 0.40041581154163847], "extents": [0.09039793711632449, 0.08384189009666443, 0.037524419950421495], "rotate_angle": -39.91, "rotate_angle_pred": -39.01968570489525}