{"centroid": [0.675459173274261, 0.0808857008814811, 0.17532338035636222], "extents": [0.14641922901010251, 0.03681237995624545, 0.12012764966319166], "rotate_angle": -7.82, "rotate_angle_pred": -7.4326092262013645}