{"centroid": [0.6731545464791132, 0.08016057685017577, 0.16861917653867586], "extents": [0.14350870285337913, 0.03650826960802081, 0.11862157313054646], "rotate_angle": -15.54, "rotate_angle_pred": -14.105190514668394}