{"centroid": [0.17832038971268158, 0.143723390996456, 0.7282731057395279], "extents": [0.07955379022998621, 0.08338050544261935, 0.09165213983640963], "rotate_angle": -35.37, "rotate_angle_pred": -32.88790000363756}