{"centroid": [-0.44521851483508484, 0.045169606804847606, 0.5881365448178321], "extents": [0.16974257392178793, 0.1687290072441101, 0.05146978934842039], "rotate_angle": -15.17, "rotate_angle_pred": -16.50800910857005}