{"centroid": [-0.11838716629265934, -0.042512044310569826, 0.30911993922659453], "extents": [0.17504225637397822, 0.16076457500457764, 0.04094699017225539], "rotate_angle": 0.26, "rotate_angle_pred": -0.6330280886683539}