{"centroid": [0.21168862522808157, 0.02183408103883256, 0.5545470216949615], "extents": [0.08352368507867125, 0.0514401458203793, 0.09779329812064874], "rotate_angle": 10.55, "rotate_angle_pred": 11.184074834018105}