{"centroid": [0.1343312658391307, -0.01693559437990208, 0.8508662660907094], "extents": [0.12494563061231737, 0.15115813910961157, 0.17241179597963863], "rotate_angle": -14.78, "rotate_angle_pred": -15.453145391482835}