{"centroid": [-0.07163830868903304, -0.05703391879796989, 0.31101777030393024], "extents": [0.15553489232667583, 0.1413221508264542, 0.03315433094567055], "rotate_angle": 20.66, "rotate_angle_pred": 19.214660057237495}