{"centroid": [0.11105780913769966, -0.017861917614936957, 0.6375095800640909], "extents": [0.3790817763630971, 0.3701000809669495, 0.06775419247540515], "rotate_angle": -19.17, "rotate_angle_pred": -17.70152817192647}