{"centroid": [0.49795547290076675, 0.652323879301548, 0.07439563198040952], "extents": [0.39702654168767765, 0.22691412270069133, 0.42010850014663204], "rotate_angle": 27.91, "rotate_angle_pred": 28.34381550526487}