{"centroid": [-0.7176151365601885, 0.5663957148790358, -0.054203454358942235], "extents": [0.10752070825578952, 0.00746116042137146, 0.09634620068111198], "rotate_angle": 12.22, "rotate_angle_pred": 11.813349520923211}