{"centroid": [0.20605520709054562, -0.09999545663595207, 0.37408269855575127], "extents": [0.058015086424763274, 0.1470172852277756, 0.1787247827365825], "rotate_angle": 8.4, "rotate_angle_pred": 11.437715163765546}