{"centroid": [-0.6989603689145008, 0.41714159399271017, -0.18451797625212352], "extents": [0.3466278811445944, 0.05481834709644329, 0.30426504337331267], "rotate_angle": -30.67, "rotate_angle_pred": -31.471790680510445}