{"centroid": [0.02389358442556262, 0.4002761915326118, 0.4715390993306891], "extents": [0.07723972039571736, 0.06516803801059723, 0.0414973451446386], "rotate_angle": 7.42, "rotate_angle_pred": 7.847720483196639}