{"centroid": [0.007939385401105718, 0.6428036615252494, 0.7436105869461003], "extents": [0.1607946562516771, 0.14654909074306488, 0.10595559797268217], "rotate_angle": 28.42, "rotate_angle_pred": 30.260170245181158}