{"centroid": [0.6066334702066575, 0.33013151213526726, 0.23058349422415578], "extents": [0.1102482225370881, 0.11561938375234604, 0.11353684919569446], "rotate_angle": 44.93, "rotate_angle_pred": 40.89622282815267}