{"centroid": [0.22866361201736285, 0.3685296364128589, 0.5048208130869303], "extents": [0.09653251889296055, 0.09898332506418228, 0.03950370214082338], "rotate_angle": 0.85, "rotate_angle_pred": 2.8116353875601163}