{"centroid": [0.01969078733900246, 0.45974678546190256, 0.5340643864752619], "extents": [0.09239132988789114, 0.07658685743808746, 0.051282869379178364], "rotate_angle": 23.17, "rotate_angle_pred": 22.700922767940497}