{"centroid": [-0.00509416018610874, 0.9451472461223602, -0.2680980888835868], "extents": [0.17654217321733812, 0.04876357316970836, 0.1852144699932873], "rotate_angle": -0.02, "rotate_angle_pred": -2.833418680241948}