{"centroid": [-0.007769422457753975, 0.2169491797685622, 0.5104558806462989], "extents": [0.10339236717882427, 0.08595404028892517, 0.01997714061786493], "rotate_angle": 2.69, "rotate_angle_pred": 4.096415970042585}