{"centroid": [0.426273915396975, -0.07180827856063843, -0.2698355595450451], "extents": [0.18467426296910217, 0.4472830295562745, 0.4541888236227599], "rotate_angle": -29.43, "rotate_angle_pred": -29.354124429438272}