{"centroid": [-0.015615228642058217, 0.5989424362778663, 0.49411576421163717], "extents": [0.22496078808623807, 0.21186824142932886, 0.07541815158042797], "rotate_angle": -15.88, "rotate_angle_pred": -16.917954217717252}