{"centroid": [0.28999142732378175, 0.3640219569206237, 0.5472030574266447], "extents": [0.10472515884192798, 0.08989894390106201, 0.016350630536084876], "rotate_angle": 34.39, "rotate_angle_pred": 34.411116392620784}