{"centroid": [-0.5443045169080489, 0.3589620664715767, 0.24624812356856582], "extents": [0.11987381556237464, 0.15499736368656164, 0.16165313296940917], "rotate_angle": -18.36, "rotate_angle_pred": -20.21292584396747}