{"centroid": [-0.03137731602680116, 0.4541736021637916, 0.5073378316103528], "extents": [0.10455121112586131, 0.08145125210285192, 0.043516613595632636], "rotate_angle": -37.7, "rotate_angle_pred": -39.175576231856084}