{"centroid": [-0.005952381389679779, -0.4994597211480141, 0.4189564990516419], "extents": [0.21970449154113847, 0.23553411662578588, 0.06686703789568249], "rotate_angle": 26.29, "rotate_angle_pred": 25.304107603759178}