{"centroid": [-0.05017206384906709, 0.9240650646388531, -0.11368313706300207], "extents": [0.18456645299945848, 0.0517062172293663, 0.17138102641376082], "rotate_angle": -23.29, "rotate_angle_pred": -25.879556372808537}