{"centroid": [-0.3283788928491313, 0.2382767777889967, -0.11013686196820077], "extents": [0.0740619073632231, 0.05281522497534755, 0.03283319229151119], "rotate_angle": 43.77, "rotate_angle_pred": 34.984222856706324}