{"centroid": [0.6167279864776045, 0.40040457248687744, 0.22061763672704027], "extents": [0.06330212889152564, 0.3226515948772431, 0.34493222497273435], "rotate_angle": 26.89, "rotate_angle_pred": 28.785580114826615}