{"centroid": [0.2698062384541398, 0.4000873118638991, 0.5828158892344748], "extents": [0.10139461587496038, 0.09194639325141912, 0.0014155618819547966], "rotate_angle": -41.15, "rotate_angle_pred": -43.3192911277586}