{"centroid": [0.01548622103717346, 0.16199835017323483, 0.49490030799065365], "extents": [0.09290913902889993, 0.07411912828683855, 0.021918769136435645], "rotate_angle": 32.0, "rotate_angle_pred": 33.80671811899175}