{"centroid": [-0.004937081769588708, 0.32864925451576704, 0.5319641443249974], "extents": [0.05993114333723998, 0.05679995194077492, 0.019465464844930724], "rotate_angle": 34.51, "rotate_angle_pred": 35.05339958742768}