{"centroid": [0.06009551431321284, 0.33244853839278216, 0.46443223346574825], "extents": [0.05648955597070554, 0.05407177656888967, 0.033397159845511615], "rotate_angle": 24.55, "rotate_angle_pred": 24.94203995909035}