{"centroid": [0.2732688993176207, 0.279424300417304, 0.41371754953559686], "extents": [0.06477285920711384, 0.04734025523066521, 0.03308198600567097], "rotate_angle": 31.26, "rotate_angle_pred": 34.00166371422074}