{"centroid": [0.23653477632341352, 0.2949716821312904, 0.6122521854868281], "extents": [0.3673206567247302, 0.3496814370155335, 0.12008370457389717], "rotate_angle": 29.86, "rotate_angle_pred": 30.81282796192589}