{"centroid": [-0.24346763509821565, 0.40902632474899286, 0.6326525784965037], "extents": [0.26328817711586705, 0.2398759722709657, 0.07173280609086508], "rotate_angle": 29.23, "rotate_angle_pred": 28.005556191190095}