{"centroid": [0.06661991769742992, 0.321759819984436, 0.5122461527405295], "extents": [0.06590509607883668, 0.06447088718414307, 0.03415215115533621], "rotate_angle": 4.81, "rotate_angle_pred": 4.7229176825474894}