{"centroid": [-0.013275253082253179, -0.5632446855306625, 0.37285177225791555], "extents": [0.13419109827235384, 0.13714590668678284, 0.01477811139907853], "rotate_angle": 5.61, "rotate_angle_pred": 7.938556562828168}