{"centroid": [0.03010855981012769, 0.3264035247266291, 0.5123860607112491], "extents": [0.06396499909645866, 0.06809323281049728, 0.032669729914631684], "rotate_angle": -30.73, "rotate_angle_pred": -29.56530791896663}