{"centroid": [0.02500143796453133, 0.326191633939743, 0.5090127371978452], "extents": [0.06364541487527561, 0.06902867555618286, 0.03372468047258137], "rotate_angle": -37.06, "rotate_angle_pred": -36.058726842659134}