{"centroid": [-0.019163508058869686, -0.29679451882839203, 0.3925103891355626], "extents": [0.27911067102639825, 0.279898077249527, 0.08694805234047503], "rotate_angle": -13.82, "rotate_angle_pred": -12.211914756388566}