{"centroid": [0.058662431186266004, 0.3578383289277553, 0.47639227631621484], "extents": [0.059609969402247075, 0.05871950834989548, 0.034464427024966715], "rotate_angle": -11.97, "rotate_angle_pred": -10.349506182122866}