{"centroid": [0.06662323606460356, 0.34140966646373266, 0.46684145742568584], "extents": [0.05580457242131659, 0.05625590309500694, 0.03604857586229149], "rotate_angle": 9.11, "rotate_angle_pred": 8.553725416554315}