{"centroid": [0.0006869682902165102, 0.6172007732093333, 0.470965135463137], "extents": [0.10549529086413091, 0.10773798078298569, 0.05366788900987274], "rotate_angle": -9.28, "rotate_angle_pred": -10.634179080880571}