{"centroid": [0.25640797518298364, 0.5612645596265792, 0.43482548687597594], "extents": [0.07914652013471052, 0.07797393202781677, 0.038160849763469507], "rotate_angle": 10.07, "rotate_angle_pred": 10.204231718163797}