{"centroid": [0.0073569045707983245, -0.13282109797000904, 0.7464058585874843], "extents": [0.17907813285893426, 0.19140172004699713, 0.11720997156946655], "rotate_angle": -4.53, "rotate_angle_pred": -2.1765559753081334}