{"centroid": [0.2541907224228617, 0.5622289329767226, 0.442103403835874], "extents": [0.0795048555761366, 0.08009794354438782, 0.039456814824787245], "rotate_angle": 21.12, "rotate_angle_pred": 21.75978180042887}