{"centroid": [0.010525643651210649, 0.43287709727883333, 0.5222602521851502], "extents": [0.08613411529073464, 0.08327574282884598, 0.03589914819127493], "rotate_angle": -16.25, "rotate_angle_pred": -15.027981872206837}