{"centroid": [-0.004375856445156134, 0.6230897158384322, 0.48740404014332095], "extents": [0.10631703716291452, 0.11151918768882751, 0.04840437009924908], "rotate_angle": -39.76, "rotate_angle_pred": -43.13112125712068}