{"centroid": [0.24290652114483308, -0.33319169282913214, 0.619015765235654], "extents": [0.2302396624853921, 0.25547730922698975, 0.1428148913723586], "rotate_angle": -13.44, "rotate_angle_pred": -11.520890416210534}