{"centroid": [-0.32666466974137587, 0.12337973341345777, 0.674315497333567], "extents": [0.09904828917249786, 0.11414103955030441, 0.016956750730829917], "rotate_angle": -32.61, "rotate_angle_pred": -34.95306146518698}