{"centroid": [0.34022543189732374, -0.2884924411773683, 0.5195637714272813], "extents": [0.18006277130701842, 0.1761090755462647, 0.084606051662798], "rotate_angle": -42.86, "rotate_angle_pred": -40.52470937959977}