{"centroid": [-0.09275370399430152, 0.7937952019274236, -0.3532740694320761], "extents": [0.1004361825476365, 0.10312158614397049, 0.06302306163803117], "rotate_angle": -3.46, "rotate_angle_pred": -6.111550715150173}