{"centroid": [0.35434058797656687, -0.030825212597847075, 0.4469405544814875], "extents": [0.2501047793719201, 0.2522060573101045, 0.03392786456760899], "rotate_angle": 6.54, "rotate_angle_pred": 5.620180917885335}