{"centroid": [0.27889634973013283, 0.4604314416646957, 0.41023945306349574], "extents": [0.1136009809037512, 0.11040017008781428, 0.0007795654010143704], "rotate_angle": 21.9, "rotate_angle_pred": 19.627325838347176}