{"centroid": [0.3447819404962209, -0.04403327405452741, 0.6525666248439475], "extents": [0.11247237875692567, 0.10960286855697633, 0.01619730532237207], "rotate_angle": 5.5, "rotate_angle_pred": 7.8761948656675}