{"centroid": [0.3934685715714322, -0.2336350381374361, 0.684817103405565], "extents": [0.17122385185765054, 0.17038697004318237, 0.036427133380901866], "rotate_angle": -16.73, "rotate_angle_pred": -13.653979338132004}