{"centroid": [-0.36002625821782147, -0.20978085696697255, 0.6291639765398539], "extents": [0.1567363595433659, 0.15716651082038882, 0.028667435149356102], "rotate_angle": 12.1, "rotate_angle_pred": 10.746549810441735}