{"centroid": [-0.32008711267908213, -0.3595179691910744, 0.5744792758915631], "extents": [0.11130171469672029, 0.11377410590648657, 0.025519622949508713], "rotate_angle": -26.75, "rotate_angle_pred": -26.491245510099283}