{"centroid": [-0.3410770987034229, 0.0043604597449301945, 0.6779008573823909], "extents": [0.10882195797521166, 0.1260499209165573, 0.012604925743469164], "rotate_angle": -37.61, "rotate_angle_pred": -38.04721687536789}