{"centroid": [-0.0004063676261122466, 0.038817539811134186, 0.7515529057491908], "extents": [0.29184597909050003, 0.29236373305320745, 0.21941618755484427], "rotate_angle": -13.19, "rotate_angle_pred": -15.330491294652631}