{"centroid": [0.026720627404941112, -0.00038164854049697536, 0.7425056719766863], "extents": [0.3155423627201921, 0.34051701426506054, 0.2251227594551024], "rotate_angle": -29.62, "rotate_angle_pred": -31.196503269810755}