{"centroid": [-0.11761218086820151, -0.11265738308429736, 0.7910790267045251], "extents": [0.24220414434122114, 0.2356053590774536, 0.11262969660783195], "rotate_angle": 16.15, "rotate_angle_pred": 12.788361849849224}