{"centroid": [-0.20852607952774416, -0.08218965679407134, 0.6720562851994816], "extents": [0.12975746548458175, 0.1143499165773392, 0.060115144376006735], "rotate_angle": 24.94, "rotate_angle_pred": 24.645858505104002}