{"centroid": [-0.06350730005623026, 0.7624274939298631, -0.4077323651706292], "extents": [0.11173792244242954, 0.10219284892082214, 0.068600088731468], "rotate_angle": -39.08, "rotate_angle_pred": -39.155358346639595}