{"centroid": [-0.03821152872126346, 0.7387095019221306, -0.30507139191948796], "extents": [0.06899672680582554, 0.07966910302639019, 0.048973511435475736], "rotate_angle": 26.68, "rotate_angle_pred": 24.3147054335069}