{"centroid": [-0.02036106888292952, 0.7345809675753117, -0.3160748540289482], "extents": [0.07183989062144007, 0.07873112708330154, 0.04893661239135977], "rotate_angle": 2.16, "rotate_angle_pred": 0.9536397272047452}