{"centroid": [-0.05366601241556483, 0.7785752080380918, -0.3718849399381289], "extents": [0.10131472444249674, 0.10447614639997482, 0.05775671506487934], "rotate_angle": 3.48, "rotate_angle_pred": 2.0847980830273656}