{"centroid": [0.6208906051452305, 0.03621647506952276, 0.5081795640948354], "extents": [0.18566855590531584, 0.18355283141136172, 0.04870996199836197], "rotate_angle": 4.3, "rotate_angle_pred": 4.740691691456476}