{"centroid": [0.6421847588425224, 0.12183929234743102, 0.5143027701704979], "extents": [0.18892291295677444, 0.18205800652503973, 0.06627316810626255], "rotate_angle": -25.19, "rotate_angle_pred": -25.88949201297062}