{"centroid": [0.5892306723201247, -0.010421328246593572, 0.49796405449368414], "extents": [0.1613365137198387, 0.1559918075799942, 0.04106671795367728], "rotate_angle": 7.49, "rotate_angle_pred": 6.81788942819486}