{"centroid": [0.3237255360786174, -0.46959739923477184, 0.4128486922921603], "extents": [0.09222656402267215, 0.0990520715713501, 0.02027490343585653], "rotate_angle": -28.44, "rotate_angle_pred": -28.366155221081584}