{"centroid": [-0.04010511373361191, 0.4610677063465118, 0.05979315043309396], "extents": [0.7913176018940931, 0.29247641563415555, 0.926656686561657], "rotate_angle": 20.82, "rotate_angle_pred": 21.033783654703242}