{"centroid": [-0.012388492125241866, 0.3507360368967056, 0.035690380418122156], "extents": [0.8097717281166722, 0.2810221016407015, 0.949363006748531], "rotate_angle": -19.21, "rotate_angle_pred": -18.420826886470934}