{"centroid": [0.005007933107494887, 0.44362722337245936, 0.0574704115193145], "extents": [0.8700947134887718, 0.29713138937950156, 0.9965312445878226], "rotate_angle": -44.96, "rotate_angle_pred": -42.94137017201271}