{"centroid": [-0.016505613046933647, 0.3420235365629196, -0.0015134626343591001], "extents": [0.9630250397899955, 0.2512383759021761, 1.0152325696772304], "rotate_angle": -4.94, "rotate_angle_pred": -3.19034818690875}