{"centroid": [0.020394094562380734, -0.19166757166385653, 0.23236320189853205], "extents": [0.860762687151646, 0.20665916800498982, 0.5305560653510242], "rotate_angle": -44.56, "rotate_angle_pred": -44.72182904744409}