{"centroid": [-0.01692160259793008, -0.04029631614685056, 0.06943945181389109], "extents": [0.8730268677654527, 1.0580463409423828, 1.0180092090262118], "rotate_angle": 26.99, "rotate_angle_pred": 27.889314916185427}