{"centroid": [-0.17078127606750315, 0.010289788246154688, 0.40521846688757573], "extents": [0.6745689074974953, 0.9821166396141054, 0.7192944458566021], "rotate_angle": 40.7, "rotate_angle_pred": 45.59187970422042}