{"centroid": [-0.033306512986969336, 0.17977562919259074, -0.028678394633121274], "extents": [0.6685630536844858, 0.12463160604238535, 0.9149213834595682], "rotate_angle": -21.03, "rotate_angle_pred": -20.042480518418287}