{"centroid": [-0.008770507085319089, -0.7010915130376816, 0.0038354354205792918], "extents": [0.8214009541846012, 0.25215891003608726, 0.9343803681569495], "rotate_angle": -8.15, "rotate_angle_pred": -8.474269940260982}