{"centroid": [-0.009316252900096036, -0.0017183423042297346, 0.009081189966249563], "extents": [0.6794245754193158, 0.1262135505676272, 0.9213119034047162], "rotate_angle": -29.44, "rotate_angle_pred": -27.771039762778727}