{"centroid": [-0.03678258619326875, -0.372589398175478, 0.004722303361828953], "extents": [0.6594348607723932, 0.09616395086050056, 0.942195900603995], "rotate_angle": 14.43, "rotate_angle_pred": 17.655651258461262}