{"centroid": [-0.023751907135092988, 0.38340169191360474, -0.06701911379484757], "extents": [0.7299949301255497, 0.23627787828445457, 0.753834105090182], "rotate_angle": 22.27, "rotate_angle_pred": 16.892123418243926}