{"centroid": [-0.006985220687150635, -0.1757991760969162, -0.00796015731874515], "extents": [0.6315994780728467, 0.11029407382011437, 0.8894492277909474], "rotate_angle": 26.57, "rotate_angle_pred": 24.935059029287714}