{"centroid": [-0.015657086530731668, -0.30409057438373566, 0.023377028126328095], "extents": [1.2236663976434392, 0.4569908082485203, 1.1159963317073738], "rotate_angle": 39.4, "rotate_angle_pred": 40.74068679559849}