{"centroid": [-0.03469622987999091, 0.2140339985489845, 0.061949841051966874], "extents": [1.140749233460563, 0.4829626977443698, 1.084482447935294], "rotate_angle": 19.49, "rotate_angle_pred": 22.687802490302786}