{"centroid": [-0.0376738011963519, 0.11829081177711487, 0.02409511324417396], "extents": [0.8463433598502988, 0.14197495579719566, 0.6234219231594037], "rotate_angle": -37.56, "rotate_angle_pred": -33.29143358990493}