{"centroid": [-0.39777406619893363, 0.1555536240339279, 0.0725347509698677], "extents": [0.2874494844784371, 0.13456512987613695, 0.38611287600622707], "rotate_angle": 40.08, "rotate_angle_pred": 36.910984651549285}