{"centroid": [-0.4961593078283386, 0.021121412515640214, 0.10460527835311578], "extents": [0.27062693036418806, 0.16044279932975777, 0.37630063014711035], "rotate_angle": 11.61, "rotate_angle_pred": 11.6712091711712}