{"centroid": [0.5804097385545003, -0.23679255694150922, 0.11552943136553441], "extents": [0.5227181302300408, 0.18937821686267867, 0.363712041657098], "rotate_angle": 17.98, "rotate_angle_pred": 22.954435523053377}