{"centroid": [0.6041756957091573, 0.05017225816845897, 0.13106889939457717], "extents": [0.5091094358998746, 0.16964706778526317, 0.3750347483544648], "rotate_angle": 23.69, "rotate_angle_pred": 31.172319612025376}