{"centroid": [-0.5454431869867797, -0.15359759330749512, 0.16829389603661396], "extents": [0.31899374524319307, 0.17457377910614025, 0.3876104032640623], "rotate_angle": -21.94, "rotate_angle_pred": -21.179712134024854}