{"centroid": [0.2605445623788639, 0.029704820364713655, 0.021066484880417027], "extents": [0.46510559537789403, 0.11199355870485311, 0.32066357285615854], "rotate_angle": -9.13, "rotate_angle_pred": -5.089277094654875}