{"centroid": [0.4533925691207528, 0.15523501485586166, 0.1325817597315612], "extents": [0.4176691806334166, 0.16049581766128557, 0.6104580216251958], "rotate_angle": 14.54, "rotate_angle_pred": 17.06940438642475}