{"centroid": [-0.02072071607157422, 0.21848533302545547, 0.007709267149588361], "extents": [1.0422975904287168, 0.2741786539554598, 0.5755773720488788], "rotate_angle": 30.41, "rotate_angle_pred": 30.626139439299465}