{"centroid": [-0.03409658010418566, 0.1572464182972908, 0.0071301146774049515], "extents": [0.9538048637470985, 0.18513432145118736, 0.5458394364378525], "rotate_angle": -34.02, "rotate_angle_pred": -31.224213393891553}