{"centroid": [-0.20244768043346847, 0.26909327507019054, -0.9034087444919672], "extents": [0.43424779065279245, 0.12827318906784077, 0.7642891387400433], "rotate_angle": 39.8, "rotate_angle_pred": 43.0180188548772}