{"centroid": [-0.05147554186479404, 0.12119796127080927, -0.6329654103999599], "extents": [0.43452340538749146, 0.10716496407985703, 0.6739989546154233], "rotate_angle": 31.44, "rotate_angle_pred": 30.566210447262947}