{"centroid": [0.05207359942249492, 0.06813194975256918, 0.06627059296017535], "extents": [0.504469262028099, 0.10747965425252927, 0.34357359089595507], "rotate_angle": 30.71, "rotate_angle_pred": 34.37370863402033}