{"centroid": [0.25944595702074785, 0.1554600223898888, 0.002978618042027016], "extents": [0.29887184427919267, 0.13721331954002397, 0.6114567503345338], "rotate_angle": -16.35, "rotate_angle_pred": -11.408000248076704}