{"centroid": [0.006981493169844033, -0.3061060756444931, 0.14788808276938215], "extents": [0.9177973117149434, 0.1754805743694307, 0.6068191426985036], "rotate_angle": 9.69, "rotate_angle_pred": 10.892758222626938}