{"centroid": [-0.28713726794149447, 0.1805269680917263, 0.008085419158656688], "extents": [0.38910483733418083, 0.11904347687959684, 0.6198132541686392], "rotate_angle": -17.46, "rotate_angle_pred": -17.75339176544243}