{"centroid": [-0.33860682069532333, 0.14536274597048765, 0.002536495427125404], "extents": [0.3269459879229789, 0.10782990604639069, 0.6268429710130157], "rotate_angle": -32.86, "rotate_angle_pred": -27.170814017263268}