{"centroid": [-0.030121312905473, -0.16830116510391246, 0.2842644577182417], "extents": [1.350003732565383, 0.42926120758056663, 0.8901497808943084], "rotate_angle": -13.28, "rotate_angle_pred": -12.847536947768745}