{"centroid": [0.051813014532780075, 0.18660190887749195, -0.06395464339361556], "extents": [1.3255276949505523, 0.3639047145843508, 0.9683526951269532], "rotate_angle": 1.29, "rotate_angle_pred": -1.4268828356830596}