{"centroid": [0.011120925880721388, 0.1740803346037864, 0.06360966750992297], "extents": [0.5485445161480614, 0.14501696825027477, 0.3665447466629408], "rotate_angle": 34.32, "rotate_angle_pred": 34.08875262813554}