{"centroid": [0.058527961008529084, 0.1500803232192993, 0.0282563166737866], "extents": [0.569611420954346, 0.1482296139001847, 0.3684432446963378], "rotate_angle": -6.29, "rotate_angle_pred": -4.8795257709310675}