{"centroid": [0.014560423568043927, 0.38752937316894526, 0.14055075119447455], "extents": [0.8161389830280086, 0.26582008600235013, 0.8014535310390114], "rotate_angle": -24.05, "rotate_angle_pred": -23.305743706194903}