{"centroid": [-0.0038111305015901265, 0.018340321257710443, 0.07205026104507858], "extents": [0.6114512552825897, 0.09711953997612016, 0.6690475799405153], "rotate_angle": -6.44, "rotate_angle_pred": -6.518806146130842}