{"centroid": [0.08774633204165673, -0.035537298768758836, 0.2655540268368187], "extents": [0.1168338931032146, 0.05428997427225129, 0.7302977296370712], "rotate_angle": -1.8, "rotate_angle_pred": 2.246695414976216}