{"centroid": [0.017310127266245413, -0.04271221905946737, 0.29291802570421915], "extents": [0.13421992869967095, 0.0634055137634279, 0.7269802046045252], "rotate_angle": 20.16, "rotate_angle_pred": 26.196715309018543}