{"centroid": [0.24214376288011927, 0.15781112015247345, 0.0298414535193167], "extents": [0.5008962276844874, 0.12880334258079537, 0.41509906472308766], "rotate_angle": -1.13, "rotate_angle_pred": -3.0314710716122875}