{"centroid": [-0.002377149458731881, 0.10037374962121248, 0.05316000884786267], "extents": [0.9896307217902887, 0.22821834683418296, 0.6770767128341006], "rotate_angle": -20.3, "rotate_angle_pred": -21.505831120472166}