{"centroid": [0.01028616888644597, 0.011533327400684319, 0.15889532504521817], "extents": [0.8356520951874367, 0.12262584269046801, 0.5504482867468696], "rotate_angle": -30.08, "rotate_angle_pred": -33.80288299056338}