{"centroid": [0.5022424750733854, -0.12058243155479434, 0.049603598386296105], "extents": [0.3781970154758612, 0.1510908603668214, 0.590646447537892], "rotate_angle": -16.72, "rotate_angle_pred": -15.012823749350588}