{"centroid": [-0.6525497395916032, -0.06222541630268096, 0.10700306150431067], "extents": [0.4050959876488295, 0.2624919712543489, 0.6432963501334829], "rotate_angle": -15.56, "rotate_angle_pred": -13.583351485955262}