{"centroid": [0.5483363401847144, -0.04074577242135993, 0.0831177736931194], "extents": [0.3641626877922508, 0.14171409606933608, 0.578809387374283], "rotate_angle": 41.25, "rotate_angle_pred": 43.29044779492429}