{"centroid": [-0.34382904723354923, 0.12802919745445251, 0.16585149112647057], "extents": [0.383692318878106, 0.12534023821353923, 0.41021054418281216], "rotate_angle": -28.09, "rotate_angle_pred": -23.813264110516926}