{"centroid": [0.07538709132045603, -0.03056941926479348, 0.3785494861016001], "extents": [1.3659161058125484, 0.26844337582588224, 0.70541535407715], "rotate_angle": -25.84, "rotate_angle_pred": -32.547589522143426}