{"centroid": [0.12555546011201674, -0.01609249226748941, -0.093431702562885], "extents": [0.3839292031980758, 0.03767948225140578, 0.22712481624003533], "rotate_angle": 7.74, "rotate_angle_pred": 8.960028567656252}