{"centroid": [0.057779644488172785, -0.023835536092519743, -0.08108375997766512], "extents": [0.3370301048238772, 0.03439231961965567, 0.21648992089350888], "rotate_angle": -10.8, "rotate_angle_pred": -11.319756777733758}