{"centroid": [-0.010863545869561043, 0.06449081934988497, 0.031815994663443405], "extents": [0.6109489323668214, 0.1625478565692903, 0.476793328443082], "rotate_angle": 15.9, "rotate_angle_pred": 18.235356263309825}