{"centroid": [0.17492536701035893, -0.01577904261648654, 0.054146034877129476], "extents": [0.2801651571468714, 0.03712083771824842, 0.16322576503523634], "rotate_angle": 28.48, "rotate_angle_pred": 31.7945677264821}