{"centroid": [0.02226032946010037, -0.01833894476294517, -0.0021388977411272263], "extents": [0.2596701379802724, 0.04018589109182361, 0.15159720160304374], "rotate_angle": -7.65, "rotate_angle_pred": -11.229333442676662}