{"centroid": [0.1870176287021925, -0.013984322547912577, 0.053728987759934115], "extents": [0.29241871798362684, 0.04513891041278846, 0.1869856265901395], "rotate_angle": 41.61, "rotate_angle_pred": 38.127896217904436}