{"centroid": [-0.13385657800734507, -0.05329245328903197, 0.02765527068063048], "extents": [0.3079158152144357, 0.08143348991870888, 0.17663646228721688], "rotate_angle": -40.32, "rotate_angle_pred": -46.30415086842836}