{"centroid": [-0.1093358549399685, -0.022818442434072522, 0.09709259838836638], "extents": [0.5217338325786633, 0.041475981473922896, 0.5564049015769564], "rotate_angle": 43.3, "rotate_angle_pred": 46.33102545050184}