{"centroid": [0.017557601370987164, 0.11770524084568025, -0.009927737516099593], "extents": [1.0724540647086693, 0.32864272594451927, 0.6283048214541563], "rotate_angle": 17.07, "rotate_angle_pred": 17.561629289043083}