{"centroid": [-0.045318269423918825, 0.025160461664199826, 0.05053703621878403], "extents": [0.6845953530909497, 0.12297179549932497, 0.5543919855484569], "rotate_angle": -25.62, "rotate_angle_pred": -24.283926642977164}