{"centroid": [-0.01022973011947187, 0.1642201542854309, 0.0024544370481984212], "extents": [0.8379492796202836, 0.2649127244949343, 0.7878109251004453], "rotate_angle": 41.48, "rotate_angle_pred": 38.673061956138895}