{"centroid": [-0.02128980541814751, 0.1481178905814886, 0.09529032136744257], "extents": [1.0534624991603072, 0.2962748706340793, 1.1388374500220544], "rotate_angle": -26.57, "rotate_angle_pred": -23.883827252528775}