{"centroid": [-0.005699891576516819, 0.4078587144613267, -0.4202422660127698], "extents": [0.9227705567789808, 0.2132677733898165, 0.7436128830505476], "rotate_angle": -11.01, "rotate_angle_pred": -11.261957571903963}