{"centroid": [0.35401540478159943, -0.02112267911434182, 0.2779890758045511], "extents": [0.5332456764730497, 0.16728425025939958, 0.6186685489699152], "rotate_angle": -35.2, "rotate_angle_pred": -34.2994082855582}