{"centroid": [0.03305225155814808, 0.05596645921468732, 0.10179047470900796], "extents": [0.5661820868629989, 0.10568074882030502, 0.6757905601793421], "rotate_angle": -2.82, "rotate_angle_pred": -4.41709067978897}