{"centroid": [-0.3450510036587192, -0.18065232038497933, 0.2863071639067374], "extents": [0.34913159453037024, 0.15749335289001473, 0.43936003558590236], "rotate_angle": 4.98, "rotate_angle_pred": 9.465176278479333}