{"centroid": [0.01918957227204464, 0.06747642345726487, 0.16357687607476384], "extents": [0.5440619411673997, 0.11604849249124541, 0.4902359684464321], "rotate_angle": -26.24, "rotate_angle_pred": -22.127610032501295}