{"centroid": [0.323469692244298, -0.00516998767852787, 0.06538209693917656], "extents": [0.5537429973889773, 0.0957464128732683, 0.6003653922805415], "rotate_angle": -20.37, "rotate_angle_pred": -20.016317821097346}