{"centroid": [-0.045231445925719586, 0.08754943311214447, 0.06978771692390713], "extents": [0.5527828996241959, 0.15334744751453416, 0.516856795613515], "rotate_angle": -39.58, "rotate_angle_pred": -29.00576807897002}