{"centroid": [-0.5708302540904897, 0.27672765403985977, 0.12495300459461842], "extents": [0.3851997171788741, 0.12100012600421922, 0.6046427355703833], "rotate_angle": -20.97, "rotate_angle_pred": -19.964540097172986}