{"centroid": [-0.40795936070391936, -0.18907668441534053, 0.2551211453150613], "extents": [0.21333628906820434, 0.16130591928958907, 0.5185977223919536], "rotate_angle": 18.17, "rotate_angle_pred": 21.973435826643893}