{"centroid": [-0.5955855999450823, -0.21947096288204193, 0.1534598466980073], "extents": [0.4051775289914681, 0.20580163598060622, 0.6575314327360978], "rotate_angle": -13.46, "rotate_angle_pred": -12.084796339331675}