{"centroid": [-0.3639711134830794, -0.03876829892396928, 0.234097092206546], "extents": [0.22435869694021393, 0.15344938635826125, 0.5344964365285111], "rotate_angle": -27.82, "rotate_angle_pred": -25.054197832769447}