{"centroid": [-0.6156135008526107, 0.17132031172513967, 0.10402431929962176], "extents": [0.38721954230795386, 0.18072950839996352, 0.6499199767928436], "rotate_angle": -35.9, "rotate_angle_pred": -32.55085888268781}