{"centroid": [0.5748100858112897, -0.07239800691604614, 0.09797533257168028], "extents": [0.35612487181530145, 0.16672414541244523, 0.6106781854685011], "rotate_angle": 6.74, "rotate_angle_pred": 9.701859067990341}