{"centroid": [0.592089919701287, -0.19426636397838584, 0.113013801721802], "extents": [0.35323583069712405, 0.163010209798813, 0.5834295582840525], "rotate_angle": 41.26, "rotate_angle_pred": 42.55472590192966}