{"centroid": [0.5713510239608078, 0.16004990041255956, 0.12682951838368506], "extents": [0.37205934124427065, 0.158068358898163, 0.6062818104394844], "rotate_angle": 38.47, "rotate_angle_pred": 44.45277522572701}