{"centroid": [0.19542776433778888, 0.2730483524501323, 0.07031408185781016], "extents": [0.5738205908608204, 0.07494702190160762, 0.5244148968625969], "rotate_angle": 11.53, "rotate_angle_pred": 14.656643025305101}