{"centroid": [0.5715793964133565, 0.12287139520049101, -0.17192487986877247], "extents": [0.38879966891126677, 0.0447276607155801, 0.4468883293834467], "rotate_angle": -3.03, "rotate_angle_pred": 4.347627395004423}