{"centroid": [-0.11586735262014758, 0.22573380172252655, -0.11821331786392157], "extents": [0.47080499311160884, 0.06484302878379838, 0.5885449695077644], "rotate_angle": 2.09, "rotate_angle_pred": 6.809740274882472}