{"centroid": [-0.19700867858758056, -0.002668429166078615, 0.10211469699237577], "extents": [0.45782221021025793, 0.0854104384779932, 0.709885965050465], "rotate_angle": 42.02, "rotate_angle_pred": 40.274561822513704}