{"centroid": [0.19744276936598718, 0.07264735177159304, 0.13602909258938878], "extents": [0.44892353668217555, 0.12094546854496013, 0.5138025977004018], "rotate_angle": -20.79, "rotate_angle_pred": -20.636564937600355}