{"centroid": [-0.5121053092895838, 0.3511239141225815, 0.028898612433758977], "extents": [0.6017777762474148, 0.23867890238761913, 0.44707687520644046], "rotate_angle": -3.76, "rotate_angle_pred": -6.3699234924581845}