{"centroid": [0.34684576552039714, 0.3002212941646576, 0.04572753297958952], "extents": [0.5620015193305309, 0.19893139600753795, 0.43169968780657775], "rotate_angle": -3.14, "rotate_angle_pred": -0.6581315950740105}