{"centroid": [-0.5951297629060094, 0.07846615649759763, 0.10990667219250946], "extents": [0.38978171554631974, 0.1698592305183412, 0.5411378173825437], "rotate_angle": 22.06, "rotate_angle_pred": 20.84050197677307}