{"centroid": [-0.610378024832047, -0.2572854161262512, 0.1136773403977111], "extents": [0.40536928716647413, 0.20383101701736459, 0.5309730838905201], "rotate_angle": -6.99, "rotate_angle_pred": -3.0197480332653157}