{"centroid": [0.5467375201611435, -0.14165052771568298, 0.09130100127838936], "extents": [0.3984063571705023, 0.15651071071624767, 0.520144463365389], "rotate_angle": 6.73, "rotate_angle_pred": 13.380903978621603}