{"centroid": [0.12416933640027705, 0.24838577210903168, 0.09635249491211349], "extents": [0.5211342079527255, 0.07528296113014232, 0.3693894518484676], "rotate_angle": 44.49, "rotate_angle_pred": 42.60227072525697}