{"centroid": [0.3351087505790933, 0.17976795881986624, 0.07102928242841883], "extents": [0.45576482665618606, 0.16632707417011278, 0.5457066852194165], "rotate_angle": 11.3, "rotate_angle_pred": 15.486283716199267}