{"centroid": [0.2515998448820621, -0.03890498727560046, 0.27809932983937496], "extents": [0.43364786819009254, 0.13973569869995134, 0.569833751777875], "rotate_angle": 24.36, "rotate_angle_pred": 28.81308589090564}