{"centroid": [0.2461351523509118, -0.18596623837947845, 0.0791563223730948], "extents": [0.49675834407621333, 0.13048288226127636, 0.4959467672292153], "rotate_angle": -0.18, "rotate_angle_pred": 1.5656153709203267}