{"centroid": [0.21610941431632094, -0.1273692697286606, 0.0554940727576009], "extents": [0.4941247537073633, 0.13008913397789018, 0.5290171923874736], "rotate_angle": -35.27, "rotate_angle_pred": -34.28019660530327}