{"centroid": [0.2792896297182791, -0.14535661041736603, 0.05684869235423701], "extents": [0.47652654696267466, 0.13435748219490068, 0.4857546570546176], "rotate_angle": 41.74, "rotate_angle_pred": 43.79021461884935}