{"centroid": [-0.09670469766148176, 0.03987687453627588, -0.0005164021332372155], "extents": [0.43240342395089415, 0.12036737799644481, 0.31448374630121917], "rotate_angle": -43.99, "rotate_angle_pred": -45.242913976852144}