{"centroid": [0.33832839475368776, 0.02246714010834698, -0.137048175368379], "extents": [0.35114109420331796, 0.12518869340419783, 0.5618472083973692], "rotate_angle": 9.23, "rotate_angle_pred": 9.120504879280716}