{"centroid": [0.22431207735855951, -0.041570056229829816, 0.263503821233098], "extents": [0.4072425947016865, 0.12307470291852965, 0.5403488855225879], "rotate_angle": 41.6, "rotate_angle_pred": 39.066258703280226}