{"centroid": [-0.11299667096968567, 0.13156332820653915, -0.0003393080865461834], "extents": [0.7170987709590726, 0.16226571798324607, 0.7040491088743939], "rotate_angle": -44.08, "rotate_angle_pred": -39.302018232217925}