{"centroid": [0.22751030052587357, -0.09859131276607513, 0.03981706322630142], "extents": [0.41807466622986666, 0.1583373248577119, 0.4402304576860787], "rotate_angle": 11.39, "rotate_angle_pred": 14.85894719876876}