{"centroid": [0.1982066356749247, 0.13031729310750959, 0.018587318079661064], "extents": [0.44734721923988935, 0.1610386073589326, 0.44573908594009376], "rotate_angle": -26.41, "rotate_angle_pred": -24.95618512660043}