{"centroid": [0.24374347272995284, -0.21784710884094238, 0.04631108058307317], "extents": [0.41516834327525903, 0.16547256708145153, 0.43123444738316175], "rotate_angle": 9.36, "rotate_angle_pred": 11.424632139264531}