{"centroid": [0.2145268718211413, 0.17290718108415606, -0.011462856797381793], "extents": [0.456565433229247, 0.1608500778675081, 0.44399329390588593], "rotate_angle": 29.04, "rotate_angle_pred": 31.091209652912937}