{"centroid": [0.23704784798888823, 0.0537537150084972, 0.011983279227941051], "extents": [0.4923673242707549, 0.08825521916151059, 0.376281825439446], "rotate_angle": -32.7, "rotate_angle_pred": -31.091157525872617}