{"centroid": [-0.1792365297061867, 0.02353854477405546, 0.08732608068608581], "extents": [0.5466334360820276, 0.07687576860189445, 0.3586363286304121], "rotate_angle": 2.63, "rotate_angle_pred": 1.171265395727815}