{"centroid": [-0.03750999879144709, 0.07317593693733207, 0.49415564272517054], "extents": [0.5415113072031862, 0.09277683496475232, 0.30858538123303114], "rotate_angle": 28.17, "rotate_angle_pred": 35.63324644869185}