{"centroid": [-0.03894608878472637, 0.10259309411048902, -0.5378350660161373], "extents": [0.6916148249902232, 0.14465652406215676, 0.2828668430943863], "rotate_angle": 6.71, "rotate_angle_pred": 8.343966202411252}