{"centroid": [0.06969211470366937, 0.1759818196296692, 0.0546634729493004], "extents": [0.7094476187032369, 0.0850837826728823, 0.8284383970231464], "rotate_angle": 17.61, "rotate_angle_pred": 16.994583673171505}