{"centroid": [0.5007884245288228, 0.14303811639547348, 0.02416578260032251], "extents": [0.39801687666702507, 0.10852563381195086, 0.8109205500570535], "rotate_angle": -3.67, "rotate_angle_pred": -3.1978974229517974}