{"centroid": [0.5591870488914837, -0.21268656849861145, 0.09384046031260793], "extents": [0.3439666630026725, 0.13201057910919206, 0.8047592046658808], "rotate_angle": 12.45, "rotate_angle_pred": 15.707575233149598}