{"centroid": [-0.6959947930710194, -0.009741991758346606, 0.11809411947934217], "extents": [0.42027045311900185, 0.2472249865531923, 0.8615633457490278], "rotate_angle": 10.34, "rotate_angle_pred": 10.406854020149808}