{"centroid": [-0.6593965351106752, -0.10646608471870422, 0.1441521084983185], "extents": [0.43142247313258647, 0.2524625062942507, 0.8600679658577981], "rotate_angle": -8.6, "rotate_angle_pred": -6.607201443558907}