{"centroid": [-0.3954959256681244, 0.16337783634662623, 0.033170978684993815], "extents": [0.38040211501601545, 0.22898626327514668, 0.7280141058701024], "rotate_angle": 39.52, "rotate_angle_pred": 35.29665205690314}