{"centroid": [0.273789308804013, -0.012618176639080044, 0.030544091191783997], "extents": [0.40052229194295097, 0.1326023489236833, 0.528505802527499], "rotate_angle": 12.44, "rotate_angle_pred": 14.128909224731004}