{"centroid": [0.2947621485786583, 0.03990991786122325, 0.0077856166098530175], "extents": [0.32683753382865627, 0.12462432682514205, 0.535915543987066], "rotate_angle": 28.12, "rotate_angle_pred": 31.540878707110238}