{"centroid": [-0.321845947023258, 0.027238331735134142, 0.05423490329790122], "extents": [0.3929100075386075, 0.1147912293672563, 0.5586790497586692], "rotate_angle": -39.1, "rotate_angle_pred": -29.67382230377789}