{"centroid": [0.30147416594574994, 0.058556696400046335, 0.002400338636420748], "extents": [0.5271249880104477, 0.10711568593978894, 0.43513705258032687], "rotate_angle": -13.18, "rotate_angle_pred": -14.155949371851804}