{"centroid": [-0.3720147792551481, 0.432626187801361, 0.07602305434141751], "extents": [0.6167149636401393, 0.23870563507080095, 0.7275291194528244], "rotate_angle": -2.52, "rotate_angle_pred": -4.681247393023753}