{"centroid": [0.6112358520614702, 0.34787917137145996, 0.04381113868276272], "extents": [0.45819241212852513, 0.17622870206832897, 0.4230484701775178], "rotate_angle": -3.42, "rotate_angle_pred": -2.392868103157795}