{"centroid": [-0.6581598506060783, 0.3593369573354721, 0.06494789250791866], "extents": [0.5007454011765962, 0.21547451615333568, 0.42741148425341047], "rotate_angle": 4.1, "rotate_angle_pred": 2.3197181902784507}