{"centroid": [-0.11356357565560832, -0.16488860547542572, 0.013895936362180401], "extents": [0.6948458638724645, 0.14909031987190263, 0.6073880271111436], "rotate_angle": -25.39, "rotate_angle_pred": -26.382020497655766}