{"centroid": [-0.3923695697491468, 0.40790970623493195, 0.07929507163418996], "extents": [0.691666187000068, 0.21645656228065513, 0.7668421877195222], "rotate_angle": -7.74, "rotate_angle_pred": -6.214954366487717}