{"centroid": [0.36692182668498846, 0.3881296962499618, 0.036991464628288326], "extents": [0.6587564209710186, 0.25087687373161344, 0.7784328295892535], "rotate_angle": -28.35, "rotate_angle_pred": -26.69777622811334}