{"centroid": [0.03899620745978001, 0.5679369121789932, 0.04140146514832317], "extents": [0.8450144277821349, 0.3341800868511203, 0.9403440143600585], "rotate_angle": -36.51, "rotate_angle_pred": -39.03201800992656}