{"centroid": [-0.037754138942087026, 0.4502980709075927, -0.04497345702248583], "extents": [1.3947342952350643, 0.28441280126571666, 0.5575913318032539], "rotate_angle": -1.52, "rotate_angle_pred": -2.6883444479070135}