{"centroid": [-0.0073190886492155716, 0.48992176353931427, 0.032985101443453485], "extents": [1.078721042770506, 0.3180913627147677, 0.6487814165887259], "rotate_angle": -19.74, "rotate_angle_pred": -21.172896335821235}