{"centroid": [0.0032816538303711423, -0.028706148266792297, 0.03484056933269809], "extents": [1.0405098020275103, 0.2670731246471407, 0.6302021037061507], "rotate_angle": 35.93, "rotate_angle_pred": 34.28513922892135}