{"centroid": [-0.010346927041236686, 0.20623297244310373, 0.02035658117833785], "extents": [0.9918405440346841, 0.2637144625186922, 0.6325328963153407], "rotate_angle": 16.32, "rotate_angle_pred": 14.701400407708348}