{"centroid": [-0.008986293319693035, 0.5545212179422377, 0.048798419957598295], "extents": [0.9387407866351876, 0.3016335070133212, 0.9063469140096296], "rotate_angle": 21.12, "rotate_angle_pred": 19.938341079943484}