{"centroid": [-0.045273960586582535, 0.15662311762571332, 0.11109674609592143], "extents": [0.9272331679445602, 0.4439621567726138, 0.9235040629150402], "rotate_angle": 15.32, "rotate_angle_pred": 18.23866092090904}