{"centroid": [-0.022802786224406256, 0.14755610004067418, 0.07040136518276077], "extents": [0.875792432719293, 0.4190777540206912, 0.9280285718355588], "rotate_angle": 41.62, "rotate_angle_pred": 43.10886133912339}