{"centroid": [0.002612148073340266, -0.3221331536769867, 0.0712878201546123], "extents": [0.9401761355405367, 0.46307128667831443, 0.941061383730578], "rotate_angle": -39.69, "rotate_angle_pred": -38.349243963675015}