{"centroid": [0.017769977380271203, 0.20690380036830902, 0.058433422877526196], "extents": [0.820489948738913, 0.2806180119514468, 0.9467387265304179], "rotate_angle": -31.79, "rotate_angle_pred": -31.339454937890885}