{"centroid": [-0.0490563981520485, -0.00170847773551943, 0.07408154977912909], "extents": [0.8249987862995656, 0.2731434404850008, 0.9277844320081579], "rotate_angle": -0.33, "rotate_angle_pred": 3.4361445074927985}