{"centroid": [-0.006398605376582905, -0.3987281322479248, 0.06598171908523716], "extents": [0.8559820609625124, 0.43541920185089134, 0.9382379008567461], "rotate_angle": -20.83, "rotate_angle_pred": -22.08359059207605}