{"centroid": [-0.021716635489257133, 0.510305494070053, 0.05129972802477561], "extents": [0.849465713528348, 0.34464055299758933, 0.9285315119125519], "rotate_angle": -24.53, "rotate_angle_pred": -24.295679078673786}