{"centroid": [-0.011582840562383442, -0.28597307205200195, 0.03818764073366656], "extents": [1.002261782539259, 0.4634860754013065, 0.910737238906723], "rotate_angle": 35.18, "rotate_angle_pred": 33.688047197875875}