{"centroid": [-0.00947381627814814, 0.5303100794553757, 0.008900377755771904], "extents": [1.177182659857315, 0.3159410655498507, 0.6614214100144596], "rotate_angle": -12.53, "rotate_angle_pred": -15.273160208658325}