{"centroid": [-0.032807673748489585, -0.3607153594493866, 0.06428011820446344], "extents": [1.2209523822789625, 0.4983605742454531, 0.6669308492156635], "rotate_angle": -13.98, "rotate_angle_pred": -12.661786218960827}