{"centroid": [-0.03232836912334115, 0.13265717774629593, 0.09320203090987816], "extents": [1.171120384217263, 0.4714969396591189, 0.675425338566229], "rotate_angle": -26.03, "rotate_angle_pred": -24.458581154448865}