{"centroid": [-0.031743389430119034, 0.1369870901107788, 0.08471582872294234], "extents": [1.015392894496696, 0.4318450987339022, 0.8855640248416372], "rotate_angle": 4.44, "rotate_angle_pred": 4.614602593255725}