{"centroid": [0.027544435599637013, 0.5129571110010147, 0.04806699557069684], "extents": [0.8258021453154212, 0.3114196956157687, 0.9188263989271144], "rotate_angle": -31.68, "rotate_angle_pred": -34.62710017679167}