{"centroid": [0.013808533643663308, 0.524138033390045, 0.06412664758938776], "extents": [0.7912493546523356, 0.28441101312637346, 0.8599381066416997], "rotate_angle": 5.29, "rotate_angle_pred": 3.12276566849107}