{"centroid": [0.0014007325569360338, 0.5397417843341827, 0.0007543132084647519], "extents": [0.9634023670007781, 0.3032089471817018, 0.6493345936834568], "rotate_angle": 5.9, "rotate_angle_pred": 3.5669206785736804}