{"centroid": [-0.40244484040244966, 0.4135489612817763, 0.09045488599957881], "extents": [0.6819273918712715, 0.216125398874283, 0.7581762770702881], "rotate_angle": 5.25, "rotate_angle_pred": 6.486254716048265}