{"centroid": [0.36540758908026555, 0.39409995079040516, 0.03989869256485255], "extents": [0.6621205124312192, 0.25210213661193864, 0.7702187795299897], "rotate_angle": -18.29, "rotate_angle_pred": -17.71850469790371}