{"centroid": [0.3869718012282325, 0.42391248047351837, 0.03837408523971228], "extents": [0.6818873954730608, 0.2513220608234408, 0.7589112004790595], "rotate_angle": -4.89, "rotate_angle_pred": -4.4198339271553095}