{"centroid": [-3.0129356479044467e-05, 0.5066890865564346, -0.00591149379247391], "extents": [1.090072259523184, 0.30816498398780845, 0.6732737331289516], "rotate_angle": 33.84, "rotate_angle_pred": 29.461717615781026}