{"centroid": [0.0011758051428751581, 0.2897930294275284, 0.034971688522343905], "extents": [1.1478667121595816, 0.2855446040630344, 0.7433558613346156], "rotate_angle": -44.18, "rotate_angle_pred": -43.60678695937652}