{"centroid": [-0.02278320688052908, -0.001161381602287296, 0.06768222889552969], "extents": [1.127878082932924, 0.30739578604698203, 0.6979326686583207], "rotate_angle": -29.77, "rotate_angle_pred": -28.577691833488686}