{"centroid": [0.010095788451681742, -0.043881297111511224, -0.016090874405363234], "extents": [1.226457622233537, 0.21710914373397855, 1.1286474709346583], "rotate_angle": -6.75, "rotate_angle_pred": -8.558695636210132}