{"centroid": [0.0930730720158515, 0.3966452479362488, 0.054418749707123945], "extents": [0.727676215489123, 0.2842912673950196, 0.43575805587418914], "rotate_angle": -9.07, "rotate_angle_pred": -10.827493767801215}