{"centroid": [-0.04450716788597042, -0.3919658362865448, -0.0017278559884147532], "extents": [1.2324292552097806, 0.31730622053146385, 1.1419751544374632], "rotate_angle": -9.4, "rotate_angle_pred": -8.052882015405402}