{"centroid": [0.11654926138848341, -0.34424835443496704, 0.06795101539665538], "extents": [0.7063014955928582, 0.24064773321151745, 0.45910673375374744], "rotate_angle": 15.81, "rotate_angle_pred": 13.727242215166385}