{"centroid": [0.008358137739326602, 0.022562675178051002, 0.00761666901317877], "extents": [1.2435517052837237, 0.21399438381195102, 1.1089420088300104], "rotate_angle": 31.79, "rotate_angle_pred": 32.335300341939416}