{"centroid": [0.014287615778765847, 0.23976571857929224, -0.011431522063017757], "extents": [1.236848233015408, 0.20978513360023532, 1.156697390485833], "rotate_angle": -32.16, "rotate_angle_pred": -34.23585137685014}