{"centroid": [-0.6703623318709351, 0.3496495485305786, 0.0673210810924898], "extents": [0.5122830749543824, 0.21355319023132335, 0.44063811477383474], "rotate_angle": -11.8, "rotate_angle_pred": -12.812849051303203}