{"centroid": [0.5124180961852866, 0.3215663582086562, 0.016258550064168792], "extents": [0.4608624560616898, 0.18014368414878856, 0.43845975238181306], "rotate_angle": -43.08, "rotate_angle_pred": -41.62454044931187}