{"centroid": [-0.02876850921085773, 0.13467516005039212, 0.10985480872538946], "extents": [0.9396089784446895, 0.4365001320838931, 0.9017901894737979], "rotate_angle": -16.37, "rotate_angle_pred": -16.25197159814681}