{"centroid": [-0.1106107362402428, -0.2558353152126074, 0.008625553730581034], "extents": [0.5711499380905022, 0.032184023410082085, 0.8734648714108157], "rotate_angle": 23.77, "rotate_angle_pred": 27.58598890746528}