{"centroid": [-0.007601978716005195, 0.22966662794351578, 0.06725786884910673], "extents": [1.0322549285751088, 0.28153407573699973, 0.6477922165161543], "rotate_angle": -34.25, "rotate_angle_pred": -33.74237821485419}