{"centroid": [-0.0002995721556855596, 0.50076025724411, 0.021840801629532544], "extents": [1.0355117300534906, 0.2905097603797914, 0.6306983220024739], "rotate_angle": 13.56, "rotate_angle_pred": 10.310380708738364}