{"centroid": [0.014126660323805502, -0.28830552101135254, 0.07351479175197992], "extents": [0.9485413997553587, 0.4746910333633425, 0.9856430260317925], "rotate_angle": -41.45, "rotate_angle_pred": -40.33407228603612}