{"centroid": [0.0026007397147584793, 0.17662721127271647, 0.10482708066001642], "extents": [0.9377673117971848, 0.366931736469269, 0.9608973110639598], "rotate_angle": -15.89, "rotate_angle_pred": -17.208384399679787}