{"centroid": [0.010092469983040434, 0.5363752543926239, 0.025913372392665356], "extents": [0.7997740985768114, 0.2772328257560732, 0.9224735363012284], "rotate_angle": 35.63, "rotate_angle_pred": 31.320005158272636}