{"centroid": [0.5342382642000408, 0.32918587327003473, 0.03221593512623274], "extents": [0.45465726047978516, 0.17607384920120253, 0.42950499423978616], "rotate_angle": -39.76, "rotate_angle_pred": -38.0308127967318}