{"centroid": [-0.6622294666218581, 0.357258602976799, 0.0691011556066027], "extents": [0.5047646037987286, 0.21513012051582348, 0.43044867029385736], "rotate_angle": -6.85, "rotate_angle_pred": -8.37317111757163}