{"centroid": [0.009376925127231261, 0.46415533125400543, -0.03955628903414136], "extents": [1.388447425644077, 0.28079482913017295, 0.5589368430855471], "rotate_angle": 28.36, "rotate_angle_pred": 26.04160951457129}