{"centroid": [0.3609867299851081, 0.4002171754837035, 0.02790820812699047], "extents": [0.6636254136235844, 0.23789763450622575, 0.7419247565587018], "rotate_angle": 11.42, "rotate_angle_pred": 10.79530126366653}