{"centroid": [-0.025620059935014594, 0.44741760194301605, 0.027401772859713937], "extents": [0.8600176377479398, 0.230628162622452, 0.7635753577383998], "rotate_angle": -20.82, "rotate_angle_pred": -23.191414161777473}