{"centroid": [-0.004160147652951612, -0.04017533361911774, 0.03265512165475922], "extents": [1.012731540710422, 0.2524327337741854, 0.6223075319727285], "rotate_angle": 34.53, "rotate_angle_pred": 32.553613820699155}