{"centroid": [-0.01513745992035459, 0.20471375435590744, 0.031079696248611857], "extents": [0.97293998568644, 0.2526386082172395, 0.6212169640237686], "rotate_angle": 6.07, "rotate_angle_pred": 3.5829522948892105}