{"centroid": [-0.41135208833841125, 0.43355119228363037, 0.07469113048747758], "extents": [0.6239229855278046, 0.23827636241912864, 0.7143330366283915], "rotate_angle": 9.08, "rotate_angle_pred": 9.714330410291325}