{"centroid": [-0.37931212594988684, 0.4429979771375656, 0.08163919455253246], "extents": [0.6314054313649704, 0.23875740170478843, 0.7403869246439576], "rotate_angle": 2.95, "rotate_angle_pred": 1.539194254983343}