{"centroid": [-0.011429265311011738, 0.5368240922689438, 0.025572885496332298], "extents": [0.9857103286013089, 0.32519695162773155, 0.6810085217108579], "rotate_angle": -29.1, "rotate_angle_pred": -31.563592712732415}