{"centroid": [0.016729882980107823, 0.2343861684203148, 0.030805950155391164], "extents": [0.7826221766921508, 0.2791503369808199, 0.9060958238145842], "rotate_angle": 42.57, "rotate_angle_pred": 41.83621239115732}