{"centroid": [-0.07320704145649932, -0.5588012635707855, 0.026258440549589684], "extents": [0.5927134152648249, 0.14159554243087774, 0.3702167866378791], "rotate_angle": 1.18, "rotate_angle_pred": 1.1341851482240912}