{"centroid": [0.2643629684022165, -0.5385818928480148, -0.010491913715706846], "extents": [0.5960612412238818, 0.1667539179325105, 0.39484644699144195], "rotate_angle": 25.24, "rotate_angle_pred": 22.377879037404767}