{"centroid": [-0.040702481490561035, -0.6322883814573288, -0.007567419309461032], "extents": [0.6201950992924696, 0.14693000912666343, 0.3624252130716147], "rotate_angle": 30.1, "rotate_angle_pred": 27.129969438481154}