{"centroid": [0.25386906567223033, -0.5077101588249207, -0.005370405518014605], "extents": [0.5798937199264808, 0.15611422061920177, 0.4020808718248547], "rotate_angle": 24.37, "rotate_angle_pred": 22.284241199995165}