{"centroid": [-0.03914071689936712, -0.6146319955587386, -0.013195158720075782], "extents": [0.6074352842637433, 0.14310458302497886, 0.3793748606046904], "rotate_angle": 40.54, "rotate_angle_pred": 32.98052681118055}