{"centroid": [-0.00028809121597640763, 0.38745710253715515, 0.01989392726167577], "extents": [1.2329863803116319, 0.3882282376289372, 1.1839192387231519], "rotate_angle": -40.78, "rotate_angle_pred": -40.17967030185231}