{"centroid": [0.01461595805606325, -0.1704854071140289, 0.009504292532469705], "extents": [1.1719469804978635, 0.6876562237739565, 1.1239459304462889], "rotate_angle": 4.31, "rotate_angle_pred": 0.979724525627006}