{"centroid": [0.05265453417831062, 0.5011514276266097, -0.002589619830984935], "extents": [1.1282232676183672, 0.295026868581772, 0.6535239628256089], "rotate_angle": 39.32, "rotate_angle_pred": 38.206827722562366}