{"centroid": [0.003945853350461381, 0.10817595571279523, 0.025036425509969804], "extents": [1.13180863371675, 0.4506546258926394, 0.6557702990053129], "rotate_angle": 42.04, "rotate_angle_pred": 41.267248949228104}