{"centroid": [0.014800027283200345, 0.4129610061645508, 0.007777780326798222], "extents": [0.5661082776636236, 0.2567591071128847, 0.5005134267030048], "rotate_angle": 22.07, "rotate_angle_pred": 18.90528322888383}