{"centroid": [0.01797648477035313, 0.49934738874435425, 0.03648779935926867], "extents": [1.0483604612985886, 0.2979323863983157, 0.6392564739055837], "rotate_angle": 7.12, "rotate_angle_pred": 5.261530324070236}