{"centroid": [-0.023670247056300386, -0.3918036222457886, 0.009361594793381833], "extents": [1.26114988635356, 0.3496801853179934, 1.1400983361461106], "rotate_angle": -7.64, "rotate_angle_pred": -7.975555164179937}