{"centroid": [-0.020430889308538577, 0.3278662413358687, 0.03214275076077626], "extents": [1.1458257400279217, 0.3535943329334261, 1.0957665408540758], "rotate_angle": 39.48, "rotate_angle_pred": 39.86058822119202}