{"centroid": [-0.034087396540925186, 0.47231316566467285, -0.030259429145435342], "extents": [1.4022544639767678, 0.2813647985458375, 0.5569618351196775], "rotate_angle": 10.57, "rotate_angle_pred": 8.822273402871076}