{"centroid": [-0.6244906005369442, 0.34777371585369105, 0.06468161814015343], "extents": [0.5036756924867047, 0.20642241835594188, 0.4414812267289885], "rotate_angle": 23.25, "rotate_angle_pred": 19.000893302528297}