{"centroid": [-0.03979568263331469, 0.43788547813892365, -0.019528381534406537], "extents": [1.3314485690415632, 0.2837114632129671, 0.5457549152739581], "rotate_angle": -8.76, "rotate_angle_pred": -10.406414928790966}