{"centroid": [-0.00784598439354614, 0.0005931407213211025, 0.012542860274050424], "extents": [1.1744015466531461, 0.30966618657112155, 1.0774590006084712], "rotate_angle": 28.67, "rotate_angle_pred": 29.134373129985505}