{"centroid": [-0.029747147422268694, 0.22879027575254438, 0.011809413447592662], "extents": [1.1801083010567937, 0.21681064367294342, 1.1035816597127037], "rotate_angle": 29.39, "rotate_angle_pred": 32.185394174318816}