{"centroid": [-0.03698348272054228, 0.451293408870697, 0.024502626566062544], "extents": [1.2630121695858811, 0.19780212640762357, 1.152013658377455], "rotate_angle": -15.68, "rotate_angle_pred": -14.667031959160283}