{"centroid": [0.0208021381876912, 0.5275612473487854, -0.018949702560325445], "extents": [0.9553937343567837, 0.2891548871994021, 0.6422099489662917], "rotate_angle": 32.68, "rotate_angle_pred": 31.051879735937646}