{"centroid": [-0.001385682103716146, 0.233108676970005, 0.03415338452512829], "extents": [0.7931262749201936, 0.2794694006443026, 0.9122657063017228], "rotate_angle": 34.63, "rotate_angle_pred": 35.28919202287629}