{"centroid": [-0.015586339893134571, -0.40914544463157654, 0.07907431344358422], "extents": [0.8341161757969008, 0.4257568717002871, 0.9611097150187288], "rotate_angle": 0.4, "rotate_angle_pred": 0.9051028994598909}