{"centroid": [-0.011067665545664164, 0.5010882765054702, 0.037085880139859896], "extents": [0.7900456762205688, 0.3036206066608431, 0.9268394680536545], "rotate_angle": 36.71, "rotate_angle_pred": 35.57907462467473}