{"centroid": [-0.059359672979335094, -0.00015750527381898707, 0.08013486207266715], "extents": [0.8466412540070594, 0.27883780002594016, 0.9580820332997813], "rotate_angle": -15.96, "rotate_angle_pred": -13.0079870497472}