{"centroid": [0.015142787358692025, 0.1445036306977272, -0.027651347092790594], "extents": [1.0425261123024336, 0.17503315210342435, 0.9593601697651999], "rotate_angle": 40.18, "rotate_angle_pred": 36.40394724391474}