{"centroid": [-0.019600451509206918, 0.4396327808499336, 0.026111341849455287], "extents": [1.0800797620486473, 0.17451478540897392, 1.003392428344259], "rotate_angle": 2.18, "rotate_angle_pred": 3.238970597631635}