{"centroid": [0.0016800821551113815, 0.295877642929554, -0.028521762309176947], "extents": [1.0718452845466198, 0.1785321980714801, 0.9936883370767091], "rotate_angle": 21.3, "rotate_angle_pred": 21.00183288542695}