{"centroid": [-0.2431168457039007, -0.23399365879595274, -0.023884313393546415], "extents": [0.6193739309595292, 0.05975381657481216, 0.8710653970060702], "rotate_angle": -38.28, "rotate_angle_pred": -40.36287968924472}