{"centroid": [-0.04399516836002379, -0.34199070930480957, 0.06473770488978532], "extents": [1.2440563551692465, 0.48427438735961936, 0.6759929121451766], "rotate_angle": -19.93, "rotate_angle_pred": -20.045215435676326}