{"centroid": [0.029633382730156546, 0.5249904096126556, 0.0003672597941130201], "extents": [1.1201834848650432, 0.2947179675102236, 0.6734857065366737], "rotate_angle": 29.94, "rotate_angle_pred": 27.39624264161162}