{"centroid": [-0.015775166008244135, 0.10010601580142975, 0.05383420896493537], "extents": [1.125854615010013, 0.4508876204490663, 0.6295220872101549], "rotate_angle": -0.2, "rotate_angle_pred": 0.18772797789833362}