{"centroid": [-0.6584159043435124, 0.35803928971290594, 0.06881819173398553], "extents": [0.5050095883736754, 0.21426469087600725, 0.43190070712580525], "rotate_angle": -6.52, "rotate_angle_pred": -8.171037218013169}