{"centroid": [0.02836696260037841, -0.24962692707777023, -0.007881930041693887], "extents": [0.9002120426539643, 0.11825884878635431, 0.8599882060603559], "rotate_angle": 27.29, "rotate_angle_pred": 25.22056382382796}