{"centroid": [0.006753111184414899, -0.0971115231513977, -0.008221515917763954], "extents": [0.8750355389023812, 0.14532446861267118, 0.8509088895987513], "rotate_angle": 36.24, "rotate_angle_pred": 35.7597967970124}