{"centroid": [0.011657789406293695, 0.5804317444562912, -0.023279591596098062], "extents": [0.8785447220012164, 0.16110143065452598, 0.8558993087913861], "rotate_angle": 19.66, "rotate_angle_pred": 17.141384417508476}