{"centroid": [0.04448252076543977, 0.4433196261525154, -0.03761314889799578], "extents": [0.84585901614852, 0.17429061233997367, 0.8314808852875786], "rotate_angle": 37.4, "rotate_angle_pred": 32.991086758821496}