{"centroid": [0.021265751053843145, -0.7832677960395813, -0.02544325420000941], "extents": [0.9116617236981863, 0.20392465591430686, 0.8775980872045271], "rotate_angle": 27.04, "rotate_angle_pred": 25.232236911529824}