{"centroid": [0.031100008841898966, 0.09893187880516054, -9.189295303693029e-05], "extents": [0.87972711320689, 0.20674502849578885, 0.7999001036606738], "rotate_angle": 41.57, "rotate_angle_pred": 40.019812737509}