{"centroid": [-0.036517036765688266, -0.3719637989997864, 0.027290980153949887], "extents": [0.9564883164875696, 0.12629520893096952, 0.8774809885016939], "rotate_angle": -32.92, "rotate_angle_pred": -32.71815215019602}