{"centroid": [-0.03829049839961096, 0.5022683292627335, 0.08201780835995179], "extents": [0.9709214529434081, 0.30271527171134976, 0.9946101268220611], "rotate_angle": -29.15, "rotate_angle_pred": -29.581764056615803}