{"centroid": [0.22841156695364753, 0.14592257887125018, 0.048202285853366326], "extents": [0.6267483181032097, 0.05848073959350608, 0.8255007196699262], "rotate_angle": 44.4, "rotate_angle_pred": 42.402910313501735}