{"centroid": [-0.27035257548922176, -0.22320095822215086, 0.016676802644142376], "extents": [0.5316709886386672, 0.04453060775995277, 0.8040881172538494], "rotate_angle": 29.83, "rotate_angle_pred": 29.547828795785648}