{"centroid": [-0.012376486422875588, -0.5848622620105742, 0.001199908396956724], "extents": [0.458097043301956, 0.15422028303146385, 0.5053374796522192], "rotate_angle": 19.03, "rotate_angle_pred": 15.079561351996219}