{"centroid": [-0.005320335922799117, -0.3327808082103729, 0.08686065645589215], "extents": [0.8784268636834458, 0.4863507151603701, 0.9641409072207794], "rotate_angle": -14.78, "rotate_angle_pred": -15.92737591970291}