{"centroid": [-0.005460739743514527, 0.45274123549461365, 0.05142098015516479], "extents": [0.7471255133007295, 0.2639868259429934, 0.9076049411667213], "rotate_angle": 21.95, "rotate_angle_pred": 20.487639018784776}