{"centroid": [-0.0013310809236100757, -0.11759278178215034, 0.07417794425684154], "extents": [0.7588715020140684, 0.3613318204879764, 0.9130317644460895], "rotate_angle": -20.1, "rotate_angle_pred": -21.118264336558155}