{"centroid": [-0.028129296141143623, 0.36871823668479914, 0.01802111934534116], "extents": [1.0936813267814762, 0.2053918242454531, 1.0188432851153735], "rotate_angle": -3.95, "rotate_angle_pred": -3.0133002158273143}