{"centroid": [0.015590982198761635, 0.4425280839204788, -0.02564418462616519], "extents": [1.0120221439251442, 0.18272110819816617, 0.9787148297992851], "rotate_angle": 44.99, "rotate_angle_pred": 38.878575936021946}