{"centroid": [-0.01339822834289546, -0.3855489492416382, 0.07626281298387275], "extents": [1.0359456701442267, 0.41571331024169944, 0.6451990705475633], "rotate_angle": -19.98, "rotate_angle_pred": -19.429132160079774}