{"centroid": [-0.0003552536177071075, 0.4849702715873718, 0.023270626464281532], "extents": [1.0220215539818773, 0.28303980827331565, 0.6332315342360827], "rotate_angle": 16.71, "rotate_angle_pred": 13.263871054003715}