{"centroid": [-0.012209568296751828, -0.34018459916114807, 0.08930547637040492], "extents": [0.9187400242212658, 0.4722586274147036, 0.9316295881199466], "rotate_angle": -12.33, "rotate_angle_pred": -11.296509575891434}