{"centroid": [-0.036014996470518916, 0.1583119593560695, 0.08553545606711813], "extents": [0.8931800774315708, 0.43858981132507346, 0.9014908723095703], "rotate_angle": 27.99, "rotate_angle_pred": 31.424716979128362}