{"centroid": [-0.009094652018618601, 0.37845827639102936, 0.0015196196223998815], "extents": [1.0573872469652659, 0.2776684463024142, 0.9837207926155219], "rotate_angle": 33.44, "rotate_angle_pred": 33.00204070252718}