{"centroid": [-0.0177341189511223, -0.36054614186286926, 0.08078230333714903], "extents": [1.19130275881946, 0.49824255704879783, 0.6500022911814942], "rotate_angle": -38.14, "rotate_angle_pred": -36.48940003122367}