{"centroid": [-0.005565019442008892, 0.01468570530414581, 0.028442872777690045], "extents": [1.0992246852975907, 0.2725625038146975, 0.6689167014641814], "rotate_angle": 34.26, "rotate_angle_pred": 33.867015591946014}