{"centroid": [0.0012619718477101804, -0.4104578495025635, 0.022324761478433118], "extents": [1.0589089359041908, 0.43782806396484397, 0.6838297225559336], "rotate_angle": 38.58, "rotate_angle_pred": 35.85843889237894}