{"centroid": [0.005555269425936815, 0.5079289078712463, 0.006936309151006001], "extents": [1.1412227084098707, 0.29401451349258445, 0.6399307807950906], "rotate_angle": 11.0, "rotate_angle_pred": 9.895268366816666}