{"centroid": [0.009571343271008115, 0.5409000962972641, 0.021148288653805344], "extents": [1.1019581842393773, 0.3119319379329683, 0.6669505411676553], "rotate_angle": 2.9, "rotate_angle_pred": 1.377917689000327}