{"centroid": [-0.007257841490032307, -0.30820327997207636, 0.008804803714138693], "extents": [1.1837315597395244, 0.4939807653427125, 0.6719691178917033], "rotate_angle": 32.32, "rotate_angle_pred": 30.041217107336337}