{"centroid": [-0.008090044719516395, 0.11871298402547832, 0.059848177241708746], "extents": [1.1496417427439258, 0.4561418592929841, 0.6499605721175326], "rotate_angle": -6.56, "rotate_angle_pred": -6.03893341521831}