{"centroid": [-0.05301745758311938, 0.00655132532119751, 0.07598116363002697], "extents": [0.8749114759629288, 0.290086090564728, 0.9822059148663009], "rotate_angle": -24.52, "rotate_angle_pred": -22.365653927042246}