{"centroid": [0.009999340949392171, 0.5407760590314865, 0.021216622470985123], "extents": [0.9045165790471605, 0.29643234610557584, 0.8720823539171968], "rotate_angle": 39.97, "rotate_angle_pred": 39.865224033154476}