{"centroid": [-0.012869142333242066, -0.3487781286239625, 0.09133752608595125], "extents": [0.9428125806401404, 0.4724615812301639, 0.926941055515369], "rotate_angle": -19.73, "rotate_angle_pred": -19.039869551988815}