{"centroid": [-0.02351125055580483, -0.3694653511047364, 0.06578914499573994], "extents": [0.8350567866983938, 0.3807839155197147, 0.9647688326568422], "rotate_angle": 11.47, "rotate_angle_pred": 11.597938781371397}