{"centroid": [0.005618020617104619, 0.5237885117530823, -0.0012133321471978764], "extents": [0.5327265710523756, 0.2941569089889528, 0.4613531103599373], "rotate_angle": 21.8, "rotate_angle_pred": 17.305163856672053}