{"centroid": [-0.03478472522554438, -0.39685246348381037, 0.06013793652301524], "extents": [0.9418008287259957, 0.4774015545845033, 0.9450523812938953], "rotate_angle": 17.87, "rotate_angle_pred": 17.658610037754286}