{"centroid": [-0.04744563882344792, 0.15212795138359067, 0.10351007696305373], "extents": [0.9316082833814621, 0.45005586743354825, 0.9125981563070451], "rotate_angle": 15.4, "rotate_angle_pred": 19.077594358248234}