{"centroid": [-0.004681552074576378, -0.6002020090818405, 0.05122846990102067], "extents": [0.9405929245888067, 0.47143366932868974, 0.8242584291379395], "rotate_angle": -39.69, "rotate_angle_pred": -38.28707898304602}