{"centroid": [-0.08700679160861903, -0.3216092586517334, -0.03937104829133952], "extents": [1.2523611956603493, 0.20973914861679102, 0.6984350181528928], "rotate_angle": -19.62, "rotate_angle_pred": -21.168199103010735}