{"centroid": [-0.0064009571321789124, 0.5727315843105315, 0.03277222800999825], "extents": [0.8130776330571599, 0.30503964424133323, 0.940985446351728], "rotate_angle": 38.2, "rotate_angle_pred": 39.864600939856246}