{"centroid": [-0.022056107338353434, -0.004964426159858707, 0.07019787855524608], "extents": [1.098390367458692, 0.30678316950798057, 0.6597694318654315], "rotate_angle": -29.77, "rotate_angle_pred": -29.30767463829413}