{"centroid": [-0.002472911753919879, 0.5127536654472351, 0.006189141206677892], "extents": [1.0709340593575507, 0.3102042078971865, 0.6552007807361631], "rotate_angle": 24.83, "rotate_angle_pred": 21.284040022278774}