{"centroid": [-0.0026045081960300864, 0.2555265501141548, 0.06032074149280969], "extents": [1.0821920418462592, 0.2791081964969637, 0.6703501210638874], "rotate_angle": -17.27, "rotate_angle_pred": -18.510646702728224}