{"centroid": [0.002791815470323991, -0.4064074754714965, 0.01628490096922519], "extents": [1.0476864747921617, 0.43312931060791027, 0.6781754604779653], "rotate_angle": 36.57, "rotate_angle_pred": 33.93716493470137}