{"centroid": [-0.3935185776033887, 0.4202244132757185, 0.08196103546450764], "extents": [0.6904943047432347, 0.2317601740360261, 0.7234014929587336], "rotate_angle": 39.42, "rotate_angle_pred": 34.068300705699116}