{"centroid": [0.3947610775141853, 0.4024476706981659, 0.022175329868177968], "extents": [0.667802983718961, 0.24840277433395408, 0.7537567550451034], "rotate_angle": -1.87, "rotate_angle_pred": -2.802736601613873}