{"centroid": [-0.01630545269963149, -0.33257170766592026, 0.013177317356661777], "extents": [0.555843476604126, 0.15059502422809612, 0.2959645710488996], "rotate_angle": -2.0, "rotate_angle_pred": -5.505062626447909}