{"centroid": [-0.023841047220366916, -0.33005550503730774, 0.012531345541283816], "extents": [0.5554319708389346, 0.1449561119079591, 0.29920769213227316], "rotate_angle": -8.54, "rotate_angle_pred": -12.039011596047715}