{"centroid": [0.021164324868796235, -0.2879348844289779, 0.006546005499963623], "extents": [0.5607065076902367, 0.16003522276878365, 0.31065673270498506], "rotate_angle": 29.64, "rotate_angle_pred": 22.026469321117744}