{"centroid": [-0.06111654749018043, 0.48014044761657715, -0.007098539490296957], "extents": [1.223511964765621, 0.24297893047332791, 0.8534699295026544], "rotate_angle": -9.42, "rotate_angle_pred": -11.410545821048089}