{"centroid": [-0.03475038259837845, -0.3730604499578476, 0.041400861642673155], "extents": [0.530355273625061, 0.15018394589424144, 0.2983589762490339], "rotate_angle": -33.88, "rotate_angle_pred": -36.01402808584554}