{"centroid": [-0.016267735024835306, 0.516591876745224, 0.044215272376189815], "extents": [0.8661563245141262, 0.3414196968078616, 0.9625038932503004], "rotate_angle": -28.49, "rotate_angle_pred": -28.492929841065056}