{"centroid": [0.009048342051874637, -0.3117353320121765, 0.051092365458546514], "extents": [0.8818123750160287, 0.38955104351043723, 0.9741862806285007], "rotate_angle": -44.37, "rotate_angle_pred": -42.578490022828326}