{"centroid": [-0.051051246973305764, 0.44959762692451477, -0.04099501073728139], "extents": [1.4135514572828713, 0.2876773476600649, 0.5661878615884881], "rotate_angle": -17.73, "rotate_angle_pred": -19.39853332530062}