{"centroid": [0.020970091117236266, 0.5780452936887741, 0.07709042764514874], "extents": [0.8439776443526776, 0.31386569142341636, 0.932448104827073], "rotate_angle": -1.28, "rotate_angle_pred": -3.248673977383774}