{"centroid": [-0.007865050704416288, 0.44493988156318665, 0.008340657925299158], "extents": [1.2698727714496945, 0.2377433776855471, 0.7935429133164011], "rotate_angle": 11.16, "rotate_angle_pred": 11.361857761340545}