{"centroid": [0.011694302998791373, 0.49369068443775177, 0.020041812209470933], "extents": [1.0709912945362192, 0.3096279799938204, 0.6556633217918912], "rotate_angle": 7.18, "rotate_angle_pred": 5.184789851753706}