{"centroid": [-0.017981706265940756, -0.0036541819572448765, 0.049337613687977906], "extents": [1.0666820875859002, 0.3122209906578066, 0.6350177450808047], "rotate_angle": 26.5, "rotate_angle_pred": 27.021797289352264}