{"centroid": [0.0023463721037880955, 0.19594158232212064, 0.05757281392447671], "extents": [0.8240263967366523, 0.47741511464118985, 0.9143294591348216], "rotate_angle": 40.09, "rotate_angle_pred": 41.41985369703136}