{"centroid": [-0.02031769266263673, -0.32347297668457026, 0.08058521680857328], "extents": [0.853417408064238, 0.4690958261489869, 0.9268093234225063], "rotate_angle": 1.8, "rotate_angle_pred": 1.39117395753631}