{"centroid": [-0.0018149345149351265, 0.5599686056375505, 0.05344437184136046], "extents": [0.8040471538500655, 0.29815933108329795, 0.9123226847611694], "rotate_angle": 19.27, "rotate_angle_pred": 17.383957091865128}