{"centroid": [-0.02351662000699678, -0.3411011397838592, 0.01170686646918738], "extents": [1.175654497256211, 0.48609668016433727, 0.6631350329617164], "rotate_angle": 12.98, "rotate_angle_pred": 10.82384764241938}