{"centroid": [0.029954776864838613, 0.5352106988430023, 0.006131234507282757], "extents": [0.9554486595359368, 0.2914519309997561, 0.6481170871799244], "rotate_angle": 40.96, "rotate_angle_pred": 40.82165374922948}