{"centroid": [-0.02632460609839024, 0.12077249586582181, 0.09854163271332911], "extents": [1.136389519713612, 0.4516710638999941, 0.6371325398930965], "rotate_angle": -26.58, "rotate_angle_pred": -24.16146961337529}