{"centroid": [0.056841305106496647, 0.5065790116786957, 0.0018374186680116533], "extents": [1.1086691560489428, 0.29932409524917625, 0.6505997743256395], "rotate_angle": 40.51, "rotate_angle_pred": 39.14958091093604}