{"centroid": [-0.0014269559979108934, 0.21194643527269363, 0.03884202223937419], "extents": [0.994330702740061, 0.25621572136878984, 0.6170503487988157], "rotate_angle": 9.87, "rotate_angle_pred": 8.388410445962947}