{"centroid": [0.015109674618715777, 0.48669323325157166, 0.03475249018178838], "extents": [1.0211784826536132, 0.28666579723358177, 0.625754355581908], "rotate_angle": 12.32, "rotate_angle_pred": 9.258817314915632}