{"centroid": [-0.0062384247116571145, -0.3683795034885406, 0.06534566587059712], "extents": [1.045753695555169, 0.409279763698578, 0.6509213907505811], "rotate_angle": -28.01, "rotate_angle_pred": -28.339625748141607}