{"centroid": [0.2974495159616921, 0.060611389577388736, 0.05449984143071489], "extents": [0.8539293630574982, 0.34139132499694835, 0.5530765200513303], "rotate_angle": -13.56, "rotate_angle_pred": -8.234217965403175}