{"centroid": [-0.4527593011869189, -0.2821526676416397, 0.04646806287137799], "extents": [0.8079071551844653, 0.2904690802097322, 0.5564382610926809], "rotate_angle": 6.1, "rotate_angle_pred": 6.376422786647183}