{"centroid": [-0.32845774542477874, 0.12905578501522547, 0.03666221362921053], "extents": [0.8069740000626983, 0.26143831014633195, 0.5188986103413795], "rotate_angle": -38.1, "rotate_angle_pred": -37.008276045839644}