{"centroid": [0.008612101256497313, 0.5262650251388549, 0.034524728159650436], "extents": [0.9703040825306926, 0.31973630189895647, 0.6820690706571536], "rotate_angle": -16.85, "rotate_angle_pred": -19.630493965044195}