{"centroid": [-0.0423222272269243, 0.17751710861921305, 0.05892551010290524], "extents": [0.8123787131552792, 0.29333558678627036, 1.0113210785253102], "rotate_angle": 23.03, "rotate_angle_pred": 23.931323228070852}