{"centroid": [0.03225584107604389, -0.18820935487747192, 0.07133046302031565], "extents": [0.8777577934364023, 0.40607011318206815, 1.037379748442999], "rotate_angle": -43.42, "rotate_angle_pred": -42.634014582540104}