{"centroid": [-0.0019676103598444336, 0.521283745765686, 0.06278489972270254], "extents": [0.8648120003105131, 0.3045309782028201, 1.0234476136456692], "rotate_angle": -20.38, "rotate_angle_pred": -21.701094971906613}