{"centroid": [0.0011412216109301654, 0.5536547005176544, 0.019175507590731382], "extents": [0.9294837911986539, 0.3000829219818118, 0.9152484135825624], "rotate_angle": 31.53, "rotate_angle_pred": 30.14093845511468}