{"centroid": [-0.02388974309644032, -0.3653003126382827, 0.09938777157940815], "extents": [0.9816667889630974, 0.48342475295066845, 0.9489633301798708], "rotate_angle": -6.48, "rotate_angle_pred": -4.899360239831921}