{"centroid": [-0.004149087430754553, 0.5617967545986174, 0.04478894985765682], "extents": [0.7891543513249226, 0.2942215800285342, 0.9130385524637878], "rotate_angle": 26.93, "rotate_angle_pred": 27.091898817566104}