{"centroid": [-0.003787495250239581, 0.32609807886183256, 0.059103678698217026], "extents": [1.1235728274006058, 0.6842089891433718, 1.0064222821745252], "rotate_angle": -29.25, "rotate_angle_pred": -27.89008642613988}