{"centroid": [-0.006387823466733236, -0.3725073337554931, 0.037100637237766326], "extents": [1.1611564306074, 0.6729992628097535, 1.0380872619156085], "rotate_angle": -18.31, "rotate_angle_pred": -18.980107636819852}