{"centroid": [0.020781058556946383, -0.013942420482635502, 0.04289406427505283], "extents": [1.0102709223668043, 0.3146016001701357, 0.629725556241489], "rotate_angle": 40.75, "rotate_angle_pred": 39.56191704427175}