{"centroid": [0.026406447580727216, -0.39604592323303217, 0.022511312937884796], "extents": [0.9894602884347401, 0.4053286314010621, 0.6403995745580442], "rotate_angle": 40.43, "rotate_angle_pred": 37.36799888083425}