{"centroid": [0.007128152203449756, 0.22452244162559504, 0.06971318045510075], "extents": [1.0328185552121518, 0.26880118250846885, 0.6454241271914398], "rotate_angle": -17.41, "rotate_angle_pred": -18.656133467287077}