{"centroid": [0.4254504445691503, -0.0011838823556899868, 0.21929741596577115], "extents": [0.539115678509432, 0.21080672740936293, 0.5154053079545555], "rotate_angle": 28.37, "rotate_angle_pred": 32.69563445727999}