{"centroid": [-0.16564959664930828, 0.09183586388826363, 0.3074577151932057], "extents": [0.2044063020047968, 0.06990453600883498, 0.5417334923621603], "rotate_angle": 24.28, "rotate_angle_pred": 22.809259612284762}