{"centroid": [-0.12721417069799393, 0.027813449501991213, 0.29394208815656897], "extents": [0.2905294340377484, 0.05976673215627682, 0.5234623029647845], "rotate_angle": -20.43, "rotate_angle_pred": -15.223264066501983}