{"centroid": [0.4436858429290931, -0.15493638813495633, 0.2083678920805574], "extents": [0.5595345547791492, 0.2310990393161775, 0.5469801475457308], "rotate_angle": 21.45, "rotate_angle_pred": 27.854322032598688}