{"centroid": [-0.5216974945557862, -0.14870110526680946, 0.1600775231865652], "extents": [0.5073471800917116, 0.09632890671491634, 0.44771270159851195], "rotate_angle": -10.19, "rotate_angle_pred": -6.815967574780444}