{"centroid": [-0.05997381666374918, -0.17220111191272724, -0.41795080426916503], "extents": [1.5842783252617663, 0.2612576782703402, 0.3466527418580406], "rotate_angle": 26.79, "rotate_angle_pred": 25.854600337912288}