{"centroid": [0.1915056237022852, 0.03947836160659799, -0.3606469925476974], "extents": [1.125143919663258, 0.23635867238044755, 0.2810900296401855], "rotate_angle": 15.7, "rotate_angle_pred": 18.48996946675628}