{"centroid": [-0.002647229887842495, -0.38011559844017023, -0.01875721225133819], "extents": [1.1139489367701179, 0.6438030600547793, 1.0122748572822384], "rotate_angle": 32.63, "rotate_angle_pred": 28.080597986439827}