{"centroid": [-0.020836350178871546, 0.4169054329395294, 0.025677110634113008], "extents": [1.128814127740055, 0.3077908754348757, 1.0112020014874417], "rotate_angle": 7.58, "rotate_angle_pred": 8.936732440040586}