{"centroid": [-0.031242404710094096, 0.19337302446365356, 0.07035314397324735], "extents": [1.1227678221017303, 0.3220291733741763, 1.0293930916105607], "rotate_angle": -12.51, "rotate_angle_pred": -11.077488626239344}