{"centroid": [-0.6621059783055763, 0.34293146431446075, 0.09057876380640863], "extents": [0.5188079459251431, 0.2081072032451631, 0.43411376929207185], "rotate_angle": -25.18, "rotate_angle_pred": -26.890938661751797}