{"centroid": [-0.041275724247696224, 0.4625790864229202, -0.056928583645339786], "extents": [1.4156576006874713, 0.28804436326026933, 0.5761068305362398], "rotate_angle": -5.78, "rotate_angle_pred": -7.779718728499503}