{"centroid": [0.014600876228475765, 0.5338839590549469, 0.024901395944121697], "extents": [0.8990499875700948, 0.2933838963508609, 0.8878140941744811], "rotate_angle": 44.67, "rotate_angle_pred": 44.01842724030135}