{"centroid": [-0.022281030576325744, -0.36330594122409815, 0.10052196852639256], "extents": [0.954546273135472, 0.47078225016593944, 0.9296644929779935], "rotate_angle": -7.89, "rotate_angle_pred": -6.1194277362886}