{"centroid": [-0.023566301851305524, 0.44230771064758295, 0.03613178842084778], "extents": [1.1420821232021856, 0.2278023958206179, 1.0662710928593073], "rotate_angle": -29.23, "rotate_angle_pred": -27.43576833273856}