{"centroid": [-0.03112848793493178, 0.15132254920899868, 0.023063310437652397], "extents": [1.097526195126108, 0.3536171913146976, 1.0202676080693243], "rotate_angle": 25.39, "rotate_angle_pred": 26.906723332790776}