{"centroid": [-0.046553476938664407, 0.4675586670637131, -0.04717504848399867], "extents": [1.3734560151314896, 0.2848482429981234, 0.5787612258144854], "rotate_angle": -10.91, "rotate_angle_pred": -13.808884406857217}