{"centroid": [0.0463307285937606, 0.569914311170578, -0.018170869693416553], "extents": [0.8539537248245794, 0.29830777645111106, 0.7648171237367382], "rotate_angle": 37.85, "rotate_angle_pred": 34.28326180931201}