{"centroid": [0.0346754871184111, -0.3228161931037903, 0.013376820193832635], "extents": [0.8773602053281562, 0.29022353887558006, 0.7757316656284308], "rotate_angle": 42.35, "rotate_angle_pred": 40.248190845535305}