{"centroid": [0.02540084145341577, -0.026871651411056508, -0.020421913093559216], "extents": [0.907127252044956, 0.31552046537399314, 0.7976049700684416], "rotate_angle": 37.96, "rotate_angle_pred": 35.239937274680216}