{"centroid": [0.011374628937149689, -0.6821218132972717, 0.04375951179812671], "extents": [0.9522967521587227, 0.2463786602020266, 0.8461255593795038], "rotate_angle": -14.02, "rotate_angle_pred": -12.954504095946504}