{"centroid": [0.008208062374014058, -0.02465964853763581, 0.03953339820587935], "extents": [1.0572548065757443, 0.2650384008884432, 0.6488569472849856], "rotate_angle": 39.54, "rotate_angle_pred": 37.761439270059725}