{"centroid": [2.638726977596817e-05, 0.23661072552204132, 0.05985038424437425], "extents": [1.056342714179088, 0.2783581316471102, 0.6705405072876355], "rotate_angle": -37.0, "rotate_angle_pred": -36.60978265649694}