{"centroid": [-0.009816692275380873, 0.3348867744207382, -0.001306174382393055], "extents": [0.8914710167550317, 0.25579199194908164, 0.7862634556742225], "rotate_angle": 20.52, "rotate_angle_pred": 18.94808313414468}