{"centroid": [-8.029170949388348e-05, -0.013629853725433346, 0.034141544919892644], "extents": [0.8850055242322453, 0.513987183570862, 0.8123605164450112], "rotate_angle": -14.49, "rotate_angle_pred": -13.52670161842947}