{"centroid": [-0.04826767239291675, -0.5241849347949027, 0.033628327335062366], "extents": [0.36405485984733543, 0.12429739534854889, 0.32801848754748153], "rotate_angle": -23.21, "rotate_angle_pred": -24.75999260548052}