{"centroid": [0.011155987025654405, -0.5663900151848793, -0.00029016281222872184], "extents": [0.3349593514923003, 0.10496334731578827, 0.3314519758430379], "rotate_angle": 40.39, "rotate_angle_pred": 34.733897091777976}