{"centroid": [-0.000999081702855828, -0.22091516852378845, 0.03914611579220911], "extents": [1.180894982983018, 0.6733734011650088, 1.1041106098672424], "rotate_angle": -1.66, "rotate_angle_pred": -2.7293731710505114}