{"centroid": [0.007708918708661097, -0.5621428079903126, -0.004612425519366508], "extents": [0.30920428594000327, 0.09668942540884018, 0.31878877259698624], "rotate_angle": 44.68, "rotate_angle_pred": 38.35810567337688}