{"centroid": [-0.022436018525555018, 0.4091600030660629, 0.020583887626034636], "extents": [1.241107928549331, 0.2048993408679965, 1.1405434497038738], "rotate_angle": -20.07, "rotate_angle_pred": -19.550760341815874}