{"centroid": [-0.05624731923047387, -0.5223513841629028, 0.022925288096177908], "extents": [0.3740039523200508, 0.1271443367004395, 0.3351811816263832], "rotate_angle": -30.88, "rotate_angle_pred": -31.64623085588787}