{"centroid": [-0.42406638028107957, 0.44145987927913655, 0.07302652737193119], "extents": [0.6329189692176638, 0.24504396319389354, 0.7331032930464916], "rotate_angle": 17.97, "rotate_angle_pred": 18.947416220642353}