{"centroid": [0.0050243035661510504, 0.3997432589530944, 0.015908734903952795], "extents": [1.361906970757775, 0.27104663848876975, 0.8050933872052852], "rotate_angle": -27.01, "rotate_angle_pred": -24.650922661901134}