{"centroid": [-0.03265121430732709, -0.3595540523529053, -0.04448621886003375], "extents": [1.4202653287157583, 0.37954080104827903, 0.7699299518400008], "rotate_angle": -12.32, "rotate_angle_pred": -12.945601765069839}