{"centroid": [0.022725743780650634, -0.32123966515064234, 0.029783592695879643], "extents": [1.1528950586407425, 0.4721078574657442, 0.6710294285316553], "rotate_angle": 44.24, "rotate_angle_pred": 38.74658457021883}