{"centroid": [0.012401079904957715, 0.12181124836206436, 0.032726212263345565], "extents": [1.1273210181151057, 0.4751321375370028, 0.632529564184332], "rotate_angle": 43.62, "rotate_angle_pred": 42.079101046812895}