{"centroid": [-0.21217343438437258, 0.4558917433023454, 0.04151662119485608], "extents": [0.9739368592377069, 0.2256449759006503, 0.8352693944909687], "rotate_angle": -19.71, "rotate_angle_pred": -20.767569626288676}