{"centroid": [0.008636587809757124, 0.4941180497407912, 0.0013299143725384321], "extents": [1.0958816128384807, 0.2803412377834322, 0.6338155451991833], "rotate_angle": 15.66, "rotate_angle_pred": 13.7729440935004}