{"centroid": [-0.032287473772184716, 0.09332435578107831, 0.042706118643807495], "extents": [1.0922976612839241, 0.4309566020965577, 0.6243794492172527], "rotate_angle": -2.48, "rotate_angle_pred": -1.4836928429619576}