{"centroid": [0.01919790960018248, 0.5499269664287567, 0.006923585926075469], "extents": [0.9856092553931873, 0.301275432109833, 0.6662165075330015], "rotate_angle": 22.83, "rotate_angle_pred": 19.28111105001466}