{"centroid": [-0.02781112535206598, -0.30938011407852173, 0.008668879292630903], "extents": [1.092975394175556, 0.4718066453933718, 0.6662707427179038], "rotate_angle": 25.64, "rotate_angle_pred": 24.804795591441177}