{"centroid": [0.01135154115723934, 0.10785803198814381, 0.444473949742663], "extents": [0.7312982586859949, 0.5122049450874329, 0.11146493116545836], "rotate_angle": 13.61, "rotate_angle_pred": 22.17083819328053}