{"centroid": [-0.18651337648952732, 0.04488009214401237, 0.3312726526049854], "extents": [0.4327864056906845, 1.5583646297454834, 0.08284010004640807], "rotate_angle": 12.77, "rotate_angle_pred": 7.632472785436363}