{"centroid": [0.148372236871524, 0.019698441028594887, 0.42022036788522854], "extents": [0.5358882525958485, 1.3722341060638428, 0.05935181654674143], "rotate_angle": -29.67, "rotate_angle_pred": -31.905068443871244}