{"centroid": [-0.003389926228747144, 0.12053948640823355, 0.5809751171059048], "extents": [0.4541670148552016, 1.3753578662872314, 0.06449297907227536], "rotate_angle": -15.18, "rotate_angle_pred": -15.762270007227244}