{"centroid": [-0.03880850962865734, 0.0426337122917175, 0.464159375019463], "extents": [0.7999142093981539, 1.1327728033065796, 0.061545899442296714], "rotate_angle": 38.0, "rotate_angle_pred": 31.475492316711282}