{"centroid": [0.04673846057309122, 0.04707738757133473, 0.512067605953585], "extents": [1.5961253770797441, 1.0156185626983645, 0.01694663255071993], "rotate_angle": 25.95, "rotate_angle_pred": 24.20301841258214}