{"centroid": [-0.04367258336397102, 0.39780512452125544, 0.36870574398481104], "extents": [0.7465602048422258, 0.5893100500106813, 0.10044433027070243], "rotate_angle": 32.4, "rotate_angle_pred": 31.03277178227151}