{"centroid": [-0.003269822499652228, 0.008420348167419406, 0.26776667353646516], "extents": [0.5496591784305027, 1.537056565284729, 0.08237260368285002], "rotate_angle": 34.76, "rotate_angle_pred": 26.287241499063526}