{"centroid": [0.014977723574845739, -0.17430779337882996, 0.34144319440380017], "extents": [0.8188649425450212, 0.9429239630699159, 0.11158154917760715], "rotate_angle": 43.48, "rotate_angle_pred": 31.684293214887532}