{"centroid": [-0.2818259281474953, 0.3036719560623168, -0.7419850034598728], "extents": [2.288274069730598, 1.4566836357116701, 0.06642977951332085], "rotate_angle": 37.53, "rotate_angle_pred": -152.92270407972154}