{"centroid": [-0.0793003045161653, -0.014792889356613284, 0.5190085434083058], "extents": [0.6708145747001748, 0.7352882027626038, 0.17706187094105336], "rotate_angle": -5.8, "rotate_angle_pred": -4.484891056256657}