{"centroid": [0.0658419340006428, 0.15730977058410636, 0.5142714879847956], "extents": [1.435499566100677, 1.211296796798706, 0.04327141172843335], "rotate_angle": 22.41, "rotate_angle_pred": 23.486928287121756}