{"centroid": [-0.004022554937416545, 0.010118246078491114, 0.4905705706310785], "extents": [0.74923258000546, 0.7653034925460815, 0.10782040508926954], "rotate_angle": -5.59, "rotate_angle_pred": -3.0502924485284524}