{"centroid": [0.012035407665703823, 0.10473138093948355, 0.4043668575670102], "extents": [1.314130281003157, 0.9582108855247499, 0.043118464863625194], "rotate_angle": 9.97, "rotate_angle_pred": 10.940022955127958}