{"centroid": [-0.024034970020340836, 0.07544045150279985, 0.619026986608036], "extents": [0.6439036902623223, 0.6471925973892214, 0.9271864547963429], "rotate_angle": -4.3, "rotate_angle_pred": -12.270164167640914}