{"centroid": [-0.056226748350924775, 0.026716411113738986, 0.34954794888657137], "extents": [0.7453367746181385, 1.4144965410232544, 0.08963610275252532], "rotate_angle": 25.87, "rotate_angle_pred": 25.145403009810437}