{"centroid": [-0.12669488986882702, 0.0959993302822112, 0.33465120444733076], "extents": [0.7715218783505662, 1.0394896268844607, 0.6210402347117951], "rotate_angle": 27.99, "rotate_angle_pred": 26.798176863773435}