{"centroid": [-0.009798335297163008, 0.08681976795196533, 0.1872781633619541], "extents": [0.6476176319673232, 1.597894310951233, 0.3463554945512764], "rotate_angle": -33.8, "rotate_angle_pred": -25.849126156145275}