{"centroid": [-0.07831797700756378, 0.059857666492462075, 0.40346363802766017], "extents": [0.7436300578225272, 1.1890734434127808, 0.4416249133271418], "rotate_angle": -27.49, "rotate_angle_pred": -25.629380018575333}