{"centroid": [-0.06002783666637069, -0.04865103960037238, 0.46587936534076535], "extents": [0.7395677548950427, 0.7638144493103028, 0.14187554981366524], "rotate_angle": -34.01, "rotate_angle_pred": -31.752238443992354}