{"centroid": [-0.013130338759439288, -0.006037861108779956, 0.4208832614648974], "extents": [0.9726138893093381, 0.9184975028038025, 0.07445250590973918], "rotate_angle": 13.95, "rotate_angle_pred": 14.168563305064552}