{"centroid": [-0.06998511058202864, -0.1559869647026062, 0.28352773954068194], "extents": [1.1410423352554244, 0.7325369119644166, 0.12069508259157316], "rotate_angle": -31.89, "rotate_angle_pred": -29.48873027196565}