{"centroid": [-0.03187470168700128, -0.19163724780082703, 0.3244640119179859], "extents": [0.9955036907502177, 0.650080978870392, 0.11365844614551196], "rotate_angle": 5.25, "rotate_angle_pred": 10.19579006560025}