{"centroid": [0.012861934026626283, -0.09072747826576236, 0.273163670139972], "extents": [0.5358989912411029, 0.5393412709236146, 0.08321066321264772], "rotate_angle": -33.5, "rotate_angle_pred": -32.680811709674934}