{"centroid": [-0.2170758854532423, -0.13862305879592898, 0.24668798882006332], "extents": [0.649821703259991, 0.5986329317092896, 0.06141479729324173], "rotate_angle": 1.69, "rotate_angle_pred": -1.6454572648990506}