{"centroid": [-0.003198258029762327, -0.10470932722091675, 0.3604132919034868], "extents": [0.7180914363299675, 1.1922608613967896, 0.08696833350401845], "rotate_angle": -29.91, "rotate_angle_pred": -30.689646643994664}