{"centroid": [-0.0668204494981881, 0.12040898203849786, 0.23597620678235104], "extents": [0.6318655547655516, 1.1390252113342287, 0.7251030135039316], "rotate_angle": 33.88, "rotate_angle_pred": 33.985097362355276}