{"centroid": [0.04503402665895976, -0.13507422804832458, 0.4926863082643977], "extents": [0.6836177698403081, 0.8835218548774719, 0.11151675866390687], "rotate_angle": -33.67, "rotate_angle_pred": -38.131065508483815}