{"centroid": [-0.033899166268821244, 0.0919812023639678, 0.47447701497960015], "extents": [0.8003964476019496, 1.0805391073226929, 0.06940361902405645], "rotate_angle": -2.11, "rotate_angle_pred": 0.23163841103817617}