{"centroid": [-0.0644721249867631, -0.1278696358203889, 0.4302081968372124], "extents": [0.8618469660729657, 0.7350792288780215, 0.1967846264540779], "rotate_angle": -8.27, "rotate_angle_pred": -12.832315566961753}