{"centroid": [0.004711222373876688, -0.1698770523071289, 0.4406243959841251], "extents": [0.7386444191438536, 0.8315224647521974, 0.11960679260993518], "rotate_angle": -36.43, "rotate_angle_pred": -36.5928347227736}