{"centroid": [-0.21786129723204983, -0.1579754650592804, 0.2861574809982466], "extents": [0.42439235272777964, 0.7634288668632508, 0.16757733030971264], "rotate_angle": -43.32, "rotate_angle_pred": -36.645211855428066}