{"centroid": [0.24820621081483954, -0.061378806829452584, 0.3025723944197282], "extents": [0.5023469205588211, 0.7169151306152345, 0.32293673557194214], "rotate_angle": 10.82, "rotate_angle_pred": 6.083718429611224}