{"centroid": [-0.07010968688497343, 0.05913224816322317, 0.516506412746416], "extents": [0.7565653521070422, 0.9261141419410706, 0.09791320817242805], "rotate_angle": -26.38, "rotate_angle_pred": -23.031899913136172}