{"centroid": [-0.0862669843041666, 0.012699246406555148, 0.2436945195386595], "extents": [0.7497021650093803, 1.5340206623077393, 0.12177948806702843], "rotate_angle": 15.96, "rotate_angle_pred": 13.675604580053701}