{"centroid": [-0.22929945497831483, 0.22054839134216297, -0.5892879438210867], "extents": [2.0528867028196744, 1.313804626464844, 0.05455545650996074], "rotate_angle": 29.27, "rotate_angle_pred": -155.60403188446043}