{"centroid": [0.006522483440658977, 0.0885872244834899, 0.46252552830314875], "extents": [0.5489249143498875, 0.8426837325096133, 0.7932913179188262], "rotate_angle": -26.55, "rotate_angle_pred": -22.014313524428815}