{"centroid": [-0.0670834620536362, -0.0003407299518585899, 0.3488466837280989], "extents": [1.3515096790671208, 0.6439680457115173, 0.111434011726535], "rotate_angle": -0.21, "rotate_angle_pred": -4.827583718604586}