{"centroid": [0.030303765347001653, 0.01804247498512257, 0.5112123251084055], "extents": [0.68630882179263, 0.5910077691078188, 0.6173961348048673], "rotate_angle": -36.12, "rotate_angle_pred": -37.50605129372421}