{"centroid": [0.00012055166042035381, -0.012538075447082533, 0.17749167024720602], "extents": [0.5087079517961237, 1.3951807022094727, 0.5037886015403986], "rotate_angle": 41.5, "rotate_angle_pred": 22.182279117875566}