{"centroid": [0.011950153521902832, 0.13259223103523243, 0.39720345026401865], "extents": [1.3396910569947402, 0.9595897793769836, 0.08839224371922882], "rotate_angle": 6.92, "rotate_angle_pred": 3.2287195328932086}