{"centroid": [0.012066191954600763, -0.012176483869552675, 0.46431179073220136], "extents": [0.8930650910174291, 0.9362726211547854, 0.10151186540751034], "rotate_angle": 42.53, "rotate_angle_pred": 44.67178086549893}