{"centroid": [0.013557692841435091, -0.035392910242080786, 0.4511967827832305], "extents": [0.7152269503100934, 0.5433685183525088, 0.15311631604187237], "rotate_angle": 28.08, "rotate_angle_pred": 36.048352102311895}