{"centroid": [-0.11899029961895158, -0.19816377758979797, 0.2917314448342726], "extents": [0.5775928040229947, 0.5447727441787721, 0.10016779842565735], "rotate_angle": 25.97, "rotate_angle_pred": 34.99015745365995}