{"centroid": [0.10454712764860734, 0.012724310159683165, 0.3224005347701973], "extents": [0.6914389211404133, 0.550415337085724, 0.11562216412239867], "rotate_angle": -34.13, "rotate_angle_pred": -33.277760744715316}