{"centroid": [-0.07011847947449483, -0.10765787959098821, 0.45254705141380186], "extents": [0.6574712613247393, 0.5750917792320251, 0.16396311468092895], "rotate_angle": 34.99, "rotate_angle_pred": 43.224572019968065}