{"centroid": [-0.3135265147415265, -0.08335503935813919, 0.45821404476442085], "extents": [0.6631525737211217, 0.6228950023651125, 0.4325943875676159], "rotate_angle": 20.1, "rotate_angle_pred": 23.71695362797746}