{"centroid": [-0.0563078517067959, -0.24622374773025515, 0.37442808186458915], "extents": [0.6217633555599371, 0.5287612676620485, 0.14166248003740395], "rotate_angle": 41.84, "rotate_angle_pred": 48.61667986763996}