{"centroid": [-0.10543406195719875, -0.11579796671867379, 0.4253082301365839], "extents": [0.7777869303622212, 0.5901635289192201, 0.20278768758377247], "rotate_angle": 24.48, "rotate_angle_pred": 30.266395980646095}