{"centroid": [0.06606240995493512, -0.15291231870651256, 0.3481139473959453], "extents": [0.6513339849651678, 0.513109087944031, 0.1540885710176394], "rotate_angle": -16.44, "rotate_angle_pred": -17.328504918412165}