{"centroid": [-0.21307123070466144, -0.09508520364761358, 0.3862374932499244], "extents": [0.6269030381857857, 0.6760275959968567, 0.09580646166256107], "rotate_angle": 13.18, "rotate_angle_pred": 18.348954710089913}