{"centroid": [-0.039743322484722544, -0.11802539229393007, 0.4113441129137351], "extents": [0.6511174002606364, 0.5626466870307923, 0.1595224329861757], "rotate_angle": 34.53, "rotate_angle_pred": 37.0673328459613}