{"centroid": [-0.00163568606869096, 0.6529701054096222, 0.3276355795439031], "extents": [0.7142853284399956, 0.5036445260047914, 0.11137727126826347], "rotate_angle": 30.86, "rotate_angle_pred": 25.890588683481738}