{"centroid": [-0.020885744753185387, -0.28070271015167236, 0.28963607982673145], "extents": [0.6570797988137107, 1.0386606454849243, 0.08313633285795596], "rotate_angle": -6.26, "rotate_angle_pred": -8.911132513206397}