{"centroid": [0.20654361464810864, 0.04273945093154902, 0.3346932436839625], "extents": [0.5358313243654799, 1.4782236814498901, 0.052505037910299646], "rotate_angle": 24.48, "rotate_angle_pred": 19.7369189787765}