{"centroid": [-0.3170697923740873, -0.015040695667266846, 0.31081037701219694], "extents": [0.4439682884955387, 1.4912433624267578, 0.11555200618553535], "rotate_angle": -42.93, "rotate_angle_pred": -35.18846463891434}