{"centroid": [0.0023172165017281768, -0.23440200090408325, 0.3158300708694815], "extents": [0.7287264476156426, 1.0584815740585327, 0.08554553997183023], "rotate_angle": 22.73, "rotate_angle_pred": 20.128571846171965}