{"centroid": [0.04249450420172698, 0.5493917167186737, 0.25445572114757115], "extents": [0.7324946600830304, 0.558283567428589, 0.08726957533445787], "rotate_angle": -35.8, "rotate_angle_pred": -42.90371022078084}