{"centroid": [0.18731448866775027, -0.05003964900970459, 0.2355529134608981], "extents": [0.4732716123687667, 1.4434319734573364, 0.06867480336291532], "rotate_angle": 38.34, "rotate_angle_pred": 35.22512750604126}