{"centroid": [-0.17860158380842275, 0.06319999694824216, 0.21563874520300474], "extents": [0.41121124553805594, 1.7741501331329346, 0.11026765227153701], "rotate_angle": 41.74, "rotate_angle_pred": 24.038134660384046}