{"centroid": [-0.2179851702967544, -0.00670075416564947, 0.18387042072468024], "extents": [0.4310768141972202, 1.60001540184021, 0.09319361818032157], "rotate_angle": 37.59, "rotate_angle_pred": 24.479638047767352}