{"centroid": [-0.2350690524433723, -0.012947499752044692, 0.15921253340834887], "extents": [0.3842318645293061, 1.615483283996582, 0.07991522532348082], "rotate_angle": 16.79, "rotate_angle_pred": 9.617256852882178}