{"centroid": [-0.006340082868914819, 0.5433264672756194, 0.2574889169931997], "extents": [0.6540767690355132, 0.595650851726532, 0.04925220192505811], "rotate_angle": 9.43, "rotate_angle_pred": 3.3036559177410822}