{"centroid": [-0.08058364015906977, 0.06560266017913809, 0.3991139024224867], "extents": [0.8521525348922852, 1.3153730630874634, 0.10979308297653301], "rotate_angle": 25.04, "rotate_angle_pred": 23.75121716940191}