{"centroid": [0.018371496093287087, 0.05906546115875243, 0.4387798579005847], "extents": [0.8902144439533769, 1.2268855571746826, 0.08927677579260995], "rotate_angle": -40.39, "rotate_angle_pred": -40.82058583055794}