{"centroid": [0.0826174838356025, -0.06308877468109132, 0.15012834008464215], "extents": [0.5447621996555725, 1.4926398992538452, 0.08251269244990998], "rotate_angle": 38.51, "rotate_angle_pred": 33.896641552424896}