{"centroid": [-0.04566852958976163, -0.25631463527679443, 0.3033107805757153], "extents": [0.6177582121512002, 1.1114752292633057, 0.06460683023481917], "rotate_angle": -5.03, "rotate_angle_pred": -5.613632088535127}