{"centroid": [0.02367448197002337, 0.6651754677295685, 0.2729991730156965], "extents": [0.69332836548389, 0.5454899072647095, 0.07995345269347023], "rotate_angle": 3.36, "rotate_angle_pred": -1.387287340244029}