{"centroid": [0.24340434363955016, 0.005654633045196422, 0.34577455605559215], "extents": [0.5759400565265518, 1.3370380401611328, 0.04669581223859953], "rotate_angle": 14.79, "rotate_angle_pred": 9.34902729284471}