{"centroid": [-0.29510640091706164, 0.005889117717742837, 0.32588776963521116], "extents": [0.5194779044838813, 1.2622404098510742, 0.08234456191686262], "rotate_angle": 20.45, "rotate_angle_pred": 16.18435625514168}