{"centroid": [-0.009280877299309882, -0.06430387496948244, 0.29605961268501524], "extents": [0.6392321432245713, 1.3959341049194336, 0.05077303823410462], "rotate_angle": 14.52, "rotate_angle_pred": 12.786797652952202}