{"centroid": [-0.30002125110902905, 0.013189911842346164, 0.3005406867230793], "extents": [0.4944358647793747, 1.5432002544403076, 0.09234544970514535], "rotate_angle": -28.92, "rotate_angle_pred": -31.00387529463729}