{"centroid": [0.2538015956079389, -0.011656045913696372, 0.31628643605975554], "extents": [0.5490438909979101, 1.3675440549850464, 0.06065004660372808], "rotate_angle": -4.7, "rotate_angle_pred": -11.901167822356399}