{"centroid": [-0.022105753267323974, 0.015881836414337158, 0.08898010889851893], "extents": [0.7902623192942602, 1.5380313396453857, 0.19022753300216463], "rotate_angle": 1.79, "rotate_angle_pred": -0.05054606253720806}