{"centroid": [-0.22516541747422586, 0.027906417846679632, 0.29239247078087854], "extents": [0.4586045669222604, 1.4919500350952148, 0.09098061774763144], "rotate_angle": 32.8, "rotate_angle_pred": 26.198346470703996}