{"centroid": [0.00305299034410713, -0.241074800491333, 0.32141906018330463], "extents": [0.6621510272548614, 1.1397639513015747, 0.08551388831837603], "rotate_angle": -21.85, "rotate_angle_pred": -23.145088378258933}