{"centroid": [-0.028108173650300612, 0.12960115075111384, 0.4471563999190749], "extents": [0.9327414662450284, 1.257170915603638, 0.09763471814245156], "rotate_angle": -28.5, "rotate_angle_pred": -30.477724443070045}