{"centroid": [-0.040957940944827985, 0.10749703645706167, 0.4548369077952715], "extents": [0.8694589181280503, 1.3269633054733276, 0.0834548030474615], "rotate_angle": -9.46, "rotate_angle_pred": -8.088936149363619}