{"centroid": [0.11761131584863943, -0.1480558216571808, 0.23488940676246278], "extents": [0.4980945071452728, 0.6606420874595642, 0.0631382028511695], "rotate_angle": -36.13, "rotate_angle_pred": -38.334535064610094}