{"centroid": [-0.05707369001499564, 0.08735620975494375, 0.40637825284381124], "extents": [1.049325480806046, 1.0516315698623657, 0.14346766672163608], "rotate_angle": 4.44, "rotate_angle_pred": 2.675707586103158}