{"centroid": [0.04362098671559376, 0.6048330962657928, 0.2426663400116883], "extents": [0.7125731208302095, 0.5295046567916871, 0.08552110312452002], "rotate_angle": -19.03, "rotate_angle_pred": -25.83026126631647}