{"centroid": [0.0019734261059915076, -0.10199213027954102, 0.3321325554994643], "extents": [0.6494331778945233, 1.3450685739517212, 0.07482576166346078], "rotate_angle": -23.67, "rotate_angle_pred": -22.76141130924003}