{"centroid": [-0.037913056200121364, -0.027912795543670765, 0.3767414235478299], "extents": [0.9744651398930542, 1.0253759622573855, 0.12541337415944642], "rotate_angle": 10.84, "rotate_angle_pred": 11.019642273243065}