{"centroid": [-0.005647054614996566, -0.4661027789115906, 0.25083577921020606], "extents": [0.6552485658126075, 0.78510582447052, 0.07947779991150278], "rotate_angle": -35.62, "rotate_angle_pred": -27.88568825882261}