{"centroid": [0.08555097706263803, -0.025813490152359113, 0.4508940107704552], "extents": [0.7040172303925984, 0.8459032177925112, 0.7417464941519114], "rotate_angle": -10.51, "rotate_angle_pred": -12.785279095578943}