{"centroid": [-0.004097331104515149, -0.16403359174728394, 0.23517280020994114], "extents": [0.6677337874628066, 1.2970941066741943, 0.12409062664487674], "rotate_angle": 40.44, "rotate_angle_pred": 27.599055322321277}