{"centroid": [-0.06713951457603462, 0.017811059951782143, 0.3186677096511771], "extents": [0.6698930776882255, 1.5729399919509885, 0.0936423230534063], "rotate_angle": -2.23, "rotate_angle_pred": 2.0909506638435715}