{"centroid": [0.005353134968393826, 0.6363345086574554, 0.2615389048293711], "extents": [0.6372724864849009, 0.6481047272682191, 0.08051391808908481], "rotate_angle": 35.1, "rotate_angle_pred": 29.22069597106045}