{"centroid": [-0.02625489038424792, 0.024876356124877902, 0.23592688892869484], "extents": [0.6300882536422424, 1.7286235094070435, 0.11497825090926428], "rotate_angle": 37.74, "rotate_angle_pred": 26.279166689148525}