{"centroid": [-0.021821946847758837, -0.28955894708633423, 0.30273468199695286], "extents": [0.678490453572151, 1.0045897960662842, 0.08703148283608642], "rotate_angle": -28.12, "rotate_angle_pred": -26.391753875418516}