{"centroid": [0.028224751165832042, 0.6387943029403687, 0.2302431814758777], "extents": [0.6555704356376852, 0.569875717163086, 0.06200214736252643], "rotate_angle": -41.15, "rotate_angle_pred": -48.24598694217365}