{"centroid": [-0.08689198698642774, -0.034492373466491776, 0.45252051609362404], "extents": [0.6577738345117682, 0.6506749391555786, 0.5208363987833587], "rotate_angle": -24.4, "rotate_angle_pred": -23.542593800509366}