{"centroid": [-0.025335143829923266, 0.012064039707183782, 0.42726561592971096], "extents": [0.9211614061979909, 1.1271144151687622, 0.12054508832949429], "rotate_angle": 44.55, "rotate_angle_pred": 34.183046942178095}