{"centroid": [-0.019599641415321556, 0.3770327046513557, 0.3297577832047299], "extents": [0.6170822994952305, 0.9289388656616212, 0.07976244411897554], "rotate_angle": -44.95, "rotate_angle_pred": -46.356716745924714}