{"centroid": [-0.06931660393991075, 0.06725376844406117, 0.47393216150120293], "extents": [0.8498914234990707, 1.3297685384750368, 0.10807274273331668], "rotate_angle": 7.83, "rotate_angle_pred": 5.072615144564068}