{"centroid": [-0.04849603391932253, 0.0040108561515808105, 0.19347199270976662], "extents": [0.6189554903269996, 1.6395498514175415, 0.17685016914096155], "rotate_angle": -14.33, "rotate_angle_pred": -16.20694548073851}