{"centroid": [-0.035515092971399084, -0.026747167110443185, 0.3566393130318474], "extents": [1.0246008681307568, 1.1036113500595093, 0.10217808233619613], "rotate_angle": -10.9, "rotate_angle_pred": -13.048796187356544}