{"centroid": [0.04997586795692471, 0.07430809736251821, 0.5095179829875136], "extents": [0.6797161014052564, 0.6020113229751589, 0.778765668295641], "rotate_angle": -27.03, "rotate_angle_pred": -27.117516974225026}