{"centroid": [-0.15223297544093378, -0.014271438121795738, 0.46041124466059014], "extents": [0.7657651896680561, 0.6624124050140381, 0.4588472542411858], "rotate_angle": -3.57, "rotate_angle_pred": -5.485408118417823}