{"centroid": [-0.0325428213018729, 0.1309339702129363, 0.3621863651192186], "extents": [0.9421241711182433, 0.8116686940193177, 0.10270863587982071], "rotate_angle": 6.91, "rotate_angle_pred": 8.461918934807912}