{"centroid": [-0.08604604225231681, 0.2191738486289977, -0.5726875641127157], "extents": [1.9514181438114155, 1.1869984865188599, 0.006892722037921795], "rotate_angle": 14.55, "rotate_angle_pred": -161.8006105819338}