{"centroid": [-0.07965776387980526, 0.07938820123672483, 0.41388292805792914], "extents": [0.8979736194359325, 1.2134172916412354, 0.07697470678059837], "rotate_angle": 18.73, "rotate_angle_pred": 17.946145603215626}