{"centroid": [-0.05500933785120228, 0.10047820210456841, 0.43185370379175914], "extents": [1.1134420787142543, 0.9400393366813661, 0.08618409305668467], "rotate_angle": -14.44, "rotate_angle_pred": -15.712988687989494}