{"centroid": [-0.03409271392138178, 0.10815292596817007, 0.4552610938476587], "extents": [0.8580108661102663, 1.2397483587265015, 0.1021011296569907], "rotate_angle": -3.17, "rotate_angle_pred": -0.9684515967760916}