{"centroid": [-0.04055603989037624, 0.10743916034698477, 0.43871241555998686], "extents": [0.866823012688363, 1.3626301288604736, 0.08991372534378372], "rotate_angle": 2.51, "rotate_angle_pred": 2.7451580761174625}