{"centroid": [0.03045611440082966, 0.04281210899353019, 0.4550137768451379], "extents": [0.7540367329466156, 1.2361315488815308, 0.0846399525272819], "rotate_angle": -29.74, "rotate_angle_pred": -29.84468156261174}