{"centroid": [-0.046376946237296796, -0.05127498507499701, 0.42548921151783115], "extents": [0.8873492612014298, 0.8284942507743837, 0.09269748766754932], "rotate_angle": -24.44, "rotate_angle_pred": -27.819137121374062}