{"centroid": [-0.0059239913013311996, 0.0884154438972473, 0.4588261618741294], "extents": [0.8993192241902481, 1.208860993385315, 0.0910760305859446], "rotate_angle": -32.81, "rotate_angle_pred": -33.664431237153956}