{"centroid": [-0.01539376501065809, 0.05875527858734121, 0.48509414379430893], "extents": [0.7720525904649447, 1.0906245708465576, 0.07379215252600108], "rotate_angle": -15.42, "rotate_angle_pred": -12.385007655859496}