{"centroid": [-0.0075895682320514385, 0.1081056594848632, 0.40345301703372183], "extents": [0.9456515320379235, 1.386609435081482, 0.13236781966221517], "rotate_angle": -33.5, "rotate_angle_pred": -33.848957587929014}