{"centroid": [-0.1886594622664533, 0.2495768666267394, -0.5378937046638677], "extents": [1.9479122307944965, 1.4424023628234866, 0.05488972034490969], "rotate_angle": 13.33, "rotate_angle_pred": -163.87042741628937}