{"centroid": [0.03535672318840466, 0.08144882321357717, 0.4080683925236674], "extents": [1.208633796896426, 0.9138651490211487, 0.09479311237347737], "rotate_angle": 21.55, "rotate_angle_pred": 16.559728168510077}