{"centroid": [-0.024249422201669375, 0.0893411636352538, 0.4527268464644782], "extents": [0.8928507162745334, 1.3055176734924314, 0.10481474029314347], "rotate_angle": 10.22, "rotate_angle_pred": 5.975053178523183}