{"centroid": [-0.07320135564849929, 0.08709043264389028, 0.42897038662108883], "extents": [0.8553041776115291, 1.3542931079864502, 0.09908379568428949], "rotate_angle": 16.48, "rotate_angle_pred": 16.530451025355774}