{"centroid": [-0.009949314757602759, 0.07571476697921743, 0.42999236927172674], "extents": [0.9277738855627785, 1.3316830396652222, 0.10342024185159499], "rotate_angle": 3.81, "rotate_angle_pred": 1.2379415398454796}