{"centroid": [-0.05739967916365642, 0.09964472055435171, 0.43109562805432217], "extents": [0.8684135063553213, 1.3562413454055786, 0.0971086768525869], "rotate_angle": 11.62, "rotate_angle_pred": 12.791400706603}