{"centroid": [-0.5677383406081455, 0.42646682262420643, -0.554998693484238], "extents": [3.0197393548329243, 1.8214378356933596, 0.14617733489936646], "rotate_angle": 39.28, "rotate_angle_pred": -161.36458006837748}