{"centroid": [-0.07234796241487132, 0.09229242801666249, 0.4294105000017532], "extents": [0.8686873474735026, 1.2827242612838747, 0.07998319115652369], "rotate_angle": 16.06, "rotate_angle_pred": 15.224214305404558}