{"centroid": [0.18141518495218503, 0.024172976613044628, 0.5117910057298516], "extents": [0.7150366817787157, 0.3690367937088015, 1.117425666945224], "rotate_angle": 3.72, "rotate_angle_pred": -8.472242537697127}