{"centroid": [-0.2338669361473862, -0.2049148678779602, 0.2551705043446773], "extents": [0.5748941834402156, 0.6449004411697389, 0.07513292050240056], "rotate_angle": -40.96, "rotate_angle_pred": -36.74760916171964}