{"centroid": [-0.2184665828640952, -0.0029270350933075368, 0.10294036686277226], "extents": [0.4132214190318644, 0.5717491507530212, 0.06238983574160904], "rotate_angle": -2.21, "rotate_angle_pred": -6.517914451518834}