{"centroid": [-0.10878313047005386, -0.19634383916854853, 0.12362183260436053], "extents": [0.3859756080083722, 0.6441739797592163, 0.08553169115884236], "rotate_angle": 24.05, "rotate_angle_pred": 19.92028087255636}