{"centroid": [-0.1136900229357683, -0.15999722480773934, 0.1626650436457646], "extents": [0.4434862768662801, 0.6545390486717226, 0.08672462473734048], "rotate_angle": 33.65, "rotate_angle_pred": 29.990985503788835}