{"centroid": [-0.05018433471533179, -0.06115502119064332, 0.12099964481267478], "extents": [0.33625364685059794, 0.5738939642906189, 0.07584329035493692], "rotate_angle": 24.68, "rotate_angle_pred": 16.316611560836677}