{"centroid": [-0.04040562578950639, -0.022806853055953983, 0.14952479851428374], "extents": [0.3088787774734101, 0.5400547385215759, 0.09024314525729325], "rotate_angle": -27.75, "rotate_angle_pred": -25.057122017487558}