{"centroid": [0.13635307125290735, -0.1505763828754425, 0.1027089696444815], "extents": [0.1538478586820055, 0.6741610765457153, 0.18285091265576284], "rotate_angle": -13.53, "rotate_angle_pred": -14.492770885785404}