{"centroid": [0.10227302671329755, -0.14181506633758545, 0.1770469667475174], "extents": [0.1511197849031636, 0.7146717309951782, 0.19027705664657274], "rotate_angle": -32.0, "rotate_angle_pred": -33.013675697110955}