{"centroid": [-0.3529636716136881, -0.024020433425903348, 0.21657912026363998], "extents": [0.5981263001672404, 1.012402057647705, 0.09056067586931185], "rotate_angle": 39.08, "rotate_angle_pred": 38.775983296922476}