{"centroid": [-0.23939092664323025, -0.08777841925621034, 0.11120157012748261], "extents": [0.14914988192943732, 0.6019709706306459, 0.43924695876606523], "rotate_angle": 43.37, "rotate_angle_pred": 43.096343258409206}