{"centroid": [0.23033057660377798, -0.1380801796913147, 0.14657973131401583], "extents": [0.39939464032114996, 0.6240755915641785, 0.04071803109546085], "rotate_angle": 10.01, "rotate_angle_pred": 7.743528291424056}