{"centroid": [0.3683615481225478, -0.021074265241622994, 0.18883296785864834], "extents": [0.5601034889501996, 0.7025681734085083, 0.06394168881848164], "rotate_angle": -13.52, "rotate_angle_pred": -16.018320222531756}