{"centroid": [-0.35016487381450007, -0.0702093839645386, 0.18821507435846646], "extents": [0.6056988747225296, 0.7817907929420471, 0.06961366432967961], "rotate_angle": 16.1, "rotate_angle_pred": 13.62154218562361}