{"centroid": [0.01827157557668043, -0.019649803638458294, 0.2116677045335232], "extents": [0.3643518619045311, 0.5397444367408752, 0.06972616782239316], "rotate_angle": 19.44, "rotate_angle_pred": 12.584445025530925}