{"centroid": [-0.18177632142918523, -0.056670248508453404, 0.1748770312394493], "extents": [0.48220371513197813, 0.6265273094177246, 0.08743281537931494], "rotate_angle": 40.99, "rotate_angle_pred": 34.3033894979427}