{"centroid": [-0.27904963458686227, -0.18072298169136053, 0.19864289104956012], "extents": [0.40821730040316384, 0.660141170024872, 0.14202306799283312], "rotate_angle": -23.44, "rotate_angle_pred": -25.624322495290073}