{"centroid": [-0.07960431339679162, -0.2835337817668915, 0.1562901115775499], "extents": [0.3811191854746556, 0.5763607621192933, 0.1464292085299566], "rotate_angle": 5.03, "rotate_angle_pred": 5.025380046339237}