{"centroid": [-0.009560158109354074, 0.11092647910118096, 0.48527398543350475], "extents": [0.7862012797975362, 1.1388766765594482, 0.049801266515484666], "rotate_angle": 38.27, "rotate_angle_pred": 30.110205466298282}