{"centroid": [0.018463878370339984, -0.157281368970871, 0.18740184189911918], "extents": [1.5075958537241694, 0.6570778489112855, 0.042326322480881695], "rotate_angle": 35.27, "rotate_angle_pred": 31.48689139436496}