{"centroid": [-0.0901353185267359, -0.01064252853393556, 0.2296947270466451], "extents": [0.45924961606922077, 0.6152074933052063, 0.0399490781476336], "rotate_angle": 28.93, "rotate_angle_pred": 29.502250560787687}