{"centroid": [0.00632475823149458, 0.01880943775176997, 0.23821912434766856], "extents": [0.3959703980929409, 0.6126277446746826, 0.04438519782499645], "rotate_angle": 9.67, "rotate_angle_pred": 10.821869120503365}