{"centroid": [-0.09062101393344597, -0.007177114486694378, 0.2329231045759699], "extents": [0.4300155535172895, 0.6228773593902588, 0.04665958022957148], "rotate_angle": 13.49, "rotate_angle_pred": 15.078465384626071}