{"centroid": [0.16168106186291925, -0.2773723006248476, 0.2130456608296717], "extents": [0.5301314640733722, 1.02293074131012, 0.04405026178022883], "rotate_angle": 17.96, "rotate_angle_pred": 15.101048965616002}