{"centroid": [-0.1530479408059408, 0.39926209300756454, 0.26603234781959484], "extents": [0.42626045966650283, 0.8251448273658752, 0.02790231181238151], "rotate_angle": -38.9, "rotate_angle_pred": -43.718032568615016}