{"centroid": [-0.3750014709424829, -0.0916961431503296, 0.27165671882867903], "extents": [0.6308248711740534, 0.8010705709457396, 0.059158724482534675], "rotate_angle": 9.33, "rotate_angle_pred": 4.901856278873709}