{"centroid": [0.23720953744720097, -0.07377633452415469, 0.3024533280447672], "extents": [0.6029985534011137, 0.7507209777832031, 0.04924818862743563], "rotate_angle": 0.67, "rotate_angle_pred": 1.2025156592813175}