{"centroid": [-0.2338985406197162, -0.2959409654140472, 0.165658260328292], "extents": [0.4912006805451613, 0.9764057993888853, 0.062419030185590446], "rotate_angle": 16.27, "rotate_angle_pred": 4.579359873417744}