{"centroid": [-0.0012329534895017952, -0.28804275393486023, 0.18637258054826758], "extents": [1.4836582361104333, 0.6951863169670105, 0.06264562335294571], "rotate_angle": -4.79, "rotate_angle_pred": -3.4709910324342843}