{"centroid": [-0.2233806152334521, 0.23899483680725098, 0.23268887871042682], "extents": [0.45342677445156493, 0.9569981694221499, 0.03720353884575872], "rotate_angle": 2.69, "rotate_angle_pred": -4.423319243499165}