{"centroid": [-0.39223056303120246, -0.11565840244293213, 0.2628885092861136], "extents": [0.6299778857062387, 0.8598921298980713, 0.05692193318946315], "rotate_angle": -15.26, "rotate_angle_pred": -19.04787404492029}