{"centroid": [-0.02884479707310217, -0.31157442927360535, 0.22334973333764713], "extents": [1.3280556165569521, 0.731067717075348, 0.07449173161851569], "rotate_angle": -7.83, "rotate_angle_pred": -1.5067455251466981}