{"centroid": [0.3379747437934527, 0.03277343511581413, 0.3719096937706709], "extents": [0.6739557479219764, 0.780511736869812, 0.051409051537572414], "rotate_angle": 11.34, "rotate_angle_pred": 14.233002264708475}