{"centroid": [-0.3966418867736917, -0.01984250545501713, 0.2881426357160081], "extents": [0.6402836336583966, 0.8061426281929015, 0.0672392536061005], "rotate_angle": -1.42, "rotate_angle_pred": -4.183279256622129}