{"centroid": [-0.05056592100075989, -0.31792891025543213, 0.144295255598546], "extents": [1.4495676977020078, 0.6565624475479128, 0.0731362115571998], "rotate_angle": -39.14, "rotate_angle_pred": -37.07419859599423}