{"centroid": [-0.016917858301322683, -0.14431214332580572, 0.4312634156511156], "extents": [0.75568674263933, 0.8031675815582275, 0.12179557700127802], "rotate_angle": -5.74, "rotate_angle_pred": -6.637689672556505}