{"centroid": [0.30454328695167426, 0.03140655159950249, 0.36650580624299467], "extents": [0.6064662501796124, 0.8967472910881045, 0.04921252413953836], "rotate_angle": 1.67, "rotate_angle_pred": 1.968857738432959}