{"centroid": [0.011803623141806732, 0.03773280978202816, 0.15623559452091354], "extents": [1.56807027734795, 0.6966713070869448, 0.07944868428368544], "rotate_angle": -30.69, "rotate_angle_pred": -34.23110960071568}