{"centroid": [-0.04151648097724159, -0.1480808556079865, 0.3229468747833547], "extents": [0.9357827918208208, 0.9021243453025818, 0.10324935633122351], "rotate_angle": -8.9, "rotate_angle_pred": -12.313901946001636}