{"centroid": [-0.010951221429871677, -0.16380178928375244, 0.39103486776589086], "extents": [0.7900144427311782, 0.8813152313232422, 0.07737427920028428], "rotate_angle": -20.15, "rotate_angle_pred": -21.757265106929154}