{"centroid": [-0.007394336321233309, 0.46035182476043696, 0.2284268533066885], "extents": [0.43732016350465874, 0.8166294097900392, 0.04234755694391201], "rotate_angle": -43.43, "rotate_angle_pred": -40.296298700061726}