{"centroid": [-0.23052126606293769, -0.22080415487289423, 0.16417732680412922], "extents": [0.45856935823786976, 1.110201597213745, 0.05801831317138706], "rotate_angle": 14.27, "rotate_angle_pred": 5.872373478649195}