{"centroid": [0.10333624443806537, -0.4458509087562561, 0.23014182396350155], "extents": [0.5304280372433162, 0.7616572380065919, 0.04349031551312091], "rotate_angle": -17.65, "rotate_angle_pred": -13.856469507914227}