{"centroid": [0.26982052668991374, -0.034593552350998015, 0.2882595363776013], "extents": [0.6442752855202201, 0.7585629820823669, 0.06700466343033223], "rotate_angle": -36.14, "rotate_angle_pred": -37.74499777680481}