{"centroid": [-0.341838219527692, -0.0975011885166169, 0.280105242940464], "extents": [0.6302443199222578, 0.7936325669288636, 0.06818072554658366], "rotate_angle": 41.96, "rotate_angle_pred": 37.41091676895739}