{"centroid": [-0.13266720070939636, 0.014510512351989677, 0.4993821525465493], "extents": [0.7593951029172036, 0.8368993997573853, 0.1873061608581344], "rotate_angle": 31.92, "rotate_angle_pred": 38.46457844091066}