{"centroid": [-0.046031703190870986, 0.05293858051300038, 0.5684637864328954], "extents": [0.47466741908403537, 1.2774424552917478, 0.06294658636346939], "rotate_angle": 11.12, "rotate_angle_pred": 13.26744703711536}