{"centroid": [0.15622416816930285, -0.11589670181274418, 0.28726450513955626], "extents": [0.5528349779933137, 0.7169758677482605, 0.048765073610740006], "rotate_angle": 6.1, "rotate_angle_pred": 7.8469215257695595}