{"centroid": [-0.36626524731067467, -0.11871632933616638, 0.24938296822610773], "extents": [0.6208209307522423, 0.7839547991752625, 0.05456853580711338], "rotate_angle": 11.35, "rotate_angle_pred": 6.485696795444781}