{"centroid": [-0.0037505577111942787, -0.14002081751823425, 0.424890256156569], "extents": [0.7665320008853311, 0.7875753045082093, 0.08080218700794256], "rotate_angle": 44.93, "rotate_angle_pred": 36.25813261325135}