{"centroid": [-0.3643618908006485, -0.13228410482406616, 0.2605261360784843], "extents": [0.6392416999571596, 0.7825143337249756, 0.051405139633586755], "rotate_angle": 18.13, "rotate_angle_pred": 13.488764692963997}