{"centroid": [-0.013921034414001825, -0.11617511510849006, 0.38437696542993954], "extents": [0.8152965696074783, 0.9110733270645142, 0.06148895837554785], "rotate_angle": 10.71, "rotate_angle_pred": 8.80536908592947}