{"centroid": [-0.03155953607526521, 0.0759824514389037, 0.5668248613582463], "extents": [0.45093394306882983, 1.3120759725570676, 0.06284892695789224], "rotate_angle": -6.81, "rotate_angle_pred": -4.271609656182008}