{"centroid": [-0.008889713758713426, 0.00806877017021175, 0.23688669950460373], "extents": [0.3624295091023717, 0.5944443345069885, 0.052055192609709255], "rotate_angle": -5.68, "rotate_angle_pred": -7.221360322633046}