{"centroid": [-0.07657743181993329, -0.016991555690765422, 0.2259903438062761], "extents": [0.4192639648440469, 0.622420072555542, 0.046325337795100896], "rotate_angle": 15.11, "rotate_angle_pred": 17.008766231672425}