{"centroid": [-0.05163409178242528, -0.026938706636428847, 0.19863225433646908], "extents": [0.47790419743366974, 0.6182342767715454, 0.04897599635334446], "rotate_angle": 42.36, "rotate_angle_pred": 36.02527659306526}