{"centroid": [-0.024148346668234663, -0.14115998148918152, 0.16551339439567891], "extents": [1.632654796635927, 0.6351940035820007, 0.038573742161537306], "rotate_angle": 8.55, "rotate_angle_pred": 7.022725579443986}