{"centroid": [0.2869868360891211, 0.036328911781310945, 0.36990979827263193], "extents": [0.7202903513604066, 0.8290790319442749, 0.04284200749097572], "rotate_angle": -3.98, "rotate_angle_pred": -3.0587497867265654}