{"centroid": [-0.4047034631263364, 0.09582069516181935, 0.3043297542097968], "extents": [0.6067141269324998, 1.0642201900482176, 0.06773187192015057], "rotate_angle": 11.76, "rotate_angle_pred": 13.514374628158336}