{"centroid": [0.16225973418783649, 0.11896970868110648, 0.4412700655726234], "extents": [0.6331088453486969, 0.8366892933845521, 0.026405099406296373], "rotate_angle": 20.1, "rotate_angle_pred": 26.53886143445881}