{"centroid": [-0.4159197078916186, 0.10165143013000477, 0.28383687774680144], "extents": [0.6159139679117618, 1.229084253311157, 0.07025569457796549], "rotate_angle": 12.71, "rotate_angle_pred": 20.1237332476383}