{"centroid": [0.2746202510160465, 0.09918341040611259, 0.44545938058287066], "extents": [0.7146052548445098, 0.9362059831619264, 0.02901703050363552], "rotate_angle": 16.73, "rotate_angle_pred": 22.356630889433262}