{"centroid": [-0.3966307253151537, 0.062335103750228785, 0.3225778186902813], "extents": [0.6226628404141289, 1.0330551862716675, 0.06706146875857638], "rotate_angle": 19.7, "rotate_angle_pred": 22.83614208886877}