{"centroid": [-0.07024604602221673, 0.031000077724456704, 0.5496870705718487], "extents": [0.4792378996072796, 1.2461769580841064, 0.06962954787660747], "rotate_angle": 19.11, "rotate_angle_pred": 20.40305573777593}