{"centroid": [0.21542247745284865, -0.2750280201435089, 0.2075277462831257], "extents": [0.589130216729342, 0.9268937706947327, 0.059754561017398955], "rotate_angle": 27.06, "rotate_angle_pred": 22.64850787321211}