{"centroid": [-0.23646818105745765, -0.30072447657585144, 0.18210442959291706], "extents": [0.519497684425184, 0.9074726700782777, 0.05573481606320624], "rotate_angle": 22.11, "rotate_angle_pred": 9.252930876004669}