{"centroid": [-0.3667153914621757, 0.043391466140747056, 0.36774184615779115], "extents": [0.6131480386680459, 1.0509042739868164, 0.05533039242889032], "rotate_angle": -27.06, "rotate_angle_pred": -28.229749726559625}