{"centroid": [0.163572259759743, 0.06181079149246209, 0.4051591416005912], "extents": [0.7138225927245949, 0.8356096148490906, 0.04099909528380441], "rotate_angle": 4.58, "rotate_angle_pred": 10.02237854403667}