{"centroid": [-0.020678976458912313, -0.20358523726463318, 0.1931103320242187], "extents": [1.538800863305097, 0.700348198413849, 0.04989682227771791], "rotate_angle": 4.1, "rotate_angle_pred": 5.211441134597763}