{"centroid": [0.2295299465984886, 0.0044475197792052945, 0.2586641436523218], "extents": [0.9538568123928013, 1.0587756633758547, 0.10235972558322329], "rotate_angle": 38.43, "rotate_angle_pred": 38.37172702321277}