{"centroid": [0.025942889562261276, -0.2180347740650177, 0.1653926869083458], "extents": [1.4998867551228412, 0.6638161540031434, 0.0434100368271465], "rotate_angle": 29.95, "rotate_angle_pred": 25.80744180852477}