{"centroid": [0.25222588391943446, 0.06700000166893003, 0.4244451923509111], "extents": [0.6359446445913882, 0.911640763282776, 0.03620955979840512], "rotate_angle": 31.79, "rotate_angle_pred": 32.871012968408664}