{"centroid": [-0.023948912597290588, 0.6120461225509644, 0.24546111453561037], "extents": [0.5470741325717385, 0.7502035498619081, 0.032658382859436674], "rotate_angle": -21.6, "rotate_angle_pred": -22.927527572812295}