{"centroid": [-0.40266371764039494, 0.04822617769241325, 0.314635032329587], "extents": [0.6215244958908265, 1.0261887311935425, 0.051166235011230354], "rotate_angle": -2.04, "rotate_angle_pred": -3.70018113806465}