{"centroid": [-0.25301920608476036, -0.050654053688049275, 0.20001601018575801], "extents": [0.4862232222511534, 1.3525435924530027, 0.05793489532772242], "rotate_angle": 8.44, "rotate_angle_pred": 0.6174051254371165}