{"centroid": [0.036930059350201744, -0.2213374376296997, 0.16932950749562856], "extents": [1.4438137845636405, 0.7226320505142213, 0.058286919533919124], "rotate_angle": 27.48, "rotate_angle_pred": 23.572032952508053}