{"centroid": [-0.0007100881279475252, -0.06477880477905282, 0.4030257603463916], "extents": [0.8138126242456182, 0.9739130735397338, 0.06297451340956278], "rotate_angle": -6.71, "rotate_angle_pred": -9.655983064401752}