{"centroid": [-0.3702364516363094, 0.06057551503181449, 0.3118992305271213], "extents": [0.6191080999089053, 1.0111080408096316, 0.06601169908455606], "rotate_angle": 44.67, "rotate_angle_pred": 43.660665265974785}