{"centroid": [0.23122918400508224, 0.3850296065211296, 0.2012939844673253], "extents": [0.5104655002805762, 0.749873161315918, 0.03184851243655082], "rotate_angle": 8.17, "rotate_angle_pred": 8.68484582495303}