{"centroid": [0.302684259788487, 0.020982474088668802, 0.42598186948591493], "extents": [0.6543025313601636, 0.8601155877113343, 0.040506597231859676], "rotate_angle": 30.77, "rotate_angle_pred": 28.97466324324884}