{"centroid": [0.0306717940993068, -0.4552758038043976, 0.21986050328299028], "extents": [0.48633986691957254, 0.581441104412079, 0.06271024045808268], "rotate_angle": -30.83, "rotate_angle_pred": -27.50865455850012}