{"centroid": [-0.39590872127831694, 0.08275759220123281, 0.30673780194612343], "extents": [0.6061307665154081, 1.027147650718689, 0.06110861401195078], "rotate_angle": 12.67, "rotate_angle_pred": 14.271128368437886}