{"centroid": [0.024680566680245056, -0.2373229265213013, 0.20811383260019342], "extents": [1.4574987895729024, 0.6726084947586061, 0.05446100982805996], "rotate_angle": 29.76, "rotate_angle_pred": 27.393917894686297}