{"centroid": [-0.0707205958998991, 0.025323092937469385, 0.4802655366578957], "extents": [0.7626470847023701, 1.053768277168274, 0.0658761703329212], "rotate_angle": -12.56, "rotate_angle_pred": -11.86800071839879}