{"centroid": [0.23649313995987561, 0.040707826614379855, 0.25326580028997847], "extents": [0.9551894022128944, 1.026430606842041, 0.10058583270126834], "rotate_angle": 20.63, "rotate_angle_pred": 24.75668897629268}