{"centroid": [0.4528109165118574, 0.0181187093257903, 0.14277369928610317], "extents": [0.7962518304070044, 0.7972118854522705, 0.06181973940436976], "rotate_angle": -38.4, "rotate_angle_pred": -41.90440032786932}