{"centroid": [-0.4120887858003599, -0.03889539837837219, 0.32007369761023174], "extents": [0.6604444971154981, 0.8026549220085144, 0.06636375179315579], "rotate_angle": -27.78, "rotate_angle_pred": -27.276045760711177}