{"centroid": [0.22800912653285213, 0.01971408724784849, 0.43413724587270364], "extents": [0.6259487236799759, 0.7805553078651429, 0.06635893099678636], "rotate_angle": 36.91, "rotate_angle_pred": 38.432714408257084}