{"centroid": [0.005136159632660037, -0.1833364367485047, 0.4274180227363848], "extents": [0.770693015908229, 0.7925643920898438, 0.08195513612097355], "rotate_angle": 17.8, "rotate_angle_pred": 17.405359277233913}