{"centroid": [-0.058543653234686625, -0.4084136486053467, 0.2628677538578634], "extents": [0.639704642816222, 0.7979190349578859, 0.0689519045728188], "rotate_angle": -21.72, "rotate_angle_pred": -22.31614261320007}