{"centroid": [-0.040789839304479186, 0.6184883713722229, 0.2681278273620937], "extents": [0.6267461173978237, 0.8236200213432312, 0.05410587781836676], "rotate_angle": 7.48, "rotate_angle_pred": 0.8329782766620895}