{"centroid": [-0.04948894351978049, -0.23641595244407654, 0.17805077044744239], "extents": [1.268075076488338, 0.8092511296272279, 0.09983087823877168], "rotate_angle": -19.46, "rotate_angle_pred": -17.945660124477897}