{"centroid": [-0.04581390001775286, 0.041627407073974526, 0.5825064597731099], "extents": [0.47936827380093483, 1.3037314414978027, 0.06131515335147342], "rotate_angle": 13.04, "rotate_angle_pred": 14.82344434247085}