{"centroid": [0.013796729582321116, 0.013124763965606648, 0.23328303717255314], "extents": [0.38969927776220337, 0.6219563484191895, 0.048821676209318876], "rotate_angle": 15.57, "rotate_angle_pred": 17.97816604896724}