{"centroid": [-0.1301986959643886, 0.0016357898712157787, 0.22617910662510524], "extents": [0.41161597979603837, 0.6137048006057739, 0.06335735506453274], "rotate_angle": 1.67, "rotate_angle_pred": -0.30098524060007037}