{"centroid": [-0.3583037576888395, -0.08930239081382753, 0.2576945308726293], "extents": [0.613244847928295, 0.8232255578041077, 0.07466966858108812], "rotate_angle": 24.84, "rotate_angle_pred": 21.916279742927657}