{"centroid": [0.27169135569945135, -0.06212064623832709, 0.29001887175506175], "extents": [0.5912522587644072, 0.7458327412605286, 0.0750016931715704], "rotate_angle": -19.55, "rotate_angle_pred": -24.847608022608597}