{"centroid": [-0.01483464911080503, -0.01786962151527413, 0.453682902546885], "extents": [0.8235457102085197, 0.8845381140708923, 0.07877244206947037], "rotate_angle": -16.08, "rotate_angle_pred": -17.482360819006644}