{"centroid": [0.3506931029067621, -0.0984338819980622, 0.24316348318347408], "extents": [0.6097037799030436, 0.8262993693351744, 0.050077341552998395], "rotate_angle": -21.11, "rotate_angle_pred": -26.403031336883437}