{"centroid": [-0.3824017652536279, -0.08395481109619143, 0.2411336889087609], "extents": [0.6269758869930816, 0.8781361579895018, 0.05828708345361849], "rotate_angle": 14.33, "rotate_angle_pred": 11.165033637462827}