{"centroid": [0.13874994806274865, -0.09196802973747256, 0.3144794246910197], "extents": [0.5456147253160532, 0.6893111467361449, 0.0749330081732511], "rotate_angle": 8.43, "rotate_angle_pred": 13.582078389045122}