{"centroid": [0.03474557749103792, -0.13842737674713135, 0.17382474975133605], "extents": [1.5387258503291794, 0.6140056252479555, 0.03875468664680046], "rotate_angle": 35.89, "rotate_angle_pred": 31.448648841741587}