{"centroid": [0.017794181895904232, -0.04590737819671636, 0.4039710601151466], "extents": [0.8338800065357762, 0.9519693851470947, 0.06277360761621603], "rotate_angle": 40.44, "rotate_angle_pred": 30.94878528030769}