{"centroid": [0.012447319131264158, -0.14838731288909918, 0.35028424745151626], "extents": [0.7962607677176523, 0.9630705118179321, 0.06619675404122405], "rotate_angle": 37.78, "rotate_angle_pred": 35.27645703839394}