{"centroid": [-0.05501646822880074, -0.196709543466568, 0.19333607692867885], "extents": [1.4234910225989643, 0.7623563408851624, 0.06984254823166994], "rotate_angle": 7.98, "rotate_angle_pred": 10.096002218707795}