{"centroid": [0.36812519724586457, -0.030711531639099184, 0.25677552708458384], "extents": [0.700044857111711, 0.8185036778450012, 0.05414100633790064], "rotate_angle": -29.11, "rotate_angle_pred": -30.16058423776216}