{"centroid": [0.39508790919580505, 0.0016408264636992714, 0.2886680206199156], "extents": [0.6638969075612504, 0.8104242086410525, 0.052239059557183554], "rotate_angle": 7.72, "rotate_angle_pred": 6.326688741726301}