{"centroid": [-0.3973408022593246, -0.11966735124588013, 0.28885021382285325], "extents": [0.6324477718356604, 0.7558783292770387, 0.06665161174636758], "rotate_angle": -32.92, "rotate_angle_pred": -32.0128798517373}