{"centroid": [-0.36990209856798795, -0.045088797807693565, 0.2980491331994321], "extents": [0.6562062109128346, 0.8308377861976624, 0.05743434458066671], "rotate_angle": 28.84, "rotate_angle_pred": 25.16780427297209}