{"centroid": [-0.12306437491065925, 0.479386419057846, 0.24610814716232518], "extents": [0.4261246310419209, 0.7456828951835632, 0.023467423321814312], "rotate_angle": -35.13, "rotate_angle_pred": -39.500253771958235}