{"centroid": [0.15489722335631229, -0.2414425015449524, 0.19587470122859543], "extents": [0.5028116773318313, 1.0153496265411377, 0.04111302701483732], "rotate_angle": 17.03, "rotate_angle_pred": 12.38809844280479}