{"centroid": [-0.24305713827268377, -0.2624359130859375, 0.21573885392948736], "extents": [0.48206406687600734, 1.0908054113388062, 0.06776845434906456], "rotate_angle": -16.52, "rotate_angle_pred": -22.308532621998438}