{"centroid": [-0.028032128193702092, -0.1664576232433319, 0.36101547818429425], "extents": [0.869536406376184, 0.8651500344276429, 0.06030837864304178], "rotate_angle": 32.04, "rotate_angle_pred": 31.804234264242368}