{"centroid": [-0.007535006370198667, -0.02806669473648074, 0.35104676630317505], "extents": [0.7284429538368802, 1.3141282796859741, 0.05189874674916811], "rotate_angle": 25.32, "rotate_angle_pred": 25.887924901844983}