{"centroid": [0.0342777497466292, -0.25682976841926575, 0.21968952579313922], "extents": [1.2885301132083162, 0.8010329604148867, 0.06987872730044067], "rotate_angle": 31.43, "rotate_angle_pred": 30.950624913492334}