{"centroid": [0.1012497249743069, 0.6250424683094025, 0.19387304064921612], "extents": [0.5012997895500169, 0.5721274018287661, 0.036228026548762976], "rotate_angle": 28.14, "rotate_angle_pred": 21.475062449963744}