{"centroid": [-0.030983492852795724, -0.14882111549377441, 0.13552263507179652], "extents": [1.4855537553743656, 0.5939872860908509, 0.04386935424186013], "rotate_angle": 24.15, "rotate_angle_pred": 20.709434403348553}