{"centroid": [-0.14684230272112964, 0.06322905421257019, 0.2049614521825758], "extents": [0.36988138890278077, 0.7941854000091553, 0.05030005389551659], "rotate_angle": -19.72, "rotate_angle_pred": -26.009391698199785}