{"centroid": [-0.1888810563084584, 0.23506492376327515, 0.2163752881525071], "extents": [0.3675768405302756, 0.8204912543296814, 0.045735158398319514], "rotate_angle": -32.19, "rotate_angle_pred": -34.078212185621084}