{"centroid": [0.046495009074837404, -0.23220688104629517, 0.11168564053641959], "extents": [0.48986572311925336, 0.8178907632827759, 0.02572868034296419], "rotate_angle": 40.12, "rotate_angle_pred": 27.94395472189025}