{"centroid": [0.01608553024386989, -0.14005056023597717, 0.18994474703980194], "extents": [0.5931537286556857, 0.9125018715858461, 0.041882046521813654], "rotate_angle": 42.31, "rotate_angle_pred": 35.14861210793106}