{"centroid": [0.12254314863799791, 0.2760073393583297, 0.28748643427863785], "extents": [0.6153222955063711, 0.5883868932724, 0.048318375189045915], "rotate_angle": 13.79, "rotate_angle_pred": 19.672970874661075}