{"centroid": [0.3558418433237295, -0.0830183625221252, 0.20468726464139592], "extents": [0.5049806727256854, 1.2945717573165891, 0.09169852541109816], "rotate_angle": 37.25, "rotate_angle_pred": 32.66820750613721}