{"centroid": [-0.283163197323924, -0.24815833568572998, 0.21267232639046857], "extents": [0.568182412720789, 0.8684996366500856, 0.03406740003432976], "rotate_angle": 26.93, "rotate_angle_pred": 22.4389305731531}