{"centroid": [-0.1312021032761656, 0.27282907068729395, 0.3087691045700681], "extents": [0.5242291063243659, 0.8218979835510255, 0.04176990291710159], "rotate_angle": -43.74, "rotate_angle_pred": -46.98692728806634}