{"centroid": [0.30826796187465205, -0.22857549786567682, 0.23599111662060693], "extents": [0.6108231695030208, 0.9310467839241027, 0.05771269046440483], "rotate_angle": 24.96, "rotate_angle_pred": 22.42531163175056}