{"centroid": [-0.025370677161772652, -0.1534551978111267, 0.2869590267502402], "extents": [0.5553435727248107, 1.049274206161499, 0.05460460527288974], "rotate_angle": -28.09, "rotate_angle_pred": -26.289689761509173}