{"centroid": [0.04403823596673006, 0.6767370700836182, 0.24950219704692242], "extents": [0.6232252154461569, 0.594588577747345, 0.0745572898818074], "rotate_angle": 21.28, "rotate_angle_pred": 17.87527159295182}