{"centroid": [0.001326003977863359, -0.5498572587966919, 0.1888748940149403], "extents": [0.5240527291259371, 0.6878638267517091, 0.06008089591455168], "rotate_angle": 10.28, "rotate_angle_pred": 8.483844957264239}