{"centroid": [0.033014133399236006, -0.17764446139335635, 0.1770170673236057], "extents": [1.5791125270934265, 0.623649060726166, 0.03047342965831948], "rotate_angle": 39.43, "rotate_angle_pred": 33.57199427440432}