{"centroid": [-0.02084306642325843, -0.2378123700618744, 0.3326059282699855], "extents": [0.8919517473166468, 0.8051040768623353, 0.060901854701298386], "rotate_angle": 15.53, "rotate_angle_pred": 16.292720098534275}