{"centroid": [-0.05434896476802542, -0.10969293117523204, 0.4607717602964221], "extents": [0.7648049517528933, 0.9065971374511721, 0.10141284663776107], "rotate_angle": 15.15, "rotate_angle_pred": 17.40522909662262}