{"centroid": [-0.04530795949551959, 0.012942522764205891, 0.148498655163102], "extents": [1.6678638109760104, 0.6497999429702761, 0.07446676337096456], "rotate_angle": -20.01, "rotate_angle_pred": -23.24545126455439}