{"centroid": [0.009628964902580299, -0.04700872302055367, 0.48139953043672656], "extents": [0.7795768499685243, 0.8928110599517822, 0.058208894876981665], "rotate_angle": 24.08, "rotate_angle_pred": 17.912907833997608}