{"centroid": [-0.020705673981487635, -0.1663946509361267, 0.1739489011872532], "extents": [1.6005893739910162, 0.6692061424255371, 0.044990769940345704], "rotate_angle": 7.94, "rotate_angle_pred": 7.290724279958241}