{"centroid": [-0.01070389564808829, -0.08517321944236762, 0.40062803550770787], "extents": [0.8153411624566078, 0.9676708579063416, 0.06345800960899894], "rotate_angle": 9.15, "rotate_angle_pred": 7.6803731820952805}