{"centroid": [-0.08189861094274362, -0.2534604072570801, 0.203772049763079], "extents": [1.0674713967862666, 0.879767656326294, 0.08654151952435019], "rotate_angle": -31.19, "rotate_angle_pred": -30.11078070109815}