{"centroid": [-0.06831499225824705, -0.37390661239624023, 0.21046378794669543], "extents": [0.43809069119254795, 0.7927491664886476, 0.07077028005322217], "rotate_angle": -26.11, "rotate_angle_pred": -27.239712229855733}