{"centroid": [-0.11687549671068753, -0.01850676536560062, 0.24238953082427758], "extents": [0.3856875816657649, 0.581899106502533, 0.07743938107014056], "rotate_angle": -18.1, "rotate_angle_pred": -24.027165726036117}