{"centroid": [-0.3887307682499238, -0.07969468832015991, 0.27099750271438006], "extents": [0.6288507054184234, 0.9260414838790895, 0.061667215760351], "rotate_angle": -18.56, "rotate_angle_pred": -20.614430370353915}