{"centroid": [0.3264392438270493, -0.0848524272441864, 0.31570085709136964], "extents": [0.5636254598092207, 0.770819365978241, 0.06051559426417513], "rotate_angle": 20.65, "rotate_angle_pred": 23.067973267387416}