{"centroid": [0.3492244989893236, -0.09701716899871833, 0.2551708827954375], "extents": [0.6347658114230332, 0.8330082893371581, 0.05425066565933964], "rotate_angle": -15.7, "rotate_angle_pred": -19.00479911094169}