{"centroid": [0.00366868408262324, -0.08658963441848755, 0.4146212147620497], "extents": [0.8093660285791073, 0.9649571180343628, 0.06974376576042313], "rotate_angle": -26.78, "rotate_angle_pred": -27.20103297221788}