{"centroid": [-0.01545810053574359, 0.019553065299987682, 0.47110941100513903], "extents": [0.7684425776697114, 1.1248782873153684, 0.06560689266442221], "rotate_angle": 1.29, "rotate_angle_pred": -1.4079408909418731}