{"centroid": [0.3511421432057187, 0.06675678491592402, 0.139166618084355], "extents": [0.9343078053969445, 0.876351833343506, 0.0651361489506632], "rotate_angle": -34.54, "rotate_angle_pred": -32.38186193659918}