{"centroid": [-0.01894417361257142, -0.16335663199424744, 0.3636787552629168], "extents": [0.8690981229909516, 0.874933421611786, 0.06500865489894792], "rotate_angle": 43.03, "rotate_angle_pred": 38.80159314321219}