{"centroid": [0.19736824932848668, -0.30983394384384155, 0.2499422601638888], "extents": [0.6694221953757431, 0.7444711923599243, 0.05019169941730439], "rotate_angle": -1.27, "rotate_angle_pred": -1.586423236209498}