{"centroid": [0.17606862223736608, 0.35222912579774845, 0.2977639867078416], "extents": [0.6755746534783905, 0.7537128925323485, 0.046014919412335265], "rotate_angle": -0.49, "rotate_angle_pred": 0.42512829936727314}