{"centroid": [-0.3052839996040233, -0.2454994022846222, 0.20667829850388164], "extents": [0.5683301765695306, 0.930826485157013, 0.04514203655451049], "rotate_angle": 10.35, "rotate_angle_pred": 3.8250635811540974}