{"centroid": [-0.28673867732184405, 0.11819499731063833, 0.23894778303010136], "extents": [0.552253604965662, 0.9043811559677124, 0.03597622371472137], "rotate_angle": 13.04, "rotate_angle_pred": 12.878936238599493}