{"centroid": [0.1686777767644181, -0.037085652351379395, 0.20491267465570573], "extents": [0.621601284687067, 1.2247099876403809, 0.14825332191877472], "rotate_angle": -32.88, "rotate_angle_pred": -34.414241370207904}