{"centroid": [-0.2575572168681286, 0.04896628856658933, 0.18979929011237393], "extents": [0.4855000359402842, 1.4905853271484375, 0.10302455686577763], "rotate_angle": 31.97, "rotate_angle_pred": 30.63370777746374}