{"centroid": [-0.02230520788947095, 0.06658619642257683, 0.48937015047002486], "extents": [0.700156913657338, 1.1070318222045898, 0.06980012968192945], "rotate_angle": -32.7, "rotate_angle_pred": -32.22645383860033}