{"centroid": [-0.3901281718435844, -0.08582895994186401, 0.2923293160338096], "extents": [0.6177477214383761, 0.8645328283309937, 0.06247916418658911], "rotate_angle": -42.83, "rotate_angle_pred": -34.67095492560606}