{"centroid": [0.3637022853442552, -0.02252945303916932, 0.3241324077442775], "extents": [0.628427918940179, 0.802654504776001, 0.03591186904136434], "rotate_angle": 21.9, "rotate_angle_pred": 20.13293675923242}