{"centroid": [-0.04764200376332686, -0.1675652265548706, 0.3301078344282758], "extents": [0.9086732261367183, 0.8717206716537477, 0.10389055303715267], "rotate_angle": -20.53, "rotate_angle_pred": -21.996752370266734}