{"centroid": [0.003292881151126803, -0.221513032913208, 0.1973364703742033], "extents": [1.5247950812091782, 0.7144808769226075, 0.05003701607675476], "rotate_angle": 3.79, "rotate_angle_pred": 5.185810868283312}