{"centroid": [-0.03711223355639323, -0.2766053080558777, 0.14978592367222457], "extents": [1.4446946258518378, 0.7106757164001467, 0.0753108703586338], "rotate_angle": -27.08, "rotate_angle_pred": -27.298251078667697}