{"centroid": [-0.37351023925398397, -0.09285777807235726, 0.27375320718808704], "extents": [0.6314964742911332, 0.7954090833663943, 0.05695637554944613], "rotate_angle": 8.24, "rotate_angle_pred": 3.290667023214354}