{"centroid": [0.14848937818752383, -0.26499396562576294, 0.272009622158763], "extents": [0.5884793404099101, 0.6235405206680298, 0.07303877924051125], "rotate_angle": -28.68, "rotate_angle_pred": -29.520982940303256}