{"centroid": [0.11677583127064028, 0.16327914595603937, 0.43488978628307823], "extents": [0.6510211655405305, 0.7965530753135682, 0.04347073173280547], "rotate_angle": 36.43, "rotate_angle_pred": 41.29560320435249}