{"centroid": [-0.3855739040856853, 0.11252957582473744, 0.3418127915399851], "extents": [0.6546912724540266, 0.956527829170227, 0.05569915045798557], "rotate_angle": 29.85, "rotate_angle_pred": 36.11426010186254}