{"centroid": [0.30519709137763995, 0.035972177982330225, 0.37451827039683505], "extents": [0.6300625952243457, 0.9565558433532715, 0.03515195930890014], "rotate_angle": 4.65, "rotate_angle_pred": 4.067528043068762}