{"centroid": [0.005923418002887766, 0.008184760808944647, 0.23054486693595705], "extents": [0.3760814650810711, 0.606790781021118, 0.051777500439808194], "rotate_angle": 10.11, "rotate_angle_pred": 11.081499483111529}