{"centroid": [-0.05926530656200752, -0.020567506551742568, 0.22810955838529073], "extents": [0.41927814011498205, 0.6147729158401489, 0.0537295447199988], "rotate_angle": 23.59, "rotate_angle_pred": 25.15304323050897}