{"centroid": [-0.4204651894832264, -0.0857388973236084, 0.2592630634959443], "extents": [0.788764543789908, 0.7915459871292114, 0.04525514362048849], "rotate_angle": -14.52, "rotate_angle_pred": -16.67935679844554}