{"centroid": [0.06391691041284846, 0.062482118606567286, 0.5463855935755507], "extents": [0.4290996801628988, 1.3231383562088013, 0.06334327178578769], "rotate_angle": -33.73, "rotate_angle_pred": -36.41410953545137}