{"centroid": [-0.061577863349339255, -0.08922028541564955, 0.4920080322401653], "extents": [0.7049917636380538, 0.8112062811851503, 0.0969018050016191], "rotate_angle": 12.09, "rotate_angle_pred": 16.621598557831035}