{"centroid": [-0.3239363149438859, 0.019252985715866013, 0.3215615075663545], "extents": [0.5981303912956628, 0.8314390182495117, 0.06176530428800131], "rotate_angle": 3.33, "rotate_angle_pred": 4.0618050806680515}