{"centroid": [0.13956071163630618, 0.07113596796989434, 0.4045590629040076], "extents": [0.5869114399759734, 0.7705116868019104, 0.04184265435314849], "rotate_angle": 11.38, "rotate_angle_pred": 20.636368283276767}