{"centroid": [-0.04173825747304987, 0.0926037430763244, 0.2721658791483046], "extents": [0.5502411858662514, 1.0614118576049805, 0.04482224694024006], "rotate_angle": -15.77, "rotate_angle_pred": -16.673837853601427}