{"centroid": [0.24077470211172547, 0.011306256055831826, 0.3577925709965513], "extents": [0.7373097893618467, 0.8151643872261048, 0.06105630644949167], "rotate_angle": -35.63, "rotate_angle_pred": -32.34910072221807}