{"centroid": [-0.37652106199082475, -0.03126728534698487, 0.33043691663766117], "extents": [0.644158348947366, 0.817896842956543, 0.06500568840671928], "rotate_angle": -10.0, "rotate_angle_pred": -14.093983852444794}