{"centroid": [-0.001832770971303535, -0.07761126756668102, 0.3975698882049007], "extents": [0.8147697899093191, 0.9566584825515749, 0.0589322660756918], "rotate_angle": 14.67, "rotate_angle_pred": 11.447054425920214}