{"centroid": [-0.02473963596964064, -0.02253830432891847, 0.07305560104438191], "extents": [1.6051124571872597, 0.5952448248863221, 0.08738453815555924], "rotate_angle": -41.81, "rotate_angle_pred": -39.719524797516}