{"centroid": [-0.02865924809695368, -0.0068005323410034735, 0.2717863109454373], "extents": [1.7015467528717982, 0.5527716875076295, 0.05266297499224604], "rotate_angle": 21.23, "rotate_angle_pred": 21.134282588675816}