{"centroid": [-0.09583732354933894, 0.039345055818557725, 0.10647996579009106], "extents": [0.3953527763595345, 1.000502943992615, 0.14092331965754828], "rotate_angle": -23.19, "rotate_angle_pred": -27.972558404076928}