{"centroid": [-0.004802026448927604, -0.2907658815383911, 0.2762279298869113], "extents": [1.1663319173929798, 0.798466444015503, 0.05961704035721832], "rotate_angle": 14.71, "rotate_angle_pred": 23.3209172768412}