{"centroid": [-0.1136247585877356, 0.03918558359146118, 0.11660704642308281], "extents": [0.41210048586468234, 1.0058062076568604, 0.1340219203301792], "rotate_angle": -25.59, "rotate_angle_pred": -30.74067248467989}