{"centroid": [0.008727813027008952, -0.6085976213216782, 0.18780539263494717], "extents": [0.5323914279308852, 0.46452990174293507, 0.0589445269472432], "rotate_angle": -3.33, "rotate_angle_pred": -7.074929748618885}