{"centroid": [-0.05668532193005601, -0.22924488782882702, 0.2514522459492662], "extents": [0.519214396537916, 1.0693777799606328, 0.058531266250260755], "rotate_angle": -14.96, "rotate_angle_pred": -17.074464834368698}