{"centroid": [-0.35892972882672075, -0.03508684039115907, 0.3447077505925951], "extents": [0.6106773720496967, 0.8313708901405338, 0.07854156331951101], "rotate_angle": -38.93, "rotate_angle_pred": -34.86182490465943}