{"centroid": [-0.133349299346249, -0.028315454721450806, 0.2133117982431961], "extents": [0.416051377360265, 0.5947847366333008, 0.0952945923765465], "rotate_angle": -27.52, "rotate_angle_pred": -29.01193328285099}