{"centroid": [0.2551916034758654, -0.07851296663284298, 0.20578249237487556], "extents": [0.5643453068464727, 1.2873198986053465, 0.057392631402275296], "rotate_angle": 4.54, "rotate_angle_pred": 0.9207280921734906}