{"centroid": [-0.2940846629185343, -0.029640793800354018, 0.18827351130336506], "extents": [0.49720585132044404, 1.3948253393173218, 0.05788628359535791], "rotate_angle": 9.33, "rotate_angle_pred": 9.799600511334688}