{"centroid": [-0.19884509140381212, -0.024448037147521973, 0.19170569905314913], "extents": [0.41752922962902367, 1.6047098636627197, 0.08546276478150328], "rotate_angle": 1.2, "rotate_angle_pred": -4.684381407784002}