{"centroid": [0.1776190014458668, -0.06653851270675659, 0.18722758775569148], "extents": [0.41923440040902527, 1.5654219388961792, 0.07384206449411868], "rotate_angle": 24.29, "rotate_angle_pred": 13.373806795830717}