{"centroid": [-0.012041060917704599, 0.03588044643402097, 0.2761691676462112], "extents": [0.5906613598656856, 1.5498707294464111, 0.10836701332754914], "rotate_angle": 35.53, "rotate_angle_pred": 26.142692727483265}