{"centroid": [0.16874258210961726, -0.037758469581604004, 0.21553335762920325], "extents": [0.5150973817241592, 1.5802384614944458, 0.06917046037884769], "rotate_angle": -40.04, "rotate_angle_pred": -35.11875522274933}