{"centroid": [-0.3724797984644516, -0.08901762962341309, 0.2844446188632073], "extents": [0.6035878659265621, 0.8083406686782837, 0.07305687667114558], "rotate_angle": -29.78, "rotate_angle_pred": -28.505313912623613}