{"centroid": [-0.0928583776496996, 0.25415650010108937, 0.2988530268449904], "extents": [0.6149341933194309, 1.33291494846344, 0.09716507591967832], "rotate_angle": 17.86, "rotate_angle_pred": 19.865232759526606}