{"centroid": [0.07294125194041484, -0.5549520254135132, 0.26470597745173857], "extents": [0.6600355659410035, 0.48720335960388195, 0.07376723162984875], "rotate_angle": 33.76, "rotate_angle_pred": 17.138288564619188}