{"centroid": [0.002046838342661818, -0.09034541249275213, 0.4685687211423734], "extents": [0.7684855071348047, 0.9656273722648622, 0.0745210220550826], "rotate_angle": -37.19, "rotate_angle_pred": -36.43286786389478}