{"centroid": [-0.041601310405691094, -0.06585615873336795, 0.19613856243254596], "extents": [1.4810530724283826, 0.8546798229217529, 0.067596239937283], "rotate_angle": 2.51, "rotate_angle_pred": 0.47168876048361597}