{"centroid": [-0.022462081158648665, -0.04778873920440681, 0.5077636238268609], "extents": [0.7021537276469231, 1.0049943923950195, 0.08037659357982113], "rotate_angle": -14.25, "rotate_angle_pred": -13.404769104915928}