{"centroid": [0.14402022244823642, -0.06540030241012575, 0.37088204547749887], "extents": [0.5873330742413629, 0.6917085647583009, 0.07841193557023118], "rotate_angle": 31.55, "rotate_angle_pred": 37.85158935859299}