{"centroid": [-0.381102476844351, -0.1196911633014679, 0.2627779955007486], "extents": [0.6356125513983901, 0.7621896862983704, 0.06484405737207291], "rotate_angle": -2.52, "rotate_angle_pred": -8.217740669532702}