{"centroid": [-0.3679902061904944, -0.10601022839546204, 0.26228884692701204], "extents": [0.613818047762823, 0.8162292838096619, 0.054217435272227193], "rotate_angle": 5.87, "rotate_angle_pred": 2.7097078610515126}