{"centroid": [0.005454506480243322, 0.02298170328140256, 0.30551845780292963], "extents": [0.684888186107003, 1.4559804201126099, 0.09976016014674338], "rotate_angle": 40.58, "rotate_angle_pred": 35.06038698276021}