{"centroid": [-0.06358290512647631, -0.015359669923782411, 0.26206453489847875], "extents": [1.5725073678156962, 0.5968559980392458, 0.06413778607115464], "rotate_angle": 31.62, "rotate_angle_pred": 30.007745449234292}