{"centroid": [-0.05978936979846325, 0.46529832482337946, 0.23818777154153192], "extents": [0.5089187492861447, 0.6205381155014038, 0.03234276838442321], "rotate_angle": 0.02, "rotate_angle_pred": -4.706925576671566}