{"centroid": [-0.2563849932228468, -0.14424866437911982, 0.1875339447929519], "extents": [0.47432315341860426, 1.2375086545944212, 0.05487064643801523], "rotate_angle": 7.85, "rotate_angle_pred": 0.07131875932827825}