{"centroid": [0.037094038098599125, 0.5907764732837676, 0.22071564997344273], "extents": [0.532677241417392, 0.6002415418624878, 0.032464251421848916], "rotate_angle": -6.62, "rotate_angle_pred": -9.946475678764656}