{"centroid": [0.210474051363291, -0.22468304634094238, 0.27338918459813955], "extents": [0.49444120471094644, 1.1827558279037476, 0.04353390576718219], "rotate_angle": -41.43, "rotate_angle_pred": -36.510000312720784}