{"centroid": [-0.04157260801977178, 0.01849055290222157, 0.5046863920985897], "extents": [0.7024591449873177, 1.05762243270874, 0.07361151157237789], "rotate_angle": -1.39, "rotate_angle_pred": -1.979590793823121}