{"centroid": [-0.046875480606562624, -0.15244624018669137, 0.433795642714692], "extents": [0.7603189464358944, 0.8370489478111266, 0.09707237927153883], "rotate_angle": -4.53, "rotate_angle_pred": -4.717886471702286}