{"centroid": [-0.3991975621500282, -0.06739014387130737, 0.3255068401229683], "extents": [0.6330189020009608, 0.8395118117332458, 0.06349427908957084], "rotate_angle": -20.42, "rotate_angle_pred": -20.258044623690225}