{"centroid": [-0.34944688834915716, -0.03042221069335936, 0.25522781962891333], "extents": [0.6635305906308986, 1.2625070810317993, 0.08261693299904038], "rotate_angle": -39.3, "rotate_angle_pred": -38.65278139197815}