{"centroid": [0.3777519515338487, 0.022436916828155518, 0.11763553005450124], "extents": [0.7950599267879634, 1.1623893976211548, 0.05738056877239535], "rotate_angle": -0.75, "rotate_angle_pred": -4.524335544255308}