{"centroid": [-0.019298135302317915, -0.2725849449634552, 0.14071069624441138], "extents": [1.5301529592774963, 0.6876268982887269, 0.05610457218072304], "rotate_angle": -20.69, "rotate_angle_pred": -21.24640754395547}