{"centroid": [-0.014232572155052942, -0.19559216499328613, 0.19609869567766844], "extents": [1.570916335545943, 0.6206064224243165, 0.04001358254581075], "rotate_angle": 10.91, "rotate_angle_pred": 10.461050412905735}