{"centroid": [0.03528637997787772, 0.08321374654769892, 0.29961967365270303], "extents": [0.6074244462392793, 1.6285351514816284, 0.08868092418801093], "rotate_angle": 41.63, "rotate_angle_pred": 31.478492320988465}