{"centroid": [0.025666088593034844, 0.08305710554122914, 0.5859699780758737], "extents": [0.4452622054232363, 1.4176367521286009, 0.06457749179450312], "rotate_angle": -19.58, "rotate_angle_pred": -22.332653510076895}