{"centroid": [0.011872920297632573, -0.14336290955543524, 0.33692647334404], "extents": [0.8907598554542213, 0.9269060492515566, 0.089791309804092], "rotate_angle": -40.86, "rotate_angle_pred": -39.87721322215413}