{"centroid": [-0.3115870549858926, -0.1661602258682251, 0.2174339536412978], "extents": [0.5602675682922781, 1.1176542043685913, 0.05718863762177931], "rotate_angle": -6.7, "rotate_angle_pred": -14.191283156941395}