{"centroid": [-0.07917910347544825, 0.517469972372055, 0.24096190225704153], "extents": [0.5546507307529203, 0.5814703702926636, 0.03524703575789262], "rotate_angle": 11.37, "rotate_angle_pred": 6.12106771864083}