{"centroid": [0.24462689508989532, -0.214430034160614, 0.2190667928669341], "extents": [0.5943442111948813, 1.0138652324676514, 0.049281475238603795], "rotate_angle": 17.58, "rotate_angle_pred": 16.486444789233914}