{"centroid": [-0.3375883998012674, 0.007747113704681369, 0.21048469761927668], "extents": [0.5828594570668029, 1.2678258419036865, 0.04214812819004962], "rotate_angle": 19.91, "rotate_angle_pred": 19.07751715289892}