{"centroid": [0.4323327741411315, 0.010869383811950586, 0.2204143698587264], "extents": [0.6815577001876915, 1.1295137405395508, 0.06306215984230198], "rotate_angle": -27.84, "rotate_angle_pred": -33.110076615800395}