{"centroid": [-0.038290070950936506, -0.24196377396583557, 0.32980018203759887], "extents": [0.8751363945630339, 0.7980476021766661, 0.07249391982522735], "rotate_angle": -1.61, "rotate_angle_pred": -2.558136203772847}