{"centroid": [-0.35551795083588733, -0.08837535977363589, 0.26434457643435727], "extents": [0.6351235076691848, 0.881926953792572, 0.05263241516209796], "rotate_angle": 43.92, "rotate_angle_pred": 37.882803912834476}