{"centroid": [0.35812468350989507, -0.04282337427139283, 0.31463693591520997], "extents": [0.6257448139874309, 0.8441599011421204, 0.049911338385001], "rotate_angle": 21.32, "rotate_angle_pred": 22.634411675062864}