{"centroid": [-0.3789145359086414, -0.02770754694938668, 0.27458072535745714], "extents": [0.640988830960067, 0.8824918866157532, 0.057852547995592835], "rotate_angle": 24.38, "rotate_angle_pred": 22.28998443054182}