{"centroid": [0.3916150690129006, 0.015495181083679158, 0.29392017454828423], "extents": [0.6894594425788436, 0.8327823877334595, 0.03557385874125507], "rotate_angle": 10.06, "rotate_angle_pred": 7.837267133508988}