{"centroid": [-0.06315577855469602, -0.4634465277194977, 0.22917826593520524], "extents": [0.5164815781110599, 0.6602075695991517, 0.07473796602605301], "rotate_angle": -40.1, "rotate_angle_pred": -33.964625773993205}