{"centroid": [-0.2551765759291941, -0.04996550083160401, 0.20474062741676324], "extents": [0.45252704364353535, 1.0734972953796387, 0.053242820945175684], "rotate_angle": 5.1, "rotate_angle_pred": -0.4480198877265025}