{"centroid": [-0.12314152769082926, 0.2932120263576507, 0.24206423853837322], "extents": [0.45021373161667066, 0.78648042678833, 0.03311158726103133], "rotate_angle": -6.83, "rotate_angle_pred": -14.587433119584688}