{"centroid": [0.03707519032732404, 0.5387423038482665, 0.21444717055088489], "extents": [0.5253846781223285, 0.5998010635375977, 0.03450547993009709], "rotate_angle": 1.6, "rotate_angle_pred": -1.2518632151874272}