{"centroid": [0.11628843315677029, -0.06072744727134708, 0.19326557223782773], "extents": [0.48836666166765835, 0.7625126242637634, 0.038941006964902186], "rotate_angle": 1.87, "rotate_angle_pred": -3.312626607665848}