{"centroid": [0.10358140397969985, -0.42683079838752747, 0.20961358240517713], "extents": [0.5648048956465791, 0.6892213225364686, 0.051463822310647805], "rotate_angle": 10.55, "rotate_angle_pred": 4.998399299338416}