{"centroid": [-0.09127879702819355, -0.011582553386688323, 0.44248023664097397], "extents": [0.8705986504811964, 0.8474237322807312, 0.1172411857407415], "rotate_angle": -22.38, "rotate_angle_pred": -22.63691152471982}