{"centroid": [-0.02416548965091765, -0.04505056142807007, 0.23917285941472338], "extents": [1.0536187882219767, 1.1616804599761963, 0.11486995214763682], "rotate_angle": -18.87, "rotate_angle_pred": -18.953679643769277}