{"centroid": [-0.021775319838753457, -0.09671747684478761, 0.3871908220655523], "extents": [0.8369455921154842, 0.9112024307250977, 0.06771529455868353], "rotate_angle": 18.15, "rotate_angle_pred": 15.470301912257412}