{"centroid": [-0.003897177033777538, -0.14353394508361822, 0.05163228549784812], "extents": [1.5981047963605706, 0.635808050632477, 0.05713574824268754], "rotate_angle": -40.57, "rotate_angle_pred": -42.61570156094364}