{"centroid": [-0.07775369487120595, -0.048988521099090604, 0.28421647435437103], "extents": [1.2189202072054481, 0.5972706675529481, 0.11957710749262132], "rotate_angle": 15.85, "rotate_angle_pred": 16.718120910222808}