{"centroid": [-0.000775296670579656, -0.10679206252098089, 0.46536779790270144], "extents": [0.7494786584575897, 0.8437468409538268, 0.07407400212505633], "rotate_angle": 36.38, "rotate_angle_pred": 34.078372254826036}