{"centroid": [0.01771053538976089, 0.6955142319202423, 0.2429066586661821], "extents": [0.6224134995396231, 0.6946518421173096, 0.06617918435080666], "rotate_angle": 26.36, "rotate_angle_pred": 20.11271301700104}