{"centroid": [-0.02762476438738498, -0.4643748104572296, 0.2795215949001308], "extents": [0.6900812824457552, 0.7362753748893738, 0.050779993406752655], "rotate_angle": -30.88, "rotate_angle_pred": -19.82869837531699}