{"centroid": [-0.3250710938509548, -0.011976540088653648, 0.21151979183880373], "extents": [0.5325306724587713, 0.6356720924377441, 0.09326456610843625], "rotate_angle": 26.01, "rotate_angle_pred": 26.292982609136303}