{"centroid": [-0.1721616271072433, 0.2958709374070167, 0.2018835451599085], "extents": [0.5164422359695102, 0.7463132143020631, 0.04911744935574905], "rotate_angle": 37.62, "rotate_angle_pred": 34.9553836007066}