{"centroid": [-0.29968366950760567, -0.23039951920509338, 0.1948744790459308], "extents": [0.5135544647861668, 0.995231568813324, 0.05495743943066153], "rotate_angle": 6.06, "rotate_angle_pred": -0.25206579076284186}