{"centroid": [0.11939380150656104, 0.5174133777618408, 0.24333815440905016], "extents": [0.6287456253822709, 0.6093596816062928, 0.04702380373609738], "rotate_angle": -17.72, "rotate_angle_pred": -20.004515964833885}