{"centroid": [0.03921299109895607, -0.25202739238739014, 0.2070551818404187], "extents": [1.3941734007503688, 0.7051473855972291, 0.061072264613001664], "rotate_angle": 30.7, "rotate_angle_pred": 26.775852493232833}