{"centroid": [0.20046489449394395, -0.038427889347076416, 0.18628891011153528], "extents": [0.5029583524505186, 1.5569993257522583, 0.07651048824406909], "rotate_angle": -0.87, "rotate_angle_pred": -6.041172066435209}