{"centroid": [-0.2392592480297671, -0.05579376220703135, 0.20334269289168008], "extents": [0.45608771469223575, 1.4336013793945317, 0.07992217053673242], "rotate_angle": -20.95, "rotate_angle_pred": -23.462280381793946}