{"centroid": [-0.03512905542648995, -0.23524582386016846, 0.10152230551645915], "extents": [1.4961020146228603, 0.7253404855728152, 0.07451345221638685], "rotate_angle": -39.46, "rotate_angle_pred": -40.96723629168184}