{"centroid": [-0.05170256720214711, -0.45849406719207764, 0.20806984293708572], "extents": [0.5161186306084656, 0.6727863550186158, 0.07427076033603855], "rotate_angle": -24.64, "rotate_angle_pred": -23.257561405998104}