{"centroid": [-0.2587770075663302, -0.10350292921066284, 0.1798640686410693], "extents": [0.4520205834537311, 1.335198998451233, 0.05837814855492998], "rotate_angle": 1.7, "rotate_angle_pred": -1.9527350904878773}