{"centroid": [0.14904941345292205, -0.2653966546058655, 0.23240409095830725], "extents": [0.5094443467136086, 1.0674840211868286, 0.055038358016733985], "rotate_angle": -13.04, "rotate_angle_pred": -12.736166322956933}