{"centroid": [-0.062086996557220775, 0.26281029731035227, 0.20137438170275124], "extents": [0.4537196724215292, 0.7511759400367737, 0.03650897716217272], "rotate_angle": 18.82, "rotate_angle_pred": 12.770590087959803}