{"centroid": [-0.22584755439089374, 0.127433180809021, 0.3088141187790025], "extents": [0.47766065523908274, 0.9870111346244814, 0.04317875199815008], "rotate_angle": -41.97, "rotate_angle_pred": -42.783523167216025}