{"centroid": [-0.2948432495322517, -0.2122281789779663, 0.2577142730242719], "extents": [0.5072071462602794, 1.0825055837631226, 0.061971305705195656], "rotate_angle": -31.52, "rotate_angle_pred": -33.63447107857339}