{"centroid": [-0.04859921902631828, -0.002627521753311199, 0.303927739773549], "extents": [1.7697884623431528, 0.5185739398002625, 0.04993520933078999], "rotate_angle": 16.24, "rotate_angle_pred": 16.083588709912377}