{"centroid": [0.02681531076097307, 0.6927676498889923, 0.22212812385276134], "extents": [0.5828969371466806, 0.6373592019081118, 0.05795087558801859], "rotate_angle": 26.6, "rotate_angle_pred": 18.302208006285227}