{"centroid": [-0.01595038085281663, -0.028177291154861513, 0.46118155196855865], "extents": [0.8163509386678857, 0.8960008025169373, 0.0797822626182843], "rotate_angle": -17.46, "rotate_angle_pred": -19.055678201820996}