{"centroid": [-0.10728209038073999, -0.0026817619800568043, 0.22427324299896273], "extents": [0.39939708569448906, 0.6099644303321838, 0.06149586079543387], "rotate_angle": -0.81, "rotate_angle_pred": -2.7987937630303605}