{"centroid": [-0.06485560606115066, -0.016288250684738173, 0.23090011350951004], "extents": [0.4251811537892607, 0.6168051362037659, 0.049221970529084696], "rotate_angle": 23.83, "rotate_angle_pred": 25.046622931960826}