{"centroid": [-0.12943857844640294, -0.007566839456558283, 0.22112915139683811], "extents": [0.39878411240210837, 0.6076539158821105, 0.06674060416155941], "rotate_angle": -4.38, "rotate_angle_pred": -8.09547178593364}