{"centroid": [-0.3871490197962555, -0.09703332185745239, 0.2673251101318155], "extents": [0.6237412171634444, 0.8898695707321168, 0.0505080303789191], "rotate_angle": -14.99, "rotate_angle_pred": -19.424973201295074}