{"centroid": [0.32019590585715424, -0.09806081652641296, 0.2528791306093561], "extents": [0.6440599448113715, 0.7835937142372132, 0.04934187892224165], "rotate_angle": 42.89, "rotate_angle_pred": 30.783391948851232}