{"centroid": [-0.09367948437389689, 0.5030980408191681, 0.2482756706803063], "extents": [0.5485457054557079, 0.581336498260498, 0.036298050633630397], "rotate_angle": 3.53, "rotate_angle_pred": -4.33294104239954}