{"centroid": [-0.2659002757406086, -0.25240984559059143, 0.18897898577918582], "extents": [0.5262071955811912, 0.9289724230766296, 0.05313799770991379], "rotate_angle": 28.12, "rotate_angle_pred": 17.671436099444264}