{"centroid": [0.05155075103250684, 0.5496522188186646, 0.21580880655753237], "extents": [0.5946444356017663, 0.5335518717765809, 0.05875224329603129], "rotate_angle": -28.65, "rotate_angle_pred": -33.563157096457026}