{"centroid": [0.13979439567686913, 0.5347587168216705, 0.20002927933532405], "extents": [0.49401365952010834, 0.6375004649162292, 0.05380823380568764], "rotate_angle": 44.26, "rotate_angle_pred": 36.43732672140122}