{"centroid": [-0.058528732114799795, -0.12507733702659607, 0.13693302737110524], "extents": [1.6303511145143936, 0.6218858957290649, 0.044302673450051705], "rotate_angle": -6.46, "rotate_angle_pred": -6.621386790654228}