{"centroid": [-0.008944460096990903, -0.25886765122413635, 0.21927284453810295], "extents": [1.4473650621510583, 0.7061986327171326, 0.04944622200825832], "rotate_angle": 24.03, "rotate_angle_pred": 24.38832169979976}