{"centroid": [-0.3501014667630826, -0.09901461005210879, 0.2535127381802884], "extents": [0.6315767223439963, 0.8897727131843567, 0.04813111614946283], "rotate_angle": 44.49, "rotate_angle_pred": 37.8708547181767}