{"centroid": [0.344396437621902, -0.09052124619483953, 0.24946351781308146], "extents": [0.6191291985401061, 0.8422185778617859, 0.05553443888031559], "rotate_angle": -15.33, "rotate_angle_pred": -19.431505690574966}