{"centroid": [0.0005113014863491472, -0.2314178347587585, 0.18989981663632804], "extents": [1.5152836842355517, 0.6744692325592041, 0.06665864500746818], "rotate_angle": 6.38, "rotate_angle_pred": 5.9938363153738266}