{"centroid": [-0.41239858418361874, 0.02656033635139464, 0.33664572408942317], "extents": [0.634474050304309, 1.0110632181167603, 0.06600289163551654], "rotate_angle": -16.07, "rotate_angle_pred": -18.073996051475504}