{"centroid": [0.0012318794523284993, -0.26442041993141174, 0.10287114819241458], "extents": [1.5445312227484276, 0.6722674965858462, 0.06306931362534118], "rotate_angle": -31.74, "rotate_angle_pred": -34.02996486876026}