{"centroid": [-0.08529436318974304, 0.011799663305282496, 0.4680973362583835], "extents": [0.7946525961491921, 0.9551118016242981, 0.11499384261714363], "rotate_angle": -4.7, "rotate_angle_pred": -3.0159267761438997}