{"centroid": [0.1749550709536129, -0.30218422412872314, 0.2459945317837003], "extents": [0.5961209987497877, 0.920962929725647, 0.05005359156095196], "rotate_angle": -7.16, "rotate_angle_pred": -6.048363775306981}