{"centroid": [-0.23091980597464384, -0.31599441170692444, 0.2595058584766234], "extents": [0.5632397620848361, 0.9601363539695741, 0.08327211570282667], "rotate_angle": -37.28, "rotate_angle_pred": -37.43446425486678}