{"centroid": [0.0802342286666046, 0.4809458255767822, 0.24809267336676968], "extents": [0.5682567373505472, 0.5786761641502381, 0.03621889288164565], "rotate_angle": 26.61, "rotate_angle_pred": 27.920325611068193}