{"centroid": [-0.3746399466973251, 0.04677432775497428, 0.36863518374983556], "extents": [0.6120401092769739, 1.0373616218566895, 0.053561147897049466], "rotate_angle": -20.57, "rotate_angle_pred": -24.205034609459588}