{"centroid": [0.336349547140944, -0.141926109790802, 0.2033040471738898], "extents": [0.567689837434287, 1.1423531770706177, 0.07780337352990602], "rotate_angle": 29.63, "rotate_angle_pred": 26.516367698348475}