{"centroid": [0.05482857275417417, -0.03914362192153942, 0.46038604896389196], "extents": [0.8628812212566295, 0.8257893323898318, 0.08353936459487321], "rotate_angle": -44.92, "rotate_angle_pred": -48.47128230367108}