{"centroid": [-0.0786998090955574, 0.05350321531295775, 0.45761295718867556], "extents": [0.7668596319003014, 1.113975167274475, 0.09738024831626413], "rotate_angle": -37.06, "rotate_angle_pred": -35.97058774700481}