{"centroid": [-0.14912540854599685, -0.024038970470428564, 0.25045145921079465], "extents": [1.282930335566383, 0.6280956268310549, 0.07569217454270141], "rotate_angle": 41.31, "rotate_angle_pred": 36.53226440453925}