{"centroid": [-0.2688569770416731, 0.026753485202789223, 0.22999030066423254], "extents": [0.46588241744652414, 1.2280759811401367, 0.07049526227397418], "rotate_angle": -2.25, "rotate_angle_pred": -6.577062104838248}