{"centroid": [0.09699823190089456, -0.3448143005371094, 0.2014087363082287], "extents": [0.5749241126958569, 0.7953163385391236, 0.05584351358811329], "rotate_angle": 22.5, "rotate_angle_pred": 16.36352612847638}