{"centroid": [-0.02801875041761083, -0.3454681932926178, 0.18434825095141733], "extents": [0.49275654495077886, 0.7673662304878236, 0.0523652284707386], "rotate_angle": 36.15, "rotate_angle_pred": 23.726758600231264}