{"centroid": [0.010038872568657979, 0.5164034068584441, 0.21367053328364813], "extents": [0.5259658596548917, 0.6014252305030823, 0.03865814137162116], "rotate_angle": 20.83, "rotate_angle_pred": 19.20927171214923}