{"centroid": [0.3536435955051578, -0.012101382017135731, 0.265829954179128], "extents": [0.7395226499519355, 0.8297931551933289, 0.056270157122103426], "rotate_angle": -30.63, "rotate_angle_pred": -31.122248062837436}