{"centroid": [-0.4021332671090163, -0.051450997591018684, 0.2744923222583472], "extents": [0.6394347134928005, 0.8574528694152832, 0.057794770012655566], "rotate_angle": -8.84, "rotate_angle_pred": -10.403508514995622}