{"centroid": [-0.021380510813637905, 0.6346595883369446, 0.24431814691876286], "extents": [0.5533363893812598, 0.7335407733917236, 0.0339593146854939], "rotate_angle": -18.51, "rotate_angle_pred": -20.636486595468497}