{"centroid": [0.009380957415898915, -0.5850042551755905, 0.1889281151606229], "extents": [0.534134316997489, 0.4846482574939727, 0.06887341889189025], "rotate_angle": 8.09, "rotate_angle_pred": 2.1946051317724766}