{"centroid": [-0.27407074239102197, -0.05473965406417847, 0.2121074846538717], "extents": [0.4607374770658938, 1.4162917137145996, 0.059728120851589656], "rotate_angle": -32.36, "rotate_angle_pred": -28.614873817737234}