{"centroid": [-0.38625639136403234, -0.08297282457351687, 0.25960585971459793], "extents": [0.6229583596298729, 0.8194152116775513, 0.06732045832377787], "rotate_angle": 4.08, "rotate_angle_pred": -0.20456654874239177}