{"centroid": [0.21184875545629456, -0.07751160860061652, 0.23393270039317549], "extents": [0.5082122812083981, 1.3823437690734863, 0.05473142255712185], "rotate_angle": -7.74, "rotate_angle_pred": -11.234478341107675}