{"centroid": [-0.0013159535002271114, -0.21093019843101504, 0.35409402887088814], "extents": [0.8532658868130982, 0.792437255382538, 0.06220524424025481], "rotate_angle": 42.93, "rotate_angle_pred": 37.19525818564989}