{"centroid": [-0.23155797476879791, -0.37450727820396423, 0.21546740379026952], "extents": [0.5442528565632629, 0.8842577338218689, 0.07189786224078701], "rotate_angle": -14.13, "rotate_angle_pred": -21.196603178428433}