{"centroid": [0.14987261281776665, 0.48027403652668, 0.2395564039070146], "extents": [0.4798613127629209, 0.6939014792442322, 0.045495684592453095], "rotate_angle": 39.42, "rotate_angle_pred": 38.76869561645856}