{"centroid": [0.2289615349422327, 0.05887320637702934, 0.3234336016027377], "extents": [0.6945189273469525, 0.557820498943329, 0.11457666813906459], "rotate_angle": -34.78, "rotate_angle_pred": -45.393488631024525}