{"centroid": [-0.32541786340478324, -0.0037740468978882946, 0.2599890974906097], "extents": [0.5770931315032205, 1.2775778770446777, 0.05777629536083054], "rotate_angle": 31.18, "rotate_angle_pred": 28.835988369074627}