{"centroid": [-0.12178327596277622, 0.5433722138404846, 0.2179511466619664], "extents": [0.44287174369696714, 0.6422287821769714, 0.02843988463905381], "rotate_angle": -7.29, "rotate_angle_pred": -18.204221143369466}