{"centroid": [0.04285811746818, -0.5270608961582184, 0.2042899257703425], "extents": [0.5193005890398058, 0.5439550280570984, 0.06407329551348498], "rotate_angle": -4.39, "rotate_angle_pred": -5.948253018419081}