{"centroid": [-0.24055001007250665, 0.015449583530425998, 0.1754666333243392], "extents": [0.4171303007639791, 1.0969740152359009, 0.04362853713768053], "rotate_angle": 20.8, "rotate_angle_pred": 15.060492833961447}