{"centroid": [0.14377499044482203, -0.33211255073547363, 0.2095113803770069], "extents": [0.45994646472076917, 0.8452974557876588, 0.03877628316104567], "rotate_angle": -10.83, "rotate_angle_pred": -16.38187286894059}