{"centroid": [0.3214284244345601, 0.043834596872329615, 0.36334676606915994], "extents": [0.6341610482506435, 0.9665579795837402, 0.036857701440624946], "rotate_angle": 0.03, "rotate_angle_pred": -2.0048470131781784}