{"centroid": [-0.0024342653213344292, -0.3243730962276459, 0.32061000524141636], "extents": [0.7761577891900419, 0.7558528780937195, 0.07799874173836985], "rotate_angle": -36.45, "rotate_angle_pred": -35.16875575105623}