{"centroid": [-0.030389797412132637, 0.4397708177566528, 0.2726637015738434], "extents": [0.8096451676476832, 0.5994414091110231, 0.07347427233363643], "rotate_angle": -19.75, "rotate_angle_pred": -25.494645879405226}