{"centroid": [-0.3734964280717378, 0.05210855603218069, 0.3309960260483449], "extents": [0.626565214702498, 1.016414761543274, 0.05086956146638799], "rotate_angle": 43.57, "rotate_angle_pred": 40.45004053092967}