{"centroid": [0.017012064975812816, -0.3942718207836151, 0.24047919812418259], "extents": [0.5321621384810499, 0.7117176651954652, 0.056998443779800345], "rotate_angle": -44.97, "rotate_angle_pred": -39.48617560847487}