{"centroid": [-0.28239683146226446, -0.127688467502594, 0.20380872784867327], "extents": [0.473467419404864, 1.2217565774917603, 0.05019991948735841], "rotate_angle": -6.02, "rotate_angle_pred": -8.476750745515332}