{"centroid": [0.17337245719489855, -0.2906329035758972, 0.2239566622253202], "extents": [0.5474614943872084, 0.9292283058166504, 0.042129850698942456], "rotate_angle": -3.16, "rotate_angle_pred": -7.098004837678161}