{"centroid": [-0.13075474499822745, -0.018332660198211774, 0.38561843943224205], "extents": [0.9735976736750125, 0.5955262184143066, 0.08714585256105545], "rotate_angle": 3.77, "rotate_angle_pred": -0.6724524514996659}