{"centroid": [-0.0065969046598593276, 0.3328061699867248, 0.32053482852871984], "extents": [0.8683081849868912, 0.4639730751514436, 0.08882646246849102], "rotate_angle": -7.66, "rotate_angle_pred": -7.033690654102344}