{"centroid": [-0.22824332878780684, -0.03361177444458014, 0.3761302122171645], "extents": [0.948095986324544, 0.6280444264411926, 0.10387644270520874], "rotate_angle": -0.39, "rotate_angle_pred": -5.693028969633005}