{"centroid": [-0.023168497668014654, -0.0906506776809693, 0.31872957249160383], "extents": [1.1538697408434688, 0.6214985847473145, 0.11141614545699097], "rotate_angle": -14.98, "rotate_angle_pred": -21.00720670472647}