{"centroid": [-0.05125685573503441, -0.3657153844833374, 0.29078664796286957], "extents": [0.8795753865415425, 0.6631430387496949, 0.10673657239259121], "rotate_angle": -1.38, "rotate_angle_pred": -0.7644548783588476}