{"centroid": [-0.03146016118243584, 0.3538135886192321, 0.3888443816488197], "extents": [0.8393665185780934, 0.4646735191345216, 0.09238866224381848], "rotate_angle": 18.71, "rotate_angle_pred": 22.102517863217443}