{"centroid": [-0.16274528955721557, 0.44913890957832325, -0.5731508791407418], "extents": [2.463733377000456, 0.9327989220619204, 0.03497521124858727], "rotate_angle": 27.22, "rotate_angle_pred": -149.83095473926605}