{"centroid": [0.14452733597629228, -0.08307334780693056, 0.40639605588133343], "extents": [1.2847562888261574, 0.9462559819221498, 0.026387590627271418], "rotate_angle": 31.11, "rotate_angle_pred": 29.32701862690105}