{"centroid": [0.01389555339424077, 0.3644125312566757, 0.23889453144215383], "extents": [0.8738426415596524, 0.5052559375762942, 0.08827987161200399], "rotate_angle": -28.75, "rotate_angle_pred": -35.06748908965002}