{"centroid": [-0.09175437337536206, -0.007182121276855545, 0.28386168138506573], "extents": [1.3238304858837595, 0.7080669403076172, 0.07796828451951873], "rotate_angle": 9.48, "rotate_angle_pred": 8.927155848792637}