{"centroid": [-0.19615892482367348, 0.0075062811374663335, 0.48562143137896707], "extents": [1.003147477794037, 0.6088277101516726, 0.45818617708013415], "rotate_angle": -14.46, "rotate_angle_pred": -18.956980102559797}