{"centroid": [-0.00261599165214077, -0.04703098535537725, 0.24478941191007586], "extents": [1.3908672518547973, 0.696407735347748, 0.08007836448822173], "rotate_angle": -22.27, "rotate_angle_pred": -30.289451312973945}