{"centroid": [0.021328184159638337, -0.0023885667324066717, 0.34368113229842207], "extents": [0.7344303247469459, 0.5154655575752259, 0.10450840161925018], "rotate_angle": -38.04, "rotate_angle_pred": -43.0752306384192}