{"centroid": [-0.10691986990970274, 0.059341222047805675, 0.47323068073058405], "extents": [0.9304991104399205, 0.8335039615631104, 0.08126547705483173], "rotate_angle": -2.9, "rotate_angle_pred": -4.245679604993811}