{"centroid": [-0.04164665941655464, 0.04316523671150202, 0.26890254871553576], "extents": [1.4102374436665728, 0.7741631865501405, 0.09573087178626688], "rotate_angle": -11.43, "rotate_angle_pred": -16.708756824945155}