{"centroid": [-0.11717405965435046, -0.047002166509628365, 0.46715629082017157], "extents": [0.7999482538002705, 0.6683589816093446, 0.14055014772686752], "rotate_angle": -40.26, "rotate_angle_pred": -43.80576234026712}