{"centroid": [-0.09060377379924023, 0.01054111123085015, 0.26917892287723044], "extents": [1.3832163919336329, 0.7456229925155641, 0.08073130313365198], "rotate_angle": -23.53, "rotate_angle_pred": -24.93332795649347}