{"centroid": [-0.03929298069385165, -0.3732026517391205, 0.30821288942134395], "extents": [0.884160722731411, 0.675805389881134, 0.09757451991974403], "rotate_angle": -3.96, "rotate_angle_pred": -3.150108160734149}