{"centroid": [-0.008829318400191036, 0.35716447234153736, 0.3843972949360636], "extents": [0.8752433075567486, 0.4756014943122864, 0.09299109890996038], "rotate_angle": 7.02, "rotate_angle_pred": 11.26823502164497}