{"centroid": [-0.024784339212480383, 0.047703951597213703, 0.17584764037868794], "extents": [1.5608766147832986, 0.7613070011138918, 0.11012062478979935], "rotate_angle": -26.49, "rotate_angle_pred": -29.60324461244751}