{"centroid": [-0.12341370235364552, -0.020379632711410613, 0.4136684328706176], "extents": [1.0055075603066848, 0.718885600566864, 0.08157915394177662], "rotate_angle": -13.3, "rotate_angle_pred": -17.681771562456717}