{"centroid": [-0.016504851062629455, -0.043475508689880385, 0.09641484903405846], "extents": [0.3440678756929247, 1.3470768928527832, 0.6076074911436825], "rotate_angle": 10.67, "rotate_angle_pred": 8.187463424274199}