{"centroid": [-0.08928237341892553, -0.02980703115463257, -0.002781723717814627], "extents": [0.6971727797249907, 1.745695948600769, 0.20067410711064188], "rotate_angle": 9.91, "rotate_angle_pred": 7.191141357048522}