{"centroid": [-0.26332990061239386, 0.017540395259857178, 0.096237050568415], "extents": [0.5785399006909431, 1.713672399520874, 0.17466182788146697], "rotate_angle": -23.34, "rotate_angle_pred": -23.706854945921677}