{"centroid": [-0.13735857522634926, -0.038748562335967976, -0.03414610631517145], "extents": [0.5899590827902934, 1.6992315053939817, 0.2454131236472506], "rotate_angle": 23.82, "rotate_angle_pred": 10.129236173110556}