{"centroid": [0.13089967314172377, -0.05788987874984741, -0.040072225879294515], "extents": [0.5591587291811633, 1.7020455598831177, 0.14185757598981705], "rotate_angle": 26.96, "rotate_angle_pred": 14.155377027560704}