{"centroid": [0.2572564879636329, 0.0018463134765625, 0.2623373185721115], "extents": [0.19324428071774996, 0.8112178444862367, 0.7428729622059149], "rotate_angle": 44.84, "rotate_angle_pred": 41.94638962539841}