{"centroid": [-0.4277665281504069, 0.005618929862976074, 0.22979977152741088], "extents": [0.03917004171957916, 1.1193166971206667, 0.8091356762409434], "rotate_angle": -19.06, "rotate_angle_pred": -20.70524146790943}