{"centroid": [-0.12244058133790006, 0.11251422762870789, 0.0641370056031828], "extents": [0.32327014333471565, 0.8296777009963989, 0.17719475993831463], "rotate_angle": 11.45, "rotate_angle_pred": 4.560080933080428}