{"centroid": [-0.1333832030406097, -0.021378159523010254, 0.09233241021427388], "extents": [0.10148637194054898, 1.0777515172958376, 0.8723643591731001], "rotate_angle": -11.55, "rotate_angle_pred": -3.33374042564148}