{"centroid": [-0.06482041825410964, -0.0690608024597168, 0.03823529931180554], "extents": [0.6833490129952791, 1.645158290863037, 0.13793185346552153], "rotate_angle": 8.86, "rotate_angle_pred": 8.059635353524513}