{"centroid": [-0.0630338807863283, -0.02893739938735962, 0.025973415313206294], "extents": [0.7140064174797964, 1.6621105670928955, 0.1334111529419778], "rotate_angle": -35.26, "rotate_angle_pred": -10.458048544968335}