{"centroid": [-0.007049219986516156, 0.32858492434024805, 0.027054409397334604], "extents": [0.7937380017557504, 0.28803232312202476, 0.9230366281891705], "rotate_angle": 19.06, "rotate_angle_pred": 17.527430791837162}