{"centroid": [-0.006780855452383765, -0.07193750143051147, 0.041579277467320847], "extents": [0.969844603518688, 1.212828397750855, 1.0979802203387976], "rotate_angle": -36.51, "rotate_angle_pred": -32.91663435476252}