{"centroid": [-0.06615062997812537, 0.01831814646720875, 0.4796962155719071], "extents": [0.664589292127434, 1.0223015546798708, 0.7259022066011753], "rotate_angle": -5.2, "rotate_angle_pred": 2.3856600413264744}