{"centroid": [0.03140915175463331, 0.04631060734391214, -0.048072446503111654], "extents": [0.6434720901424077, 0.13891950249671958, 0.8413708401940414], "rotate_angle": 43.45, "rotate_angle_pred": 37.23250523888849}