{"centroid": [-0.004781343871414261, 0.3644646406173706, -0.07390913506808827], "extents": [0.7030703270269268, 0.23279529809951802, 0.7480740978158038], "rotate_angle": 33.37, "rotate_angle_pred": 26.88451025803161}