{"centroid": [-0.01537410990220548, -0.19804875552654266, 0.029652085637860738], "extents": [0.6560392316241493, 0.12972220778465293, 0.9128086478544786], "rotate_angle": -19.36, "rotate_angle_pred": -17.542947772218838}