{"centroid": [-0.02785648593426176, 0.008718356490135184, 0.006901570097838372], "extents": [0.6421822357181236, 0.12533389031887074, 0.8761490648480943], "rotate_angle": 10.72, "rotate_angle_pred": 9.744069538072594}