{"centroid": [-0.029185434758441736, -0.36649003997445107, -0.01743751908716274], "extents": [0.6471974766176312, 0.09240555018186591, 0.9430240867028615], "rotate_angle": 31.89, "rotate_angle_pred": 33.62863836087297}