{"centroid": [-0.03130060403460311, 0.12571821361780167, 0.02105906308021087], "extents": [0.8499394640736933, 0.1414844840765001, 0.6130486716308918], "rotate_angle": -23.8, "rotate_angle_pred": -22.275509692849354}