{"centroid": [0.6129118691459182, 0.08633536845445638, 0.12713099145589304], "extents": [0.5258379565268922, 0.17556250095367443, 0.38086980484794797], "rotate_angle": 36.72, "rotate_angle_pred": 42.70432999487747}