{"centroid": [-0.4624536100791862, -0.008416496217250902, 0.09245626294992584], "extents": [0.2879024165737996, 0.15298503637313857, 0.37968641753642246], "rotate_angle": 43.86, "rotate_angle_pred": 41.435689632085285}