{"centroid": [0.1353204502676374, -0.058287471532821676, 0.2809905721505241], "extents": [0.5149290017853255, 0.14721632003784196, 0.6299398605338483], "rotate_angle": 39.11, "rotate_angle_pred": 42.5086395481201}