{"centroid": [0.027674756640827386, 0.1456583216786385, -0.028782528469882385], "extents": [0.8838779737141822, 0.1571140289306643, 0.5107341895474067], "rotate_angle": 29.72, "rotate_angle_pred": 30.763868067685962}