{"centroid": [-0.20366252253909833, 0.22644021362066286, -0.7306055995023728], "extents": [0.4917289584634969, 0.11471353471279158, 0.6520023902159258], "rotate_angle": -19.32, "rotate_angle_pred": -6.593351571571191}