{"centroid": [0.2277417529636193, -0.060691185295581776, 0.01125467421078323], "extents": [0.3624048204775638, 0.14591012895107283, 0.6294389318026421], "rotate_angle": 26.91, "rotate_angle_pred": 33.3341559674347}