{"centroid": [0.2544244798152216, 0.1978325992822647, -0.001981750669981963], "extents": [0.33884025357950226, 0.1339171826839448, 0.6111298932600826], "rotate_angle": 4.58, "rotate_angle_pred": 8.644959666534305}