{"centroid": [-0.23387674492248445, 0.16196788474917406, 0.01479239610466658], "extents": [0.3868719282234311, 0.12177468091249478, 0.6136419682474128], "rotate_angle": 9.74, "rotate_angle_pred": 7.509970960255416}