{"centroid": [-0.296890233363133, 0.14181514829397202, -0.0006887443331694207], "extents": [0.3027802740832616, 0.11385086178779617, 0.6266558242897534], "rotate_angle": 17.47, "rotate_angle_pred": 16.26745468084374}