{"centroid": [0.0048463144973155264, -0.28195391595363617, 0.1370875732379579], "extents": [0.9143259681412603, 0.19635346531868003, 0.6368583549518891], "rotate_angle": -30.64, "rotate_angle_pred": -30.05450447091971}