{"centroid": [0.025642376126997893, -0.22874028980731964, 0.03265204612156634], "extents": [0.9763844227672044, 0.2842797935009006, 0.9934410064588179], "rotate_angle": 37.13, "rotate_angle_pred": 36.99862633446243}