{"centroid": [0.0028692759615889796, 0.21136915683746338, 0.008996457170047989], "extents": [0.6084835142518312, 0.15259253978729262, 0.39716456706103104], "rotate_angle": -35.36, "rotate_angle_pred": -30.266498489116607}