{"centroid": [0.05897603276670816, 0.14949140697717664, 0.02843068682992743], "extents": [0.5685816347232477, 0.14793756604194647, 0.36797201245334576], "rotate_angle": -5.85, "rotate_angle_pred": -4.466414172481649}