{"centroid": [-0.06219378151672164, 0.015125475823879218, 0.08635937964452649], "extents": [0.5963972928792363, 0.0862501859664919, 0.6693464654360904], "rotate_angle": 29.3, "rotate_angle_pred": 31.51224321846219}