{"centroid": [0.0848921096182044, -0.035440668463707026, 0.2670095862369557], "extents": [0.11561714614574892, 0.053888291120529334, 0.7296864236857716], "rotate_angle": -0.05, "rotate_angle_pred": 4.120445681246295}