{"centroid": [0.01024297865415266, -0.04414106905460363, 0.295649593081809], "extents": [0.13727799370067434, 0.06565588712692277, 0.7248442337800339], "rotate_angle": 22.46, "rotate_angle_pred": 28.284220866574074}