{"centroid": [0.03213364897573757, -0.041392663493752535, 0.2878035419614522], "extents": [0.1263858089774036, 0.06196675822138803, 0.7262233552390245], "rotate_angle": 16.08, "rotate_angle_pred": 22.38837029467146}