{"centroid": [0.26715841072322033, 0.03663415461778637, 0.05014458118545885], "extents": [0.49586803843669064, 0.13479098677635204, 0.42031178829965943], "rotate_angle": -21.54, "rotate_angle_pred": -22.008860910607964}