{"centroid": [0.2862652752183331, -0.2608503103256226, 0.05078914727205895], "extents": [0.48498774010516793, 0.1872369647026063, 0.38214591488815414], "rotate_angle": -10.09, "rotate_angle_pred": -14.237570268982822}