{"centroid": [0.25714911637461296, 0.14209262281656268, 0.010691471663022895], "extents": [0.48469834729662464, 0.12895728647708904, 0.42186679748430633], "rotate_angle": 25.22, "rotate_angle_pred": 23.962619179325102}