{"centroid": [0.02230919261187328, 0.10535732563585042, -2.6261168589419848e-05], "extents": [0.9936445342460618, 0.23746120929718034, 0.6832113257083785], "rotate_angle": 14.63, "rotate_angle_pred": 8.961509403389826}