{"centroid": [0.011968495602701204, 0.014402613043785067, 0.15605462602850256], "extents": [0.8254014101277976, 0.12229414284229298, 0.5532262223181912], "rotate_angle": -34.54, "rotate_angle_pred": -38.71641197212183}