{"centroid": [0.3817713464427884, 0.14574209228158, -0.08147469974917322], "extents": [0.7008153217895373, 0.2179779708385469, 0.501178802328793], "rotate_angle": 5.65, "rotate_angle_pred": 8.484709719090972}