{"centroid": [-0.23744756758824898, 0.0919759795069694, 0.09561822506336452], "extents": [0.3922337306207406, 0.11513286083936702, 0.3807576310928068], "rotate_angle": 42.71, "rotate_angle_pred": 45.29499773405672}