{"centroid": [0.060925811545109676, 0.12308397889137268, 0.06662081319841465], "extents": [0.5883495212652985, 0.13704286515712752, 0.41369313009027836], "rotate_angle": -18.9, "rotate_angle_pred": -21.700478879470737}