{"centroid": [0.38061526623555203, 0.12248596549034119, 0.15575351018988956], "extents": [0.3720059447578634, 0.13255040347576155, 0.41589913361831554], "rotate_angle": 26.99, "rotate_angle_pred": 30.28182634672399}