{"centroid": [0.030815052370401996, 0.033346087671816335, 0.06570741144747841], "extents": [0.5846973587174055, 0.08450621366500868, 0.4864186585959037], "rotate_angle": -11.15, "rotate_angle_pred": -13.986961504604139}