{"centroid": [0.3141623687612104, 0.02487373165786263, 0.01893447853514283], "extents": [0.3859999146555846, 0.08954429626464859, 0.5276885583198399], "rotate_angle": -31.42, "rotate_angle_pred": -28.344302969554498}