{"centroid": [-0.0038801485022677967, -0.03432525694370278, 0.4365066745627679], "extents": [1.390196096584836, 0.25934156775474565, 0.7045711933796093], "rotate_angle": -5.3, "rotate_angle_pred": -8.143556978172327}