{"centroid": [0.023982192132429827, -0.0194604806602001, -0.11549379621260444], "extents": [0.3626967565965157, 0.04315114021301278, 0.23782923145069745], "rotate_angle": -30.93, "rotate_angle_pred": -30.790229839119604}