{"centroid": [0.1095867182033824, -0.030741155147552476, -0.05742142542566315], "extents": [0.3614678964965523, 0.0292735397815705, 0.22749130340014412], "rotate_angle": 10.87, "rotate_angle_pred": 12.213365800089605}