{"centroid": [-0.02648308712696587, 0.06638025771826506, 0.029824449323699605], "extents": [0.6245545612037062, 0.14863146841526045, 0.4948776259053236], "rotate_angle": -16.08, "rotate_angle_pred": -13.804884593334975}