{"centroid": [-0.015087408274559524, 0.18419743329286575, 0.06300863966089251], "extents": [0.8082642399147906, 0.2346175014972689, 0.6559756867567912], "rotate_angle": -36.09, "rotate_angle_pred": -29.848706527591204}