{"centroid": [0.15950512928970187, -0.01602767594158649, 0.029034081610459755], "extents": [0.27168661295177804, 0.03397579118609434, 0.15536056424185485], "rotate_angle": 21.75, "rotate_angle_pred": 24.184667718316504}