{"centroid": [0.18767353544056348, -0.013374695554375631, 0.060700420583500135], "extents": [0.2913008286341035, 0.042594801634550164, 0.17794373351023035], "rotate_angle": 38.1, "rotate_angle_pred": 37.28141667284497}