{"centroid": [0.050624874488790994, -0.018179897218942642, -0.004934474109669681], "extents": [0.2643530647063876, 0.037300243973732036, 0.15324813012942193], "rotate_angle": 0.12, "rotate_angle_pred": -2.5769287733204322}