{"centroid": [0.046212317176068884, -0.01990361139178276, -0.0005360042297037418], "extents": [0.2603113611002492, 0.03643789142370228, 0.14931273229384323], "rotate_angle": 0.09, "rotate_angle_pred": -2.863599060562237}