{"centroid": [0.16763646382743505, -0.012309277430176728, 0.03203018484677403], "extents": [0.2762504861929101, 0.036475639790296624, 0.16061604289696696], "rotate_angle": 23.33, "rotate_angle_pred": 25.708039826176673}