{"centroid": [0.18885238573133886, -0.014618478715419755, 0.06183744048896419], "extents": [0.2874065048161262, 0.039198771119117806, 0.17091722825790207], "rotate_angle": 33.87, "rotate_angle_pred": 36.10750446123511}