{"centroid": [-0.10454301650812975, -0.021941972896456746, 0.09588744339369407], "extents": [0.5228468898981908, 0.04156378284096735, 0.5565917027052598], "rotate_angle": 40.7, "rotate_angle_pred": 44.41022856005432}