{"centroid": [0.15670056296527646, 0.015833577141165713, 0.04933631632493767], "extents": [0.5705315472979104, 0.0923872962594034, 0.587782263991064], "rotate_angle": -21.11, "rotate_angle_pred": -21.26576160131286}