{"centroid": [0.0162749238507046, 0.13676267303526404, -0.010055776045029163], "extents": [1.0753452621352193, 0.3292378783226016, 0.6320257094901921], "rotate_angle": 9.76, "rotate_angle_pred": 9.597936584708592}