{"centroid": [-0.02049490587978116, 0.023441143333911875, 0.06579120414955936], "extents": [0.6268668725003548, 0.10979773104190842, 0.5288940629475493], "rotate_angle": 35.14, "rotate_angle_pred": 37.77935230708431}