{"centroid": [-0.00542941189496271, 0.17227228358387947, 0.01803256596609637], "extents": [0.8930135467424944, 0.27967396378517173, 0.794483551172087], "rotate_angle": -1.02, "rotate_angle_pred": -3.405086441577666}