{"centroid": [0.3540017521459625, -0.02121122926473626, 0.277915502488813], "extents": [0.5330334809545957, 0.1672222167253496, 0.6186690223418823], "rotate_angle": -35.29, "rotate_angle_pred": -34.378499791505405}