{"centroid": [-0.2749491998818602, -0.09248708188533794, 0.4347808340560604], "extents": [0.5588575534151915, 0.18544897437095656, 0.5859572220678803], "rotate_angle": 31.72, "rotate_angle_pred": 35.295392771175486}