{"centroid": [-0.03592480013376449, 0.05201276391744611, 0.13639671835221362], "extents": [0.5576789906290596, 0.09574842453002948, 0.6525763788689628], "rotate_angle": 37.4, "rotate_angle_pred": 39.61233676923058}