{"centroid": [-0.3875380899071739, -0.3416388630867005, 0.3062026596974361], "extents": [0.4069481456245764, 0.1754015088081361, 0.43042867997156], "rotate_angle": 22.16, "rotate_angle_pred": 27.101876951406254}