{"centroid": [-0.34614668420290134, -0.1812162920832635, 0.28627606730539623], "extents": [0.348966470157526, 0.15754230320453655, 0.43921576779578625], "rotate_angle": 5.39, "rotate_angle_pred": 9.92512572437137}