{"centroid": [-0.2776510072550017, -0.018635978922247932, 0.11432055203493226], "extents": [0.5541665401060698, 0.04597994312644021, 0.5460927931709072], "rotate_angle": 18.65, "rotate_angle_pred": 20.939958286608274}