{"centroid": [0.568851859003353, 0.1621593609452248, 0.07876053571050147], "extents": [0.3730523499870914, 0.15138329565525072, 0.6184995031157912], "rotate_angle": 7.09, "rotate_angle_pred": 9.927642732543447}