{"centroid": [-0.5837312025832965, 0.2694674655795098, 0.11930341622716509], "extents": [0.3958178239508969, 0.12482737004756941, 0.6144487977247604], "rotate_angle": -32.72, "rotate_angle_pred": -30.431673237174984}