{"centroid": [-0.4506947887582427, -0.06195093691349036, 0.2106620344663606], "extents": [0.21137196354517973, 0.13482174277305614, 0.5420533554299849], "rotate_angle": 22.77, "rotate_angle_pred": 28.27991811956494}