{"centroid": [-0.6142370182375699, -0.02266053110361095, 0.11392586087820437], "extents": [0.40297497572242896, 0.20343729853630083, 0.6543427909293562], "rotate_angle": -34.85, "rotate_angle_pred": -30.624641833677614}