{"centroid": [-0.602604016532397, -0.2380499988794327, 0.13755838032910242], "extents": [0.40361070110571806, 0.19209203124046337, 0.6554460440683274], "rotate_angle": 42.81, "rotate_angle_pred": 37.40438273363479}