{"centroid": [-0.5854788126184552, 0.17269185930490488, 0.1282761132403762], "extents": [0.3806037952486978, 0.18130826950073253, 0.6413287604078698], "rotate_angle": -10.32, "rotate_angle_pred": -10.090369812438766}