{"centroid": [0.544034111650033, 0.2279218807816506, 0.10146941637271237], "extents": [0.36906428048169027, 0.13724835216999068, 0.6185093077385421], "rotate_angle": 25.67, "rotate_angle_pred": 31.371635498920796}