{"centroid": [-0.3780835075515973, -0.029896639287471816, 0.23035181591109666], "extents": [0.21728802041743867, 0.13390864431858074, 0.5186793879229525], "rotate_angle": -10.17, "rotate_angle_pred": -7.974009302770185}