{"centroid": [-0.08500497882460455, 0.019010849297046647, 0.06451731344982861], "extents": [0.5207670411596222, 0.10687339305877702, 0.7369188184344259], "rotate_angle": -13.08, "rotate_angle_pred": -13.007623377269852}