{"centroid": [0.28397639857083345, 0.007589425891637814, 0.12561401912446235], "extents": [0.45010382622963757, 0.12219452857971207, 0.5424217068364997], "rotate_angle": 31.1, "rotate_angle_pred": 33.14757243053427}