{"centroid": [0.345904863142235, 0.26645775139331823, 0.0009475975620767234], "extents": [0.5407418568354014, 0.207582861185074, 0.4373522666275322], "rotate_angle": 35.42, "rotate_angle_pred": 35.368783644866795}