{"centroid": [0.03146456113418261, 0.25493864715099335, 0.02856624357070333], "extents": [0.7637841065750223, 0.18841627240180991, 0.6852833593025018], "rotate_angle": 33.57, "rotate_angle_pred": 30.332681677476245}