{"centroid": [0.5489855912765134, -0.09769748151302346, 0.044861317618547815], "extents": [0.3983927592448232, 0.17445430159568803, 0.5397715467343327], "rotate_angle": -39.35, "rotate_angle_pred": -36.45320461408202}