{"centroid": [0.039257549560240496, 0.30712928622961044, 0.1373513803550982], "extents": [0.4653383566910424, 0.058301970362663436, 0.3881293000480084], "rotate_angle": -27.18, "rotate_angle_pred": -30.451031477891235}