{"centroid": [0.34892301749447185, 0.1871207877993584, 0.046401827326359876], "extents": [0.45007084054749114, 0.1703805327415468, 0.545755603606145], "rotate_angle": 29.52, "rotate_angle_pred": 35.74097665411995}