{"centroid": [0.26086378786601055, 0.018097400665283137, 0.23975899690016944], "extents": [0.42489999348014307, 0.14120730757713332, 0.5907111142232109], "rotate_angle": -14.93, "rotate_angle_pred": -15.871136519550603}