{"centroid": [0.27646410618417533, 0.0887439474463462, 0.20158172891836595], "extents": [0.4354672552707921, 0.13172151148319258, 0.6104716231839441], "rotate_angle": -28.92, "rotate_angle_pred": -29.707077762626817}