{"centroid": [0.22486576719413615, -0.14857174456119537, 0.06617339721356061], "extents": [0.4980347113989644, 0.12791940569877638, 0.5130788044024983], "rotate_angle": -18.22, "rotate_angle_pred": -17.626799832302297}