{"centroid": [0.24327076912539777, -0.1869598627090454, 0.07402306997121744], "extents": [0.4903082985960542, 0.12916576862335216, 0.49076942994337214], "rotate_angle": 7.82, "rotate_angle_pred": 10.773209484123768}