{"centroid": [0.23948745667745114, -0.13882170617580417, 0.07296696386019147], "extents": [0.4832896048725838, 0.13127115368843092, 0.4956432338858201], "rotate_angle": 7.22, "rotate_angle_pred": 10.67407649293628}