{"centroid": [-0.08872960262082136, 0.04350176081061366, 0.006869089959174228], "extents": [0.4244622639955046, 0.12225744128227248, 0.3042489923411567], "rotate_angle": -39.37, "rotate_angle_pred": -40.72012551946776}