{"centroid": [-0.04776255425735218, -0.03450094163417816, 0.07244220722465573], "extents": [0.39649419827542853, 0.1636587232351304, 0.2695426862800709], "rotate_angle": -14.99, "rotate_angle_pred": -21.393064208276627}