{"centroid": [0.22325745528924426, -0.03930028527975085, 0.2644264374180674], "extents": [0.4060051924936302, 0.1225606203079225, 0.5425819604520032], "rotate_angle": 40.81, "rotate_angle_pred": 38.75601257790217}