{"centroid": [0.24179139145148898, 0.009709391742944667, 0.2520532628190505], "extents": [0.4034882153947798, 0.12069782614707958, 0.5737895321327827], "rotate_angle": 5.04, "rotate_angle_pred": 6.806102420034222}