{"centroid": [-0.10476360551798139, 0.05165376141667363, 0.1017900651786775], "extents": [0.6195349617747499, 0.10416540503501912, 0.6038083956518345], "rotate_angle": 34.16, "rotate_angle_pred": 35.24629327499159}