{"centroid": [0.06295014679060068, 0.09753376245498657, 0.01721350454402358], "extents": [0.7438188716324377, 0.14598855376243608, 0.66625123544734], "rotate_angle": -15.52, "rotate_angle_pred": -13.145126741543677}