{"centroid": [0.20008639777575457, -0.09953285753726963, 0.03537292729063679], "extents": [0.4293988994735809, 0.14561602473258986, 0.4491846317423758], "rotate_angle": -36.77, "rotate_angle_pred": -34.71086461083766}