{"centroid": [-0.2025722157478581, 0.015546340495347945, 0.09519194055909891], "extents": [0.5444518846836008, 0.07327771186828624, 0.3591282913012932], "rotate_angle": 11.84, "rotate_angle_pred": 12.506148343594688}