{"centroid": [0.2792293774926254, 0.013681154698133483, 0.044303317524370986], "extents": [0.47772533222504476, 0.06741391122341167, 0.3779065650193151], "rotate_angle": 19.05, "rotate_angle_pred": 21.836712621849074}