{"centroid": [0.20884508849159836, 0.15482866764068615, -0.5150820463013595], "extents": [0.5477171031736228, 0.09921015799045578, 0.5337226476124743], "rotate_angle": 16.18, "rotate_angle_pred": 20.055038211742897}