{"centroid": [-0.042234357340755924, 0.06755031645297996, 0.48933409006667306], "extents": [0.5263856564428985, 0.0901407599449159, 0.3127805540140158], "rotate_angle": 37.13, "rotate_angle_pred": 44.511310840973266}