{"centroid": [0.5396840834068696, 0.0026506558060646317, 0.07152406497600612], "extents": [0.3553982851191346, 0.13325178623199482, 0.8043144665436974], "rotate_angle": 16.44, "rotate_angle_pred": 21.364227205614}