{"centroid": [0.06321688841927993, 0.17918096482753754, 0.05200395609165075], "extents": [0.7078878937966444, 0.08455947041511558, 0.8289470144970854], "rotate_angle": 14.17, "rotate_angle_pred": 13.518541893321924}