{"centroid": [-0.7028089050367287, -0.031052306294441306, 0.10432184384505178], "extents": [0.4127876707590099, 0.2406109273433688, 0.8634354961559818], "rotate_angle": 21.83, "rotate_angle_pred": 22.204786250431297}