{"centroid": [-0.6600701532092016, -0.11227424442768097, 0.14856305199197523], "extents": [0.4291067194429233, 0.24931481480598466, 0.8646335148854993], "rotate_angle": -1.72, "rotate_angle_pred": -0.8484090533482345}