{"centroid": [-0.46243735027038485, 0.16372703760862342, 0.04997123880781106], "extents": [0.3174220905569523, 0.2619142830371858, 0.7348435488623738], "rotate_angle": 10.74, "rotate_angle_pred": 11.162389771354725}