{"centroid": [-0.30568169005873935, 0.0674679931253195, 0.036831159777573605], "extents": [0.6184644058486497, 0.12091109901666655, 0.45169314416618755], "rotate_angle": -23.2, "rotate_angle_pred": -22.827701231584953}