{"centroid": [0.31385045553301155, 0.03599963895976545, -0.020147502847419854], "extents": [0.525910926844707, 0.09558909386396419, 0.44335083260875896], "rotate_angle": 12.14, "rotate_angle_pred": 10.563737854326618}