{"centroid": [0.29494082746521655, -0.03744470328092571, 0.01960115294489989], "extents": [0.41318964467377506, 0.13502807915210738, 0.5249656376468698], "rotate_angle": 42.81, "rotate_angle_pred": 41.526153308265066}