{"centroid": [-0.27578651995860926, 0.025388330221176095, 0.07516283700489013], "extents": [0.3564042455379779, 0.09511648863554013, 0.5476566562922962], "rotate_angle": 35.76, "rotate_angle_pred": 31.991757192252365}