{"centroid": [-0.05715034493549173, 0.05572710931301116, 0.062478066282970465], "extents": [0.2669260555693168, 0.08598279207944887, 0.5603628271579004], "rotate_angle": 17.57, "rotate_angle_pred": 19.513972700966093}