{"centroid": [-0.39999161572643216, 0.4430193006992339, 0.08138188506683187], "extents": [0.6201372186432613, 0.23885875940322893, 0.7199295805436037], "rotate_angle": 8.87, "rotate_angle_pred": 9.090403917992319}