{"centroid": [0.6161836369426439, 0.35031749308109283, 0.03806730969206898], "extents": [0.458597708979456, 0.17514172196388256, 0.4197143814480188], "rotate_angle": 1.13, "rotate_angle_pred": 2.6600339827159587}