{"centroid": [-0.5850871814006502, 0.3345941454172134, 0.060120761698959274], "extents": [0.49520105490071115, 0.17935970425605788, 0.4444924923896664], "rotate_angle": 44.81, "rotate_angle_pred": 32.37544789078538}