{"centroid": [-0.632996634605613, -0.24577371776103973, 0.11280366374879643], "extents": [0.4332242046843552, 0.18971911072731032, 0.6039557505512082], "rotate_angle": 0.1, "rotate_angle_pred": 2.3418553460521707}