{"centroid": [-0.150033079400988, -0.1698522195219994, 0.010920834782218863], "extents": [0.6753871316678328, 0.1577608138322832, 0.5871244560983666], "rotate_angle": 1.29, "rotate_angle_pred": 2.6688557315587786}