{"centroid": [-0.37867169270084844, 0.40156668424606323, 0.05582589214641635], "extents": [0.7219096641938014, 0.23340058326721208, 0.7835593462079946], "rotate_angle": -42.81, "rotate_angle_pred": -37.71382806031743}