{"centroid": [-0.01598321568058153, 0.45270802080631267, -0.03396111562024613], "extents": [1.3916030009396252, 0.2783667147159579, 0.5543216498484143], "rotate_angle": 17.73, "rotate_angle_pred": 16.179761856184754}