{"centroid": [0.0048067144106137966, 0.4707791209220886, 0.009989645722875362], "extents": [1.0244847874440133, 0.2862612009048464, 0.6280043928607907], "rotate_angle": 38.86, "rotate_angle_pred": 35.17178292849529}