{"centroid": [-0.02358839946817666, -0.029761582612991347, 0.04484856343283267], "extents": [1.042357431566515, 0.27068215608596824, 0.6284954468312004], "rotate_angle": 16.37, "rotate_angle_pred": 16.34344958161543}