{"centroid": [-0.01465796300270985, -0.33244243264198303, 0.09394206028382199], "extents": [0.9591460886345335, 0.4919453263282778, 0.9609267178041254], "rotate_angle": -18.27, "rotate_angle_pred": -17.56337849741577}