{"centroid": [-0.03197401443683126, 0.13928236812353134, 0.09892947834976362], "extents": [0.9242687051335734, 0.4504342675209048, 0.9333103123432662], "rotate_angle": -24.11, "rotate_angle_pred": -24.05944543976193}