{"centroid": [-0.050483158731910394, -0.00265395641326905, 0.07408991938649656], "extents": [0.8229792629318919, 0.27165210247039817, 0.9259207749327028], "rotate_angle": 1.5, "rotate_angle_pred": 5.4495598996230115}