{"centroid": [0.007425167349575261, -0.39181332290172577, 0.058250571801849636], "extents": [0.8609804680396849, 0.42758312821388267, 0.9478887505983423], "rotate_angle": -30.67, "rotate_angle_pred": -31.347255827898927}