{"centroid": [-0.003463878577774568, 0.2095855996012687, 0.06459703703375361], "extents": [0.8167195744475846, 0.2751615643501284, 0.9245424672308589], "rotate_angle": -1.73, "rotate_angle_pred": -1.066547310091508}