{"centroid": [0.006967359614946142, 0.5462145060300827, 0.04764028884203978], "extents": [1.0423714176044445, 0.3063062131404879, 0.850210448918223], "rotate_angle": -0.69, "rotate_angle_pred": -3.827733693688046}