{"centroid": [-0.03416426624886912, 0.1327067464590072, 0.08587836122565543], "extents": [1.1659625567291387, 0.47125881910324113, 0.667692292126006], "rotate_angle": -20.73, "rotate_angle_pred": -19.419987451192668}