{"centroid": [-0.03359229783958276, 0.14993697404861445, 0.09993598650288127], "extents": [1.0204386870808042, 0.43880963325500505, 0.894225313352011], "rotate_angle": -12.12, "rotate_angle_pred": -11.795721911618315}