{"centroid": [0.006911916733026234, 0.5151659995317459, 0.02475075378395751], "extents": [0.7598004241230479, 0.2685653865337374, 0.8599684721415648], "rotate_angle": 33.46, "rotate_angle_pred": 31.550363758527794}