{"centroid": [-0.40762118125751584, 0.4310285449028014, 0.08671543627277034], "extents": [0.6836877542111588, 0.23753863573074357, 0.7383315646208706], "rotate_angle": 30.78, "rotate_angle_pred": 28.517899804887264}