{"centroid": [0.3748197813790195, 0.4205564260482788, 0.051286039123837404], "extents": [0.6802100720889386, 0.25134903192520164, 0.762623390063182], "rotate_angle": -13.62, "rotate_angle_pred": -12.101759443951039}