{"centroid": [-0.016002266497769882, -0.39817084372043604, 0.044873325399854495], "extents": [1.1350813961257489, 0.4568130671977998, 0.6883955511259472], "rotate_angle": 3.38, "rotate_angle_pred": 1.9064723323067057}