{"centroid": [0.2355917203627066, -0.5370621383190155, 0.01371277540082037], "extents": [0.6721617590585399, 0.25441628694534324, 0.4755986042741997], "rotate_angle": 27.61, "rotate_angle_pred": 21.260959159542608}