{"centroid": [-0.00977674819783661, 0.3927050530910492, -0.02253596128453393], "extents": [1.222536200188467, 0.1851477622985842, 1.0969197695745563], "rotate_angle": 4.67, "rotate_angle_pred": 5.193235093686951}