{"centroid": [0.11486931399194698, -0.35559840500354767, 0.08927089234978988], "extents": [0.7603590595196781, 0.25070747733116167, 0.46264267617375676], "rotate_angle": -16.93, "rotate_angle_pred": -15.74012839237325}