{"centroid": [-0.01445703931132114, -0.3672578781843185, -0.0031907410007071674], "extents": [1.2283146234963476, 0.313791781663895, 1.163015113318905], "rotate_angle": -26.14, "rotate_angle_pred": -26.7645902873681}