{"centroid": [0.0008616038797437803, 0.03285668790340422, 0.016421424808084506], "extents": [1.2380748829682031, 0.22065448760986348, 1.128783569279942], "rotate_angle": 0.25, "rotate_angle_pred": -0.10238495163623895}