{"centroid": [0.15733900012004165, 0.12620947137475014, 0.04319049124357644], "extents": [0.7406320988541638, 0.28979313373565685, 0.46705393851941135], "rotate_angle": -2.21, "rotate_angle_pred": -2.5336280368471336}