{"centroid": [0.010530564006763887, -0.04397222399711609, -0.01578314789524382], "extents": [1.226668238109262, 0.21481019258499173, 1.1257348055738778], "rotate_angle": -3.85, "rotate_angle_pred": -5.243739358589124}