{"centroid": [-0.6419082461816566, 0.34174197912216187, 0.05228036622542573], "extents": [0.5047471032520972, 0.2025247216224672, 0.43513614846912585], "rotate_angle": 23.36, "rotate_angle_pred": 19.459827413821117}