{"centroid": [0.0003790718422311129, 0.5353348553180695, 0.041466980912146845], "extents": [0.9084182439049522, 0.29295003414154075, 0.861968165123953], "rotate_angle": 21.63, "rotate_angle_pred": 21.141872193546718}