{"centroid": [-0.031541603467825516, 0.15873058885335917, 0.07872316574602733], "extents": [0.8943666910927097, 0.43458405137062095, 0.9057963586871718], "rotate_angle": 34.88, "rotate_angle_pred": 39.03891329439887}