{"centroid": [-0.18761162240228071, -0.24536341801285746, -0.03930199349786197], "extents": [0.6020275997162399, 0.042222969233989965, 0.8951864312039854], "rotate_angle": -30.94, "rotate_angle_pred": -28.21031466029929}