{"centroid": [-0.025886587242450604, -0.005761519074440013, 0.0618207683938696], "extents": [1.048215367043149, 0.2756153643131257, 0.6348731979327489], "rotate_angle": 2.87, "rotate_angle_pred": 2.3662589312377946}