{"centroid": [-0.012058475754728015, 0.22566369920969007, 0.05310695844889493], "extents": [1.0186574416143916, 0.2668378055095674, 0.6245142791176674], "rotate_angle": -10.0, "rotate_angle_pred": -11.908766771269583}