{"centroid": [0.012120339860238569, 0.18314701784402132, 0.08692957068811767], "extents": [0.9450684250227666, 0.38171276450157193, 0.9853425088946435], "rotate_angle": -32.19, "rotate_angle_pred": -33.26727142812951}