{"centroid": [-0.012329988751707724, -0.3414354175329208, 0.036687414590614094], "extents": [0.9165171079070049, 0.4550270140171052, 0.958103448697969], "rotate_angle": 23.83, "rotate_angle_pred": 22.91783591129058}