{"centroid": [0.030097524116431705, 0.5423005968332291, 0.04854121187560019], "extents": [0.8388354618636094, 0.317117124795914, 0.9363555133942202], "rotate_angle": -24.83, "rotate_angle_pred": -28.97294203225605}