{"centroid": [0.5618871839678257, 0.33681687712669367, 0.07257251902452833], "extents": [0.4528428858139284, 0.1744988560676576, 0.4295274862069001], "rotate_angle": -27.45, "rotate_angle_pred": -25.09960682291657}