{"centroid": [-0.18522234743274235, 0.44305419921874994, -0.0008738555656575622], "extents": [1.0754474799647382, 0.23955458402633695, 0.8703858578591452], "rotate_angle": -42.29, "rotate_angle_pred": -41.8690530355707}