{"centroid": [0.37410246139621756, 0.3939097821712493, 0.027039472677825083], "extents": [0.6611450839789876, 0.24440473318099992, 0.7525644817849421], "rotate_angle": -3.33, "rotate_angle_pred": -5.290310474767409}