{"centroid": [0.02784718248977079, 0.4905291050672531, -0.011055046086871606], "extents": [0.7824663962178018, 0.2650708854198458, 0.7029017071910696], "rotate_angle": 38.28, "rotate_angle_pred": 34.49950441641789}