{"centroid": [-0.014069615811865457, 0.4851272851228714, 0.03078972629689293], "extents": [1.0407425168662985, 0.30401507019996665, 0.6381050350419579], "rotate_angle": -16.32, "rotate_angle_pred": -18.639279686533328}