{"centroid": [-0.016594975594544634, 0.5230771154165267, 0.026142288478140353], "extents": [0.9829939176197918, 0.3250873982906343, 0.6732946749663575], "rotate_angle": -31.58, "rotate_angle_pred": -33.44120929927893}