{"centroid": [-0.3839929443968059, 0.41903023421764374, 0.07061891535284462], "extents": [0.6361875960273927, 0.24891564249992387, 0.7426639001002934], "rotate_angle": -39.8, "rotate_angle_pred": -35.22703112233577}