{"centroid": [-0.3715696079710201, 0.4332439750432968, 0.07098944910345356], "extents": [0.6283627926484945, 0.24003514647483848, 0.7488568637306302], "rotate_angle": -8.26, "rotate_angle_pred": -9.718113402720007}