{"centroid": [0.009819768919464678, 0.5507442653179169, 0.009409275849939974], "extents": [0.9773441933403598, 0.30946379899978654, 0.6574709866338817], "rotate_angle": 7.68, "rotate_angle_pred": 4.28416627062424}