{"centroid": [0.02305647374404783, 0.21053329855203629, 0.058638385347820274], "extents": [0.8303038483675318, 0.31066370010376004, 0.96980458565485], "rotate_angle": -44.66, "rotate_angle_pred": -43.01557116579691}