{"centroid": [-0.029867442536960574, 0.02289208024740218, 0.05072851707806713], "extents": [0.7913924368937979, 0.24705567955970786, 0.9112055797881293], "rotate_angle": 30.14, "rotate_angle_pred": 31.84074171515212}