{"centroid": [-0.007270340870521683, -0.3994603157043457, 0.07505656192527377], "extents": [0.8296779006507555, 0.4203307628631594, 0.9472761392118165], "rotate_angle": -10.39, "rotate_angle_pred": -10.072112457635484}