{"centroid": [-0.009489813782985211, 0.5192706733942032, 0.06527647666104953], "extents": [0.8335328478582886, 0.31803765892982505, 0.9307764523408457], "rotate_angle": -6.57, "rotate_angle_pred": -5.78850228975044}