{"centroid": [0.24634701435326212, -0.5264245346188545, 0.03726313334782334], "extents": [0.5873135333493076, 0.14848981797695177, 0.38739344511954343], "rotate_angle": -6.95, "rotate_angle_pred": -4.782580619138329}