{"centroid": [-0.06328220180706638, -0.5567596480250359, 0.02047362781414673], "extents": [0.5906416624363048, 0.14416517317295086, 0.37597407939505356], "rotate_angle": 12.99, "rotate_angle_pred": 11.957945967484207}