{"centroid": [-0.08589476083077231, -0.5983447059988976, 0.013468064308564343], "extents": [0.6209238674749267, 0.1547486335039141, 0.36814096019368436], "rotate_angle": -42.28, "rotate_angle_pred": -41.04160792057031}