{"centroid": [0.26772216110093017, -0.5496265068650246, 0.035399887845574046], "extents": [0.5992953209068854, 0.16295354068279283, 0.38065040288130314], "rotate_angle": -8.26, "rotate_angle_pred": -5.933563141878608}