{"centroid": [-0.0700118818658873, -0.6349803954362869, 0.018427185063896102], "extents": [0.6217413969185723, 0.14583060145378113, 0.3433260822952544], "rotate_angle": -8.97, "rotate_angle_pred": -8.465906021681107}