{"centroid": [0.006562517360160891, -0.17487689852714539, 0.018327534900503636], "extents": [1.1905299521905224, 0.6916365027427676, 1.1306555363061497], "rotate_angle": -7.18, "rotate_angle_pred": -8.938837070829578}