{"centroid": [-0.01836624231137339, 0.38431483507156367, 0.03610583947927483], "extents": [1.233263501608465, 0.378537476062775, 1.1686391915957905], "rotate_angle": -33.55, "rotate_angle_pred": -32.05286557561818}