{"centroid": [-0.018682679522628032, 0.10667202621698377, 0.046752086786850035], "extents": [1.1373661643901256, 0.4603911340236665, 0.6389408644355145], "rotate_angle": 4.14, "rotate_angle_pred": 4.1687932112365615}