{"centroid": [0.012868865727383438, 0.21670978516340256, -0.003942043860427971], "extents": [0.992855877642894, 0.2647315859794619, 0.6326502757579259], "rotate_angle": 34.64, "rotate_angle_pred": 31.466667474039156}