{"centroid": [-0.018498380800629946, -0.016624152660369883, 0.06947023479475958], "extents": [1.0555449701936173, 0.2805786728858949, 0.6308650957154177], "rotate_angle": -2.23, "rotate_angle_pred": -2.1031925639010325}