{"centroid": [0.006610645456871789, 0.5030836910009384, 0.049843358610965116], "extents": [1.0698433940802188, 0.3210509717464449, 0.6498274697683445], "rotate_angle": -35.9, "rotate_angle_pred": -35.91771518616325}