{"centroid": [-0.01720217614894727, 0.39432501792907715, 0.034435279644230876], "extents": [1.2116405069891634, 0.37555289268493697, 1.1445714516892336], "rotate_angle": -34.5, "rotate_angle_pred": -32.81486770669869}