{"centroid": [-0.022982606751741144, -0.4189297258853911, -0.0145887877417539], "extents": [1.2717311152670159, 0.3504728674888614, 1.1542826682528364], "rotate_angle": 38.65, "rotate_angle_pred": 38.956003950778495}