{"centroid": [-0.027892648927332744, 0.04927919805049896, 0.03845832213230893], "extents": [1.1946926155809614, 0.3855486214160922, 1.1069579160462715], "rotate_angle": -9.83, "rotate_angle_pred": -8.906137181372117}