{"centroid": [-0.05306409353284028, 0.412761390209198, -0.01402700881803981], "extents": [1.2742600198088447, 0.28609055280685447, 0.5932868606012751], "rotate_angle": -43.59, "rotate_angle_pred": -42.86289330232337}