{"centroid": [-0.626965944582146, 0.3489896357059478, 0.06506073421922584], "extents": [0.5039206640446384, 0.20850229263305672, 0.4423935621140665], "rotate_angle": 21.03, "rotate_angle_pred": 17.219138796809517}