{"centroid": [0.5874700739990477, 0.3399009853601455, 0.05670981895524159], "extents": [0.45586019725757715, 0.17904701828956615, 0.43820685120696634], "rotate_angle": -20.43, "rotate_angle_pred": -19.40469044935226}