{"centroid": [-0.05720501052196024, 0.45156072080135345, -0.023714466602006448], "extents": [1.3768398705938347, 0.28452840447425864, 0.5785248256120732], "rotate_angle": -28.77, "rotate_angle_pred": -30.354537167249923}