{"centroid": [-0.013287207051611238, -0.4510131776332855, -0.021219718527115905], "extents": [1.271571341083928, 0.3439006209373478, 1.1689873412558327], "rotate_angle": 43.37, "rotate_angle_pred": 41.43204807088378}