{"centroid": [-0.0023912773926426656, -0.021328404545783997, -0.01319361439318445], "extents": [1.255680916393149, 0.34971454739570657, 1.1560634353439578], "rotate_angle": -44.37, "rotate_angle_pred": -43.60160802726624}