{"centroid": [-0.006279846620011596, 0.5142200887203217, 0.02214152070035444], "extents": [0.9656428980581113, 0.30556106567382835, 0.6455739927664146], "rotate_angle": -9.57, "rotate_angle_pred": -12.097312347612046}