{"centroid": [-0.05275298287189877, -0.0025305300951004063, 0.0816033890725695], "extents": [0.837058198903669, 0.26699438691139243, 0.9453467270393217], "rotate_angle": -4.33, "rotate_angle_pred": -0.3927925758775501}