{"centroid": [-0.015982460988911255, -0.2691252529621124, 0.042660224933420705], "extents": [0.7754127948726431, 0.3525261878967288, 0.9399968348659482], "rotate_angle": 33.26, "rotate_angle_pred": 30.433396966517208}