{"centroid": [0.03264743581801283, 0.2090696319937706, 0.058430513110168524], "extents": [0.8306737409702805, 0.31279584765434293, 0.9784975491906459], "rotate_angle": -39.22, "rotate_angle_pred": -39.46692674359262}