{"centroid": [0.3618876960872848, 0.3982002139091491, 0.030704763738281585], "extents": [0.6584866563079443, 0.2539088726043704, 0.7781178260833543], "rotate_angle": -30.54, "rotate_angle_pred": -28.879665324400435}