{"centroid": [0.002088285344061566, 0.1504882350564003, -0.025890302456438703], "extents": [1.05466423692341, 0.1733105778694156, 0.9679786404459001], "rotate_angle": 30.85, "rotate_angle_pred": 28.614427646641573}