{"centroid": [0.02342309481277996, 0.5290935635566711, 9.9760141749769e-05], "extents": [1.123263475904404, 0.29605603218078635, 0.6748120174446763], "rotate_angle": 26.2, "rotate_angle_pred": 23.647668093982432}