{"centroid": [-0.0258031821981638, -0.330073282122612, 0.027684886936721304], "extents": [1.2577435897733513, 0.48578396439552324, 0.6752009948871442], "rotate_angle": 3.33, "rotate_angle_pred": 0.45667053865275875}