{"centroid": [-0.012944469368781686, 0.1308104246854782, 0.0379790733278537], "extents": [1.1443526850358563, 0.47548341751098655, 0.6598070324700693], "rotate_angle": 35.01, "rotate_angle_pred": 36.05459075570235}