{"centroid": [-0.010490729960003262, 0.10519515722990036, 0.02831794670504565], "extents": [1.1202101475621016, 0.45487675070762656, 0.6351483928837851], "rotate_angle": 34.24, "rotate_angle_pred": 34.78638647607208}