{"centroid": [0.037462497989578125, 0.49689024686813354, -0.013514604244212441], "extents": [1.1215106142165885, 0.29039943218231223, 0.640925162893945], "rotate_angle": 31.69, "rotate_angle_pred": 30.753371961692096}