{"centroid": [-0.5948289822646191, 0.3312667161226272, 0.06460593463741082], "extents": [0.4946711222122155, 0.18022230267524733, 0.4331670840504604], "rotate_angle": 39.35, "rotate_angle_pred": 30.27703278023415}