{"centroid": [0.5736264460588218, 0.3261330425739287, 0.03298980428926826], "extents": [0.4538589670313117, 0.17533701658248912, 0.4320643202721218], "rotate_angle": -37.96, "rotate_angle_pred": -36.31056524804838}