{"centroid": [-0.0052022834021937595, 0.4404401034116745, 0.036121156043090887], "extents": [0.9357134106265376, 0.1658461391925814, 0.8620213272481602], "rotate_angle": -21.47, "rotate_angle_pred": -21.805114924975058}