{"centroid": [-0.0003529330789933602, 0.2839886546134949, 0.023986761320871998], "extents": [0.9361671016437705, 0.17495071887969996, 0.8688670813820835], "rotate_angle": -20.59, "rotate_angle_pred": -20.053110334512738}