{"centroid": [0.032299296961814085, -0.7849377095699309, -0.03171397316991202], "extents": [0.901255783080564, 0.20137578248977683, 0.875128265953985], "rotate_angle": 32.37, "rotate_angle_pred": 29.70071331476771}