{"centroid": [-0.02459005237077605, 0.04265414178371429, 0.024480008361434123], "extents": [0.9148536713110573, 0.16287156939506553, 0.8155880981529018], "rotate_angle": 18.43, "rotate_angle_pred": 20.511107001680088}