{"centroid": [0.014597355855203942, 0.5844673216342926, -0.031092022855063108], "extents": [0.8732619820073277, 0.16185182332992576, 0.8558553992976912], "rotate_angle": 23.37, "rotate_angle_pred": 20.5052508990739}