{"centroid": [0.009338246691460807, 0.5474697053432465, 0.023290096363970676], "extents": [0.920566459819915, 0.16379088163375877, 0.861237485225314], "rotate_angle": -8.66, "rotate_angle_pred": -11.274461067656318}