{"centroid": [-0.27881627625534233, -0.22119320556521424, -0.010128691232218712], "extents": [0.5468283766980846, 0.04607150703668611, 0.8234588912105076], "rotate_angle": -1.53, "rotate_angle_pred": -1.602130858003477}