{"centroid": [-0.41592954673195703, 0.19087290763854975, 0.03553209409619946], "extents": [0.5452642902188041, 0.09725958108901997, 0.7812924788175224], "rotate_angle": 21.12, "rotate_angle_pred": 18.494385378366587}