{"centroid": [0.2650580451080148, 0.17398311384022233, -0.002881624914339534], "extents": [0.6026763492613132, 0.04732576385140441, 0.8519904857557887], "rotate_angle": -23.32, "rotate_angle_pred": -22.126439955349184}