{"centroid": [-0.003320336125874894, 0.5644109249114989, 0.057262904301538166], "extents": [0.8215167404855361, 0.29915100336074857, 0.9409501417913482], "rotate_angle": 20.21, "rotate_angle_pred": 18.81702096817078}