{"centroid": [0.004628486615166842, -0.3359392136335373, 0.07836614321633728], "extents": [0.885674489541297, 0.4886150658130648, 0.9629958412435398], "rotate_angle": -27.87, "rotate_angle_pred": -28.546006031424632}