{"centroid": [-0.01946528066483447, -0.5743760764598846, 0.022909957355819854], "extents": [0.45588027401334297, 0.14384132623672508, 0.5070780401147332], "rotate_angle": -4.08, "rotate_angle_pred": -5.511235476336594}