{"centroid": [-0.0207419669223907, 0.19425491243600845, 0.060467028636952296], "extents": [0.783757931506593, 0.32499450445175193, 0.9223553614499389], "rotate_angle": -37.6, "rotate_angle_pred": -36.2058026135327}