{"centroid": [-0.025129024278978188, 0.12526002153754234, 0.011540138434367582], "extents": [1.0623332243091235, 0.3460391163825992, 1.0113874655804111], "rotate_angle": 30.83, "rotate_angle_pred": 31.190234639776307}