{"centroid": [-0.021827430942693307, 0.36054660379886627, 0.010604297813496137], "extents": [1.086197260418563, 0.20041784644126914, 1.0090786250012143], "rotate_angle": 5.36, "rotate_angle_pred": 5.508547616349048}