{"centroid": [-0.022288497659054912, -0.3982425034046173, 0.021381787150750522], "extents": [1.1187790815101868, 0.6086884140968325, 1.0080280468707805], "rotate_angle": 8.77, "rotate_angle_pred": 7.304261013092329}