{"centroid": [0.0017594256341740278, 0.5035152733325958, 0.010804787697267774], "extents": [1.048533320889099, 0.29803174734115623, 0.6422326567619565], "rotate_angle": -4.83, "rotate_angle_pred": -7.716860110258295}