{"centroid": [-0.004328520428024327, -0.39630386233329773, 0.022623868551672588], "extents": [0.9920999431650224, 0.4024760127067568, 0.655592860369504], "rotate_angle": 26.9, "rotate_angle_pred": 24.71301561306639}