{"centroid": [-0.006085114232598714, 0.5380556881427765, 0.02900243954823812], "extents": [0.897497938070785, 0.2950545549392703, 0.8706176742052745], "rotate_angle": 29.6, "rotate_angle_pred": 29.23018455740693}