{"centroid": [-0.03388089627646093, 0.14824421703815457, 0.10793429192048108], "extents": [0.9119839186354255, 0.43682664632797263, 0.8890016786246175], "rotate_angle": 9.82, "rotate_angle_pred": 11.681339417572772}