{"centroid": [-0.008331561979616653, 0.5110594183206558, 0.012676398216764855], "extents": [1.1606071098591872, 0.3067410886287692, 0.6447516141081925], "rotate_angle": -6.19, "rotate_angle_pred": -7.866494247607804}