{"centroid": [-0.010274266420842185, 0.12090922147035595, 0.0654060253139577], "extents": [1.1507975044360357, 0.4570952653884889, 0.6526388032739536], "rotate_angle": -10.22, "rotate_angle_pred": -9.35047188075356}