{"centroid": [0.04096899634966933, 0.5122250765562057, -0.00927222274993797], "extents": [1.1268787565642997, 0.295716315507889, 0.66240633601573], "rotate_angle": 30.36, "rotate_angle_pred": 28.401926748909233}