{"centroid": [-0.014548874845825871, -0.3583425283432007, 0.04753061189490508], "extents": [1.194484439826985, 0.4887160062789919, 0.6700730141768272], "rotate_angle": -6.74, "rotate_angle_pred": -6.762585358708307}