{"centroid": [0.010795659786519439, 0.5397507846355438, 0.024195907231432466], "extents": [0.903363580989339, 0.2966896891593936, 0.8726309494584943], "rotate_angle": 41.59, "rotate_angle_pred": 41.64886835833968}