{"centroid": [-0.011176234264255104, -0.396275132894516, 0.08706839659534074], "extents": [0.8745285519704942, 0.41210836172103904, 0.9788975992234387], "rotate_angle": -11.6, "rotate_angle_pred": -11.1015688489733}