{"centroid": [-0.057678742896995094, 0.002411514520645121, 0.08367045710559577], "extents": [0.8677910546748355, 0.28130155801773093, 0.9724951364507486], "rotate_angle": -16.72, "rotate_angle_pred": -13.604074900690804}