{"centroid": [-0.027473869779987566, 0.16339634358882899, 0.08345160514746455], "extents": [0.9019222472626958, 0.44681143760681175, 0.9068731879886545], "rotate_angle": 33.41, "rotate_angle_pred": 37.081851871566286}