{"centroid": [-0.014020615367835193, -0.3526807129383087, 0.09799980418755769], "extents": [0.9431111136694472, 0.47140640020370506, 0.9267351548885729], "rotate_angle": -12.84, "rotate_angle_pred": -11.813043608823051}