{"centroid": [0.03950602447378293, 0.20615632086992264, 0.06002581446269436], "extents": [0.8521980078766276, 0.31074187159538297, 0.992233578062723], "rotate_angle": -36.14, "rotate_angle_pred": -37.19499248781893}