{"centroid": [-0.03227996469930981, -0.4000610113143921, 0.07115119243890561], "extents": [0.945519540369363, 0.4807773828506472, 0.945164296696333], "rotate_angle": 13.53, "rotate_angle_pred": 14.11479362763464}