{"centroid": [0.008137222130486906, 0.5580842941999435, 0.04821447320983555], "extents": [0.9626654853354988, 0.3181712925434115, 0.8871777534614496], "rotate_angle": -9.22, "rotate_angle_pred": -10.041904922537626}