{"centroid": [0.006402633135356106, -0.03356361389160156, 0.013907262995491061], "extents": [0.8830789742128076, 0.5064978003501894, 0.8125694823113307], "rotate_angle": 26.2, "rotate_angle_pred": 24.130841701440445}