{"centroid": [-0.021653816840346396, 0.4499649405479431, 0.041311512021658295], "extents": [0.9082668422633109, 0.47979730367660545, 0.796327888876218], "rotate_angle": -34.75, "rotate_angle_pred": -31.57481211760181}