{"centroid": [-0.00901810593978336, -0.3308015465736389, -0.04389327308706929], "extents": [1.2628872253348333, 0.17768973112106348, 0.6719888969621254], "rotate_angle": 25.25, "rotate_angle_pred": 24.447856983888627}