{"centroid": [0.018395466626170136, 0.585197925567627, 0.04327736351038937], "extents": [0.8840258208452496, 0.33155250549316434, 0.9343691560153145], "rotate_angle": -23.63, "rotate_angle_pred": -26.867251766950538}