{"centroid": [0.012448352964508039, 0.22699054330587387, -0.006063433730231271], "extents": [1.0257394119834444, 0.2781377732753756, 0.6617513769890842], "rotate_angle": 41.17, "rotate_angle_pred": 36.374514236424375}