{"centroid": [0.012495517225316721, 0.5838055461645125, 0.06798315671612698], "extents": [0.6865776301957806, 0.2551253139972689, 0.956400709281523], "rotate_angle": -19.52, "rotate_angle_pred": -21.10897471050879}