{"centroid": [-0.37374351834739955, 0.41204629838466633, 0.07174742393951344], "extents": [0.7001153670927721, 0.23354253172874467, 0.7573966811448704], "rotate_angle": -16.35, "rotate_angle_pred": -14.55881638618851}