{"centroid": [-0.014531652465548411, 0.489754319190979, -0.02853925094454344], "extents": [1.2513014877779836, 0.2498843073844912, 0.7978293049446917], "rotate_angle": 14.91, "rotate_angle_pred": 12.563546441124188}