{"centroid": [-0.022037921324104925, -0.3933330178260803, 0.06971430358112601], "extents": [0.8489764816626424, 0.40372908115386985, 0.9594432584811866], "rotate_angle": 1.29, "rotate_angle_pred": 2.522881130615076}