{"centroid": [-0.01635471417570255, 0.516470655798912, 0.05206095787163447], "extents": [0.8613215949974395, 0.3405923545360568, 0.9547729786032104], "rotate_angle": -22.78, "rotate_angle_pred": -22.491225586495688}