{"centroid": [0.04799834485177707, 0.1973438411951065, 0.0539064083014522], "extents": [0.8388218721422385, 0.2984405457973483, 0.9831901007146933], "rotate_angle": -40.04, "rotate_angle_pred": -40.961096860153596}