{"centroid": [0.011850075351680978, -0.2992365211248398, 0.015798240780251778], "extents": [0.5548984301546375, 0.16011008620262157, 0.3018864335113347], "rotate_angle": 20.47, "rotate_angle_pred": 15.119083036447037}