{"centroid": [0.05022371466067718, -0.32228711247444153, -0.0020006769626483983], "extents": [0.5470252274250319, 0.15613996982574474, 0.30546398295306865], "rotate_angle": 42.33, "rotate_angle_pred": 30.05289776131231}