{"centroid": [-0.044187231464983226, 0.4569402635097505, -0.04721382925705592], "extents": [1.4186402889726564, 0.2888550162315371, 0.557654512997166], "rotate_angle": -9.63, "rotate_angle_pred": -11.181997416107308}