{"centroid": [0.010335039129810347, 0.4939534217119217, 0.013399143318685698], "extents": [1.093314303748408, 0.31866911053657554, 0.6649662339576247], "rotate_angle": -7.75, "rotate_angle_pred": -9.753973709164711}