{"centroid": [-0.01925642031670874, -0.393366813659668, 0.04193108470266868], "extents": [1.1254211373289602, 0.4532053470611575, 0.6694341128875937], "rotate_angle": -12.12, "rotate_angle_pred": -13.392918964461572}