{"centroid": [-0.00479621991626375, 0.20721325278282166, 0.028454840821999505], "extents": [1.0118437913631233, 0.26850065588951133, 0.6476659119963692], "rotate_angle": 11.78, "rotate_angle_pred": 10.574414786463436}