{"centroid": [-0.0392302933818479, -0.008422866463661194, 0.08107664239610972], "extents": [1.0580346846262254, 0.3384623229503634, 0.6539009971383095], "rotate_angle": -35.14, "rotate_angle_pred": -33.10673577800276}