{"centroid": [-0.01488581323118842, 0.193797904998064, 0.06315395935395496], "extents": [0.8304327245860619, 0.4783575534820559, 0.9195214041855899], "rotate_angle": 33.65, "rotate_angle_pred": 35.98554224299214}