{"centroid": [0.0005262636383530639, 0.5582410842180252, 0.053261573660293375], "extents": [0.8547035029962837, 0.31378510594368003, 0.9239865129522349], "rotate_angle": -7.21, "rotate_angle_pred": -9.030946166758625}