{"centroid": [-0.0007628217705533263, 0.5070115476846695, 0.019310488876928614], "extents": [1.1320479974307198, 0.29829916357994096, 0.6375400944610681], "rotate_angle": 3.37, "rotate_angle_pred": 1.7676642286352688}