{"centroid": [0.03302960927356321, 0.5344445407390594, 0.008408865853903227], "extents": [0.9537149220700667, 0.2911636829376223, 0.6485862833267919], "rotate_angle": 42.46, "rotate_angle_pred": 42.23764896518304}