{"centroid": [-0.009103278329226805, 0.10761214047670363, 0.05879333819712566], "extents": [1.1262369159650076, 0.44662049412727367, 0.6244775654973777], "rotate_angle": 1.32, "rotate_angle_pred": 1.9144847314112354}