{"centroid": [-0.016337579648334363, -0.33911009132862086, 0.08017290905669971], "extents": [1.1761369866904656, 0.48605629801750194, 0.6464659660528815], "rotate_angle": -30.42, "rotate_angle_pred": -30.01637788484114}