{"centroid": [-0.0037667082142456426, 0.22011747211217877, 0.051949530363447016], "extents": [1.004445808289895, 0.25655832886695873, 0.6179588541947649], "rotate_angle": -2.66, "rotate_angle_pred": -4.6347372756332135}