{"centroid": [0.02013037376557912, -0.3887422680854797, 0.03072752147414331], "extents": [0.9800836904293715, 0.4022444486618043, 0.6376344473321593], "rotate_angle": 41.37, "rotate_angle_pred": 39.051939027872635}