{"centroid": [-0.03061485035711435, -0.02352243661880493, 0.06623141131658185], "extents": [1.0386414377360005, 0.29016190767288236, 0.6503970528752587], "rotate_angle": -36.89, "rotate_angle_pred": -36.6004238291108}