{"centroid": [0.006193066109329154, 0.4935944080352783, 0.04764881251962405], "extents": [1.0524470767445557, 0.3095989227294924, 0.6420757746942756], "rotate_angle": -25.15, "rotate_angle_pred": -26.453335395034145}