{"centroid": [0.2966969452989928, 0.3081910908222199, -0.059667957723759255], "extents": [0.8272370133942362, 0.18837159872055076, 0.5589511417420623], "rotate_angle": 37.39, "rotate_angle_pred": 36.376260792238625}