{"centroid": [-0.0033604495362412196, 0.47431744635105133, 0.011889071875215068], "extents": [1.102378623185209, 0.2903525531291964, 0.6310483311056663], "rotate_angle": -2.92, "rotate_angle_pred": -5.140994156842154}