{"centroid": [0.4408925593408877, -0.2081736028194427, 0.01054086014981375], "extents": [0.7664708363448735, 0.30936789512634294, 0.5160385281591254], "rotate_angle": 22.17, "rotate_angle_pred": 24.832291653959814}