{"centroid": [-0.3751483398038354, 0.3230219781398773, -0.053830579601071016], "extents": [0.7983310815098632, 0.17743557691574113, 0.5296062228693181], "rotate_angle": 22.57, "rotate_angle_pred": 19.197552671186727}