{"centroid": [-0.017908355865583134, -0.34556691348552704, 0.05249643022665748], "extents": [1.1146815879993992, 0.4673192799091341, 0.6513353507167334], "rotate_angle": -1.49, "rotate_angle_pred": -1.0818761923172815}