{"centroid": [-0.036968032313580895, 0.11625678837299347, 0.08521906368005971], "extents": [1.1022758303336389, 0.4333130717277529, 0.631712843561223], "rotate_angle": -29.58, "rotate_angle_pred": -27.591319957970214}