{"centroid": [0.3628661029952994, 0.05564127862453465, 0.03594994355721609], "extents": [0.8503342775824574, 0.2978909015655519, 0.564422839795339], "rotate_angle": 41.87, "rotate_angle_pred": 43.33810344825301}