{"centroid": [-0.042974568999167226, 0.4573467969894409, -0.03472055730758207], "extents": [1.3978533932579533, 0.2853792905807497, 0.550925858268571], "rotate_angle": -1.22, "rotate_angle_pred": -2.9925279172362167}