{"centroid": [-0.004738304934031712, 0.5161214619874954, 0.026259508189770686], "extents": [0.9675773108879764, 0.32105264067649864, 0.6941410534649397], "rotate_angle": -34.21, "rotate_angle_pred": -36.22809235028372}