{"centroid": [-0.013276064047236587, 0.20147201418876642, 0.07996673432558814], "extents": [0.84405959324538, 0.30787792801857017, 1.0334911428722284], "rotate_angle": -13.09, "rotate_angle_pred": -14.058507691150353}