{"centroid": [0.03142614034545005, -0.18952035903930664, 0.07148706635159165], "extents": [0.8764873617108176, 0.40637242794036893, 1.0389175265749173], "rotate_angle": -41.88, "rotate_angle_pred": -41.40349732309989}