{"centroid": [0.014263605273800245, 0.5091504007577896, 0.04313405388661108], "extents": [0.8756895004336166, 0.3027673065662387, 1.0350317882951146], "rotate_angle": -36.25, "rotate_angle_pred": -37.697621060432134}