{"centroid": [-0.0006919327085923091, 0.56966133415699, 0.048103309865157644], "extents": [0.9883534411324391, 0.32377293705940274, 0.910229334418966], "rotate_angle": -17.2, "rotate_angle_pred": -19.104259485244995}