{"centroid": [-0.03514077919769276, 0.4817986786365508, 0.0862013235889772], "extents": [0.913990617142964, 0.3048186898231508, 0.9400395158496837], "rotate_angle": -9.52, "rotate_angle_pred": -8.955829957791636}