{"centroid": [-0.019266546413753874, -0.006858453154563928, 0.06375770463482776], "extents": [1.0453752575392143, 0.3273173272609712, 0.6323728740525815], "rotate_angle": -1.05, "rotate_angle_pred": -0.3968698632997132}