{"centroid": [0.005024917452307237, 0.20097895711660385, 0.015751107374675957], "extents": [1.0022718723429405, 0.26972106099128745, 0.6408881428067299], "rotate_angle": 31.21, "rotate_angle_pred": 30.312184377023513}