{"centroid": [-0.0283278784557602, -0.07026205956935885, 0.17190410682484789], "extents": [0.5901237602541798, 0.32769116759300243, 0.49736933857967863], "rotate_angle": -30.48, "rotate_angle_pred": -28.111175843049708}