{"centroid": [0.44172091297796784, -0.15384644269943237, 0.20898299502436835], "extents": [0.5623942579751586, 0.23546558618545552, 0.543208118983888], "rotate_angle": 16.62, "rotate_angle_pred": 22.58022909418736}