{"centroid": [0.41827833382997975, 0.06562846899032589, 0.21769535986944158], "extents": [0.5552382398370524, 0.21935096383094796, 0.507923536975925], "rotate_angle": 4.11, "rotate_angle_pred": 7.118627335551281}