{"centroid": [-0.5072725765738648, -0.014781802892684983, -0.18519463898223898], "extents": [0.5122523839848199, 0.1933758407831193, 0.2998987696849757], "rotate_angle": 40.22, "rotate_angle_pred": 36.208385267113854}