{"centroid": [-0.1166088209253723, 0.03148993197828525, 0.2810075089265779], "extents": [0.2545834987462539, 0.08043523132801068, 0.5228199773358461], "rotate_angle": 43.4, "rotate_angle_pred": 36.037477959603706}