{"centroid": [-0.14413469783534044, 0.09338784590363496, 0.3148855130575125], "extents": [0.19421893227214965, 0.06733433157205596, 0.540697272944835], "rotate_angle": 3.15, "rotate_angle_pred": 5.675331252376054}