{"centroid": [-0.21029973488920503, 0.07860264554619782, 0.3621309093518862], "extents": [0.21202012493594113, 0.0785852894186975, 0.5652668964722363], "rotate_angle": -0.0, "rotate_angle_pred": 1.5582990507400893}