{"centroid": [0.21001847930583173, 0.026371069252491088, -0.3588957206610568], "extents": [1.1337720485858116, 0.23727571964263933, 0.2882859790824425], "rotate_angle": 23.22, "rotate_angle_pred": 26.18070911717122}