{"centroid": [0.0029768332977004736, -0.37513718008995056, 0.03986368453288265], "extents": [1.159784800826767, 0.6816349625587466, 1.032687193403679], "rotate_angle": -15.58, "rotate_angle_pred": -15.097154544753607}