{"centroid": [0.6278965300658449, 0.35094514489173895, -0.008068862365777352], "extents": [0.46751653130550075, 0.1816801428794862, 0.4297390784667637], "rotate_angle": 24.17, "rotate_angle_pred": 25.24891923172538}