{"centroid": [-0.05335269235748889, 0.4376215636730194, -0.05132451760733094], "extents": [1.3233816463501402, 0.2833623290061954, 0.6277539654086677], "rotate_angle": -42.03, "rotate_angle_pred": -44.22185778065369}