{"centroid": [-0.03236551427360057, -0.3686511069536209, 0.06293562646469061], "extents": [0.9340605310809618, 0.4657206237316134, 0.9348616175214154], "rotate_angle": 19.73, "rotate_angle_pred": 18.950328419816287}