{"centroid": [0.009243387453681737, 0.5382906496524811, 0.01833021473944823], "extents": [0.9057448228849918, 0.29529303312301663, 0.8873889770423558], "rotate_angle": 37.93, "rotate_angle_pred": 37.473468055711166}