{"centroid": [-0.03244701696840244, 0.1578868627548218, 0.08269525125474393], "extents": [0.9013855972307883, 0.44065696001052895, 0.9205906308372582], "rotate_angle": 34.59, "rotate_angle_pred": 38.366935363110656}