{"centroid": [0.00835987450380471, 0.4740015119314194, 0.010635060889479263], "extents": [1.076542751681648, 0.20717236399650601, 0.9948616777115799], "rotate_angle": 32.0, "rotate_angle_pred": 31.920271350200295}