{"centroid": [-0.03660911415620367, -0.5376401245594025, 0.014258611351826364], "extents": [1.1972609886463372, 0.2547429203987124, 1.0582200401983894], "rotate_angle": -7.99, "rotate_angle_pred": -5.97714654680847}