{"centroid": [0.008177058593873632, -0.13006892800331113, 0.021781023336954752], "extents": [1.1614355080509107, 0.32512015104293845, 1.0555422516587878], "rotate_angle": -11.23, "rotate_angle_pred": -10.214831721353846}