{"centroid": [-0.04353329408054017, 0.47030970454216003, -0.04683321965525371], "extents": [1.3774400786321808, 0.2853676080703737, 0.5748224786382178], "rotate_angle": -6.61, "rotate_angle_pred": -9.515761858972525}