{"centroid": [-0.004663881876413062, -0.040639251470565796, 0.01295061627661695], "extents": [0.9251351409458188, 0.3319320082664492, 0.7997161791798337], "rotate_angle": 22.91, "rotate_angle_pred": 24.774861857568368}