{"centroid": [-0.012131743120040957, 0.5462003499269485, 0.06192357870687929], "extents": [0.9566156402444546, 0.26745268702507047, 0.8512196660357908], "rotate_angle": -34.1, "rotate_angle_pred": -33.79128857506603}