{"centroid": [0.002388715986456444, -0.6726910322904587, 0.046736848889281736], "extents": [0.9513555128383308, 0.23686376214027427, 0.8598778807073125], "rotate_angle": -29.47, "rotate_angle_pred": -28.921873066584}