{"centroid": [0.020796709988156553, -0.3459424674510956, 0.018573674582226272], "extents": [0.9263224045064959, 0.30225598812103294, 0.7815713915660627], "rotate_angle": 18.19, "rotate_angle_pred": 16.950199033439446}