{"centroid": [0.0015916766887193248, 0.26487006992101664, 0.041902347927572], "extents": [0.9516528325195449, 0.34023198485374473, 0.8454279371430413], "rotate_angle": -40.83, "rotate_angle_pred": -38.1919639126136}