{"centroid": [-0.030425409615983348, 0.13981547206640244, 0.09251724471985676], "extents": [1.1329445951584283, 0.4664331674575808, 0.6536787217289879], "rotate_angle": -37.77, "rotate_angle_pred": -35.39611022066863}