{"centroid": [0.0004718286452199405, -0.4074611663818359, 0.01380376858331503], "extents": [1.0139096712661404, 0.41637837886810314, 0.6677187508217789], "rotate_angle": 33.22, "rotate_angle_pred": 29.94670811947539}