{"centroid": [0.003917090844211421, 0.4883405417203903, 0.00877375638723242], "extents": [1.0348315345207701, 0.2947300374507906, 0.6445160574333839], "rotate_angle": 38.72, "rotate_angle_pred": 34.54811675981196}