{"centroid": [-0.0053412518523134195, -0.021387651562690735, 0.03270784399547687], "extents": [1.0635561639357043, 0.2658639252185824, 0.6500234418268442], "rotate_angle": 33.37, "rotate_angle_pred": 32.51275468131179}