{"centroid": [-0.011422208717738844, 0.23087132722139359, 0.06775973097303957], "extents": [1.047815675653617, 0.27028810977935813, 0.6548632949080077], "rotate_angle": -18.75, "rotate_angle_pred": -20.02626415811409}