{"centroid": [0.013434128702774148, -0.052007853984832764, 0.007392971041763105], "extents": [0.8521793737817938, 0.49092775583267234, 0.8255132681961592], "rotate_angle": 38.04, "rotate_angle_pred": 34.65803637418239}