{"centroid": [-0.013360894142772237, 0.39505138993263245, 0.0022618306380217806], "extents": [1.2312637807709725, 0.2027590870857241, 1.1031385875366988], "rotate_angle": 4.14, "rotate_angle_pred": 5.12205880748499}