{"centroid": [-0.03744448474259584, -0.5424796938896179, 0.04178471582841385], "extents": [0.33479226592799527, 0.11554133892059326, 0.3129382222962261], "rotate_angle": -2.57, "rotate_angle_pred": -5.069234052172391}