{"centroid": [-0.03144466030987409, -0.5531064346432686, 0.029093297070020552], "extents": [0.32697839025450215, 0.10909400880336767, 0.3136498676148234], "rotate_angle": 13.04, "rotate_angle_pred": 9.992989000181495}