{"centroid": [-0.046771776810679205, -0.524497777223587, 0.03661441556577475], "extents": [0.36348313356546563, 0.12454324960708624, 0.32679632542878706], "rotate_angle": -22.38, "rotate_angle_pred": -24.020567582041664}