{"centroid": [-0.005392475382667853, -0.5594574958086014, 0.0024182114136164744], "extents": [0.3122436682358143, 0.1009427011013031, 0.31712174213547606], "rotate_angle": 35.25, "rotate_angle_pred": 30.944023084270214}