{"centroid": [0.018156554819514073, 0.43026676774024963, -0.012336490048667145], "extents": [1.3681065739550975, 0.30495470762252835, 0.7783098648095446], "rotate_angle": 32.83, "rotate_angle_pred": 34.7982009056108}