{"centroid": [0.05921521468925646, 0.06664590537548065, 0.029978282679735672], "extents": [1.2808930566878827, 0.40361285209655784, 0.712817294202813], "rotate_angle": 23.7, "rotate_angle_pred": 26.646117527531487}