{"centroid": [-0.005423928915491566, -0.37151500582695, -0.08406429340346147], "extents": [1.452931373428496, 0.37301427125930803, 0.7532131512830205], "rotate_angle": 19.36, "rotate_angle_pred": 17.428821567225967}