{"centroid": [-0.01008732289690524, -0.3418415635824204, 0.08207142528081154], "extents": [1.1913628316874973, 0.4874035418033603, 0.6499595499529061], "rotate_angle": -30.5, "rotate_angle_pred": -29.581381761835722}