{"centroid": [0.007863933600463877, 0.12106192857027054, 0.030703256118128255], "extents": [1.1316561852056428, 0.47803452610969566, 0.6316619600899489], "rotate_angle": 38.35, "rotate_angle_pred": 37.87885409512744}