{"centroid": [-0.005514215011300103, -0.2918657660484314, 0.018125868632185967], "extents": [1.0627887003879668, 0.4575779438018801, 0.6636628951552253], "rotate_angle": 42.11, "rotate_angle_pred": 40.127378104568095}