{"centroid": [-0.00585795576604789, 0.5334063172340392, 0.031884633465077285], "extents": [0.9895444483115968, 0.3267480134963991, 0.6842344383040697], "rotate_angle": -25.78, "rotate_angle_pred": -27.6339243414146}