{"centroid": [-0.008824267537426989, 0.08865629136562347, 0.02297006253809293], "extents": [1.0844683755948608, 0.42247554659843467, 0.6365556780777615], "rotate_angle": 31.99, "rotate_angle_pred": 31.595866929081325}