{"centroid": [0.006161429517405642, -0.12161849439144136, 0.015298588676951053], "extents": [1.1684768330674344, 0.30552765727043185, 1.0335022326724732], "rotate_angle": 15.08, "rotate_angle_pred": 13.560189485337645}