{"centroid": [0.0261327542757729, 0.15526651591062543, 0.043686429963524204], "extents": [1.1436500729889347, 0.3553889691829684, 1.0969188386542852], "rotate_angle": -41.28, "rotate_angle_pred": -41.96762909456419}