{"centroid": [-0.037392717395958314, -0.550780639052391, 0.006479659831308424], "extents": [1.1750839832363846, 0.2444835007190706, 1.0571803942008673], "rotate_angle": 4.43, "rotate_angle_pred": 6.642273937977336}