{"centroid": [0.19485862664450876, 0.06445980072021482, 0.3917155973111771], "extents": [0.4566291061479275, 1.6209408044815063, 0.013320500284505765], "rotate_angle": 30.97, "rotate_angle_pred": 27.915805116867176}