{"centroid": [-0.01200496520070806, 0.002108156681060701, 0.4086592588767186], "extents": [0.9585969703351555, 0.7402044534683228, 0.048459303924410224], "rotate_angle": -10.83, "rotate_angle_pred": -3.0835910873047823}