{"centroid": [-0.005465052805313286, -0.08871537446975716, 0.3938194255464436], "extents": [1.1695621934365898, 0.6559370160102844, 0.042567259575704786], "rotate_angle": 1.69, "rotate_angle_pred": 2.723014416478094}