{"centroid": [-0.593749605952278, 0.32065778039395804, 0.3437222128756005], "extents": [0.059409035648743114, 0.038515191525220926, 0.04298237596613852], "rotate_angle": -19.69, "rotate_angle_pred": -20.331887188688697}