{"centroid": [-0.028257433236647866, -0.14347028732299813, 0.4747445220491121], "extents": [1.2505827872172852, 0.7812998294830322, 0.0876791309262368], "rotate_angle": 8.66, "rotate_angle_pred": 9.153316968127342}