{"centroid": [-0.0131193008405757, 0.1416599750518799, -0.380858459537815], "extents": [0.6523146643209747, 1.3464502096176147, 1.20193469780063], "rotate_angle": -27.91, "rotate_angle_pred": -27.847566722621842}