{"centroid": [-0.03197759258301454, -0.13884764909744263, 0.47406402636859907], "extents": [0.6731483021525824, 0.9713126420974733, 0.041241051539057605], "rotate_angle": 39.11, "rotate_angle_pred": 44.132376402884034}