{"centroid": [-0.0131224726769687, -0.1652312576770783, 0.4552465500022149], "extents": [0.7304687422116433, 0.9431375861167908, 0.06511043687778656], "rotate_angle": -3.47, "rotate_angle_pred": -0.7170486757606653}