{"centroid": [-0.2491760951146372, -0.12220203876495367, 0.3335469357153681], "extents": [0.39409907840645825, 0.9138063192367553, 0.03415379602901736], "rotate_angle": 18.5, "rotate_angle_pred": 19.208783532773978}