{"centroid": [-0.05154631203785581, 0.035981833934783825, 0.5667903517405086], "extents": [1.0321227282071823, 1.0944744348526003, 0.0506115517038459], "rotate_angle": 36.58, "rotate_angle_pred": 42.6125402643147}