{"centroid": [-0.03172848536349415, 0.5938980281352997, 0.355918195217745], "extents": [0.6798505774224991, 0.5007156729698182, 0.12015411242092028], "rotate_angle": 25.81, "rotate_angle_pred": 30.221121364131875}