{"centroid": [0.01607026841707223, 0.6001400649547576, 0.30912562227247364], "extents": [0.7595077540767364, 0.5221437215805054, 0.12481587031282235], "rotate_angle": 20.01, "rotate_angle_pred": 20.236283076806743}