{"centroid": [0.2308433652916526, 0.003114759922027588, 0.12130157297175459], "extents": [0.6400756629989961, 1.6637108325958252, 0.015437444175284781], "rotate_angle": 43.61, "rotate_angle_pred": 37.364085734121176}