{"centroid": [-0.0024070954327574112, -0.23456686735153198, 0.2804879280639674], "extents": [0.7400266706320684, 1.287264347076416, 0.029849179807808712], "rotate_angle": -3.89, "rotate_angle_pred": -3.7048274910700627}