{"centroid": [-0.006361239381513166, 0.030941724777221596, 0.4395346541824786], "extents": [0.8818145869400692, 1.4777382612228394, 0.08259566760003889], "rotate_angle": -10.09, "rotate_angle_pred": -8.341031802191964}