{"centroid": [-0.23602270877349615, -0.028496980667114258, 0.1706798932433587], "extents": [0.3357228705618954, 1.4925047159194946, 0.09921263361867283], "rotate_angle": -3.54, "rotate_angle_pred": 2.919625338036653}