{"centroid": [0.2386417399260188, 0.03476917743682861, 0.1690405141823602], "extents": [0.49927712223393267, 1.5619194507598877, 0.07152354822772472], "rotate_angle": 10.68, "rotate_angle_pred": 13.411876214535909}