{"centroid": [0.2833894442115802, 0.07183319330215444, 0.3317279915927912], "extents": [0.5639041491949959, 1.3765113353729248, 0.013013669828037311], "rotate_angle": -38.46, "rotate_angle_pred": -40.387174539252925}