{"centroid": [-0.0007114386019781357, 0.6096855998039246, 0.3341421393316739], "extents": [0.6858189636043299, 0.49668025970458995, 0.11676747984587293], "rotate_angle": -25.54, "rotate_angle_pred": -28.82428644500998}