{"centroid": [-0.06453103551056649, -0.23532265424728394, 0.30134020127727296], "extents": [0.6211088761112812, 1.2130331993103027, 0.10922623933927594], "rotate_angle": -38.79, "rotate_angle_pred": -35.841043039228424}