{"centroid": [0.030838676637060962, -0.23010748624801636, 0.3314301365701121], "extents": [0.6768011947827547, 1.3094472885131836, 0.036889358815443196], "rotate_angle": 31.16, "rotate_angle_pred": 30.15515324291718}