{"centroid": [0.024020928938227604, -0.019819438457489083, 0.2702822721988555], "extents": [0.7020042022226753, 1.7913676500320435, 0.0756594249247706], "rotate_angle": -10.46, "rotate_angle_pred": -11.91848176469884}