{"centroid": [0.009521018381290797, 0.007309973239898626, 0.24978043519886134], "extents": [0.6137049133329886, 1.8716181516647343, 0.0059675275649151704], "rotate_angle": 22.6, "rotate_angle_pred": 20.86193373387141}