{"centroid": [-0.005420328486222675, -0.29732680320739746, 0.3217661037864773], "extents": [0.6453350864677454, 1.1763930320739746, 0.07375487034186196], "rotate_angle": -37.59, "rotate_angle_pred": -37.59955026745497}