{"centroid": [-0.03188533957597496, 0.10996067523956288, 0.532021956903595], "extents": [1.0190944635189008, 1.2739461660385136, 0.06511128670536159], "rotate_angle": 33.29, "rotate_angle_pred": 34.31379957126916}