{"centroid": [-0.03315179382800797, -0.02064430713653575, -0.5054467992905552], "extents": [1.572425573363971, 0.811103940010071, 0.006006318959335899], "rotate_angle": 28.45, "rotate_angle_pred": -150.22807521098926}