{"centroid": [-0.5345931984228455, 0.1514481529593468, 0.1826404186165629], "extents": [0.4139747523284106, 0.42977347970008856, 0.03586271694285373], "rotate_angle": -24.48, "rotate_angle_pred": -27.00313340336097}