{"centroid": [0.2847416817201738, -0.1485157310962677, -0.23606365702519447], "extents": [0.12815084578007274, 0.7959666848182678, 0.01957068519703184], "rotate_angle": -30.64, "rotate_angle_pred": -33.478523619751314}