{"centroid": [0.3706111140939933, -0.11153765022754672, 0.27806505045855645], "extents": [0.43290810008746733, 0.4813818037509918, 0.017149121049297777], "rotate_angle": 3.23, "rotate_angle_pred": 0.38586777312838194}