{"centroid": [-0.2044287785903743, -0.3056359887123108, 0.3303396626975406], "extents": [0.47405961385864126, 0.4784853458404542, 0.02190405513541399], "rotate_angle": -13.52, "rotate_angle_pred": -19.71595778283036}