{"centroid": [-0.12493899954770102, -0.05202212929725651, 0.24664924121589588], "extents": [0.31082385663288187, 0.618563413619995, 0.01166887018232568], "rotate_angle": -16.63, "rotate_angle_pred": -19.45107739450259}