{"centroid": [0.10257281171810897, 0.2696123160421848, 0.22194540461785417], "extents": [0.06152381004400899, 0.013746209442615509, 0.041989117871017195], "rotate_angle": 14.55, "rotate_angle_pred": 15.184963816501835}