{"centroid": [-0.5053800489015312, 0.3463058583438396, 0.22275525326109288], "extents": [0.16978162800044766, 0.04712202399969101, 0.055389744188801354], "rotate_angle": 42.9, "rotate_angle_pred": 40.60466990302518}