{"centroid": [-0.016854649473314363, 0.13947325944900502, 0.5706948206162116], "extents": [0.41247900444396235, 1.0994629859924316, 0.08158236568747468], "rotate_angle": -5.19, "rotate_angle_pred": -3.928081830464407}