{"centroid": [-0.38241592328240814, -0.09933918714523332, 0.4023969783292294], "extents": [0.6731622112360518, 0.7952620983123779, 0.028798587163677003], "rotate_angle": 21.35, "rotate_angle_pred": 22.332324068521643}