{"centroid": [0.3109228316291933, -0.09403070807456983, 0.417886914180301], "extents": [0.6622250015100837, 0.7900875210762025, 0.02436527585906828], "rotate_angle": -24.37, "rotate_angle_pred": -24.28261209817559}