{"centroid": [-0.010146589549846291, -0.255480021238327, 0.24899012090359088], "extents": [1.4984469712817685, 0.7442093491554261, 0.028380670219837895], "rotate_angle": -17.53, "rotate_angle_pred": -19.142987581810203}