{"centroid": [-0.13425886331213152, -0.4491313099861145, 0.28838711973584497], "extents": [0.45356489506398584, 0.8889787197113038, 0.056758342043981336], "rotate_angle": -16.57, "rotate_angle_pred": -34.08310827426797}