{"centroid": [-0.040045254264012106, -0.06377729773521434, 0.5704854292139457], "extents": [0.768296462249977, 0.9992690682411194, 0.03313182962111039], "rotate_angle": -38.52, "rotate_angle_pred": -32.29539186800321}