{"centroid": [-0.3349010092247369, 0.03202694654464722, 0.3762131857837843], "extents": [0.6476129978923232, 0.7628850936889648, 0.004950720885232629], "rotate_angle": -37.09, "rotate_angle_pred": -30.68548472668985}