{"centroid": [-0.015110746423522337, -0.20093667507171636, 0.26359186299077175], "extents": [1.6035029746097909, 0.7773150205612183, 0.036452844416028446], "rotate_angle": 23.88, "rotate_angle_pred": 29.805815204470875}