{"centroid": [0.025958317318095184, -0.1266090869903565, 0.4884215840142971], "extents": [0.757989033338609, 0.9714007377624511, 0.0203295047862439], "rotate_angle": 19.17, "rotate_angle_pred": 17.69650762356578}