{"centroid": [-0.33967561505156785, 0.060397863388061426, 0.4330616644024157], "extents": [0.6336350389408553, 1.086112380027771, 0.039075907001752896], "rotate_angle": 2.33, "rotate_angle_pred": 0.4306310231725661}