{"centroid": [0.06308868934203499, 0.008809119462966822, 0.37296706481009073], "extents": [1.6134090599542286, 0.786312520503998, 0.03922381294828159], "rotate_angle": -44.56, "rotate_angle_pred": -49.30831900400055}