{"centroid": [0.003949409922788645, 0.055927097797393716, 0.5569749223351939], "extents": [0.409472651754343, 1.402385950088501, 0.06144289038735673], "rotate_angle": -13.15, "rotate_angle_pred": -14.273021000018119}