{"centroid": [-0.23223839304534843, -0.44994989037513733, 0.24559090870779737], "extents": [0.4394076166661416, 0.8620381951332093, 0.04262462256519525], "rotate_angle": -9.18, "rotate_angle_pred": -14.780961277034905}