{"centroid": [0.33307382969080307, -0.09132593870162975, 0.4279468209732653], "extents": [0.6390942337856405, 0.8038080334663392, 0.018235411502753374], "rotate_angle": -38.39, "rotate_angle_pred": -39.71276827657792}