{"centroid": [0.34345618947639256, -0.09061551094055181, 0.41117081243179765], "extents": [0.6811075025673363, 0.814760684967041, 0.024067110660004165], "rotate_angle": 12.63, "rotate_angle_pred": 13.856327042791264}