{"centroid": [-0.3560470877223449, -0.11634331941604614, 0.4358374740924953], "extents": [0.6967448137778789, 0.8286750316619874, 0.039729785981787946], "rotate_angle": -31.48, "rotate_angle_pred": -30.766048590228884}