{"centroid": [0.33741654320132886, -0.09581583738327029, 0.381602351300224], "extents": [0.6637117697911421, 0.7985585927963257, 0.025995726983034817], "rotate_angle": 14.15, "rotate_angle_pred": 12.043289700379987}