{"centroid": [-0.13011565505316436, -0.05829477310180664, 0.2516954502126464], "extents": [0.29685731734918286, 0.6366191506385803, 0.012651286598464373], "rotate_angle": -32.92, "rotate_angle_pred": -30.103546072845056}