{"centroid": [-0.6495860111513387, -0.06357148289680481, 0.2317956795715826], "extents": [0.49723935643474876, 0.6220448017120361, 0.01621690409330051], "rotate_angle": -20.73, "rotate_angle_pred": -25.76357283857962}