{"centroid": [0.592971197221583, -0.04256772994995131, 0.19322200239103424], "extents": [0.4729640824215786, 0.6315579414367676, 0.01778508738702425], "rotate_angle": -44.3, "rotate_angle_pred": -50.86379701016713}