{"centroid": [0.15959364917808933, -0.0746530890464783, 0.25550790434114146], "extents": [0.31781420014848377, 0.6426359415054321, 0.01772573957408366], "rotate_angle": 6.73, "rotate_angle_pred": 2.875619222393567}