{"centroid": [0.34587546479053366, 0.13939678668975816, 0.47935453752943474], "extents": [0.6705859859703549, 0.7992246747016906, 0.02596135049544701], "rotate_angle": -24.33, "rotate_angle_pred": -22.50533941149044}