{"centroid": [0.3383501387055621, 0.12970459461212144, 0.44406822923527317], "extents": [0.6240012179182975, 1.042056679725647, 0.014094513202174863], "rotate_angle": -40.25, "rotate_angle_pred": -42.46140817429758}