{"centroid": [0.2910058406504986, -0.33284851908683777, 0.2678204041309067], "extents": [0.5073321423212555, 0.9846675992012024, 0.016567081087394187], "rotate_angle": -42.74, "rotate_angle_pred": -46.95808912944472}