{"centroid": [-0.24492783028201331, -0.3699178099632263, 0.2625008149972016], "extents": [0.4871477926711462, 0.9529125690460204, 0.04161388550016393], "rotate_angle": 15.75, "rotate_angle_pred": 7.9330946564779765}