{"centroid": [-0.2499160038962438, 0.5140801519155501, 0.25435665327154405], "extents": [0.5306319211282984, 0.6911178827285768, 0.00018286146957413596], "rotate_angle": 34.84, "rotate_angle_pred": 36.11316311579064}