{"centroid": [-0.32024653640740025, 0.05495703220367422, 0.4574566157443698], "extents": [0.6697397077948012, 1.1267433166503906, 0.018447711639307474], "rotate_angle": -1.94, "rotate_angle_pred": -0.8936398262460159}