{"centroid": [0.0026643161088725636, 0.627757728099823, 0.23998307412491726], "extents": [0.500263044190407, 0.6318712830543518, 0.004223210812185518], "rotate_angle": -4.19, "rotate_angle_pred": -6.812566938729617}