{"centroid": [-0.021048889911063587, -0.34540855884552, 0.2610439316226989], "extents": [0.5177071085757525, 1.281896948814392, 0.012168101945803755], "rotate_angle": 30.56, "rotate_angle_pred": 30.406478894748233}