{"centroid": [-0.31210046325233104, 0.10548368096351617, 0.4715151734984209], "extents": [0.6190578186917979, 1.0194342136383057, 0.02357418031245262], "rotate_angle": -37.71, "rotate_angle_pred": -38.114761392838155}