{"centroid": [0.31215171070396774, 0.1316327154636382, 0.45804348780593934], "extents": [0.6358803631995142, 1.0400028228759766, 0.026699819180196205], "rotate_angle": -13.25, "rotate_angle_pred": -12.746039531282747}