{"centroid": [-0.04136050376623062, 0.08288955688476551, 0.5621263043466511], "extents": [0.8762200860510165, 1.2676731348037718, 0.027297525942892475], "rotate_angle": 6.46, "rotate_angle_pred": 10.078070248039921}