{"centroid": [-0.0033458249433539686, -0.35562172532081604, 0.2678776838318597], "extents": [0.6254764713847747, 0.9360973238945007, 0.04949172894278819], "rotate_angle": 32.25, "rotate_angle_pred": 33.65285294569088}