{"centroid": [-0.6516873372509586, -0.06588330864906308, 0.24470824305718247], "extents": [0.4969637587383193, 0.624861776828766, 0.014172076880688583], "rotate_angle": -40.87, "rotate_angle_pred": -44.502643669172905}