{"centroid": [-0.5325716451572111, 0.38492013514041895, 0.3176117943852124], "extents": [0.12946679830066565, 0.03018817305564886, 0.04397725937316427], "rotate_angle": 12.35, "rotate_angle_pred": 8.408532178834633}