{"centroid": [0.30306399471796774, -0.09456625580787666, 0.4406528475902757], "extents": [0.6590945677207926, 0.7983329892158508, 0.03425618983566381], "rotate_angle": 5.61, "rotate_angle_pred": 6.914149206310086}