{"centroid": [-0.37108991724344237, -0.0828258097171784, 0.38442617463906575], "extents": [0.6697423581754004, 0.7961676716804504, 0.02159570569929503], "rotate_angle": -11.15, "rotate_angle_pred": -13.312381872052924}