{"centroid": [-0.06810131158947166, -0.2062884271144867, 0.2569256419114924], "extents": [1.4631918239375226, 0.7329223752021792, 0.03237343857060346], "rotate_angle": -33.92, "rotate_angle_pred": -32.744537527040826}