{"centroid": [-0.009117255674961744, -0.13040262460708624, 0.41776069229217855], "extents": [0.9182977692636971, 1.0380127429962158, 0.03993224732191586], "rotate_angle": -19.02, "rotate_angle_pred": -15.089756730780692}