{"centroid": [-0.3850342356006957, -0.04065909981727603, 0.3044101548642927], "extents": [0.6962897809652699, 0.807176113128662, 0.01488658606418114], "rotate_angle": -0.19, "rotate_angle_pred": 2.230644971663125}