{"centroid": [0.2274930478040655, 0.5717456340789795, 0.25178453601070794], "extents": [0.4654441410154981, 0.5610234141349792, 0.005346400587774414], "rotate_angle": 36.56, "rotate_angle_pred": 41.86393784833348}