{"centroid": [-0.24852032095689247, -0.34935653209686296, 0.24469177046848106], "extents": [0.45555134463581254, 1.1403577327728276, 0.03561913877673489], "rotate_angle": 20.05, "rotate_angle_pred": 13.336451091767927}