{"centroid": [-0.28470973478748846, -0.29576429724693304, 0.26065798669172635], "extents": [0.5726827341367137, 0.9928677678108215, 0.014211123705806072], "rotate_angle": 10.1, "rotate_angle_pred": 7.516086047939808}