{"centroid": [-0.30581046889595487, 0.52004574239254, 0.27395305158881944], "extents": [0.6489514834975317, 0.6612571477890015, 0.009548846818318024], "rotate_angle": -24.88, "rotate_angle_pred": -21.385711187135726}