{"centroid": [0.014224042384278074, -0.06175938248634341, 0.27354790134009527], "extents": [0.5884342882144606, 0.5454365611076356, 0.015571832901630611], "rotate_angle": 42.27, "rotate_angle_pred": 43.21086115897779}