{"centroid": [-0.3607522693955864, -0.062280327081680305, 0.3287752665364171], "extents": [0.6796695151138324, 0.8163627982139587, 0.017619070073091936], "rotate_angle": -28.72, "rotate_angle_pred": -32.04803396879928}