{"centroid": [0.017823512928290652, -0.13498800992965698, 0.4005750854300093], "extents": [0.9449585396054232, 1.0206736326217651, 0.025319024169865256], "rotate_angle": 38.93, "rotate_angle_pred": 37.57895565416611}