{"centroid": [0.0234687315894032, -0.04736149311065681, 0.5038919473093756], "extents": [0.7461552643338446, 0.9839032888412476, 0.023223664684424716], "rotate_angle": -14.1, "rotate_angle_pred": -17.032308149983848}