{"centroid": [-0.01862829728214583, 0.010709345340728676, 0.2577835977492454], "extents": [0.5151237120995839, 1.3560245037078857, 0.08759237607573828], "rotate_angle": -14.96, "rotate_angle_pred": -20.534359137592645}