{"centroid": [-0.6318801534053073, -0.06739327311515816, 0.24643345572571485], "extents": [0.5250789418867743, 0.646638810634613, 0.029022294451724828], "rotate_angle": 9.37, "rotate_angle_pred": 11.718061113748135}