{"centroid": [-0.12533715809357762, -0.08052167296409607, 0.2435128958926896], "extents": [0.31383544082139525, 0.6190338134765625, 0.02012320227390002], "rotate_angle": -18.88, "rotate_angle_pred": -21.33078653541665}