{"centroid": [0.32446089635916187, -0.1040972769260407, 0.3363662123852209], "extents": [0.6823100246030634, 0.8500121235847473, 0.030622958232050468], "rotate_angle": -4.11, "rotate_angle_pred": -4.210195408187843}