{"centroid": [0.34659930104274433, -0.06043738126754761, -0.32861110476593836], "extents": [0.655959295836082, 0.9321150779724122, 0.008512887943951664], "rotate_angle": -22.99, "rotate_angle_pred": -202.0006883555751}