{"centroid": [-0.36027906096277756, -0.10594633221626289, 0.3248569100296277], "extents": [0.6557154693818943, 0.8532463908195496, 0.03809120155804363], "rotate_angle": 14.73, "rotate_angle_pred": 13.229156097839521}