{"centroid": [-0.5590290448434465, 0.4145511165261268, 0.2572521291877375], "extents": [0.1581156588877538, 0.014027997851371765, 0.04330444437381001], "rotate_angle": 22.44, "rotate_angle_pred": 26.30052285960825}