{"centroid": [0.6388193473617494, -0.05564141273498544, 0.21628793805675983], "extents": [0.48269020143609503, 0.63284832239151, 0.01981407720341788], "rotate_angle": -21.5, "rotate_angle_pred": -23.558175255737424}