{"centroid": [0.40438027079866096, -0.01200699806213388, 0.22547068030594097], "extents": [0.8239219645670975, 0.8486655354499817, 0.014214142917092248], "rotate_angle": -25.8, "rotate_angle_pred": -29.197115765399623}