{"centroid": [0.019268508622066007, -0.13349178433418285, 0.4065206989205491], "extents": [0.9507549032360527, 0.9928783774375918, 0.03540160217584426], "rotate_angle": 28.05, "rotate_angle_pred": 28.213083203064045}