{"centroid": [-0.3037857184473249, 0.44111467152833933, 0.3071119055615959], "extents": [0.6612160225987572, 0.8088235259056091, 0.010203707994319688], "rotate_angle": -28.47, "rotate_angle_pred": -27.26851876441802}