{"centroid": [0.2972332572915137, -0.40844306349754333, 0.2658314502506362], "extents": [0.5742497365160145, 0.7327401041984558, 0.02537604013941508], "rotate_angle": -19.92, "rotate_angle_pred": -24.505892327483068}