{"centroid": [-0.2895795981529702, -0.3450833261013031, 0.31305635913139185], "extents": [0.6166394922905254, 0.7810718417167662, 0.021706741211492908], "rotate_angle": 3.76, "rotate_angle_pred": 6.520709454021841}