{"centroid": [-0.28392195582880553, 0.09055429697036736, 0.25763937125423964], "extents": [0.5828232650533606, 1.315205693244934, 0.020071204356853528], "rotate_angle": -3.13, "rotate_angle_pred": -6.441675619154765}