{"centroid": [0.2834675974581063, 0.09218645095825195, 0.2217593894093141], "extents": [0.5770020404067543, 1.2932689189910889, 0.02786498850279162], "rotate_angle": 6.41, "rotate_angle_pred": 4.472459359347241}