{"centroid": [-0.36824868704842684, -0.056565463542938337, 0.35170172941549793], "extents": [0.7223421237011118, 0.8522251844406129, 0.03463028324251133], "rotate_angle": 37.33, "rotate_angle_pred": 34.56164400635187}