{"centroid": [0.3818396249909477, -0.04451420903205872, 0.35033239294153606], "extents": [0.7455415808809579, 0.8977829217910768, 0.022436391812310386], "rotate_angle": 37.42, "rotate_angle_pred": 39.43529402514292}