{"centroid": [-0.3606143138101558, -0.11123383045196533, 0.4059877638026319], "extents": [0.6594087261949685, 0.7884103059768679, 0.011962178696283576], "rotate_angle": -36.04, "rotate_angle_pred": -41.19010161181991}