{"centroid": [0.32984872896342743, -0.09823942184448249, 0.40357260642516773], "extents": [0.6793138929706789, 0.8220864534378052, 0.023970093397583936], "rotate_angle": -16.8, "rotate_angle_pred": -16.741032450644397}