{"centroid": [-0.3288297830343923, 0.33211792632937426, 0.326093026318572], "extents": [0.6689983042045705, 0.7071171402931213, 0.009403010874918072], "rotate_angle": 16.76, "rotate_angle_pred": 14.952322738212118}