{"centroid": [0.35892855324446626, 0.1568409651517867, 0.4499716125952856], "extents": [0.6535971300401324, 0.8021525740623474, 0.023839079338538127], "rotate_angle": -24.48, "rotate_angle_pred": -26.516935846371908}