{"centroid": [0.3432651598195646, 0.056791126728057764, 0.4425762316815344], "extents": [0.670677836997251, 1.1164250373840332, 0.016596168187782645], "rotate_angle": -28.95, "rotate_angle_pred": -31.759596510795646}