{"centroid": [0.4104149841325134, 0.027353614568710258, 0.3255215940339257], "extents": [0.8041922067885827, 0.679425835609436, 0.027436562612144277], "rotate_angle": -8.48, "rotate_angle_pred": -6.252770755551779}