{"centroid": [-0.00409202900649832, -0.059128940105438295, 0.5536833546860003], "extents": [0.8825748038852854, 0.9224710464477539, 0.03332065818107299], "rotate_angle": -38.16, "rotate_angle_pred": -36.006251048666634}