{"centroid": [0.28813419304894283, 0.1074872314929961, 0.45341024476226804], "extents": [0.6364332281205232, 0.7811543345451355, 0.02468644766973771], "rotate_angle": -16.09, "rotate_angle_pred": -14.871229440696297}