{"centroid": [0.004760796277727741, 0.08318018913269032, 0.5053903146801395], "extents": [0.8414524736513893, 1.2413742542266843, 0.019131366033644293], "rotate_angle": -19.48, "rotate_angle_pred": -23.388117440973915}