{"centroid": [-0.026723292920339675, -0.2230372428894043, 0.35134232649646185], "extents": [1.2771526784056804, 0.8295978307724, 0.03418257515928008], "rotate_angle": -35.73, "rotate_angle_pred": -27.14049747664123}