{"centroid": [-0.3632604976355181, -0.012636512517929202, 0.43237043723627777], "extents": [0.6404655167582131, 0.8148034811019896, 0.02812085010645643], "rotate_angle": 5.9, "rotate_angle_pred": 3.3985430542686856}