{"centroid": [0.28886982069555345, 0.31338185071945185, 0.31515553739288255], "extents": [0.6994658638140524, 0.3124960064888001, 0.021364193194559733], "rotate_angle": -13.89, "rotate_angle_pred": -11.034438344356843}