{"centroid": [-0.00788552044247822, -0.07945874333381653, 0.22957389067885675], "extents": [0.5033935249913697, 0.8005759716033936, 0.009706564134726092], "rotate_angle": 28.31, "rotate_angle_pred": 26.770216809934965}