{"centroid": [-0.046912856400462985, -0.702987790107727, 0.20946161784517767], "extents": [0.4755527025712879, 0.41299474239349354, 0.03233987056662352], "rotate_angle": -6.09, "rotate_angle_pred": -6.7106558043452935}