{"centroid": [-0.38432519352869393, -0.07522669434547424, 0.33920818688723164], "extents": [0.7186494084396006, 0.8415973782539368, 0.04116613166086536], "rotate_angle": -19.54, "rotate_angle_pred": -16.294537884656677}