{"centroid": [-0.0016147273644268045, 0.3128464221954345, 0.312062520572216], "extents": [0.6281326452925171, 1.1844137907028198, 0.020123575010159434], "rotate_angle": -42.9, "rotate_angle_pred": -44.048223271294084}