{"centroid": [0.016417130448633382, -0.03502118587493905, 0.5208928083212303], "extents": [0.7692104764677536, 1.0149056911468506, 0.025609300161968385], "rotate_angle": 13.18, "rotate_angle_pred": 11.79973304886316}