{"centroid": [-0.33700605000499584, 0.06320017576217642, 0.4403808891629824], "extents": [0.6413797155454408, 1.1158543825149536, 0.04224895696011344], "rotate_angle": -9.48, "rotate_angle_pred": -10.467323500875295}