{"centroid": [0.017599794213286057, 0.08006876707077017, 0.527134113982205], "extents": [0.6351331044233979, 1.3616420030593872, 0.03273857471457442], "rotate_angle": 17.84, "rotate_angle_pred": 17.131948724283774}