{"centroid": [0.27106113926710695, 0.6142861098051071, 0.28952628842411104], "extents": [0.5031409276980716, 0.44819107651710516, 0.015936143738657427], "rotate_angle": 41.35, "rotate_angle_pred": 44.459563644349714}