{"centroid": [0.33596070343964846, -0.10738888382911689, 0.40330215277852116], "extents": [0.6306795557139169, 0.8413158059120178, 0.019203789773568236], "rotate_angle": -4.43, "rotate_angle_pred": -6.842440625679359}