{"centroid": [0.01141342220944122, 0.07051831483840929, 0.3454809319020283], "extents": [0.6149600020836097, 1.6522246599197392, 0.014622199977587569], "rotate_angle": -4.51, "rotate_angle_pred": -7.059793585663996}