{"centroid": [-0.02508446849517027, -0.1399364471435547, 0.40282655230210695], "extents": [0.9145300591820558, 1.0038015842437744, 0.037893124767861], "rotate_angle": -26.05, "rotate_angle_pred": -21.658465213264904}