{"centroid": [0.2291793306940206, -0.28378060460090637, 0.2653466476576535], "extents": [0.5343504488705582, 0.9388263821601868, 0.027523491225821317], "rotate_angle": -30.03, "rotate_angle_pred": -24.490705904937954}