{"centroid": [-0.351006383699922, -0.07529890537261963, 0.33861819430567774], "extents": [0.7297725817412714, 0.8372276425361634, 0.029481653689358733], "rotate_angle": -37.96, "rotate_angle_pred": -40.420771753643315}