{"centroid": [0.21391727866761262, 0.519446462392807, 0.2465588439558081], "extents": [0.5034952189314591, 0.6299124360084535, 0.008285447997295137], "rotate_angle": -18.04, "rotate_angle_pred": -17.933591272483596}