{"centroid": [0.23018990615672252, -0.021464541554451003, 0.21161633206035474], "extents": [0.48291329935528504, 0.459918349981308, 0.015440836060694602], "rotate_angle": 15.84, "rotate_angle_pred": 14.020361987198498}