{"centroid": [-0.013535824061529561, -0.07125031948089605, 0.5142499346183351], "extents": [0.7489776473493341, 0.9839863777160645, 0.02689672584507541], "rotate_angle": -36.32, "rotate_angle_pred": -37.849902740891864}