{"centroid": [0.25768492085466177, 0.4536623805761337, 0.25839628651471275], "extents": [0.5449281390626416, 0.7137414813041688, 0.01589493097235145], "rotate_angle": -21.78, "rotate_angle_pred": -20.710197445833217}