{"centroid": [0.20916218338055842, -0.6520334482192993, 0.18592325459686646], "extents": [0.430585265591697, 0.3478927612304688, 0.02493892612575707], "rotate_angle": -14.53, "rotate_angle_pred": -12.681731121459833}