{"centroid": [-0.03832556699729392, 0.4386384189128876, 0.2459525886870872], "extents": [0.029575750205382348, 0.2616416811943055, 0.026998132443206868], "rotate_angle": -34.09, "rotate_angle_pred": -32.32774166749007}