{"centroid": [-0.2351156845689334, -0.07462772727012634, 0.19488913024462168], "extents": [0.44312729330048417, 0.7103233337402344, 0.011085744671634368], "rotate_angle": -25.57, "rotate_angle_pred": -28.161463546812804}