{"centroid": [0.24466219373505088, -0.39154878258705145, 0.27663726089468543], "extents": [0.5523919393111579, 0.8662171959877014, 0.02115643742675355], "rotate_angle": -4.89, "rotate_angle_pred": -4.452005397036643}