{"centroid": [-0.04255540200970191, -0.5981942713260651, 0.23135524040118902], "extents": [0.5108974633921587, 0.5304548144340515, 0.03222247622187932], "rotate_angle": 15.84, "rotate_angle_pred": 15.841579240646581}