{"centroid": [0.011829440521507965, -0.5834918022155762, 0.22453923531558567], "extents": [0.47773715818903373, 0.5996898412704467, 0.02857410160606641], "rotate_angle": 3.14, "rotate_angle_pred": 0.7168212268767178}