{"centroid": [0.00916127868923262, 0.6381128430366516, 0.2418610277966323], "extents": [0.49048393396573153, 0.6198092699050903, 0.00299303695817979], "rotate_angle": 28.19, "rotate_angle_pred": 29.932620478899082}