{"centroid": [-0.28266030981766715, -0.30982697010040294, 0.25625707667772535], "extents": [0.5324729088516006, 1.071393489837647, 0.01884746925298436], "rotate_angle": -1.27, "rotate_angle_pred": -4.780736882348748}