{"centroid": [0.26291140997970064, 0.5054342895746231, 0.2616285365212159], "extents": [0.5415564035450338, 0.5221752524375916, 0.015922985547672297], "rotate_angle": 28.49, "rotate_angle_pred": 33.07213915955923}