{"centroid": [0.2416944194878653, -0.29583191871643066, 0.19629549324455983], "extents": [0.4773020891839408, 1.0587124824523926, 0.025939214156702944], "rotate_angle": 31.9, "rotate_angle_pred": 28.893682002559856}