{"centroid": [-0.25652953625985, 0.5097650736570357, 0.23755351214303452], "extents": [0.503927900307309, 0.6324501037597656, 0.010965969714285678], "rotate_angle": 7.29, "rotate_angle_pred": 8.400211990578057}