{"centroid": [0.24543095203604626, -0.3114131987094879, 0.23740804782809602], "extents": [0.4926924444111425, 0.983584463596344, 0.022791627963950317], "rotate_angle": 3.77, "rotate_angle_pred": -1.221272234344255}