{"centroid": [0.369340684379037, 0.06801304221153257, 0.41669540986184017], "extents": [0.679023632075523, 1.1178948879241943, 0.02698973600512805], "rotate_angle": 34.95, "rotate_angle_pred": 34.279624453057835}