{"centroid": [-0.019967476901936218, -0.1701335310935974, 0.280370392003417], "extents": [1.5663923460823463, 0.6948746442794801, 0.028112356401616467], "rotate_angle": -23.57, "rotate_angle_pred": -16.48069290524137}