{"centroid": [-0.37795604129061866, -0.0836169421672821, 0.4173040421459615], "extents": [0.5993315637913736, 0.7522844076156616, 0.028726674905873772], "rotate_angle": -24.21, "rotate_angle_pred": -25.858447858192918}