{"centroid": [0.25707171050821215, 0.6391275227069855, 0.2244203707190591], "extents": [0.484577285783801, 0.4467029571533204, 0.010289135126152482], "rotate_angle": -37.14, "rotate_angle_pred": -37.89252075914132}