{"centroid": [-0.23098536186937269, 0.06339912116527553, 0.22504831348758605], "extents": [0.4894708883998006, 0.6099876761436462, 0.0026396773178268274], "rotate_angle": -25.22, "rotate_angle_pred": -25.82632206772979}