{"centroid": [-0.21976158051703099, 0.6377149075269699, 0.22461888837383384], "extents": [0.47914314742643405, 0.4562440216541291, 0.010968176756210396], "rotate_angle": 21.25, "rotate_angle_pred": 19.80558504268619}