{"centroid": [-0.3320495557404264, -0.03429564833641063, 0.3591116572888286], "extents": [0.6918206312563064, 0.847861409187317, 0.02200854228212301], "rotate_angle": 40.68, "rotate_angle_pred": 38.482064360856214}