{"centroid": [0.019249380280719087, -0.696120485663414, 0.24586283966184344], "extents": [0.4908370431007205, 0.4759688675403596, 0.019550148618240976], "rotate_angle": -20.78, "rotate_angle_pred": -25.94188555649629}