{"centroid": [0.35168530297286715, -0.03814837336540223, 0.39143912116108354], "extents": [0.5930876104293267, 0.7678858637809753, 0.02450965331875188], "rotate_angle": 36.07, "rotate_angle_pred": 34.39391432947906}