{"centroid": [-0.38174430903155826, -0.015573740005493164, 0.248850513896871], "extents": [0.7694041280235876, 1.2596635818481445, 0.023172807392089517], "rotate_angle": -2.93, "rotate_angle_pred": -5.720304274388994}