{"centroid": [0.2200536452619343, 0.5493523478507996, 0.23865778427852902], "extents": [0.4662758875454026, 0.5712949633598329, 0.003482269025693069], "rotate_angle": -35.53, "rotate_angle_pred": -36.628479790404675}