{"centroid": [-0.2277192420819019, -0.6056487262248993, 0.22265738231054114], "extents": [0.4356861955474552, 0.5382257103919983, 0.019902560617366616], "rotate_angle": 5.84, "rotate_angle_pred": -0.4028984686371899}