{"centroid": [-0.04117875232632018, -0.38166892528533936, 0.49670105983835194], "extents": [0.8656224044552217, 0.8515042066574098, 0.02931349362898733], "rotate_angle": 40.65, "rotate_angle_pred": 42.02590182420684}