{"centroid": [0.2429931163555547, -0.6121551394462585, 0.21125295996095872], "extents": [0.471481379076447, 0.388964056968689, 0.026857089036506993], "rotate_angle": -12.48, "rotate_angle_pred": -9.276055527907857}