{"centroid": [0.21369701688320766, -0.05734056234359745, 0.20982823711805185], "extents": [0.48661716776350855, 0.6071717739105225, 0.01388397784422049], "rotate_angle": 4.37, "rotate_angle_pred": 2.1145789830673323}