{"centroid": [-0.2478239551613466, -0.6363689303398133, 0.2721001162288525], "extents": [0.5014406915210535, 0.43189084529876715, 0.006997711784189675], "rotate_angle": 1.07, "rotate_angle_pred": 6.2940291580067225}