{"centroid": [-0.2448768577007462, -0.052299767732620274, 0.24544337061598448], "extents": [0.49157013381343656, 0.6074835658073425, 0.011397260915682883], "rotate_angle": -29.74, "rotate_angle_pred": -33.0524082839882}