{"centroid": [0.02131016650711312, -0.37614300847053544, 0.3846123948168931], "extents": [1.0614019567746378, 0.8087149262428287, 0.025561909967073082], "rotate_angle": 14.81, "rotate_angle_pred": 15.627550631109855}