{"centroid": [-0.010181897956537289, 0.3055439889430998, 0.3913829332853263], "extents": [1.0785343967785166, 0.46784764528274525, 0.027376399258416617], "rotate_angle": 6.99, "rotate_angle_pred": 7.851542384236737}