{"centroid": [-0.12176589986655695, -0.037148803472519025, 0.4563883850010799], "extents": [1.229467231731606, 0.8453291654586794, 0.06270577549303769], "rotate_angle": 36.34, "rotate_angle_pred": 35.23286784985608}