{"centroid": [-0.05700305664358096, 0.3792279511690138, 0.4965495664546924], "extents": [0.9949841066494864, 0.5462100505828859, 0.029533260055049193], "rotate_angle": 44.22, "rotate_angle_pred": 50.03520424535742}