{"centroid": [-0.05363005442189028, 0.34360288828611363, 0.4444185468892733], "extents": [1.0353818205787144, 0.5356827974319458, 0.015074931472444375], "rotate_angle": -23.98, "rotate_angle_pred": -21.5337985467675}