{"centroid": [0.29614176528845104, 0.0504489541053772, -0.13709278011130077], "extents": [0.5696988788947938, 1.6356488466262817, 0.1805051592776061], "rotate_angle": 7.21, "rotate_angle_pred": 13.330152389018423}