{"centroid": [-0.9077255384962104, 0.18060680478811258, -0.06956660839651584], "extents": [0.44304720562478306, 0.20735573768615745, 0.7948562085356394], "rotate_angle": 14.39, "rotate_angle_pred": 19.630007869041094}