{"centroid": [-0.8628710411233342, 0.2155830338597297, 0.022711253530208253], "extents": [0.40473903078922135, 0.24151366949081438, 0.6801274562241709], "rotate_angle": -0.55, "rotate_angle_pred": 4.248853051003479}