{"centroid": [0.734776320111928, 0.27772829681634903, 0.014496366657122839], "extents": [0.2616680295876408, 0.14688931405544284, 0.289310697212936], "rotate_angle": -1.48, "rotate_angle_pred": -1.2712167821496934}