{"centroid": [-0.8506019012867352, 0.3053147159516812, -0.01648031210318386], "extents": [0.2839485336492281, 0.012485258281231093, 0.7019122664988515], "rotate_angle": -26.58, "rotate_angle_pred": -24.04385067217501}