{"centroid": [0.008354126320261258, 0.7087506875395776, -0.015365249935626797], "extents": [0.6479380935343064, 0.23769752681255363, 0.13867734818927283], "rotate_angle": -33.37, "rotate_angle_pred": -37.46676996697464}