{"centroid": [0.887801127573582, 0.2697620280086994, -0.009864717454242958], "extents": [0.214193323824866, 0.06394202262163176, 0.5402175648165046], "rotate_angle": 8.26, "rotate_angle_pred": 6.326281201038853}