{"centroid": [0.8518176783195331, 0.06162620056420558, -0.04453532601193615], "extents": [0.4259894799506202, 0.1489483118057253, 0.7973015925465697], "rotate_angle": -19.89, "rotate_angle_pred": -21.917484031538947}