{"centroid": [1.03477596937156, 0.295898236334324, 0.08943973579365017], "extents": [0.22792676311660998, 0.061429455876350514, 0.43070072352257815], "rotate_angle": 41.59, "rotate_angle_pred": 44.61789034107085}