{"centroid": [0.8181473255377552, 0.23684352636337283, -0.004507367793853433], "extents": [0.1796868723178513, 0.21086198091506964, 0.2899218470079227], "rotate_angle": 10.48, "rotate_angle_pred": 12.122631424937367}