{"centroid": [-0.9643410380291757, 0.25056096911430353, -0.05915548165317998], "extents": [0.30680606105700126, 0.10247439146041881, 0.41553631880715336], "rotate_angle": 29.96, "rotate_angle_pred": 35.331580889504636}