{"centroid": [-0.8683427227419851, 0.20551491528749452, -0.044125618300468995], "extents": [0.3287921597557977, 0.23908966779708868, 0.468463606758597], "rotate_angle": 33.21, "rotate_angle_pred": 36.50413580497519}