{"centroid": [-0.9150705840427842, 0.16248990595340734, -0.024203924189886317], "extents": [0.3526712257279726, 0.05238807201385512, 0.6173385205395008], "rotate_angle": -9.42, "rotate_angle_pred": -7.405852800695271}