{"centroid": [-0.8438039322102796, 0.19526971131563203, -0.04304775353514758], "extents": [0.3224967733845856, 0.15839555859565746, 0.5713062910274138], "rotate_angle": -43.35, "rotate_angle_pred": -37.37884085577959}