{"centroid": [0.7923887249711628, 0.1572173386812209, -0.02120254497325695], "extents": [0.29690221513603154, 0.1294241994619371, 0.4790161640647469], "rotate_angle": -35.59, "rotate_angle_pred": -35.93309001508067}