{"centroid": [0.8567167521536525, 0.25252474471926684, 0.0011831259065577804], "extents": [0.25010330215037413, 0.064711593091488, 0.545887366971534], "rotate_angle": -6.85, "rotate_angle_pred": -7.034039695811046}