{"centroid": [0.010299805496268882, 0.5531750321388245, -0.0717818807141711], "extents": [0.9147758282311691, 0.38316589593887346, 0.16529018812735544], "rotate_angle": -22.69, "rotate_angle_pred": -26.286254867657043}