{"centroid": [0.8341122301379482, 0.1594085078686475, -0.04674530575886256], "extents": [0.34950411876992926, 0.2719226479530336, 0.5596864312718371], "rotate_angle": -26.99, "rotate_angle_pred": -29.413462152097665}