{"centroid": [0.7093334603168125, 0.20798880606889725, -0.017440901444122678], "extents": [0.30527701284967956, 0.2626299858093263, 0.4655915095635912], "rotate_angle": -1.94, "rotate_angle_pred": -5.992915239363313}