{"centroid": [-0.8883416132039507, 0.32190827280282985, -0.026227961177115174], "extents": [0.272603900562994, 0.013825759291648976, 0.5440468814540658], "rotate_angle": -36.77, "rotate_angle_pred": -34.848982334105884}