{"centroid": [-0.940114359224196, 0.28534416854381556, -0.06097715665832076], "extents": [0.26388323033712824, 0.1641589403152467, 0.4212298051596218], "rotate_angle": 13.98, "rotate_angle_pred": 18.086821746314243}