{"centroid": [-0.7577062283830295, 0.14321379363536846, -0.09514469487697061], "extents": [0.41561386895213115, 0.11122991144657156, 0.8487273639685788], "rotate_angle": -42.53, "rotate_angle_pred": -35.781822750738485}