{"centroid": [0.011073902544006997, -0.10040385276079179, 0.09891925051780243], "extents": [0.049463561588550434, 0.036605775356292794, 0.34700822073361837], "rotate_angle": -17.1, "rotate_angle_pred": -20.938124389545266}