{"centroid": [0.8191605194910437, 0.23625259846448893, 0.0019228843464580425], "extents": [0.21201018084163692, 0.13618235290050515, 0.4469056550834355], "rotate_angle": -10.87, "rotate_angle_pred": -11.384849295240954}