{"centroid": [0.03230509809863361, 0.784579537808895, 0.5767350605790892], "extents": [0.15713976558512105, 0.03308098018169403, 0.041073203700854766], "rotate_angle": -21.49, "rotate_angle_pred": -24.020660857476813}