{"centroid": [-0.2498216557383084, 0.3514391258358954, 0.4606209908474559], "extents": [0.11090741905923665, 0.0011785775423049927, 0.04976199501955203], "rotate_angle": 15.83, "rotate_angle_pred": 18.985037837517737}