{"centroid": [-0.17087725667138298, -0.03369206935167318, 0.2814529850800004], "extents": [0.0033955127683187314, 0.12599152326583862, 0.040776499435205726], "rotate_angle": 32.5, "rotate_angle_pred": 33.49746823291801}