{"centroid": [0.003425166437624444, 0.2846897318959235, 0.4804132409551481], "extents": [1.1495988080377644, 0.06953601539134996, 0.09614068773423501], "rotate_angle": 40.86, "rotate_angle_pred": 36.58025062179476}