{"centroid": [0.008034947124205619, 0.23741360008716572, 0.46115503966111693], "extents": [1.1170528882749915, 0.04848849773406996, 0.08414019460191985], "rotate_angle": 34.54, "rotate_angle_pred": 31.621002579529602}