{"centroid": [-0.02158513692978454, 0.49475638568401326, 0.5081507943937896], "extents": [0.8705631309404305, 0.018719226121902466, 0.091757563785625], "rotate_angle": -18.02, "rotate_angle_pred": -19.76183075789227}