{"centroid": [0.5211057263629882, 0.19322477281093597, 0.3296047269747065], "extents": [0.5089271041275446, 0.05172640085220345, 0.07347790857480985], "rotate_angle": 30.16, "rotate_angle_pred": 28.46293571497324}