{"centroid": [-0.658062594596167, 0.17336459457874284, 0.2787540844244454], "extents": [0.3680045385491377, 0.02611550688743594, 0.05655142040957156], "rotate_angle": 16.86, "rotate_angle_pred": 16.960050927854695}