{"centroid": [-0.03034211658159955, 0.2930366359651088, 0.46854423837571835], "extents": [0.9537654048870108, 0.0525218769907953, 0.0660614305509784], "rotate_angle": -42.01, "rotate_angle_pred": -40.966422839734896}