{"centroid": [0.41504650701175433, 0.21108491718769068, 0.3451794139561455], "extents": [0.6990006126211669, 0.08076474070549017, 0.0821198019855825], "rotate_angle": -3.48, "rotate_angle_pred": -4.158658929845089}