{"centroid": [-0.40766503180393704, 0.25231439620256413, 0.4054103406522391], "extents": [0.9289198077992318, 0.06734551489353194, 0.06005863573834935], "rotate_angle": 34.07, "rotate_angle_pred": 29.954353118618428}