{"centroid": [-0.04259849726340591, 0.1761472895741462, 0.43037677318625345], "extents": [1.1248979584774332, 0.03965823352336903, 0.10754814759572895], "rotate_angle": -39.48, "rotate_angle_pred": -43.619125578496075}