{"centroid": [-0.3813963156577206, 0.22189496457576738, 0.3491744377925992], "extents": [0.8512948611625035, 0.00603964924812328, 0.0849513397568718], "rotate_angle": 43.87, "rotate_angle_pred": 37.4691859655608}