{"centroid": [-0.9247630457021354, 0.2928117625415324, -0.10107703851944691], "extents": [0.3602013598526328, 0.01565136760473268, 0.6919709464360665], "rotate_angle": 43.78, "rotate_angle_pred": 46.48507099365142}