{"centroid": [0.019502119993822203, 0.6585951745510101, -0.03980384712966919], "extents": [0.9115033332457152, 0.36778217554092424, 0.093968706226724], "rotate_angle": -33.41, "rotate_angle_pred": -37.586322547799064}