{"centroid": [0.8293551800475633, 0.2705734446644783, 0.0021458647031585426], "extents": [0.30663284990762374, 0.0778605490922929, 0.5102829988312549], "rotate_angle": 5.11, "rotate_angle_pred": 4.978316132380115}