{"centroid": [-0.05676982971563413, 0.24500479921698565, 0.47343688061367295], "extents": [1.1188630809323543, 0.06078308075666436, 0.09262688252310991], "rotate_angle": -13.86, "rotate_angle_pred": -13.670366406121786}