{"centroid": [-0.010944852777976438, 0.5169742256402968, 0.5680219528837638], "extents": [0.44815822101802044, 0.02621939778327942, 0.07077458290195571], "rotate_angle": 31.07, "rotate_angle_pred": 30.046295611066668}