{"centroid": [0.0002821662006992631, 0.5713351257145404, 0.4060334612167765], "extents": [0.40979772290578287, 0.03058455139398575, 0.04792235358860386], "rotate_angle": 16.97, "rotate_angle_pred": 12.220432107890204}