{"centroid": [-0.009979830598103267, 0.1879193484783171, 0.5009017143487267], "extents": [0.34324019596569266, 0.042071014642715454, 0.0703421968855667], "rotate_angle": -1.44, "rotate_angle_pred": -2.4979274251112713}