{"centroid": [0.012198613515640742, 0.2533527016639707, 0.6033232238075164], "extents": [0.5600741566757168, 0.0010053515434265692, 0.08500237110653441], "rotate_angle": 25.56, "rotate_angle_pred": 24.571901314276644}