{"centroid": [-0.020324851045107117, 0.48024461790919293, 0.4894041084478724], "extents": [0.3423570306198291, 0.02694448083639145, 0.07924151961232329], "rotate_angle": -15.65, "rotate_angle_pred": -14.881870698292033}