{"centroid": [-0.37964278556763265, 0.7412326261401175, 0.26904901640180395], "extents": [0.07157980668641883, 0.005013212561607361, 0.13258531722944952], "rotate_angle": 36.63, "rotate_angle_pred": 38.21911378537209}