{"centroid": [0.008412704734283946, 0.7717944420874118, 0.5920045417864507], "extents": [0.1359395528199546, 0.011869795620441437, 0.05611165962347586], "rotate_angle": -17.59, "rotate_angle_pred": -19.912807875400162}