{"centroid": [-0.012522384173189766, 0.5518669635057448, 0.6275432051239499], "extents": [0.47176668337553734, 0.021328121423721313, 0.0884603416390416], "rotate_angle": 24.85, "rotate_angle_pred": 24.983417887916644}