{"centroid": [-0.34922532242649934, 0.722212828695774, 0.2698076128524383], "extents": [0.07256935586228541, 0.018683865666389465, 0.12644265678114044], "rotate_angle": 43.53, "rotate_angle_pred": 42.71392216878414}