{"centroid": [-0.007601733084023732, 0.15886206179857243, 0.5354390038146436], "extents": [0.3099953535845992, 0.008692696690559415, 0.06020071737061372], "rotate_angle": -3.35, "rotate_angle_pred": -4.761891970132027}