{"centroid": [0.1408785337777383, 0.09136972203850735, 0.4408186716180916], "extents": [0.04511760301014396, 0.07244699448347092, 0.026839260760180506], "rotate_angle": -43.94, "rotate_angle_pred": -44.65987070001643}