{"centroid": [0.019894766876761755, 0.9837226569652557, 0.27483192538251605], "extents": [0.3272553092021914, 0.03862184286117565, 0.05314495423818785], "rotate_angle": 24.8, "rotate_angle_pred": 22.525727560916707}