{"centroid": [-0.23260583969355703, 0.7777078337967396, 0.2748875581974933], "extents": [0.02133436462164104, 0.023626841604709625, 0.12609490522529374], "rotate_angle": -21.97, "rotate_angle_pred": -22.117573223682896}