{"centroid": [-0.021385554792944704, 0.07114063575863831, 0.30247924222793254], "extents": [0.02083577191338414, 0.06269817799329758, 0.02977351809539658], "rotate_angle": 6.12, "rotate_angle_pred": 4.847788549177551}