{"centroid": [0.23529951166942864, 0.7499292455613613, 0.27848647915236935], "extents": [0.061934410234594145, 0.024603120982646942, 0.10186937238997909], "rotate_angle": 24.58, "rotate_angle_pred": 23.381593514092486}