{"centroid": [-0.468136574816177, 0.079029470682144, 0.6671777663251218], "extents": [0.1098028817874161, 0.8838918209075928, 0.1954819453665324], "rotate_angle": 8.71, "rotate_angle_pred": 13.755833247753273}