{"centroid": [-0.01652940168980861, 0.6392131000757216, -0.03246603451133791], "extents": [0.14220922870456243, 0.2903809249401092, 0.034801031623575576], "rotate_angle": -27.53, "rotate_angle_pred": -29.788220525150493}