{"centroid": [0.3417653308505199, 0.3232114426791668, -0.019597656708397117], "extents": [0.21099613688860877, 0.5395921468734741, 0.07315685628449628], "rotate_angle": -19.1, "rotate_angle_pred": -24.43585812873323}