{"centroid": [0.23262203421714123, 0.6160450875759125, -0.06456469826994035], "extents": [0.1643150413765235, 0.34435540437698364, 0.04570098123862196], "rotate_angle": -11.61, "rotate_angle_pred": -14.831057832898978}