{"centroid": [0.3901987527222445, 0.40591995418071747, -0.025332005078688123], "extents": [0.2379269932193116, 0.5539959669113159, 0.08589400474712708], "rotate_angle": -19.23, "rotate_angle_pred": -23.90333197348899}