{"centroid": [-0.01764667892159867, 0.7383586280047892, 0.4209042724330463], "extents": [0.5932704736650349, 0.05493130534887314, 0.061619590244194056], "rotate_angle": -1.89, "rotate_angle_pred": -2.241387256743124}