{"centroid": [0.0009834415474856972, 0.4768821261823177, 0.553920460533077], "extents": [0.31191002693648395, 0.029337279498577118, 0.06755108250064379], "rotate_angle": 12.58, "rotate_angle_pred": 12.693263146587825}