{"centroid": [0.3385954228623886, 0.338223859667778, -0.055820384732871334], "extents": [0.1775904486827158, 0.5282768607139587, 0.06102759901010295], "rotate_angle": 0.98, "rotate_angle_pred": -3.8317203343027586}