{"centroid": [-0.5259592128075812, 0.16676309704780568, 0.03205933337035774], "extents": [0.3532736197968707, 1.0611906051635742, 0.14582189490536418], "rotate_angle": 36.26, "rotate_angle_pred": 33.018210120529005}