{"centroid": [0.3307238806281228, 0.4796456843614578, -0.04082041868192274], "extents": [0.22107722092275306, 0.5616888403892516, 0.05775526597819468], "rotate_angle": 28.35, "rotate_angle_pred": 23.259296356622073}