{"centroid": [0.477591865082997, 0.3998680710792541, 0.005213329287745641], "extents": [0.42250827004684327, 0.9332256317138673, 0.15111906844323458], "rotate_angle": -24.59, "rotate_angle_pred": -31.510104799543797}