{"centroid": [-0.24112981513687745, 0.7377525903284549, 0.28186440009214525], "extents": [0.04402145841033514, 0.04887551814317703, 0.1703064032429262], "rotate_angle": -40.96, "rotate_angle_pred": -37.613564234676204}