{"centroid": [0.3216306981209063, 0.7152150496840476, 0.22870492460165903], "extents": [0.07283888096989116, 0.09976594150066376, 0.17628775742294897], "rotate_angle": -41.88, "rotate_angle_pred": -38.19135107680986}