{"centroid": [-0.17139352973774147, 0.13248928263783444, 0.39363080648720306], "extents": [0.04779983959310319, 0.3050939738750458, 0.028253910485941003], "rotate_angle": 6.93, "rotate_angle_pred": 6.9115890057128695}