{"centroid": [-0.0728102455013422, 0.06908899545669547, 0.31332178094567387], "extents": [0.02856054953400545, 2.0160248279571533, 0.09187091307032885], "rotate_angle": -5.2, "rotate_angle_pred": -3.1129002476075556}