{"centroid": [-0.07807271468676383, 0.06788432598114005, 0.3057247146013804], "extents": [0.03732708171946416, 1.9609895944595335, 0.0859648677199783], "rotate_angle": -40.7, "rotate_angle_pred": -33.70392851139264}