{"centroid": [-0.11731601613691034, 0.22080110386013974, 0.4012122771138733], "extents": [0.4400499297488836, 0.05906305462121966, 0.08107222860655111], "rotate_angle": 25.42, "rotate_angle_pred": 21.192928009814324}