{"centroid": [-0.06667547126417629, 0.3423121124505996, 0.19347030087444123], "extents": [0.0020492374844843786, 0.21283224225044248, 0.025310411984870163], "rotate_angle": 37.39, "rotate_angle_pred": 38.06683397371208}