{"centroid": [-0.07393590658820047, 0.40138585120439535, 0.1966287984318178], "extents": [0.008674949618688976, 0.24280513823032385, 0.030447051670021347], "rotate_angle": -37.82, "rotate_angle_pred": -40.97228854167045}