{"centroid": [-0.3055254953621198, 0.1341209094971418, 0.28342239769939287], "extents": [0.0024263114368928695, 0.2634195387363434, 0.04405838738372969], "rotate_angle": -15.55, "rotate_angle_pred": -13.26403590065685}