{"centroid": [-0.3863081366261175, 0.6891471967101096, 0.2882115054841034], "extents": [0.02186659004805047, 0.14898256957530975, 0.0432106187184792], "rotate_angle": 28.08, "rotate_angle_pred": 28.590718427398713}