{"centroid": [-0.4231486803226766, 0.29230161011219014, 0.5299457844924302], "extents": [0.042514003903904696, 0.8689306378364563, 0.10355411492013644], "rotate_angle": 2.19, "rotate_angle_pred": 7.784069267955431}