{"centroid": [-0.5571795694313955, 0.4182810932397842, 0.4926249383901802], "extents": [0.049515613978147965, 0.5501500368118286, 0.06969820181821945], "rotate_angle": -19.86, "rotate_angle_pred": -15.584053583253322}