{"centroid": [-0.029964239933472425, 0.13988260924816126, 0.2760678931857598], "extents": [0.043488636064462585, 0.6265463829040527, 0.042600444912123725], "rotate_angle": -4.16, "rotate_angle_pred": -5.107481652392266}