{"centroid": [-0.020933048674190782, 0.1390239149332046, 0.2649823404674363], "extents": [0.003972292019032313, 0.6206128597259521, 0.03544118320170089], "rotate_angle": -16.92, "rotate_angle_pred": -22.18148258783127}