{"centroid": [-0.199289130471468, 0.0628562420606612, 0.3980162199672834], "extents": [0.02320739623093815, 0.4497682452201843, 0.044066075163628704], "rotate_angle": 15.96, "rotate_angle_pred": 18.082851787365698}