{"centroid": [-0.0055205176932319345, 0.03762521594762791, 0.5229810490832568], "extents": [0.04058843868501966, 0.2983800768852234, 0.08415741509539965], "rotate_angle": -13.38, "rotate_angle_pred": -13.56845850271273}