{"centroid": [-0.12358215148993844, 0.041073508560657404, 0.4798866055684218], "extents": [0.06973001321150603, 0.27381211519241333, 0.08769960651481179], "rotate_angle": 40.64, "rotate_angle_pred": 42.06220403884984}