{"centroid": [-0.2456149625834889, 0.06274041533470144, 0.35355504669923005], "extents": [0.005582481515914783, 0.2550136148929596, 0.04473392579819507], "rotate_angle": 24.03, "rotate_angle_pred": 27.123232315694636}