{"centroid": [-0.08561692792736124, 0.1975352764129638, 0.4369075000837581], "extents": [0.05164038309148539, 0.2537157237529755, 0.08400656151503955], "rotate_angle": 36.47, "rotate_angle_pred": 37.7076440629458}