{"centroid": [0.048776528155053775, 0.16749433800578112, 0.4352969747291466], "extents": [0.0456232436947393, 0.2489486932754517, 0.0696014998251882], "rotate_angle": 35.0, "rotate_angle_pred": 33.630527981566885}