{"centroid": [-0.6389240279422852, 0.5414892099797726, -0.08833593795256704], "extents": [0.13642757884926848, 0.03856306523084663, 0.8192048521085815], "rotate_angle": 5.33, "rotate_angle_pred": 9.727319129490482}