{"centroid": [-0.0187387285457596, -0.5060086473822595, 0.5181403692592834], "extents": [0.9380973382170943, 0.002023264765739441, 0.0732262044799209], "rotate_angle": -15.43, "rotate_angle_pred": -17.785260470682715}