{"centroid": [0.32064596256527744, 0.4688699319958687, -0.0013682317340738877], "extents": [0.09189332850468346, 0.07596404850482946, 0.13193371646218552], "rotate_angle": -32.58, "rotate_angle_pred": -30.682864922388468}