{"centroid": [0.026622395945929876, 0.6266220621764659, 0.495357137903468], "extents": [0.9081777166976079, 0.04210551828145981, 0.09967055733247043], "rotate_angle": 12.44, "rotate_angle_pred": 8.78600827137268}