{"centroid": [0.07990025181311661, -0.1883455738425255, 0.2817107984814744], "extents": [0.5713551008980183, 0.01688553392887121, 0.027742810375056548], "rotate_angle": 19.53, "rotate_angle_pred": 16.761022278722606}