{"centroid": [0.29342598587562585, 0.014332413673400796, 0.36518933079117283], "extents": [0.09006829736636962, 1.1094250679016113, 0.086142176590835], "rotate_angle": -1.01, "rotate_angle_pred": 1.392172731869195}