{"centroid": [0.006765249057319876, -0.11156132817268381, 0.33372472139889053], "extents": [0.014039501620790361, 0.2531457543373108, 0.020882669944830345], "rotate_angle": 22.52, "rotate_angle_pred": 21.837207589598975}