{"centroid": [-0.06255053860110106, 0.36935994774103154, 0.3667326711649001], "extents": [0.3965723628899507, 0.01064430177211767, 0.026169848451568445], "rotate_angle": -19.8, "rotate_angle_pred": -22.12744639476115}