{"centroid": [-0.050966135931141465, 0.34168815612792963, 0.3822969188757956], "extents": [0.39781484733671063, 0.0020269751548767645, 0.0243411031336222], "rotate_angle": 26.82, "rotate_angle_pred": 24.49137687983675}