{"centroid": [-0.6416720995223095, 0.13082009553909285, 0.4746358566195156], "extents": [0.004517257351002724, 1.1493229866027832, 0.09432259488922418], "rotate_angle": 18.66, "rotate_angle_pred": 21.183328072304136}