{"centroid": [0.08905304790098262, 0.2735320255160331, 0.3051210662825728], "extents": [0.23526066843430032, 0.04820410907268524, 0.03804813374207772], "rotate_angle": 19.97, "rotate_angle_pred": 20.8551466143456}