{"centroid": [-0.09412654016329286, -0.062156137079000674, 0.954302481544748], "extents": [1.0079379106155568, 0.016524054110050257, 0.08104735632512805], "rotate_angle": -7.85, "rotate_angle_pred": -8.061487534715283}