{"centroid": [0.016295580050707525, 0.16908321529626838, 0.47992508668290246], "extents": [1.5173040577770525, 0.04816453158855458, 0.09259957044200318], "rotate_angle": 34.6, "rotate_angle_pred": 31.112148497116664}