{"centroid": [-0.014779597810485406, 0.629866912961006, 0.5391119720976709], "extents": [0.9654564591997683, 0.02253118157386802, 0.10291789934153389], "rotate_angle": -33.86, "rotate_angle_pred": -35.82113180769764}