{"centroid": [-0.03203676460761795, 0.6463710926473141, 0.5225760925986239], "extents": [1.0298712171886737, 0.021082453429699055, 0.1263876547325784], "rotate_angle": -26.96, "rotate_angle_pred": -28.086669522590007}