{"centroid": [-0.010682597199559482, 0.40534029901027674, 0.5664044769843127], "extents": [0.8442559090315944, 0.011256724596023726, 0.0884156807246963], "rotate_angle": -41.75, "rotate_angle_pred": -41.7172454679784}