{"centroid": [0.009466231454556946, 0.6284173130989075, 0.5256025781217565], "extents": [0.9785710730978706, 0.027020454406738392, 0.10727811032652668], "rotate_angle": -23.71, "rotate_angle_pred": -26.029051709036686}