{"centroid": [0.006616512670041826, 0.5832353830337523, 0.5276140553832573], "extents": [0.9731805508552485, 0.04093921184539795, 0.10145886434216733], "rotate_angle": -7.03, "rotate_angle_pred": -9.182589064506715}