{"centroid": [0.009546323719136277, 0.47045681998133654, 0.6433299948385726], "extents": [0.3635510304399633, 0.060048542916774805, 0.04872628432967596], "rotate_angle": -9.75, "rotate_angle_pred": -12.699195331933822}