{"centroid": [-0.032499119468776566, 0.7200389578938482, 0.5931771490323985], "extents": [0.8651232891448154, 0.03263105452060722, 0.11036263625729015], "rotate_angle": 31.25, "rotate_angle_pred": 32.58494961859279}