{"centroid": [-0.017175825722115477, 0.583725094795227, 0.5460888547593529], "extents": [0.9377691613553598, 0.03268706798553478, 0.09299111235175395], "rotate_angle": -38.86, "rotate_angle_pred": -39.758097541837685}