{"centroid": [0.011480765199343816, 0.549952670931816, 0.4128910611390193], "extents": [0.794763781963387, 0.02812764048576355, 0.09550547341206139], "rotate_angle": 10.41, "rotate_angle_pred": 7.691679781221339}