{"centroid": [0.01830151657944884, 0.6014567129313945, 0.49335342007703065], "extents": [0.9734635264962574, 0.02913679927587509, 0.10021221547005726], "rotate_angle": -16.32, "rotate_angle_pred": -19.333483814549453}