{"centroid": [0.01691761255662616, 0.6077947914600372, 0.44145429211438036], "extents": [0.9011896982747096, 0.05653947591781627, 0.09679366792195526], "rotate_angle": 26.91, "rotate_angle_pred": 23.235355893340113}