{"centroid": [-0.10924984620327645, 0.43306722119450564, 0.523702176130027], "extents": [0.9094070161945715, 0.013349868357181716, 0.08414155213178687], "rotate_angle": -34.63, "rotate_angle_pred": -32.86240037000192}