{"centroid": [0.005756949781147595, -0.22542276233434685, 0.6209542305196126], "extents": [0.3505831920507835, 0.03367950022220617, 0.05358461980088691], "rotate_angle": 43.76, "rotate_angle_pred": 40.84595307644554}