{"centroid": [0.09200556221612602, -0.0045310882851482045, 0.25913816764594055], "extents": [0.09053677477018823, 0.013302505016326915, 0.03360020054857174], "rotate_angle": -14.52, "rotate_angle_pred": -13.060320123485496}