{"centroid": [0.11245082788429703, -0.01611382141709331, 0.2444982545921607], "extents": [0.08379323800501674, 0.015726141631603255, 0.03136837489926392], "rotate_angle": 27.59, "rotate_angle_pred": 28.967056781641816}