{"centroid": [0.09135957887042474, -0.009945767931640202, 0.2492013754748978], "extents": [0.08438534832354494, 0.0114835798740387, 0.03224503171627041], "rotate_angle": -3.75, "rotate_angle_pred": -2.5065216141202455}