{"centroid": [0.08794883587576036, -0.010019048117101248, 0.25119845806767555], "extents": [0.08747612017153564, 0.01500827074050904, 0.03303661971655247], "rotate_angle": -6.57, "rotate_angle_pred": -5.455321944570457}