{"centroid": [0.08703746068249893, -0.007122407667338905, 0.25755885864705486], "extents": [0.08910021420742126, 0.015572383999824533, 0.03281296131082703], "rotate_angle": -9.99, "rotate_angle_pred": -8.573004799306176}