{"centroid": [-0.13229809649794438, 0.18175081536173818, 0.24361997874703867], "extents": [0.11036178381466594, 0.047092460095882444, 0.023596945961498722], "rotate_angle": -20.37, "rotate_angle_pred": -21.107889870545293}