{"centroid": [-0.09726881334822163, 0.2490814924240112, 0.2312044552725897], "extents": [0.0765399694264419, 0.06809225678443911, 0.017959747109631552], "rotate_angle": -35.74, "rotate_angle_pred": -37.82062849345692}