{"centroid": [0.13600394305996835, 0.21424741670489308, 0.2283556408921751], "extents": [0.0850109147852644, 0.06167372316122055, 0.02549997308336377], "rotate_angle": -32.57, "rotate_angle_pred": -36.391032282488254}