{"centroid": [0.11374689186028125, -0.05506070330739028, 0.41611172954797426], "extents": [0.16822093559194026, 0.006129808723926565, 0.02934845321719992], "rotate_angle": 23.9, "rotate_angle_pred": 24.41371393869626}