{"centroid": [0.0037878923195085994, 0.16054667159914968, 0.32307990958579913], "extents": [0.09619218206185584, 0.05922444909811023, 0.013681005821845615], "rotate_angle": 23.07, "rotate_angle_pred": 24.100496080390172}