{"centroid": [0.01324408140244027, 0.1549772061407565, 0.3091020494917038], "extents": [0.10029316630918153, 0.05686397105455401, 0.016282025622979368], "rotate_angle": 15.18, "rotate_angle_pred": 15.798695717258653}