{"centroid": [0.050823399402692884, 0.03209523111581796, 0.3050312146969485], "extents": [0.10145798538620371, 0.006766036152839668, 0.018061604730134684], "rotate_angle": 11.64, "rotate_angle_pred": 11.303350790273754}