{"centroid": [0.0058079638512233, 0.046929057687520925, 0.36026470051457354], "extents": [0.10998599086648636, 0.0017508864402771135, 0.014717295572393985], "rotate_angle": 36.84, "rotate_angle_pred": 38.2324691999892}