{"centroid": [0.029404104256956748, 0.010680647566914482, 0.3477779948322861], "extents": [0.11170195089355511, 0.011023864150047304, 0.008795414156390846], "rotate_angle": 1.18, "rotate_angle_pred": 1.4471365773588474}