{"centroid": [0.05244026902352117, 0.019102750346064495, 0.337540198681056], "extents": [0.11049995396050036, 0.01454240083694459, 0.014235842747120864], "rotate_angle": -21.67, "rotate_angle_pred": -22.22608436064229}