{"centroid": [0.02483040986569733, 0.018917545676231304, 0.3530233232306899], "extents": [0.11298829951613377, 0.01790538430213929, 0.012804306918286767], "rotate_angle": -10.49, "rotate_angle_pred": -10.589254744584267}