{"centroid": [0.043603009477271075, 0.07361025363206859, 0.24382101564603642], "extents": [0.16637567004077816, 0.07239340990781787, 0.04224461397907994], "rotate_angle": -34.05, "rotate_angle_pred": -35.518756930147944}