{"centroid": [-0.057914162603974514, 0.1756355129182338, 0.25711208185727197], "extents": [0.03791613986402753, 0.07777475565671921, 0.04134412974400428], "rotate_angle": 13.8, "rotate_angle_pred": 13.999568791670072}