{"centroid": [-0.08651602906966309, 0.17411400377750394, 0.2632726204046014], "extents": [0.042336143541988974, 0.08359292149543762, 0.040219321836257343], "rotate_angle": 19.06, "rotate_angle_pred": 19.975872783880874}