{"centroid": [0.1835151246579404, 0.21455930918455118, 0.2302662202894364], "extents": [0.10748700135031186, 0.0694154351949692, 0.032135594882947704], "rotate_angle": -23.24, "rotate_angle_pred": -24.557031841955364}