{"centroid": [0.0426574687016794, 0.0444084331393241, 0.4549324363197448], "extents": [0.19341798206899694, 0.04077634960412982, 0.04826654141293801], "rotate_angle": 23.71, "rotate_angle_pred": 24.62257262617375}