{"centroid": [0.26440968038846313, 0.03497708588838568, 0.3474792180382778], "extents": [0.20716816108086233, 0.20691362023353574, 0.010970734018073192], "rotate_angle": -9.85, "rotate_angle_pred": -9.768773142980564}