{"centroid": [0.26716476282061924, 0.038543060421943574, 0.343076579738476], "extents": [0.21073924984052353, 0.212545171380043, 0.01144984709269975], "rotate_angle": -9.93, "rotate_angle_pred": -10.015328238503074}