{"centroid": [0.38941085808041564, -0.04123383015394216, 0.5913720869395778], "extents": [0.1298640042906452, 0.020776554942131067, 0.0251336911583524], "rotate_angle": 39.33, "rotate_angle_pred": 38.20766190786313}