{"centroid": [0.3709330237236869, -0.03857134282588964, 0.6069986610164125], "extents": [0.13442991684731087, 0.018025040626525896, 0.022960681486668744], "rotate_angle": 33.17, "rotate_angle_pred": 34.42421026704369}