{"centroid": [0.25589908463826205, 0.059927612543105996, 0.26755467433703267], "extents": [0.13661092463005123, 0.031975030899047865, 0.0322612075657468], "rotate_angle": -24.73, "rotate_angle_pred": -25.583816493054158}