{"centroid": [0.28140297029675954, 0.029947966337203973, 0.2680362670815156], "extents": [0.0944258356687209, 0.001202538609504717, 0.04025184403766352], "rotate_angle": 43.5, "rotate_angle_pred": 40.18716813988544}