{"centroid": [0.023141882967700464, -0.060085717588663184, 0.4968863070523108], "extents": [0.13566109914862043, 0.03678404539823535, 0.029465620293024852], "rotate_angle": 39.85, "rotate_angle_pred": 41.21330626701399}