{"centroid": [-0.024631918951379696, -0.03540024533867845, 0.49437141561511916], "extents": [0.16173833716076813, 0.006201177835464498, 0.02923171427894311], "rotate_angle": -25.78, "rotate_angle_pred": -27.035611951148944}