{"centroid": [-0.027695937023576526, -0.03689244389534006, 0.494364510893093], "extents": [0.16448800649890255, 0.007301032543182394, 0.029543672446866842], "rotate_angle": -24.3, "rotate_angle_pred": -25.633921228810422}