{"centroid": [-0.018181750357775153, -0.029741182923317046, 0.48387383627188507], "extents": [0.15871838193002874, 0.005585387349128747, 0.030132980023779732], "rotate_angle": -29.45, "rotate_angle_pred": -30.49369426787368}