{"centroid": [0.0017321939033888853, 0.054389580152928725, 0.46675903516279216], "extents": [0.054279385592554394, 0.10091797262430192, 0.053440152215835035], "rotate_angle": -16.79, "rotate_angle_pred": -17.864448352579828}