{"centroid": [0.8345448103521512, -0.34538421779870987, 0.26298958769465286], "extents": [0.11097663502967425, 0.12305401265621185, 0.04541948753736946], "rotate_angle": 9.92, "rotate_angle_pred": 11.790567641128519}