{"centroid": [-0.6797313955321399, 0.1911599636077879, 0.4163955240183962], "extents": [0.13245823947531854, 0.11651405692100528, 0.06337992086669803], "rotate_angle": 43.13, "rotate_angle_pred": 40.34658628172883}