{"centroid": [-0.43763509983613, 0.4292973056435584, 0.4617661756049995], "extents": [0.21199455092477898, 0.021817460656166132, 0.03318294018004353], "rotate_angle": 36.31, "rotate_angle_pred": 34.82764293770532}