{"centroid": [0.48430809256227114, 0.24664413928985596, 0.25193049888196895], "extents": [0.1014650296079464, 0.04298508167266846, 0.051657333004439976], "rotate_angle": 26.99, "rotate_angle_pred": 26.969410218756323}