{"centroid": [-0.17860689222854348, 0.28333103656768793, 0.29881436242390813], "extents": [0.0676937768378342, 0.03382784128189087, 0.05317925991553074], "rotate_angle": -29.17, "rotate_angle_pred": -30.608484262111077}