{"centroid": [0.6626292129324004, 0.420705433934927, 0.20268473012435165], "extents": [0.08723865271211118, 0.019346408545970972, 0.04198730651196214], "rotate_angle": 9.31, "rotate_angle_pred": 7.758703077787459}