{"centroid": [0.02029140114849076, 0.21358859911561007, 0.2831717344174628], "extents": [0.04275961928768917, 0.07496763020753858, 0.04556957593347538], "rotate_angle": 26.47, "rotate_angle_pred": 27.164052390161174}