{"centroid": [0.03933318771987332, -0.03645741939544682, 0.25928702251856045], "extents": [0.010175868762375369, 0.29489240050315857, 0.030425233448150096], "rotate_angle": 17.4, "rotate_angle_pred": 13.252099226344157}