{"centroid": [-0.05481175596929376, 0.6528108716011047, 0.6373137556289057], "extents": [0.2699141481865045, 0.0204010009765625, 0.0552466470274352], "rotate_angle": 6.73, "rotate_angle_pred": 7.778036528691132}