{"centroid": [0.0701013472885968, 0.4329578876495361, 0.26499533584439794], "extents": [0.033613876056085186, 0.27235972881317144, 0.02566003841254466], "rotate_angle": 8.91, "rotate_angle_pred": 8.43438622362683}