{"centroid": [0.026298904122266178, 0.4275596588850021, 0.23254454301326344], "extents": [0.001502245670422904, 0.2741653621196747, 0.018149714987336363], "rotate_angle": -14.81, "rotate_angle_pred": -14.131917549075126}