{"centroid": [0.037113430572399055, 0.17353454232215879, 0.2882756557094561], "extents": [0.02067540620932684, 0.30501270294189453, 0.027257867618071308], "rotate_angle": 42.52, "rotate_angle_pred": 39.36956026866977}