{"centroid": [0.3203139240176617, 0.5273152105510234, 0.4032338373817578], "extents": [0.3116534373284503, 0.022739551961421967, 0.05482677407221809], "rotate_angle": 12.43, "rotate_angle_pred": 10.069528585050676}