{"centroid": [0.34891520359529093, 0.2635649107396602, 0.42922295002259014], "extents": [0.3207494600061541, 0.031497322022914914, 0.04048386940462967], "rotate_angle": 33.75, "rotate_angle_pred": 33.92539805804405}