{"centroid": [-0.007724672705596096, 0.07017225027084345, 0.2833234157909941], "extents": [0.02229282219731138, 0.2745307087898254, 0.03529520269150671], "rotate_angle": 44.88, "rotate_angle_pred": 40.317606225339574}