{"centroid": [0.034840446917666995, -0.032739251852035564, 0.2504741778591619], "extents": [0.014136463669331602, 0.2776180505752564, 0.03314777153431511], "rotate_angle": 9.53, "rotate_angle_pred": 6.681088381190165}