{"centroid": [-0.31535228518756103, 0.5169582590460776, 0.4677230154723755], "extents": [0.3065630200716406, 0.013018682599067688, 0.047377634842841077], "rotate_angle": 27.97, "rotate_angle_pred": 29.614013368108075}