{"centroid": [0.6797283292146112, -0.4459188058972359, 0.25620945294722175], "extents": [0.232366471312759, 0.11847709119319921, 0.05711427302214872], "rotate_angle": -10.86, "rotate_angle_pred": -12.085825674857034}