{"centroid": [0.011971733310305575, 0.5570494197309016, 0.5253092823104936], "extents": [0.310337126116465, 0.015917114913463593, 0.0597146786482729], "rotate_angle": 37.9, "rotate_angle_pred": 35.4622555465959}