{"centroid": [-0.06673723785136756, 0.0026029199361800315, 0.3816490185856562], "extents": [0.04773345592163008, 0.41869449615478516, 0.06148356202517191], "rotate_angle": 39.32, "rotate_angle_pred": 39.058856179505284}