{"centroid": [0.072606807488674, 0.014355823397636334, 0.3482424829996193], "extents": [0.03036563159515808, 0.46480220556259155, 0.06063220399399699], "rotate_angle": -24.33, "rotate_angle_pred": -25.54671178913935}