{"centroid": [-0.06582350741110768, 0.5609175935387611, 0.34848948360469256], "extents": [0.6657791291276297, 0.014135554432869069, 0.09538853388528507], "rotate_angle": 18.83, "rotate_angle_pred": 18.458757350743397}