{"centroid": [0.033838328196687015, -0.4223533608019352, 0.40337912004277143], "extents": [0.2580042787525035, 0.017927400767803248, 0.04530960335615081], "rotate_angle": -11.09, "rotate_angle_pred": -12.58021780068799}