{"centroid": [0.015850504769793924, 0.025927497074007894, 0.4019149835008401], "extents": [0.18629067901900528, 0.01650232076644898, 0.04036535271895003], "rotate_angle": 4.02, "rotate_angle_pred": 1.1556857676940666}