{"centroid": [0.03821287154334076, 0.5054994598031043, 0.4062994588320845], "extents": [0.2227371537785955, 0.040501490235328674, 0.05154652272862936], "rotate_angle": -3.46, "rotate_angle_pred": -5.717942477863872}