{"centroid": [0.0545666135233511, -0.14006020873785022, 0.3887527741778515], "extents": [0.28167971650359663, 0.015554919838905362, 0.05558567431343542], "rotate_angle": 39.07, "rotate_angle_pred": 32.944171225582764}