{"centroid": [-0.01280025663087839, 0.14112053066492067, 0.6023288585324933], "extents": [0.17520910400684686, 0.02128399908542636, 0.05521476237004008], "rotate_angle": -20.13, "rotate_angle_pred": -19.77442471717204}