{"centroid": [-0.02085746854135624, -0.3679707273840905, 0.5735886995145446], "extents": [0.2000368249590337, 0.004124507308006287, 0.040513858444080286], "rotate_angle": 7.42, "rotate_angle_pred": 7.825565403126589}