{"centroid": [0.02282576669333233, 0.6091468483209609, 0.5917291695882154], "extents": [0.23441448423096856, 0.001075834035873413, 0.055763474681956304], "rotate_angle": 25.56, "rotate_angle_pred": 24.382420553912254}