{"centroid": [-0.02102743739696293, 0.11470463126897798, 0.5610747414948947], "extents": [0.18692416055547606, 0.0616281032562256, 0.05691781671374918], "rotate_angle": 17.77, "rotate_angle_pred": 18.456197874854297}