{"centroid": [-0.3629162150959048, 0.35530693829059595, 0.4428003490772604], "extents": [0.2599721804034336, 0.007229059934616089, 0.03888300366554426], "rotate_angle": 18.28, "rotate_angle_pred": 20.177842890944035}