{"centroid": [0.728011867999121, -0.3968021832406522, 0.28582578693939037], "extents": [0.15634483096397178, 0.10803563147783285, 0.05649219452400206], "rotate_angle": -33.64, "rotate_angle_pred": -34.37129124920234}