{"centroid": [0.010724838545761228, -0.3923253938555718, 0.5251431468155495], "extents": [0.2937709000741338, 0.009863331913948059, 0.04742111861640019], "rotate_angle": -25.57, "rotate_angle_pred": -26.89266452174438}