{"centroid": [-0.029155270379820783, 0.5532183721661567, 0.5390741421128415], "extents": [0.2684448363748009, 0.004919663071632385, 0.052168536976969215], "rotate_angle": -18.38, "rotate_angle_pred": -19.340106865540662}