{"centroid": [-0.6112818415001082, -0.5740070566534997, 0.41752686412139617], "extents": [0.17185405118912433, 0.03228728473186493, 0.05355665529468018], "rotate_angle": 14.08, "rotate_angle_pred": 16.30960870149596}