{"centroid": [-0.007909513543323733, -0.09899528324604046, 0.5342107836688652], "extents": [0.2628218572255694, 0.01201517879962924, 0.04241862586178702], "rotate_angle": -21.69, "rotate_angle_pred": -22.386739444050804}