{"centroid": [-0.045315567216376675, 0.17714862897992123, 0.5386219497890351], "extents": [0.28054275259170586, 0.00861237198114398, 0.05258634899751191], "rotate_angle": -15.98, "rotate_angle_pred": -14.952844654785608}