{"centroid": [0.7271980896734658, -0.3904992230236531, 0.2549123681907724], "extents": [0.2682554189911738, 0.06805517524480825, 0.050810200445516984], "rotate_angle": -38.39, "rotate_angle_pred": -38.22041253586311}