{"centroid": [0.015311237728429579, -0.17863268777728086, 0.3949841409587881], "extents": [0.8139881915281053, 0.030247189104557065, 0.07710259989491008], "rotate_angle": 6.73, "rotate_angle_pred": 5.1456949373601475}