{"centroid": [0.19829143691325274, -0.006674319505691649, 0.5257584651900169], "extents": [0.15781343279252374, 0.12953904271125793, 0.05807716880894093], "rotate_angle": -8.05, "rotate_angle_pred": -9.658346450596298}