{"centroid": [0.03234983192166219, 0.5490643866360186, 0.5292536967654231], "extents": [0.32305562032209656, 0.03048107773065567, 0.05479760016776314], "rotate_angle": 15.28, "rotate_angle_pred": 12.089720834735672}