{"centroid": [0.23085129032667437, 0.5996167585253714, 0.45589218174829643], "extents": [0.5344194045238374, 0.016583815217018127, 0.06563614895979974], "rotate_angle": -6.57, "rotate_angle_pred": -8.995506804678982}