{"centroid": [0.0006210739140949991, 0.803852044045925, 0.5337980379034164], "extents": [0.1934627994557382, 0.013132527470588684, 0.05975426594376787], "rotate_angle": 34.92, "rotate_angle_pred": 34.27331499887315}