{"centroid": [-0.32546936192419224, 0.05076900124549855, 0.4391247474970129], "extents": [0.08479501064112172, 0.5364425778388977, 0.07679858583756671], "rotate_angle": -5.12, "rotate_angle_pred": -4.551028093745671}