{"centroid": [-0.034544026313485805, 0.5788315348327159, 0.4377463096645831], "extents": [0.7109075932010094, 0.008332453668117523, 0.07500666535370709], "rotate_angle": 6.93, "rotate_angle_pred": 7.969037498595554}