{"centroid": [0.5138951494681162, -0.5096684098243713, 0.3544578757541857], "extents": [0.13531061727895494, 0.11837041378021235, 0.061090460649885214], "rotate_angle": 19.88, "rotate_angle_pred": 24.706640430042086}