{"centroid": [-0.3825891509344773, -0.08411738276481642, 0.46507551450143353], "extents": [0.04052239600299201, 0.5885536670684814, 0.07139561226383528], "rotate_angle": 37.01, "rotate_angle_pred": 40.22086188414886}