{"centroid": [-0.0121354955627753, -0.21395748853683474, 0.2307960425021235], "extents": [0.01331187774831198, 0.2846253514289856, 0.029692601193037044], "rotate_angle": -24.83, "rotate_angle_pred": -29.86325794137096}