{"centroid": [-0.3783308176325324, 0.4988766834139824, 0.43162201995443045], "extents": [0.5181666637106752, 0.0035109668970108587, 0.06240932672899857], "rotate_angle": -27.69, "rotate_angle_pred": -29.271051968152015}