{"centroid": [-0.07726063108050886, 0.7859355583786963, 0.6078564222919205], "extents": [0.3129631350693162, 0.018615886569023132, 0.0667933464044761], "rotate_angle": 18.9, "rotate_angle_pred": 19.59543575842811}