{"centroid": [-0.15637993502679953, 0.3130082115530967, 0.4191180777806734], "extents": [0.10270768580991133, 0.03505794703960419, 0.06338057776233336], "rotate_angle": -25.97, "rotate_angle_pred": -25.924815678254646}