{"centroid": [0.26022642412344843, 0.5066462270915507, 0.42083792060172276], "extents": [0.06415660741999457, 0.04705830663442606, 0.06710984623410454], "rotate_angle": -39.18, "rotate_angle_pred": -37.80282180573818}