{"centroid": [-0.09001330229939251, 0.28771389648318285, 0.42306120404088493], "extents": [0.08906960370095482, 0.03357025235891342, 0.05557639823697025], "rotate_angle": 26.05, "rotate_angle_pred": 25.3585202871475}