{"centroid": [0.32451680080576006, 0.23133446276187888, 0.6232640146181696], "extents": [0.08685439795839739, 0.6191081404685976, 0.0638579277036131], "rotate_angle": -21.37, "rotate_angle_pred": -19.520020432169375}