{"centroid": [0.026211567544878196, 0.6734937615692614, 0.6138322697634055], "extents": [0.2624398812639826, 0.04790393263101578, 0.05158428935634207], "rotate_angle": 39.75, "rotate_angle_pred": 36.81026871860341}