{"centroid": [-0.39493633573554565, 0.5367373749613762, 0.44017937746824237], "extents": [0.5813605712072365, 0.01738227903842937, 0.05161853069551864], "rotate_angle": -16.88, "rotate_angle_pred": -16.673854535100702}