{"centroid": [0.33093270256995133, 0.5362576469779013, 0.422094856086048], "extents": [0.5509485130645295, 0.007499143481254578, 0.0635237186579114], "rotate_angle": -19.11, "rotate_angle_pred": -22.15466564559449}