{"centroid": [-0.0867359670575164, 0.02057111263275138, 0.40607022011929506], "extents": [0.032905638754628624, 0.41182357072830195, 0.05942441619998429], "rotate_angle": -15.75, "rotate_angle_pred": -15.98562609564516}