{"centroid": [-0.6063726227044057, -0.5459457486867906, 0.3772551854323344], "extents": [0.1536721696296992, 0.012795895338058472, 0.06989282188160906], "rotate_angle": 4.92, "rotate_angle_pred": 7.767499057024793}