{"centroid": [-0.04278442944745062, -0.0663611739873887, 0.47908775687996885], "extents": [0.38791604931370693, 0.007495000958442757, 0.06190567692726834], "rotate_angle": -40.65, "rotate_angle_pred": -39.217502452062156}