{"centroid": [0.017030233959331884, 0.041596688330173395, 0.5575404103635453], "extents": [1.0661974000148415, 0.024125747382640998, 0.09144047687938839], "rotate_angle": 40.48, "rotate_angle_pred": 38.88637194544049}