{"centroid": [0.02379593271381566, 0.6494216993451117, 0.577546658152373], "extents": [0.19417182080336567, 0.06314374506473541, 0.05553156644204438], "rotate_angle": -29.87, "rotate_angle_pred": -27.184552637397175}