{"centroid": [0.02257953647732429, -0.11339151486754426, 0.5700419424636616], "extents": [1.0646789974290285, 0.022783361375331976, 0.08685539424834088], "rotate_angle": 22.73, "rotate_angle_pred": 21.830554859088906}