{"centroid": [0.002257435335559832, -0.21004412695765506, 0.5944516279398302], "extents": [1.050682641114816, 0.028627045452594924, 0.0770584775174904], "rotate_angle": -30.11, "rotate_angle_pred": -34.082134547407875}