{"centroid": [0.4600246287797225, 0.30276433750987053, 0.3756192469679962], "extents": [0.5282754885407288, 0.04132666438817989, 0.06731940789773988], "rotate_angle": 41.34, "rotate_angle_pred": 41.41632842440501}