{"centroid": [-0.5561932698852227, 0.3074496239423752, 0.3402480878920181], "extents": [0.38966499659797543, 0.016828089952468928, 0.05603372520077704], "rotate_angle": -39.56, "rotate_angle_pred": -39.28544503973573}