{"centroid": [0.5478589942368296, 0.4233642183244228, 0.27448875485893576], "extents": [0.2889963937636865, 0.02509783953428274, 0.05289267290314803], "rotate_angle": -40.21, "rotate_angle_pred": -40.054903859788276}