{"centroid": [-0.6658196636452198, 0.43073975294828415, 0.29699408060007876], "extents": [0.3750187110637675, 0.006855025887489319, 0.056503313802482746], "rotate_angle": 19.32, "rotate_angle_pred": 21.403203847571945}