{"centroid": [-0.22324929398458496, 0.3208960518240928, 0.3314464076732383], "extents": [0.2377832258439348, 0.032182082533836365, 0.051674627300794806], "rotate_angle": -24.71, "rotate_angle_pred": -25.791011431037205}