{"centroid": [-0.04085148215472689, 0.14158330857753743, 0.5538109531929744], "extents": [0.4400720779311377, 0.020538747310638455, 0.06544143535510405], "rotate_angle": -2.46, "rotate_angle_pred": -2.249298453425581}