{"centroid": [-0.4572658855312194, 0.603507213294506, 0.4880556109959985], "extents": [0.2854148769912348, 0.007847681641578674, 0.04426574744835976], "rotate_angle": 16.41, "rotate_angle_pred": 18.98629062282191}