{"centroid": [0.6055989839705631, -0.4101627022027969, 0.3404046256525179], "extents": [0.09038836587996013, 0.13646706938743597, 0.06774474739638081], "rotate_angle": 43.12, "rotate_angle_pred": 40.00122302491309}