{"centroid": [0.3714030700926832, 0.4875250458717345, 0.5002695016057799], "extents": [0.40237271560594046, 0.009666383266448975, 0.05437733575078041], "rotate_angle": 1.49, "rotate_angle_pred": -1.5395022045271531}