{"centroid": [-0.030006325033686585, 0.3793212175369262, 0.4940260370150597], "extents": [0.005894362907071009, 0.33165061473846436, 0.03572100389160521], "rotate_angle": -40.78, "rotate_angle_pred": -36.33236001808309}