{"centroid": [0.002069312833103844, 0.3895615935325622, 0.4995521730823927], "extents": [0.015134751508994605, 0.3196369409561157, 0.032604082799007394], "rotate_angle": -22.52, "rotate_angle_pred": -19.971710813027315}