{"centroid": [-0.0047069738419645984, 0.5786103904247283, 0.4279264401425529], "extents": [0.26974481676219386, 0.018225371837615967, 0.06295073854915706], "rotate_angle": -32.25, "rotate_angle_pred": -31.690834646414864}