{"centroid": [-0.0023092948078032305, 0.15308377519249908, 0.411598892486685], "extents": [0.19031200060715173, 0.038180984556674985, 0.04288120623638925], "rotate_angle": -11.78, "rotate_angle_pred": -11.708649970088928}