{"centroid": [0.2980376669624999, 0.570876620709896, 0.471263345991759], "extents": [0.42861321547559106, 0.01689903438091278, 0.057504553319745966], "rotate_angle": 4.81, "rotate_angle_pred": 4.4744833589375475}