{"centroid": [-0.0017713042284034503, -0.3267059959471226, 0.44126678862843366], "extents": [0.26172780346258595, 0.05067091435194021, 0.04120063680307395], "rotate_angle": -32.69, "rotate_angle_pred": -33.60163053634674}