{"centroid": [-0.007950709240433597, -0.04116642475128178, 0.25099513801623696], "extents": [0.009449481887826178, 0.30985867977142334, 0.03256997812322793], "rotate_angle": -32.52, "rotate_angle_pred": -35.2683963313162}