{"centroid": [0.015180450860716685, -0.02498701214790349, 0.2914993899457486], "extents": [0.026362374406552393, 0.307420015335083, 0.032537713624200826], "rotate_angle": 38.52, "rotate_angle_pred": 38.59331998973411}