{"centroid": [0.812138568312005, -0.3392341583967209, 0.28773792642288193], "extents": [0.08655899981934767, 0.14610537886619568, 0.04724067196468562], "rotate_angle": 17.44, "rotate_angle_pred": 19.75919167764698}