{"centroid": [0.06302749843690435, 0.3527307957410812, 0.2463391484275646], "extents": [0.004855796710731518, 0.3231628239154816, 0.03937868414364071], "rotate_angle": -31.67, "rotate_angle_pred": -32.10447586009264}