{"centroid": [-0.0300236666652518, 0.6105322316288948, 0.466350293137714], "extents": [0.11524013872362823, 0.13674332201480865, 0.049724689310555736], "rotate_angle": -25.98, "rotate_angle_pred": -25.50137926588758}