{"centroid": [-0.030028922972182723, 0.32016933709383, 0.5028447998932264], "extents": [0.0047441274511704, 0.4444652199745177, 0.059068032336202114], "rotate_angle": -3.53, "rotate_angle_pred": -3.673129115542082}