{"centroid": [-0.19242738736092804, 0.08232068270444866, 0.29041480552162946], "extents": [0.007805377375042416, 0.3028123378753662, 0.03389901351804142], "rotate_angle": -22.91, "rotate_angle_pred": -21.966856628430037}