{"centroid": [0.028804433763442133, 0.6062702983617781, 0.6100093016082467], "extents": [0.27352816310386097, 0.004564553499221802, 0.04887697179963035], "rotate_angle": 12.05, "rotate_angle_pred": 12.190378339544822}