{"centroid": [0.5634579565338684, -0.22463446855545044, 0.3487076497094638], "extents": [0.12773299505653818, 0.46109932661056524, 0.056576812054729975], "rotate_angle": 15.07, "rotate_angle_pred": 19.687302444619263}