{"centroid": [0.6381079351604955, -0.4173205122351646, 0.3569240636475374], "extents": [0.04317091379769289, 0.1135917454957962, 0.06070315429303097], "rotate_angle": 23.2, "rotate_angle_pred": 27.179570390437945}