{"centroid": [0.7492069823672649, -0.28081355988979345, 0.3637718237820584], "extents": [0.015078321139821438, 0.29698094725608826, 0.06626933830912479], "rotate_angle": 1.21, "rotate_angle_pred": 3.9890474620944048}