{"centroid": [0.48245045269916736, -0.4455772154033184, 0.29890492843717487], "extents": [0.3955282888366466, 0.07763276249170309, 0.08734013187482653], "rotate_angle": 13.04, "rotate_angle_pred": 10.806749847081846}