{"centroid": [0.37579888291659347, -0.00015023350715655248, 0.6150560691096502], "extents": [0.05763891329937654, 0.5802960991859436, 0.06920680392465606], "rotate_angle": -37.38, "rotate_angle_pred": -34.69220138610945}