{"centroid": [-0.00029474673428384057, 0.54501910880208, 0.5712549954484747], "extents": [0.30698025557036257, 0.03585938364267349, 0.06315616586242356], "rotate_angle": 0.82, "rotate_angle_pred": -2.8148159476122743}