{"centroid": [-0.24818382036892883, -0.11165669560432442, 0.36251215399421544], "extents": [0.0234210186635275, 0.34519094228744507, 0.03072583962353015], "rotate_angle": 22.93, "rotate_angle_pred": 24.63791669794857}