{"centroid": [-0.23018761989313716, -0.23483352363109591, 0.33154160189313886], "extents": [0.008509188641631887, 0.3307618796825409, 0.02861751159788911], "rotate_angle": 1.02, "rotate_angle_pred": 4.934969503878932}