{"centroid": [0.4255824044615544, -0.49191293865442276, 0.35335172811821725], "extents": [0.3271692348030942, 0.16150681674480433, 0.07297943427227155], "rotate_angle": -22.62, "rotate_angle_pred": -19.066070089456687}