{"centroid": [-0.38197296189462066, 0.1322551295161247, 0.2820778018267446], "extents": [0.04836098112585896, 0.15705588459968567, 0.03872872895344859], "rotate_angle": -22.04, "rotate_angle_pred": -21.889717930122373}