{"centroid": [-0.6066794191556295, 0.47184010595083237, 0.23169991707785376], "extents": [0.1246449687613228, 0.006540283560752924, 0.054687322865548976], "rotate_angle": -35.18, "rotate_angle_pred": -28.0383039474019}