{"centroid": [-0.10662924818081891, 0.08600643742829554, 0.28704947747473186], "extents": [0.02488760646193161, 0.19203573465347293, 0.04445272677015666], "rotate_angle": 14.61, "rotate_angle_pred": 16.958571414845053}