{"centroid": [0.542114811259121, 0.3645239025354385, 0.2542123292787732], "extents": [0.13025051339205956, 0.07364615797996521, 0.04534223297574716], "rotate_angle": 8.53, "rotate_angle_pred": 9.56955189325528}