{"centroid": [0.6815444336520895, -0.22515766322612762, 0.3503858047337764], "extents": [0.03746683914232152, 0.3796326220035553, 0.0629133138211026], "rotate_angle": 10.78, "rotate_angle_pred": 13.469776255763776}