{"centroid": [0.24160807387575217, 0.5060427300631999, 0.4448457383825901], "extents": [0.23461182763914828, 0.057747744023799896, 0.05414872696947476], "rotate_angle": -24.75, "rotate_angle_pred": -26.812550191485677}