{"centroid": [0.6977855071268365, -0.24296012520790097, 0.34337660411219], "extents": [0.04351048299964755, 0.32886439561843867, 0.05709341709474486], "rotate_angle": 22.37, "rotate_angle_pred": 24.555580080832613}