{"centroid": [0.02764175323995304, 0.10741736460477104, 0.4430108448267977], "extents": [0.008060172295256133, 0.23335404694080356, 0.030688692246189364], "rotate_angle": 3.12, "rotate_angle_pred": 2.7016951881197144}