{"centroid": [0.8000576913658677, -0.3859362564980985, 0.17453007649233332], "extents": [0.2651352921507981, 0.043702431023120936, 0.05319834951578628], "rotate_angle": -42.85, "rotate_angle_pred": -44.95077596665053}