{"centroid": [-0.32054316382971537, 0.3028539419174193, 0.5241567597587657], "extents": [0.015690609380400122, 0.23281207680702212, 0.07654123542408792], "rotate_angle": 33.89, "rotate_angle_pred": 34.11247149630337}