{"centroid": [0.31430257447785676, 0.4572296626865863, 0.4186950349119711], "extents": [0.16513432893052266, 0.05047646909952164, 0.05136320097787356], "rotate_angle": -17.1, "rotate_angle_pred": -18.688116928563872}