{"centroid": [-0.295343317491263, 0.4703436121344565, 0.37546202301293186], "extents": [0.189321535749729, 0.013404563069343567, 0.035021924019661754], "rotate_angle": 36.37, "rotate_angle_pred": 34.88188848513849}