{"centroid": [0.4121947865674187, 0.4963292218744755, 0.313630491232782], "extents": [0.13684302487015737, 0.03950453549623495, 0.06090640985489948], "rotate_angle": 25.17, "rotate_angle_pred": 25.155791641797094}