{"centroid": [-0.3281724994435075, 0.4467090591788292, 0.42540747003211465], "extents": [0.20841676431576925, 0.010199859738349915, 0.03760064471723945], "rotate_angle": 22.55, "rotate_angle_pred": 23.13815910688413}