{"centroid": [-0.3706083558293763, 0.3780242204666137, 0.4615934101246419], "extents": [0.191464736945688, 0.09439474344253546, 0.06298515196930626], "rotate_angle": -8.46, "rotate_angle_pred": -9.460762252287878}