{"centroid": [-0.4585839949195768, 0.3898304030299187, 0.4118247950634831], "extents": [0.6017051862159257, 0.028487965464592035, 0.08114282688352892], "rotate_angle": -30.79, "rotate_angle_pred": -28.786069216093495}