{"centroid": [0.013137072523851767, 0.392926525324583, 0.3960363227778275], "extents": [0.8132864171548555, 0.015192113816738184, 0.0578527222400228], "rotate_angle": -3.62, "rotate_angle_pred": -4.951193810689645}