{"centroid": [0.01789296050933184, 0.711005613207817, 0.3865163407740104], "extents": [0.6516768229452334, 0.012852638959884644, 0.049434653604162604], "rotate_angle": 15.78, "rotate_angle_pred": 12.44417480325599}