{"centroid": [0.3081384400989472, 0.33800606429576874, 0.3653948969650949], "extents": [0.5964771545359562, 0.07899340987205522, 0.06391411313449247], "rotate_angle": -40.22, "rotate_angle_pred": -41.045650414478615}