{"centroid": [-0.468245129093758, -0.5150918141007425, 0.4027546892724123], "extents": [0.264998310665768, 0.003247663378715515, 0.0693921654346712], "rotate_angle": 13.5, "rotate_angle_pred": 11.473488414770202}