{"centroid": [-0.03185972743471676, 0.6000644676387309, 0.42611790001044775], "extents": [0.6067703232100654, 0.026160500943660736, 0.07439112498763262], "rotate_angle": 7.87, "rotate_angle_pred": 8.025379888453884}