{"centroid": [-0.014625705028355057, 0.278999727219343, 0.39054528514814285], "extents": [0.6729127037097036, 0.015066407620906885, 0.06138077258270069], "rotate_angle": 7.87, "rotate_angle_pred": 7.3157594397678025}