{"centroid": [-0.7198682479844933, 0.15844154357910142, 0.4223326891546855], "extents": [0.07097029040042646, 0.16470871865749362, 0.06586052569349377], "rotate_angle": 8.68, "rotate_angle_pred": 13.776669741219763}