{"centroid": [-0.4780975330283953, 0.48950276151299466, 0.48379998063092783], "extents": [0.257074180285503, 0.027041681110858973, 0.04171198655498043], "rotate_angle": 22.52, "rotate_angle_pred": 21.138000031627897}