{"centroid": [-0.0028681613601049486, 0.3646394461393356, 0.24762985648159816], "extents": [0.008620306785258464, 0.25320523977279663, 0.01211648052844766], "rotate_angle": -4.99, "rotate_angle_pred": -5.681785012522909}