{"centroid": [0.016284319943474113, 0.30128019303083414, 0.5670964584269014], "extents": [0.4398539284339028, 0.0033311098814011175, 0.05891201910518118], "rotate_angle": -37.89, "rotate_angle_pred": -39.05438875549133}