{"centroid": [-0.02556529060428711, -0.29692704230546957, 0.5671378256106214], "extents": [0.42763959542295604, 0.005337491631507929, 0.06138480337094765], "rotate_angle": 19.58, "rotate_angle_pred": 20.82710326146075}