{"centroid": [-0.026473790652904304, -0.013068084605038282, 0.5572430666268701], "extents": [0.45876006361861127, 0.024497106671333358, 0.06121191897695888], "rotate_angle": -15.49, "rotate_angle_pred": -17.484850985572862}