{"centroid": [-0.025893207741540757, 0.6306690499186515, 0.591562481963721], "extents": [0.43081927778645734, 0.004103794693946838, 0.06419359218943188], "rotate_angle": -31.25, "rotate_angle_pred": -31.08596073827082}