{"centroid": [0.06721426107031794, -0.0060079842805863225, 0.32286711882444574], "extents": [0.008039116809658284, 0.38309335708618164, 0.045946582867318786], "rotate_angle": -6.49, "rotate_angle_pred": -6.871664862351778}