{"centroid": [0.001570102041870332, -0.046933040022850106, 0.32233953445557795], "extents": [0.006367921679167384, 0.360431432723999, 0.04392561585511118], "rotate_angle": 14.02, "rotate_angle_pred": 14.435092691219296}