{"centroid": [-0.2838485873188897, -0.7169859632849693, 0.4104226865456442], "extents": [0.29728055191749503, 0.020791366696357727, 0.06404871534824397], "rotate_angle": 9.5, "rotate_angle_pred": 9.02543520719422}