{"centroid": [0.07786312610850295, 0.42336197197437275, 0.2771436611299574], "extents": [0.003950029609956024, 0.3588026165962219, 0.044256944191057024], "rotate_angle": -40.29, "rotate_angle_pred": -36.68967939225794}