{"centroid": [0.0060721323048814335, 0.4170111715793609, 0.6442097663376256], "extents": [1.0733542399200617, 0.02257424592971813, 0.08278616484523627], "rotate_angle": 34.96, "rotate_angle_pred": 35.752828665074645}