{"centroid": [-0.1870186060065553, 0.43090596795082087, 0.32472305982473715], "extents": [0.007089748913547217, 0.3252258896827698, 0.019729483691580618], "rotate_angle": 34.3, "rotate_angle_pred": 31.97467009955008}