{"centroid": [-0.28152164594215545, 0.5837634205818175, 0.39500068439320274], "extents": [0.22505744764731334, 0.0008242130279541016, 0.03734014840907934], "rotate_angle": -17.05, "rotate_angle_pred": -15.421121063668224}