{"centroid": [-0.363499269220774, -0.01919741649180663, 0.4306004001701441], "extents": [0.23122984412557712, 0.027417749166488682, 0.042562228140971936], "rotate_angle": 27.2, "rotate_angle_pred": 26.674815094259642}