{"centroid": [0.1206094631950157, -0.045116174966096934, 0.4074718377933428], "extents": [0.1838715120886476, 0.0097913667559624, 0.04664303475101217], "rotate_angle": 25.73, "rotate_angle_pred": 24.82513161944172}