{"centroid": [-0.32002495414999355, -0.3531623184680939, 0.43712832835374454], "extents": [0.22179563934785734, 0.017839193344116266, 0.04461313157993779], "rotate_angle": -9.98, "rotate_angle_pred": -9.730224029664868}