{"centroid": [-0.2409903248680845, -0.43558406829833984, 0.2704290429605418], "extents": [0.001974672071178435, 0.32594120502471924, 0.0434078833212565], "rotate_angle": -34.39, "rotate_angle_pred": -31.699159661428475}