{"centroid": [0.08700105734339135, 0.6466747075319289, 0.48361702761459835], "extents": [0.16588825470660828, 0.03171315789222717, 0.05328442311537823], "rotate_angle": -34.92, "rotate_angle_pred": -37.72272604099667}