{"centroid": [0.083781481624059, -0.07344282791018493, 0.40067598061465426], "extents": [0.2408420028021909, 0.0292528793215752, 0.05717353970136507], "rotate_angle": 32.88, "rotate_angle_pred": 28.910411856972516}