{"centroid": [0.07614476369217538, -0.3531665578484536, 0.43906402902857505], "extents": [0.2860320539265004, 0.021674379706382807, 0.05110136847062868], "rotate_angle": 41.98, "rotate_angle_pred": 36.528412124024086}