{"centroid": [-0.029941399464605264, 0.16351732984185205, 0.6190945003842687], "extents": [1.0946676700579034, 0.01489896327257173, 0.09461389455633307], "rotate_angle": -35.96, "rotate_angle_pred": -37.07958423900408}