{"centroid": [-0.000527562158465264, 0.49323210120201094, 0.5926055267177756], "extents": [1.115608136438639, 0.021350264549255482, 0.09642908325580213], "rotate_angle": -38.44, "rotate_angle_pred": -42.896552722173965}