{"centroid": [0.792432777669784, -0.0010290145874025415, 0.42014815626786245], "extents": [0.05787620727809506, 0.47274065017700195, 0.05641728673100721], "rotate_angle": -42.76, "rotate_angle_pred": -41.91132895216579}