{"centroid": [-0.35471212140423375, 0.1815187800675629, 0.44222221656562727], "extents": [0.1110126239256819, 0.3218727707862854, 0.06858126148928217], "rotate_angle": 44.5, "rotate_angle_pred": 42.66047936219857}