{"centroid": [0.8241027828357563, -0.34834165871143347, 0.2660850104620805], "extents": [0.11630522936460252, 0.11378106474876404, 0.03876182720039556], "rotate_angle": -1.62, "rotate_angle_pred": 0.9521588774400129}