{"centroid": [0.7285631909088717, -0.16520968079566956, 0.3538865257540861], "extents": [0.05556675770686792, 0.31109166145324707, 0.10801102180087963], "rotate_angle": -2.45, "rotate_angle_pred": -0.088328621967662}