{"centroid": [0.5747760690405864, -0.5865612924098969, 0.32882193540684584], "extents": [0.10874291606821884, 0.10258454084396362, 0.04728155625506797], "rotate_angle": 15.35, "rotate_angle_pred": 15.26617531753908}