{"centroid": [-0.3451699971420814, -0.09240049123764052, 0.506887143972319], "extents": [0.0593557136404545, 0.5462661981582642, 0.06876942540096287], "rotate_angle": 19.55, "rotate_angle_pred": 20.032955932897877}