{"centroid": [-0.12285103984308668, 0.006212264299392634, 0.31417697143487056], "extents": [0.03315639545667082, 0.31012725830078125, 0.04721959751266258], "rotate_angle": 43.13, "rotate_angle_pred": 40.61277615272593}