{"centroid": [-0.4278073349034923, 0.31890369206666935, 0.3654644147693434], "extents": [0.676496981272875, 0.004439935088157709, 0.06313320982230258], "rotate_angle": 0.76, "rotate_angle_pred": -1.9054638742764496}