{"centroid": [-0.03848222666498361, 0.6123049333691596, 0.3350814906022174], "extents": [0.8266756662720167, 0.006762996315956116, 0.06981856484159105], "rotate_angle": 4.8, "rotate_angle_pred": 1.774565648143252}