{"centroid": [-0.35850167035369157, 0.05626187473535538, 0.2425059584849542], "extents": [0.02005355025773725, 0.3016449809074402, 0.047018650114353466], "rotate_angle": -37.23, "rotate_angle_pred": -35.748461277153474}