{"centroid": [0.29166402566564176, 0.31880731135606766, 0.36074616968799333], "extents": [0.653965479917502, 0.04639418423175817, 0.06914861571556236], "rotate_angle": 15.28, "rotate_angle_pred": 14.734912585134296}