{"centroid": [0.6420818488102378, 0.3888625390827655, 0.22582141871176362], "extents": [0.2103975473278169, 0.02908269315958023, 0.04052153714040918], "rotate_angle": -0.49, "rotate_angle_pred": -3.6534195516138226}