{"centroid": [0.39637325855432043, 0.013461142778396516, 0.24565297678678744], "extents": [0.04333274057097325, 0.36709389090538025, 0.04472035905009181], "rotate_angle": -24.16, "rotate_angle_pred": -24.211645641762388}