{"centroid": [-0.056639255969476124, 0.025935158133506695, 0.3727803485935477], "extents": [0.05053301940968648, 0.36798787117004395, 0.05546600788409933], "rotate_angle": 32.08, "rotate_angle_pred": 30.85256789086249}