{"centroid": [0.40614538262827055, 0.2630594968795776, 0.5090018597192072], "extents": [0.010257363370404227, 0.30911245942115795, 0.036927417104292315], "rotate_angle": -13.57, "rotate_angle_pred": -16.46064535018691}