{"centroid": [-0.4288661674737256, 0.01926492154598225, 0.42654823888650856], "extents": [0.05222552247704415, 0.3806804418563843, 0.0725409758016421], "rotate_angle": 8.91, "rotate_angle_pred": 10.515765465854074}