{"centroid": [-0.0703158247920617, 0.34253524243831623, 0.34890446545025294], "extents": [0.08589447075536188, 0.3343157172203063, 0.028973511629088122], "rotate_angle": 34.63, "rotate_angle_pred": 38.55471033587645}