{"centroid": [-0.03339607998412504, 0.016342370770871528, 0.6318958070178144], "extents": [1.0845586838501906, 0.011548861861229087, 0.07321784365109074], "rotate_angle": -31.34, "rotate_angle_pred": -32.85743756099604}