{"centroid": [0.29391781705081016, 0.6382592692971228, 0.29383210054105824], "extents": [0.3825612101540955, 0.014323040843009949, 0.04990031986245275], "rotate_angle": 3.74, "rotate_angle_pred": 0.2974903834502669}