{"centroid": [-0.04479884747037177, 0.19410307332873333, 0.6053222224856477], "extents": [1.1192679232183065, 0.010433994233608301, 0.0730193618572712], "rotate_angle": -7.12, "rotate_angle_pred": -7.128319930097902}