{"centroid": [-0.0019478432740694385, -0.3104566410183907, 0.6230156930058109], "extents": [1.0628594415170936, 0.007547900080681014, 0.06680298756950709], "rotate_angle": 44.05, "rotate_angle_pred": 43.01372033626433}