{"centroid": [-0.03721038295322029, 0.013117298483848495, 0.40673818005136225], "extents": [0.028470590970930135, 0.42123669385910045, 0.059325565195060714], "rotate_angle": 25.78, "rotate_angle_pred": 27.52523542651339}