{"centroid": [0.7787521026662385, -0.3767894208431244, 0.3234819047032324], "extents": [0.08018700237592824, 0.15078753232955933, 0.058000212149377894], "rotate_angle": 18.25, "rotate_angle_pred": 21.57195991333107}