{"centroid": [0.032776462000008166, 0.5757225118577479, 0.41477524700492513], "extents": [0.25989281919559626, 0.02152036875486374, 0.05978364821269294], "rotate_angle": -9.39, "rotate_angle_pred": -11.994306240899178}