{"centroid": [-0.7251566198872581, -0.5321302637457846, 0.36709886907179984], "extents": [0.024210751156918286, 0.042334988713264465, 0.06008487592184336], "rotate_angle": -21.66, "rotate_angle_pred": -16.319648811303168}