{"centroid": [-0.04471260261110675, 0.22634220495820034, 0.5566672729346037], "extents": [0.7388889580310241, 0.016425289213657407, 0.0597654154361017], "rotate_angle": -3.99, "rotate_angle_pred": -4.35822183721109}