{"centroid": [-0.008635710224584613, 0.0024699503555892875, 0.5395489877123638], "extents": [0.7265911203898195, 0.017543144524097543, 0.07281557572382169], "rotate_angle": 34.19, "rotate_angle_pred": 32.53892684090091}