{"centroid": [0.2472773091791472, 0.3926290310919284, 0.4019702999996037], "extents": [0.11313400572038579, 0.058028824627399445, 0.06590265125612255], "rotate_angle": -32.94, "rotate_angle_pred": -34.050117373126064}