{"centroid": [-0.0818241796753869, 0.6107803024351596, 0.5516234262553018], "extents": [0.18114103493831055, 0.03750313073396683, 0.027125708933986248], "rotate_angle": -21.99, "rotate_angle_pred": -21.71009255040039}