{"centroid": [0.0642545642068624, -0.018671527504921036, 0.35172947947015876], "extents": [0.44150337980457205, 0.011719219386577667, 0.042508080990271035], "rotate_angle": -31.47, "rotate_angle_pred": -32.30970984746286}