{"centroid": [-0.027209094485380086, -0.00017769914120444692, 0.5328996274981643], "extents": [0.9492498851514806, 0.024383246898651265, 0.0801871586149257], "rotate_angle": -36.85, "rotate_angle_pred": -37.65623144802261}