{"centroid": [0.01317875975727393, -0.13305499032139786, 0.4636668961313553], "extents": [0.9325623537587067, 0.03299757093191155, 0.07901787034268942], "rotate_angle": 19.56, "rotate_angle_pred": 17.817715439161404}