{"centroid": [0.007427669866732212, 0.07883218675851815, 0.5000456345159628], "extents": [0.9503488487618087, 0.03131638467311873, 0.08530515384755893], "rotate_angle": 40.83, "rotate_angle_pred": 39.475592912078525}