{"centroid": [-0.32853367811546624, 0.07604899257421482, 0.37152900324115135], "extents": [0.3911466589063496, 0.027782037854194697, 0.0453857927418298], "rotate_angle": 41.31, "rotate_angle_pred": 37.48026172604827}