{"centroid": [-0.24714554911344766, 0.026435445062816053, 0.34972959445628343], "extents": [0.41267595326003065, 0.02882971614599233, 0.041425340510929], "rotate_angle": 30.95, "rotate_angle_pred": 30.785223397239605}