{"centroid": [-0.003957664864682187, 0.5230918079614638, 0.4968279658931495], "extents": [0.9550966277131108, 0.003763347864151001, 0.08513671385028315], "rotate_angle": 16.36, "rotate_angle_pred": 16.273966583031154}