{"centroid": [-0.06262355076641586, 0.2615534625947475, 0.49778855555281454], "extents": [0.002968296463122952, 0.4297199845314026, 0.06358143803923122], "rotate_angle": -21.07, "rotate_angle_pred": -20.169777845266154}