{"centroid": [0.01288635005228298, 0.2407375052571296, 0.5017827527939305], "extents": [0.019937858556398555, 0.42165482044219976, 0.048225884775382866], "rotate_angle": 37.66, "rotate_angle_pred": 37.59811853238919}