{"centroid": [0.7645847066746991, -0.3824314139783383, 0.22110323370442628], "extents": [0.24016320839855443, 0.0587840154767037, 0.048630222950413055], "rotate_angle": -42.46, "rotate_angle_pred": -42.55615203690272}