{"centroid": [0.008703002638530771, 0.6931526251137256, 0.4309773675391815], "extents": [0.5924865069657166, 0.006590761244297028, 0.1011619876524108], "rotate_angle": 10.9, "rotate_angle_pred": 6.878719407269074}