{"centroid": [0.04726226887216367, -0.14508400112390524, 0.457781338643321], "extents": [0.6012855847795391, 0.033500865101814326, 0.07206987684996063], "rotate_angle": 32.97, "rotate_angle_pred": 29.36882207798608}