{"centroid": [0.23803203913454146, 0.004223566502332586, 0.3864169993398249], "extents": [0.16075636834114448, 0.06404474377632144, 0.05220103017200467], "rotate_angle": -37.67, "rotate_angle_pred": -34.718583429332725}