{"centroid": [-0.07251994659704819, 0.40927495062351216, 0.49372454280358946], "extents": [0.044328802162174066, 0.23615345358848566, 0.036692202776799465], "rotate_angle": 22.73, "rotate_angle_pred": 24.70099882110827}