{"centroid": [0.2738098566230863, 0.4725440815091133, 0.3917528439949708], "extents": [0.21091357471252334, 0.04451330006122595, 0.06309223353855509], "rotate_angle": 0.25, "rotate_angle_pred": -2.098582225015619}