{"centroid": [0.013480386090514078, 0.4207092970609664, 0.4736922572477098], "extents": [0.05532802691714238, 0.2238484919071197, 0.04454412351829745], "rotate_angle": -8.52, "rotate_angle_pred": -9.134954300328275}