{"centroid": [-0.5582972496764372, 0.3842001333832741, 0.25612510643442615], "extents": [0.17510740361917088, 0.024085715413093567, 0.03445357810237454], "rotate_angle": -22.63, "rotate_angle_pred": -20.739406933773637}