{"centroid": [-0.03645863651457196, 0.07253777235746381, 0.20251898148105985], "extents": [0.0030121356525170603, 0.33106935024261475, 0.04906915918302074], "rotate_angle": -44.86, "rotate_angle_pred": -43.929955130413276}