{"centroid": [0.5813460612840012, 0.3852416947484016, 0.25390509911453857], "extents": [0.16243702408096827, 0.029668524861335754, 0.02719004491542029], "rotate_angle": -23.41, "rotate_angle_pred": -23.21421606819942}