{"centroid": [0.4045671579213667, 0.028479970991611425, 0.22296026373641295], "extents": [0.0374621293945403, 0.3054969012737274, 0.04282765744705597], "rotate_angle": -4.78, "rotate_angle_pred": -6.15898166019052}