{"centroid": [0.47071564847118363, -0.3196437135338784, 0.3958868001774222], "extents": [0.4249839790987484, 0.11022983491420751, 0.0868342371485149], "rotate_angle": 30.2, "rotate_angle_pred": 32.97501855580279}