{"centroid": [-0.37947175842113945, -0.3326252326369285, 0.3660149166789676], "extents": [0.40709385009787713, 0.013350710272789112, 0.09128357410377957], "rotate_angle": -42.26, "rotate_angle_pred": -40.083441806864}