{"centroid": [0.010541073890350215, 0.5531189590692519, 0.4647277675880569], "extents": [0.7978947008826958, 0.00708124041557312, 0.07457361226577969], "rotate_angle": 18.25, "rotate_angle_pred": 16.10396598346442}