{"centroid": [-0.030101620350955843, 0.06779550760984414, 0.4701578262684511], "extents": [0.8135697830492419, 0.006238862872123829, 0.053878799006996436], "rotate_angle": -30.94, "rotate_angle_pred": -32.424867041395}