{"centroid": [-0.03117150748624694, -0.054163016378879644, 0.4675069138022161], "extents": [0.7966990316165299, 0.00535447895526895, 0.05078767513945637], "rotate_angle": -26.75, "rotate_angle_pred": -28.491268755566836}