{"centroid": [-0.012940478902815244, 0.057232975959777735, 0.4513880671287167], "extents": [0.8273149515104855, 0.015595495700836216, 0.04838113361813151], "rotate_angle": -8.58, "rotate_angle_pred": -10.025906516206632}