{"centroid": [0.050928990778647265, 0.09120969101786602, 0.5774700850196747], "extents": [0.2573535951996635, 0.12958253920078283, 0.06377517962918133], "rotate_angle": 27.5, "rotate_angle_pred": 27.08617283553673}