{"centroid": [-0.18431050730666065, -0.277807503938675, 0.2902883186758622], "extents": [0.0072629004152023335, 0.25298869609832764, 0.020014982514884982], "rotate_angle": 23.77, "rotate_angle_pred": 24.474686418239514}