{"centroid": [0.01503054337650642, -0.37259110435843473, 0.5751623847730543], "extents": [0.249003666364969, 0.005383618175983429, 0.04729802212853007], "rotate_angle": -28.62, "rotate_angle_pred": -31.062571408763077}