{"centroid": [-0.02048606628428834, 0.6543011255562304, 0.6044619706625969], "extents": [0.23330831749414593, 0.00906769186258316, 0.05569155939691017], "rotate_angle": -31.61, "rotate_angle_pred": -31.549517387734582}