{"centroid": [-0.013878739294532278, -0.44352582469582563, 0.27718559337103504], "extents": [0.18996423017388336, 0.022581689059734344, 0.03636904716776468], "rotate_angle": -7.83, "rotate_angle_pred": -10.165826041118862}