{"centroid": [-0.02204966921872381, -0.0027047367766500716, 0.5447577718921739], "extents": [0.4022631283395288, 0.008081659674644495, 0.06545147195984602], "rotate_angle": -4.57, "rotate_angle_pred": -6.447336882601732}