{"centroid": [-0.008265223237728436, 0.5331502631306648, 0.5827975107493877], "extents": [0.36471301246112364, 0.0032918602228164673, 0.07633475944419166], "rotate_angle": -31.06, "rotate_angle_pred": -32.034816286684155}