{"centroid": [-0.04399434699444649, 0.1401607021689414, 0.534834188441953], "extents": [1.0045239953113083, 0.01057915389537814, 0.07376355698204606], "rotate_angle": -3.0, "rotate_angle_pred": -4.159961886395223}