{"centroid": [-0.04467682865239059, -0.14970090612769132, 0.5971028228625765], "extents": [0.9203122742494474, 0.0362089648842813, 0.07115100982825062], "rotate_angle": -42.07, "rotate_angle_pred": -42.45431839791238}