{"centroid": [-0.029025049204251918, 0.2288980595767497, 0.5417985148477169], "extents": [0.9686999533446012, 0.015005998313427082, 0.07590305226624228], "rotate_angle": 24.16, "rotate_angle_pred": 23.650267900935347}