{"centroid": [-0.02928940274855736, 0.7516079768538474, 0.5968274671179027], "extents": [0.6259310054811345, 0.04776473343372345, 0.09899888631084763], "rotate_angle": -30.21, "rotate_angle_pred": -33.15287683153129}