{"centroid": [0.965569971841683, 0.08708630502223969, 0.27631529149264855], "extents": [0.005629926847004585, 0.4256609082221985, 0.0538650110836609], "rotate_angle": 14.76, "rotate_angle_pred": 16.707077786233427}