{"centroid": [-0.010485324906552441, 0.3228963986039161, 0.41930007904435207], "extents": [0.6141614899472772, 0.029555931687355097, 0.08301751296037502], "rotate_angle": -8.43, "rotate_angle_pred": -10.724896540189562}