{"centroid": [-0.03486048848821505, 0.15939497947692863, 0.5618422193431558], "extents": [0.7042679806995098, 0.006672531366348378, 0.057793561535872895], "rotate_angle": -35.45, "rotate_angle_pred": -38.47953894296342}