{"centroid": [-0.0378130402837443, -0.34543328732252127, 0.5385887225532779], "extents": [0.7060825628085501, 0.012067005038261414, 0.06957278206891437], "rotate_angle": -7.62, "rotate_angle_pred": -8.267322919189851}