{"centroid": [0.016404439072048804, -0.23038933053612715, 0.40643471569409007], "extents": [0.5709929511404148, 0.023322992026805905, 0.06909777278709384], "rotate_angle": 5.05, "rotate_angle_pred": 3.9322416923213552}