{"centroid": [-0.016126414006104393, 0.6041700094938277, 0.5710315509552613], "extents": [0.6985827882934801, 0.012459009885787964, 0.07237015870248409], "rotate_angle": -29.42, "rotate_angle_pred": -30.483247650679537}