{"centroid": [0.35842661602173775, -0.12717247009277352, 0.6082769054986372], "extents": [0.002249553754956557, 0.7969044446945189, 0.08609653838367382], "rotate_angle": 22.92, "rotate_angle_pred": 29.018495868872705}