{"centroid": [-0.14484728192449547, -0.4221302568912506, 0.3095664539348513], "extents": [0.02720607810887285, 0.2665722966194152, 0.012070719124800622], "rotate_angle": -40.51, "rotate_angle_pred": -37.66518396634908}