{"centroid": [-0.02757930686817664, 0.5553773567080497, 0.554284075745427], "extents": [0.955186729267565, 0.011785879731178395, 0.07322693651453294], "rotate_angle": -38.06, "rotate_angle_pred": -38.894721578597334}