{"centroid": [-0.13606749761201345, -0.1286139786243439, 0.30010053697089734], "extents": [0.005440071258864282, 0.264420747756958, 0.03732389979832579], "rotate_angle": -7.36, "rotate_angle_pred": -8.10513318518612}