{"centroid": [-0.17057036400878395, -0.3560632281005383, 0.41028553938338863], "extents": [0.19152964939205863, 0.02267823368310934, 0.0515966609418092], "rotate_angle": -11.43, "rotate_angle_pred": -14.08189838140953}