{"centroid": [-0.059946334149434566, 0.32067070156335825, 0.4628469510422288], "extents": [0.1906711751897856, 0.0067478567361831665, 0.03289300939263806], "rotate_angle": -11.02, "rotate_angle_pred": -9.645547561210407}