{"centroid": [0.016641509089061236, -0.34433055296540266, 0.4581097142205318], "extents": [0.2565256653990877, 0.01779972761869436, 0.043763428905563784], "rotate_angle": 20.19, "rotate_angle_pred": 18.16420383900379}