{"centroid": [0.0015832603011416736, 0.5547239109873771, 0.45397102160543656], "extents": [0.2729914770433388, 0.03591810166835785, 0.062720380401868], "rotate_angle": -32.68, "rotate_angle_pred": -32.67920976495786}