{"centroid": [0.014754591047352153, -0.1967932283878327, 0.4426570716019375], "extents": [0.24174833547887023, 0.02358630299568179, 0.05493779164777085], "rotate_angle": 19.84, "rotate_angle_pred": 18.918626973293684}