{"centroid": [0.2677322667722862, 0.5568411052227019, 0.4093352754958244], "extents": [0.1903233187601304, 0.023965775966644287, 0.060341029011425684], "rotate_angle": -16.55, "rotate_angle_pred": -15.607466278311307}