{"centroid": [-0.18728654244456078, 0.0733904279768466, 0.42039319741639336], "extents": [0.17877584953978026, 0.015356920659542098, 0.04199250103077973], "rotate_angle": -5.03, "rotate_angle_pred": -5.728655728378868}