{"centroid": [-0.04992442031819929, 0.29501312971115107, 0.4726771098038574], "extents": [0.010649487425277986, 0.19175624847412107, 0.0246354305389071], "rotate_angle": 35.64, "rotate_angle_pred": 34.74873708939508}