{"centroid": [0.2601279461946619, 0.12281345576047889, 0.3100753895221945], "extents": [0.6586254640242637, 0.017087355256080683, 0.061000736487931695], "rotate_angle": -15.95, "rotate_angle_pred": -14.716376802076454}