{"centroid": [-0.04014960267135647, 0.30089124292135233, 0.46840935579501813], "extents": [0.02519535985326071, 0.18314139544963837, 0.028623714667647515], "rotate_angle": 13.21, "rotate_angle_pred": 12.979425611686224}