{"centroid": [-0.42044370161615563, 0.21523663774132723, 0.33773579653867647], "extents": [0.6495072925541887, 0.02066508680582052, 0.06233505985193444], "rotate_angle": -5.26, "rotate_angle_pred": -9.157085405349207}