{"centroid": [0.039278122833619485, 0.19606811925768847, 0.2675728651131139], "extents": [0.039292663120185124, 0.32319676876068115, 0.03967449047252103], "rotate_angle": -24.79, "rotate_angle_pred": -22.75700923619584}