{"centroid": [0.27844969581919976, 0.4891849532723427, 0.38177189549811397], "extents": [0.2206887831013925, 0.06361372768878942, 0.05545258346608212], "rotate_angle": 29.48, "rotate_angle_pred": 27.463847658669394}