{"centroid": [0.2337379684153838, 0.06734580546617498, 0.43708956984310193], "extents": [0.19449585792884003, 0.012721098959445967, 0.03877159976379013], "rotate_angle": 13.82, "rotate_angle_pred": 13.455621034383839}