{"centroid": [0.3319082333040253, -0.37473865598440176, 0.412175063133733], "extents": [0.1899570132512657, 0.05846835672855377, 0.04632056638250531], "rotate_angle": -2.55, "rotate_angle_pred": -3.4566913047757026}