{"centroid": [-0.3234164663394557, -0.1703305914998056, 0.451352380205578], "extents": [0.23095140076925288, 0.00590829551219943, 0.05167011964921886], "rotate_angle": 23.03, "rotate_angle_pred": 26.430919504425006}