{"centroid": [0.0012291628829503472, 0.5923674702644347, 0.5620880207691342], "extents": [0.25132515496537067, 0.005683779716491699, 0.047955087306183586], "rotate_angle": 2.5, "rotate_angle_pred": 1.5233681473115581}