{"centroid": [-0.0045025330485936425, 0.6275321207940577, 0.5804003652417117], "extents": [0.2751470431738421, 0.0111614391207695, 0.06675386248201798], "rotate_angle": 16.65, "rotate_angle_pred": 14.540436070499865}