{"centroid": [0.007648887018937843, 0.20824432745575897, 0.5678806751587907], "extents": [0.18809958296954848, 0.036073721945285825, 0.05767435732162496], "rotate_angle": -37.43, "rotate_angle_pred": -36.57511973198332}