{"centroid": [-0.017907352830297846, 0.24523564428091038, 0.5720798148348594], "extents": [0.2782992716948111, 0.006753668189048795, 0.0583098530003372], "rotate_angle": -10.25, "rotate_angle_pred": -10.535620210328915}