{"centroid": [-0.01011531613053036, -0.3953395411372185, 0.5742607928537647], "extents": [0.36867576467432395, 0.012998178601265009, 0.05331136605269449], "rotate_angle": 37.16, "rotate_angle_pred": 35.92943876186287}