{"centroid": [-0.17949484520923747, -0.35666704177856445, 0.30555730028196526], "extents": [0.0011375546309684847, 0.31580150127410883, 0.023305039554364693], "rotate_angle": 38.39, "rotate_angle_pred": 36.54054342301585}