{"centroid": [-0.1362773442306017, 0.10696168616414062, 0.3013834923588119], "extents": [0.18698974105181693, 0.1243420168757439, 0.023645691765145138], "rotate_angle": 34.91, "rotate_angle_pred": 31.272600268089292}