{"centroid": [-0.060542527770961474, 0.6053038164973259, 0.26874918290323413], "extents": [0.34005218143935423, 0.06054233014583599, 0.035871087871508], "rotate_angle": -9.53, "rotate_angle_pred": -14.394858005333404}