{"centroid": [-0.07548473468344391, -0.14502114057540896, 0.35243432275941955], "extents": [0.004769966005032017, 0.26025503873825073, 0.025637064122411957], "rotate_angle": 37.06, "rotate_angle_pred": 35.460754500829836}