{"centroid": [-0.024134842212695927, 0.7435882687568665, 0.43180540688231916], "extents": [0.740900880494506, 0.01698720455169689, 0.06843682437246695], "rotate_angle": -37.34, "rotate_angle_pred": -39.913609312932536}