{"centroid": [0.0014883132961037576, -0.3193325772881508, 0.4299195477359413], "extents": [0.773061755527892, 0.0020829886198044933, 0.04528904352507812], "rotate_angle": 35.14, "rotate_angle_pred": 34.483211362586744}