{"centroid": [-0.3580291562578129, 0.32172450423240656, 0.358912783169755], "extents": [0.5992152593001366, 0.014590740203857477, 0.05195293490656533], "rotate_angle": 2.6, "rotate_angle_pred": 0.29852755316784396}