{"centroid": [-0.23082163725109478, -0.02042816579341899, 0.31840719977367443], "extents": [0.01540516288207397, 0.34821733832359325, 0.039631760872592736], "rotate_angle": 3.64, "rotate_angle_pred": 6.187945259256054}