{"centroid": [0.2913905505644191, 0.0071733146905898285, 0.5967083262513405], "extents": [0.070905282768215, 0.15588612854480743, 0.04911118723276886], "rotate_angle": 31.1, "rotate_angle_pred": 32.236841124395994}