{"centroid": [0.010563712678459252, -0.3588422872126103, 0.44901751435215037], "extents": [0.23783836409401143, 0.01319991797208786, 0.05294048928777212], "rotate_angle": -2.17, "rotate_angle_pred": -4.214423807478639}