{"centroid": [-0.07975625489659965, 0.2396710962057113, 0.4506788362800322], "extents": [0.18192516048780005, 0.006414443254470853, 0.05447567933929426], "rotate_angle": -23.13, "rotate_angle_pred": -21.916438923648457}