{"centroid": [-0.014931907602217909, 0.5731395930051802, 0.4156426670240964], "extents": [0.24868452886871556, 0.002364605665206909, 0.06448707817197474], "rotate_angle": -30.71, "rotate_angle_pred": -31.217025223431925}