{"centroid": [-0.6894878385507893, -0.009403049945831382, 0.1279319719796987], "extents": [0.03416785485772489, 1.667195200920105, 0.0927972614141348], "rotate_angle": 41.15, "rotate_angle_pred": 44.69343502851399}