{"centroid": [0.8968512418523229, 0.10156904160976404, 0.35488539914862327], "extents": [0.001415714647338806, 0.46397435665130615, 0.05306660108100392], "rotate_angle": 6.07, "rotate_angle_pred": 4.099463434300716}