{"centroid": [-0.350936812907549, 0.28407329320907576, 0.38822039621028803], "extents": [0.5714187577455159, 0.01636707782745367, 0.052146147529437914], "rotate_angle": 21.62, "rotate_angle_pred": 20.13870028283428}