{"centroid": [0.3785610450950402, 0.3275587409734726, 0.3602309608345472], "extents": [0.537961581155272, 0.02443334460258495, 0.07036389880150823], "rotate_angle": 44.02, "rotate_angle_pred": 40.07153120913722}