{"centroid": [-0.3260586813048029, 0.5342934578657149, 0.4503010686681371], "extents": [0.3302754134593605, 0.011454850435256958, 0.04886669994976761], "rotate_angle": -3.69, "rotate_angle_pred": -4.870609537723553}