{"centroid": [0.022747888995738465, 0.5669270306825637, 0.4292397036727924], "extents": [0.5911114090681628, 0.01963689923286438, 0.06345131113876101], "rotate_angle": -4.18, "rotate_angle_pred": -7.906702478052509}