{"centroid": [-0.3779030201958683, 0.03236022591590874, 0.48547269673474236], "extents": [0.07876962263899229, 0.5110911726951599, 0.05466290825239295], "rotate_angle": -22.32, "rotate_angle_pred": -21.16488376913182}