{"centroid": [-0.3599350523153626, 0.5667142048478125, 0.45775244736150217], "extents": [0.288408938984998, 0.016617700457572937, 0.05045074292955609], "rotate_angle": 5.1, "rotate_angle_pred": 5.819324192415152}