{"centroid": [0.35368015910864914, 0.3158729970455169, 0.45969193047000045], "extents": [0.2686264527768989, 0.0166701078414917, 0.04024598021679676], "rotate_angle": 6.39, "rotate_angle_pred": 3.2279253488105297}