{"centroid": [-0.3699225866293929, 0.32008965313434584, 0.46812957342837436], "extents": [0.3176304646920022, 0.01890805363655096, 0.04877710263980822], "rotate_angle": -7.68, "rotate_angle_pred": -9.308201087797897}