{"centroid": [0.3100259117333887, 0.5302728973329067, 0.3949305832855922], "extents": [0.21778681776095926, 0.016116850078106038, 0.06068732562125145], "rotate_angle": 27.43, "rotate_angle_pred": 24.64798563459408}