{"centroid": [0.41800331857800277, -0.5100304186344148, 0.37932296247723707], "extents": [0.028224453978774877, 0.652195394039154, 0.0767582523584161], "rotate_angle": -13.53, "rotate_angle_pred": -12.12416880838775}