{"centroid": [-0.007325912695315269, 0.26777862384915346, 0.5352393776381366], "extents": [0.1684423206991616, 0.010504700243473053, 0.06004181766109151], "rotate_angle": 34.87, "rotate_angle_pred": 34.036138683510785}