{"centroid": [-0.041192996947145455, 0.5780722275376319, 0.5537793347353107], "extents": [0.2233085498666102, 0.002718403935432434, 0.05383795536817759], "rotate_angle": 24.22, "rotate_angle_pred": 23.45058559443366}