{"centroid": [0.006164206792097171, -0.37956050410866743, 0.545511053381651], "extents": [0.187383117775888, 0.009977690875530243, 0.05945790265352646], "rotate_angle": 9.24, "rotate_angle_pred": 8.580144606759262}