{"centroid": [-0.007582398051641678, -0.03821637108922017, 0.542181640268732], "extents": [0.2009151552413287, 0.002049937844276449, 0.056177652658272126], "rotate_angle": 9.79, "rotate_angle_pred": 9.255161765656041}