{"centroid": [0.8806944747044229, 0.023712083697318857, 0.29566281867387717], "extents": [0.04983442270910299, 0.382870078086853, 0.06189446144045585], "rotate_angle": -41.48, "rotate_angle_pred": -40.38271207576321}