{"centroid": [-0.007450868289155248, 0.7444454580545424, 0.548304229896005], "extents": [0.676984673305829, 0.023529142141342163, 0.11488303635943142], "rotate_angle": -22.52, "rotate_angle_pred": -25.061711563073487}