{"centroid": [-0.015160520093815272, 0.6089947223663329, 0.5981089106473798], "extents": [0.326883499680105, 0.03502213954925537, 0.06711223075531147], "rotate_angle": -36.64, "rotate_angle_pred": -32.02419305387555}