{"centroid": [-0.017397971235428602, -0.10771846771240241, 0.26426680078641424], "extents": [0.009332224732305315, 0.2992517352104187, 0.03401212396288822], "rotate_angle": 23.11, "rotate_angle_pred": 19.941516135453327}