{"centroid": [-0.04287033468760386, 0.535549819469452, 0.3015788859806501], "extents": [0.016087397989411882, 0.26937872171401983, 0.01854726306146559], "rotate_angle": -41.83, "rotate_angle_pred": -43.64685579722545}