{"centroid": [0.011709577019288995, -0.05160784721374515, 0.24372946239982743], "extents": [0.0156723263394815, 0.3162936568260193, 0.03566988614824798], "rotate_angle": -20.45, "rotate_angle_pred": -23.252689051282545}