{"centroid": [0.28709180811946355, 0.6560787335038184, 0.5683784831512568], "extents": [0.10200221044493546, 0.09761054813861847, 0.04174652676413826], "rotate_angle": 27.15, "rotate_angle_pred": 27.201266648115507}