{"centroid": [-0.3049192553697244, 0.37729508429765696, 0.3443150046925755], "extents": [0.24328831295426162, 0.004685297608375605, 0.04243971487172421], "rotate_angle": 28.2, "rotate_angle_pred": 29.212629411332287}