{"centroid": [0.01608184329199237, 0.1032925518229603, 0.3138996444883979], "extents": [0.018508851411724734, 0.19137994945049286, 0.057928479843479985], "rotate_angle": -31.93, "rotate_angle_pred": -30.4402257425833}