{"centroid": [-0.10643378931200956, 0.10922803170979013, 0.3851368896457816], "extents": [0.06201163115067786, 0.17715951800346375, 0.04730599138947422], "rotate_angle": 27.45, "rotate_angle_pred": 28.367366881193774}