{"centroid": [0.1693495492033985, -0.16206161677837375, 0.2264924103309067], "extents": [0.022502451906754872, 0.10641783475875854, 0.026389110565637613], "rotate_angle": -10.81, "rotate_angle_pred": -10.476658029008618}