{"centroid": [-0.018745880102277623, -0.024421595036983563, 0.3912722671622695], "extents": [0.9496062928350502, 0.013452053070068477, 0.07447595097788423], "rotate_angle": -29.17, "rotate_angle_pred": -30.403806289209342}