{"centroid": [-0.005445964071615177, 0.5743833370506763, 0.38597268878545626], "extents": [0.9180706910977033, 0.00706116110086441, 0.07395207275056837], "rotate_angle": -8.62, "rotate_angle_pred": -10.249110329548571}