{"centroid": [0.0005414766223977844, 0.09327900409698478, 0.4476752722663464], "extents": [0.003089621611863399, 0.2733902335166931, 0.031621910107321294], "rotate_angle": -32.66, "rotate_angle_pred": -33.50736438250234}