{"centroid": [-0.00939794999149525, 0.2379022911190986, 0.38357775374330827], "extents": [0.9887659560545341, 0.003989890217781122, 0.0794742704308472], "rotate_angle": 6.54, "rotate_angle_pred": 4.6753337295920545}