{"centroid": [0.028216185152467068, -0.3577756322920323, 0.5584337339833514], "extents": [0.2522607461369788, 0.009989015758037567, 0.03869834566287067], "rotate_angle": -33.05, "rotate_angle_pred": -33.29693775816119}