{"centroid": [0.00896241398512312, 0.6244306527078151, 0.5416123664267873], "extents": [0.25519221255169233, 0.03372108191251755, 0.04580726337037677], "rotate_angle": 41.62, "rotate_angle_pred": 39.54063067457972}