{"centroid": [-0.15956605390380307, 0.7712200544774531, 0.3532907667213869], "extents": [0.11636689047542163, 0.008394531905651093, 0.056644293156221104], "rotate_angle": -9.48, "rotate_angle_pred": -11.123242412006803}