{"centroid": [0.6295520916526491, -0.3897106237709523, 0.28209267974986424], "extents": [0.24354446807499364, 0.09379043430089956, 0.05240307243048686], "rotate_angle": -35.38, "rotate_angle_pred": -33.99291547098733}