{"centroid": [0.05319013005169314, 0.3149470761418342, 0.3606245737257061], "extents": [0.6901383288346541, 0.015211626887321583, 0.0699390161647066], "rotate_angle": -33.7, "rotate_angle_pred": -35.00161090116953}