{"centroid": [0.016647098749776025, 0.2522965520620345, 0.41837968767538575], "extents": [0.4347512226284893, 0.025549232959747342, 0.06882411400338473], "rotate_angle": -9.94, "rotate_angle_pred": -11.821323597875306}