{"centroid": [0.03990522132481154, -0.24291646480560308, 0.4266062731392829], "extents": [0.42669738942550306, 0.02308893203735357, 0.06351472977515132], "rotate_angle": 23.53, "rotate_angle_pred": 21.60790664290515}