{"centroid": [0.009880205084016873, -0.03054072707891473, 0.4139563490298525], "extents": [0.41427895715160634, 0.004247471690177959, 0.06516428337163366], "rotate_angle": -14.46, "rotate_angle_pred": -15.83966413903714}