{"centroid": [0.04944655727852722, 0.5028344392776488, 0.3284259067818607], "extents": [0.025650813387530183, 0.2643083333969117, 0.03334358977157126], "rotate_angle": 31.43, "rotate_angle_pred": 32.19264252814946}