{"centroid": [0.04887253343071159, -0.2064477056264878, 0.27983380937482816], "extents": [0.01893866046083203, 0.3212962448596955, 0.030718300230737683], "rotate_angle": -32.44, "rotate_angle_pred": -31.845939684369647}