{"centroid": [-0.02757424326848224, 0.5169087946414946, 0.29428061273132683], "extents": [0.04123050054038773, 0.2642087340354919, 0.028150419316749442], "rotate_angle": 3.0, "rotate_angle_pred": 2.165217590726556}