{"centroid": [0.4736654924548733, 0.41570580750703806, 0.3020318720112714], "extents": [0.19311311634800388, 0.01700820028781891, 0.04050034613873493], "rotate_angle": 2.93, "rotate_angle_pred": 4.3498682358144976}