{"centroid": [0.48932599512062325, 0.17089778929948796, 0.33726897228029873], "extents": [0.17199790603236054, 0.021159127354621915, 0.024084873673201335], "rotate_angle": -38.76, "rotate_angle_pred": -34.85687678152649}