{"centroid": [0.006215368597994923, -0.31538639962673193, 0.4186262384964466], "extents": [0.8432649418555369, 0.011392563581466786, 0.06078941407130534], "rotate_angle": -34.28, "rotate_angle_pred": -35.95726177482041}