{"centroid": [-0.5651524796612188, 0.06010062992572779, 0.30161144580907695], "extents": [0.23311683714732107, 0.002223744988441488, 0.040467366887196876], "rotate_angle": -8.72, "rotate_angle_pred": -6.761326011953784}