{"centroid": [-0.27724228968561015, 0.0001491298899053675, 0.2987749396002935], "extents": [0.2263051083164284, 0.02556126564741137, 0.04281539768204007], "rotate_angle": 19.95, "rotate_angle_pred": 23.36074282866791}