{"centroid": [0.46911204973273474, -0.06519732624292379, 0.28373726814120614], "extents": [0.28863096840577823, 0.006304055452346816, 0.03785664667353977], "rotate_angle": 9.39, "rotate_angle_pred": 6.907691108671202}