{"centroid": [-0.009115338769235195, 0.24591279774904246, 0.3613195526375176], "extents": [0.0846046049850333, 0.05208592116832736, 0.03743866412189084], "rotate_angle": 39.29, "rotate_angle_pred": 33.198774144375136}