{"centroid": [-0.3984685914626757, 0.5866535678505898, 0.32872120170963914], "extents": [0.15005226616568734, 0.009196802973747253, 0.053522896675396614], "rotate_angle": -24.8, "rotate_angle_pred": -24.025433705011224}