{"centroid": [-0.011576684089034811, 0.634702268987894, 0.4817404732631839], "extents": [0.4521487730058956, 0.015129812061786652, 0.06403305490305183], "rotate_angle": 10.51, "rotate_angle_pred": 8.231710275340376}