{"centroid": [-0.028344713693644392, 0.16894767060875887, 0.3738696842095374], "extents": [0.04419670959004412, 0.2697189450263977, 0.05136641440937162], "rotate_angle": -39.2, "rotate_angle_pred": -33.74991490466375}