{"centroid": [-0.07808142278909128, 0.16190185025334353, 0.36179115512777893], "extents": [0.057515337899643346, 0.2039662301540375, 0.037487611067953674], "rotate_angle": 9.67, "rotate_angle_pred": 8.917554267831775}