{"centroid": [-0.16294569145561472, -0.06731072068214426, 0.3143548877685021], "extents": [0.006831899135776837, 0.2828909456729889, 0.02721669092805945], "rotate_angle": -3.42, "rotate_angle_pred": -2.0818365843129527}