{"centroid": [-0.052313250567108914, -0.3907536268234253, 0.2632173847031112], "extents": [0.032151983037974924, 0.30247640609741216, 0.025290530843378345], "rotate_angle": -10.52, "rotate_angle_pred": -12.746784355074666}