{"centroid": [-0.022289322613755807, 0.5321427583694457, 0.6174695249962772], "extents": [0.3352192721751772, 0.030252933502197266, 0.059221969493669646], "rotate_angle": 27.98, "rotate_angle_pred": 26.38372800379993}