{"centroid": [-0.03446302915477644, 0.44186170399188984, 0.2948289126092642], "extents": [0.0360036481780186, 0.2626325786113738, 0.012355584288579635], "rotate_angle": 11.53, "rotate_angle_pred": 9.464886015145836}