{"centroid": [0.027503595091877747, 0.36643734574317927, 0.27851452393691806], "extents": [0.028129815701360777, 0.2860649824142456, 0.02302442834613605], "rotate_angle": 27.99, "rotate_angle_pred": 28.113314797361454}