{"centroid": [-0.04622263413544823, 0.18363748863339407, 0.5898769382947828], "extents": [0.3291451303719376, 0.005739726126194056, 0.05852527860894419], "rotate_angle": 28.67, "rotate_angle_pred": 28.81249744327222}