{"centroid": [-0.05227888792816565, -0.20541457831859594, 0.6029969820242778], "extents": [0.33432506807816853, 0.01975038647651675, 0.06357063218602343], "rotate_angle": 11.73, "rotate_angle_pred": 12.867219403591946}