{"centroid": [0.015929630058589002, -0.10774925351142886, 0.2853623204445701], "extents": [0.01996879285122413, 0.3002845048904419, 0.031659174797852296], "rotate_angle": 44.62, "rotate_angle_pred": 41.28009892416051}