{"centroid": [-0.5705488102510125, -0.5056047439575196, 0.3293009824728836], "extents": [0.011735469371906726, 0.17207753658294678, 0.06569359602141345], "rotate_angle": 9.21, "rotate_angle_pred": 10.294520321895206}