{"centroid": [0.727405266007977, -0.44502209126949316, 0.2518578598937081], "extents": [0.197646735132731, 0.09434291720390325, 0.06193625492835356], "rotate_angle": -37.07, "rotate_angle_pred": -39.12240215147644}