{"centroid": [-0.013954160260994039, 0.3483004420995711, 0.5675322825572922], "extents": [0.38100624724125765, 0.03165110945701605, 0.06396535146336424], "rotate_angle": 35.55, "rotate_angle_pred": 35.13577848533082}