{"centroid": [-0.01616049415703985, -0.22265287116169935, 0.5471661130768923], "extents": [0.3679179622317898, 0.03225132077932366, 0.07229131603823591], "rotate_angle": -37.64, "rotate_angle_pred": -37.7938792217594}