{"centroid": [0.7262926844015422, 0.030126512050628683, 0.39155842047559863], "extents": [0.015337780156364, 0.5472251772880554, 0.07881934960535547], "rotate_angle": 39.52, "rotate_angle_pred": 34.91002777865283}