{"centroid": [0.004335428938461998, 0.5904967822134494, 0.5596186188866098], "extents": [0.2700087461835854, 0.0064956024289131165, 0.06350666363925217], "rotate_angle": -7.73, "rotate_angle_pred": -8.835071893184804}