{"centroid": [0.31638231227428815, 0.07264286652207365, 0.5566572735546309], "extents": [0.08772967141135402, 0.21964117884635923, 0.051085744812449874], "rotate_angle": 27.54, "rotate_angle_pred": 25.54214144679267}