{"centroid": [-0.011992942094313126, 0.5956994146108626, 0.5632626207842326], "extents": [0.9631782961819549, 0.0032566487789156273, 0.09835149543491628], "rotate_angle": -35.52, "rotate_angle_pred": -37.300015081607846}