{"centroid": [-0.08173382551567154, -0.10975541919469846, 0.5754055102193066], "extents": [1.0422239350880995, 0.022459283471107525, 0.08053538984841502], "rotate_angle": -4.53, "rotate_angle_pred": -5.791735626478143}