{"centroid": [-0.28438116958908505, -0.044451847672462574, 0.5150644990267699], "extents": [0.06689347369080184, 0.26717090606689453, 0.06532916467993533], "rotate_angle": 36.08, "rotate_angle_pred": 39.0884391051643}