{"centroid": [-0.015037957986311794, 0.5951715856790543, 0.44486592524066926], "extents": [0.5595788495044203, 0.01751294732093822, 0.07997587516707688], "rotate_angle": 30.61, "rotate_angle_pred": 31.373275455605352}