{"centroid": [-0.0004966801076579964, 0.5575409270823002, 0.5904699250210951], "extents": [0.3291614736181122, 0.02234596759080887, 0.05949240330596539], "rotate_angle": -5.44, "rotate_angle_pred": -7.079709968640145}