{"centroid": [-0.2131820419324621, -0.21297419071197513, 0.2753806550750825], "extents": [0.027598857959810708, 0.33192676305770874, 0.03626679639622615], "rotate_angle": -23.2, "rotate_angle_pred": -23.489000707159676}