{"centroid": [0.05392667682034928, 0.19202361255884165, 0.38784520381797744], "extents": [0.5372862976414606, 0.00947089493274697, 0.08268724629018603], "rotate_angle": -34.91, "rotate_angle_pred": -37.28101980985647}