{"centroid": [0.06718319619677951, -0.03374045714735993, 0.4047859186485849], "extents": [0.5887467904001116, 0.02043734490871432, 0.07621473874456203], "rotate_angle": 6.54, "rotate_angle_pred": 4.395880910912567}