{"centroid": [-0.13322065308407718, 0.14833371341228482, 0.2937544046746403], "extents": [0.018023714189310022, 0.35032933950424194, 0.028584118561587712], "rotate_angle": -29.76, "rotate_angle_pred": -29.419814407735913}