{"centroid": [-0.004021568860583739, 0.24780999869108197, 0.27778073455384183], "extents": [0.019994705758584717, 0.3409460186958313, 0.026598330378474255], "rotate_angle": -26.74, "rotate_angle_pred": -24.16968279917161}