{"centroid": [-0.056492185385663765, -0.33253778517246246, 0.30698143572985215], "extents": [0.03012102908912151, 0.2999631464481354, 0.02230329860873498], "rotate_angle": 23.86, "rotate_angle_pred": 23.30509057334646}