{"centroid": [-0.2339212363003894, -0.4617911167442799, 0.3660923778593025], "extents": [0.39672762224975794, 0.02875735610723501, 0.07956603183368471], "rotate_angle": -18.9, "rotate_angle_pred": -14.231040883642692}