{"centroid": [-0.021668613872798382, 0.1711453720927238, 0.26966931572308495], "extents": [0.015968770005999784, 0.27773797512054443, 0.026811309523574245], "rotate_angle": 24.4, "rotate_angle_pred": 25.0517777762214}