{"centroid": [0.009598094767833782, 0.15419667959213254, 0.23213706808385393], "extents": [0.005335852369446423, 0.2750304341316223, 0.03047206176099873], "rotate_angle": -17.62, "rotate_angle_pred": -17.50773108334029}