{"centroid": [0.46086141988783064, -0.4347581379115582, 0.26349350486042844], "extents": [0.1429182100474488, 0.0568072572350502, 0.055324772627255436], "rotate_angle": -37.27, "rotate_angle_pred": -38.27070002873882}