{"centroid": [-0.025262419705207737, -0.49078355729579937, 0.2536622513113425], "extents": [0.03310896489086747, 0.27833154797554027, 0.01943799127549936], "rotate_angle": 12.13, "rotate_angle_pred": 7.512881506210945}