{"centroid": [-0.009565571222295548, 0.27819667756557465, 0.24847624635476984], "extents": [0.019266217907651005, 0.26831558346748363, 0.009130243193334275], "rotate_angle": 13.34, "rotate_angle_pred": 9.177872360063716}