{"centroid": [-0.01223215210844955, -0.1610531806945801, 0.22401951995697467], "extents": [0.010686263249290427, 0.28526759147644043, 0.02488254710854526], "rotate_angle": -10.69, "rotate_angle_pred": -14.04679992353779}