{"centroid": [0.02205497403912806, -0.48019595444202423, 0.24907996016402084], "extents": [0.010943695707517624, 0.2999840676784516, 0.016932457383285415], "rotate_angle": 4.46, "rotate_angle_pred": 1.304718291795922}