{"centroid": [0.029890868730344744, -0.10287465155124667, 0.2140900804559923], "extents": [0.007047325301201987, 0.3074894845485687, 0.0245568340015635], "rotate_angle": -37.82, "rotate_angle_pred": -36.99537105453592}