{"centroid": [0.05811120208752314, 0.3574481755495071, 0.24447681841726415], "extents": [0.03670761015154516, 0.2941364943981171, 0.023006480349915537], "rotate_angle": -10.61, "rotate_angle_pred": -12.985024939120606}