{"centroid": [-0.0017750648650166133, 0.16169433202594513, 0.31820364433456333], "extents": [0.009173244274641602, 0.33396437764167786, 0.04002696291743135], "rotate_angle": -41.3, "rotate_angle_pred": -42.29318821955977}