{"centroid": [-0.005313324696454335, -0.1353566646575928, 0.29350958475700667], "extents": [0.013154611270437693, 0.33543556928634644, 0.0454973401836819], "rotate_angle": -28.53, "rotate_angle_pred": -30.456193317280245}