{"centroid": [0.006714456644461177, -0.13564473390579226, 0.29954356015299544], "extents": [0.02085259590806688, 0.34057551622390747, 0.0429836257857561], "rotate_angle": -10.22, "rotate_angle_pred": -10.442749302746293}