{"centroid": [0.04325352225506098, 0.5633170567452906, 0.5458556977882753], "extents": [0.9097730014696312, 0.026105158030986897, 0.08343306269428985], "rotate_angle": 36.54, "rotate_angle_pred": 36.306195094558575}