{"centroid": [-0.21760625939113115, -0.3816783130168915, 0.28717610476189437], "extents": [0.019658311665995548, 0.2565367817878723, 0.005696702593355529], "rotate_angle": 16.8, "rotate_angle_pred": 16.598617969860015}