{"centroid": [-0.16500061237693986, -0.10744297504425056, 0.2568052370136325], "extents": [0.005092918975847821, 0.2801135182380676, 0.032582123491575965], "rotate_angle": 3.21, "rotate_angle_pred": 1.6640507954194703}