{"centroid": [0.5487654319299007, -0.35641482472419744, 0.3579229980266197], "extents": [0.16972936682980594, 0.4476845860481262, 0.061186902200240534], "rotate_angle": -28.32, "rotate_angle_pred": -23.928762302834855}