{"centroid": [-0.19152289461527272, -0.1372449398040772, 0.23783779918280032], "extents": [0.010740548583171888, 0.32147866487503063, 0.021105919447728327], "rotate_angle": -23.0, "rotate_angle_pred": -21.92374358978705}