{"centroid": [-0.1836436930533233, -0.14904014766216278, 0.22588372144746888], "extents": [0.01895526013095397, 0.29220280051231384, 0.03604749517083361], "rotate_angle": -27.32, "rotate_angle_pred": -27.809552752903542}