{"centroid": [-0.1992238726906042, -0.4275546073913574, 0.22477288144243346], "extents": [0.008943319181892867, 0.2531728744506836, 0.022245194417735648], "rotate_angle": -34.07, "rotate_angle_pred": -31.831994687065183}