{"centroid": [0.46943954415280115, 0.38533289730548853, 0.25607539167907567], "extents": [0.13135053218663173, 0.059730917215347346, 0.053304262464359625], "rotate_angle": -21.53, "rotate_angle_pred": -20.117553219189176}