{"centroid": [0.5301734313160191, -0.5435023084282876, 0.33616051155679844], "extents": [0.15274739091182626, 0.10867302119731909, 0.06401804016512314], "rotate_angle": -6.06, "rotate_angle_pred": -4.635351143409153}