{"centroid": [0.03489006296561428, -0.009212523698806811, 0.2826989315371502], "extents": [0.006987005451677741, 0.32737427949905396, 0.031494095829087076], "rotate_angle": -25.25, "rotate_angle_pred": -24.88176229898194}