{"centroid": [0.022207371847493173, 0.4946376085281372, 0.22823595971754748], "extents": [0.00013332069233705154, 0.271194875240326, 0.026314054303375883], "rotate_angle": -1.46, "rotate_angle_pred": -3.4994128035206558}