{"centroid": [-0.024465174418448428, 0.0980156548321246, 0.5436180282362417], "extents": [0.23896410582143446, 0.029034964740276364, 0.05958889305320081], "rotate_angle": 26.26, "rotate_angle_pred": 24.73470799179516}