{"centroid": [-0.017445768970597603, 0.022411189973354284, 0.27472847523930266], "extents": [0.02904942657917587, 0.28818845748901367, 0.024983946459287143], "rotate_angle": 38.71, "rotate_angle_pred": 34.60557939087204}