{"centroid": [-0.0019105798669477956, 0.10577103868126864, 0.2315064650706844], "extents": [0.009070709374768738, 0.28365427255630493, 0.027674792416948285], "rotate_angle": -2.71, "rotate_angle_pred": -6.135777838622261}