{"centroid": [-0.027510797982095915, 0.4122859537601471, 0.26225628720631494], "extents": [0.03851948768999175, 0.26478290557861334, 0.023971297410098014], "rotate_angle": 29.61, "rotate_angle_pred": 26.605461394433732}