{"centroid": [0.9152531044014723, -0.2309016883373261, 0.14205187725083626], "extents": [0.03967817180534183, 0.2888166308403015, 0.03036727237900838], "rotate_angle": -18.41, "rotate_angle_pred": -19.8179086393384}