{"centroid": [-0.3908771974748585, -0.49103911966085434, 0.3319118742313463], "extents": [0.16367671220882346, 0.003940358757972717, 0.06750998035924966], "rotate_angle": -41.76, "rotate_angle_pred": -35.81926826919502}