{"centroid": [0.005138207913323527, -0.029225710779428597, 0.5368017721281209], "extents": [0.9495959187656372, 0.01304144412279135, 0.06254120108986383], "rotate_angle": 13.92, "rotate_angle_pred": 12.664729947316872}