{"centroid": [0.01742283817368484, -0.30136331915855413, 0.54427528996606], "extents": [0.932241540162497, 0.021170973777770996, 0.06770759683915695], "rotate_angle": 6.87, "rotate_angle_pred": 6.413609831152016}