{"centroid": [0.024891798659369524, 0.16133653745055188, 0.540403677442382], "extents": [0.9269969638369706, 0.009903393685817857, 0.0724954469778405], "rotate_angle": 35.31, "rotate_angle_pred": 34.02502335453133}