{"centroid": [0.031687728314713774, -0.10466197133064278, 0.5125046291290909], "extents": [0.9745175579836935, 0.013110920786857716, 0.07179634082507302], "rotate_angle": 31.37, "rotate_angle_pred": 29.66330390777881}