{"centroid": [-0.002815552544836883, 0.4868016242980956, 0.5314237291329098], "extents": [0.9659607305481044, 0.007607460021972656, 0.07508383609733704], "rotate_angle": 7.21, "rotate_angle_pred": 5.871420130386298}