{"centroid": [-0.3688981911083717, 0.28632563725113863, 0.3910875668739885], "extents": [0.44659314158328295, 0.014853306114673615, 0.048814174442337877], "rotate_angle": 26.23, "rotate_angle_pred": 24.499991746868204}