{"centroid": [-0.018833251746582215, 0.6422843113541603, 0.3711292105278822], "extents": [0.7701458706879818, 0.012556031346321217, 0.07476007720855549], "rotate_angle": -25.38, "rotate_angle_pred": -29.15232012950488}