{"centroid": [-0.036053203028456896, 0.5460258200764655, 0.4265734773911439], "extents": [0.19569629778011122, 0.06152845919132233, 0.0411482460647532], "rotate_angle": 29.59, "rotate_angle_pred": 27.31278583826837}