{"centroid": [0.08971942844490387, -0.22030126675963407, 0.42317414083565347], "extents": [0.10821240228886372, 0.10033769160509112, 0.02321762928422777], "rotate_angle": -14.89, "rotate_angle_pred": -14.37734696585595}