{"centroid": [0.059361822622383285, -0.3303084000945092, 0.4342833514595592], "extents": [0.17058719867446134, 0.03188504278659826, 0.02913941472489312], "rotate_angle": 28.74, "rotate_angle_pred": 28.781170572867936}