{"centroid": [0.061550084564471995, -0.4198089390993119, 0.42746890993437126], "extents": [0.20926988589244064, 0.028209716081619318, 0.027919058376221995], "rotate_angle": 31.24, "rotate_angle_pred": 30.288612561461846}