{"centroid": [-0.04371971951498711, -0.3077025748789311, 0.44273842144402464], "extents": [0.6606820776618829, 0.03764312714338314, 0.06073876801354816], "rotate_angle": -42.82, "rotate_angle_pred": -40.86703901706697}