{"centroid": [0.01775113139181301, 0.24596964567899698, 0.40496405435846916], "extents": [0.7706311725009823, 0.00542272627353671, 0.06607992016710856], "rotate_angle": 4.62, "rotate_angle_pred": 2.2764542691904666}