{"centroid": [0.019137678844044645, 0.01218848768621676, 0.4130800313501644], "extents": [0.7923330230436181, 0.011596992611885182, 0.06745828080882066], "rotate_angle": 35.59, "rotate_angle_pred": 35.18339451192713}