{"centroid": [0.23177014731313647, 0.13080743700265873, 0.4147375510072478], "extents": [0.46528885671070525, 0.015473186969757122, 0.04906835129674292], "rotate_angle": -15.61, "rotate_angle_pred": -16.42114288838542}