{"centroid": [-0.34379429014251206, 0.1297277994453906, 0.43408130649858856], "extents": [0.506877310838612, 0.03586364537477499, 0.06109520885953651], "rotate_angle": 20.35, "rotate_angle_pred": 22.16733053239085}