{"centroid": [-0.1734323479946543, -0.33552896231412893, 0.4499423640265049], "extents": [0.5094787978093086, 0.037155881524086054, 0.06771766266245821], "rotate_angle": -31.49, "rotate_angle_pred": -31.734477119911354}