{"centroid": [0.006579357194053802, 0.5943403989076614, 0.41996259329257657], "extents": [0.7244553539866951, 0.01438763737678539, 0.08163600385566794], "rotate_angle": 26.95, "rotate_angle_pred": 26.692844636462084}