{"centroid": [0.01156589951657596, 0.7320611998438834, 0.3950099651125978], "extents": [0.7778383505950485, 0.013869419693946838, 0.05838263789281106], "rotate_angle": -2.98, "rotate_angle_pred": -8.07608559214114}