{"centroid": [-0.02448255841416857, 0.46203487366437906, 0.4188762351300312], "extents": [0.8199596665764244, 0.00829975306987768, 0.05912608096261118], "rotate_angle": -25.46, "rotate_angle_pred": -28.111485911569517}