{"centroid": [0.0010252716916780355, 0.2737953066825866, 0.43118343828883116], "extents": [0.8004223076924128, 0.016926229000091664, 0.06398685251432812], "rotate_angle": 42.06, "rotate_angle_pred": 42.10171612113413}