{"centroid": [0.358514127683764, 0.29919997323304404, 0.5777966277029172], "extents": [0.06536285584686086, 0.5688768029212952, 0.06930869823546204], "rotate_angle": -5.71, "rotate_angle_pred": -1.5020704580850293}