{"centroid": [0.04171687596765368, 0.3878557533025741, 0.2602990724005901], "extents": [0.008522138053525107, 0.30917042493820196, 0.03917067895313578], "rotate_angle": -21.0, "rotate_angle_pred": -20.699571610697276}