{"centroid": [-0.02431354462145463, -0.05724054574966437, 0.2596914013460124], "extents": [0.0026839822548721873, 0.2904668748378753, 0.033169157825272994], "rotate_angle": -1.9, "rotate_angle_pred": -4.154966982136457}