{"centroid": [-0.013501513122251374, -0.04163649678230292, 0.2679955710898285], "extents": [0.014372259544620597, 0.2993370294570924, 0.031640306481009406], "rotate_angle": -0.48, "rotate_angle_pred": -1.5666295950831568}