{"centroid": [0.06109288735393986, 0.26248665153980244, 0.49810850073660085], "extents": [0.037185274610999394, 0.4318577647209167, 0.0607341611369876], "rotate_angle": 27.07, "rotate_angle_pred": 26.288341162392072}