{"centroid": [-0.8258641248642048, -0.10420191287994393, 0.11024870184055671], "extents": [0.0041903555707837326, 1.0465925931930542, 0.11093469047390855], "rotate_angle": 43.61, "rotate_angle_pred": 43.18027656236271}