{"centroid": [-0.07081220153263776, 0.28842828422784794, 0.6214538387163112], "extents": [0.9308690039692602, 0.012684360146522633, 0.08958782454873604], "rotate_angle": -17.43, "rotate_angle_pred": -21.37100286614711}