{"centroid": [0.3822231403502074, -0.03464132547378559, 0.6428273861757843], "extents": [0.049787103873038197, 0.5581761002540588, 0.03428352979026883], "rotate_angle": -29.46, "rotate_angle_pred": -25.488028560107864}