{"centroid": [0.022412329293229297, 0.39260216802358616, 0.6146584197151097], "extents": [1.088925374120917, 0.02864556014537828, 0.08803072672706713], "rotate_angle": -37.77, "rotate_angle_pred": -43.774437386729126}