{"centroid": [0.4539747669327424, -0.4829132556915284, 0.25892280875262114], "extents": [0.14049991662916994, 0.052264451980590876, 0.06204881385540864], "rotate_angle": -24.36, "rotate_angle_pred": -26.24190977412789}