{"centroid": [-0.11155187925343196, 0.5495367944240569, 0.43081633584141765], "extents": [0.3743525230128987, 0.015465915203094482, 0.047899575099423], "rotate_angle": 28.13, "rotate_angle_pred": 27.891096198183973}