{"centroid": [-0.8076543731312965, 0.08576832711696605, 0.41522640472532824], "extents": [0.0737478814834045, 0.38717371225357056, 0.08217889151471863], "rotate_angle": 37.06, "rotate_angle_pred": 41.89634718296392}