{"centroid": [-0.028742525851665743, -0.14511090889573106, 0.4417867796988043], "extents": [0.36265749226088395, 0.03084602206945425, 0.046573125451171815], "rotate_angle": -35.37, "rotate_angle_pred": -36.67665210590915}