{"centroid": [-0.03680911826410838, 0.21055693924427019, 0.4301454631785631], "extents": [0.3194464157706584, 0.03605648875236514, 0.04242110266477528], "rotate_angle": 0.03, "rotate_angle_pred": -0.42013974530948417}