{"centroid": [0.036994877453970273, -0.3603094220161438, 0.2582245470648687], "extents": [0.007807806077176106, 0.3428968191146851, 0.028290940241933654], "rotate_angle": -15.67, "rotate_angle_pred": -17.921296118886218}