{"centroid": [0.020194720056875268, 0.003527194261550848, 0.2487435347215787], "extents": [0.007296517562268092, 0.3144451975822449, 0.02067707871628724], "rotate_angle": -33.87, "rotate_angle_pred": -34.223042131008384}