{"centroid": [-0.03540061378058172, 0.5002780705690384, 0.23835438806119588], "extents": [0.03911723221987766, 0.27516511082649237, 0.015280611912607683], "rotate_angle": -36.95, "rotate_angle_pred": -36.04169539615836}