{"centroid": [0.322033969156334, 0.33817441761493683, 0.3630393169152413], "extents": [0.5219988147658119, 0.039887517690658625, 0.06390576712644425], "rotate_angle": 31.72, "rotate_angle_pred": 32.011107865142094}