{"centroid": [0.13164958468542004, -0.3428058847784997, 0.2400755441100415], "extents": [0.0022434144590355587, 0.15546794235706335, 0.01643770515061027], "rotate_angle": -3.71, "rotate_angle_pred": -2.6285685984840654}