{"centroid": [0.0043343289838327775, -0.2008560001850129, 0.4243241587189623], "extents": [0.8842991641300362, 0.024130702018737932, 0.07450586600189862], "rotate_angle": -39.34, "rotate_angle_pred": -39.131928059367}