{"centroid": [0.030280191477737917, 0.3139260224997996, 0.42621904486871925], "extents": [0.9131958608703922, 0.036292813718319106, 0.08409039045365108], "rotate_angle": -40.53, "rotate_angle_pred": -39.52008369324425}