{"centroid": [-0.17814751386767524, -0.12206307053565986, 0.3003487964353707], "extents": [0.01938793039041395, 0.3003463745117188, 0.040210917091746456], "rotate_angle": 36.39, "rotate_angle_pred": 33.71036268434061}