{"centroid": [-0.225256031312687, -0.35937298834323883, 0.3174797096153852], "extents": [0.0061397702202895255, 0.2836471498012542, 0.03501911501338667], "rotate_angle": 40.5, "rotate_angle_pred": 36.92651650753717}