{"centroid": [-0.015554276114840563, 0.12684290390461678, 0.26146881777103126], "extents": [0.012623906233699862, 0.26342499256134033, 0.033160716553040426], "rotate_angle": 2.93, "rotate_angle_pred": 1.447685617013832}