{"centroid": [0.030169474040021634, 0.19118926674127576, 0.26114928733357506], "extents": [0.008111640937035407, 0.2852596342563629, 0.029907718765637026], "rotate_angle": -2.94, "rotate_angle_pred": -2.8184353977599983}