{"centroid": [-0.012533743818102482, 0.5178026631474494, 0.4177410087766451], "extents": [0.8651714073172003, 0.005397334694862366, 0.0681981275500434], "rotate_angle": 0.33, "rotate_angle_pred": -3.0093766810071827}