{"centroid": [-0.03507465276695049, 0.6244217865169047, 0.48208819087801624], "extents": [0.4588811177085806, 0.025907061994075775, 0.07027225315130287], "rotate_angle": 24.85, "rotate_angle_pred": 23.318767977464674}