{"centroid": [-0.0009239702550873363, 0.6055913046002388, 0.36031434782852156], "extents": [0.6127160887923532, 0.0006719678640366711, 0.07263880341992401], "rotate_angle": 22.92, "rotate_angle_pred": 20.237909122548928}