{"centroid": [0.009937492633913872, -0.1898925155401231, 0.38543197932372575], "extents": [0.662606233785674, 0.03798249363899234, 0.06658507827946114], "rotate_angle": 4.86, "rotate_angle_pred": 0.9293297206167637}