{"centroid": [0.05187898994783865, 0.24183132499456403, 0.25932640938061086], "extents": [0.0042824594853922565, 0.2984490394592285, 0.04280779752048114], "rotate_angle": -34.69, "rotate_angle_pred": -38.41530950377289}