{"centroid": [0.0203876584711632, 0.0029524713754653376, 0.22940441690416336], "extents": [0.009811401426009088, 0.2782149016857147, 0.03722440473700456], "rotate_angle": -24.5, "rotate_angle_pred": -28.17332438467168}