{"centroid": [0.009065779293377277, 0.2434013709425926, 0.2603793086452429], "extents": [0.008129403058782911, 0.2850179076194763, 0.037059992842075035], "rotate_angle": -31.01, "rotate_angle_pred": -34.85254444635436}