{"centroid": [-0.0456906245640061, -0.1396753787994385, 0.31266693580331245], "extents": [0.009568899599503959, 0.25373995304107666, 0.02631422430419289], "rotate_angle": 37.75, "rotate_angle_pred": 35.12629715340958}