{"centroid": [-0.09316993627593059, -0.009261734783649571, 0.594121182160202], "extents": [0.0572971107010896, 0.19676749408245087, 0.04822381225387795], "rotate_angle": -10.08, "rotate_angle_pred": -9.85153485855814}