{"centroid": [-0.1409678571443664, 0.3731550276279449, 0.32639157343236014], "extents": [0.09319219484926253, 0.17024475336074835, 0.0639203620463275], "rotate_angle": 28.14, "rotate_angle_pred": 31.101272316662943}