{"centroid": [0.010942527696832297, 0.41568037122488016, 0.28987271376235363], "extents": [0.017630397885022693, 0.23738394677639002, 0.013931691339623187], "rotate_angle": 23.06, "rotate_angle_pred": 22.742082084127972}