{"centroid": [0.022963925969256695, -0.0492907911539078, 0.21045584608285725], "extents": [0.016084641112474186, 0.2808179557323456, 0.02475288121525482], "rotate_angle": -44.68, "rotate_angle_pred": -44.00255209129977}