{"centroid": [0.054936668682555256, 0.40091247856616974, 0.2588794457464896], "extents": [0.05014844989617587, 0.24926754832267767, 0.023238226798238004], "rotate_angle": 13.18, "rotate_angle_pred": 13.49985671146132}