{"centroid": [0.056274819516056444, -0.08783189952373507, 0.2620688056644765], "extents": [0.0243844837459134, 0.26704853773117065, 0.028682000994928514], "rotate_angle": 18.85, "rotate_angle_pred": 17.132651380156176}