{"centroid": [-0.06775651326264548, 0.3806357085704803, 0.48737229401449983], "extents": [0.030633778200721717, 0.2756280303001404, 0.048329436583735674], "rotate_angle": -14.02, "rotate_angle_pred": -14.390306491352305}