{"centroid": [0.004844062725995218, 0.39712284505367274, 0.47136172355028805], "extents": [0.05787864244361552, 0.21678736805915833, 0.04494209895600787], "rotate_angle": 13.34, "rotate_angle_pred": 13.688072939521248}