{"centroid": [0.3436220939927312, 0.20286125689744938, 0.4598656154174459], "extents": [0.006808057410031709, 0.5122039318084717, 0.028993613943969765], "rotate_angle": -20.54, "rotate_angle_pred": -20.585134267556654}