{"centroid": [0.0168534908948918, -0.3291906490921975, 0.612797338870724], "extents": [0.9364353215905872, 0.02822010219097154, 0.04750878261140368], "rotate_angle": 44.72, "rotate_angle_pred": 44.00607585494626}