{"centroid": [-0.008019804612906467, -0.14537627995014205, 0.5531197731631279], "extents": [0.9995747558995178, 0.007608681917190635, 0.05853626360687003], "rotate_angle": 18.0, "rotate_angle_pred": 15.704883042714982}