{"centroid": [-0.03986678125683754, 0.1890227198600768, 0.5885029982612054], "extents": [0.9925166375632947, 0.003676176071167103, 0.07135970895661592], "rotate_angle": -23.69, "rotate_angle_pred": -24.51327843812939}