{"centroid": [0.03905128713712424, 0.6315669417381287, 0.6117679455496429], "extents": [0.9536986161796326, 0.003803372383117898, 0.08099448520182062], "rotate_angle": 41.65, "rotate_angle_pred": 39.42044003444059}