{"centroid": [-0.007299340248750929, -0.20233650505542758, 0.29085823138496036], "extents": [0.027483448300439774, 0.2831375300884247, 0.026183199055753725], "rotate_angle": 43.3, "rotate_angle_pred": 39.55858904936784}