{"centroid": [0.0005058470705698202, -0.41625180840492243, 0.24239584612678355], "extents": [0.020152359783897594, 0.33593684434890736, 0.0368208728562435], "rotate_angle": -24.51, "rotate_angle_pred": -26.487152401938353}