{"centroid": [0.011346612824785782, 0.019040584564208946, 0.25916150965928286], "extents": [0.0066035240834515525, 0.29649126529693604, 0.04017110910702065], "rotate_angle": -44.49, "rotate_angle_pred": -43.55469745801885}