{"centroid": [-0.02839713415374118, -0.09026296436786654, 0.2444470580033273], "extents": [0.011102616846721154, 0.292347252368927, 0.02760221265213264], "rotate_angle": -11.24, "rotate_angle_pred": -13.560129844203445}