{"centroid": [-0.039816112573152235, -0.43651720881462097, 0.26102048536163147], "extents": [0.01785187423277183, 0.30359154939651495, 0.031411454082379386], "rotate_angle": -6.8, "rotate_angle_pred": -7.9383265448784925}