{"centroid": [-0.050902593118356224, 0.3667444288730621, 0.2923715097901015], "extents": [0.053511581974319176, 0.278929054737091, 0.01147999979698161], "rotate_angle": 23.78, "rotate_angle_pred": 21.1761577337289}