{"centroid": [0.0032652675034298556, -0.14210059121251115, 0.6976455438999045], "extents": [1.1864724978260863, 0.006604753434658245, 0.08958731310004553], "rotate_angle": 39.11, "rotate_angle_pred": 38.9476916152918}