{"centroid": [-0.0015966841445322066, -0.023339547216892322, 0.3740853981873553], "extents": [0.9558396087145856, 0.029138363897800494, 0.0898544913657297], "rotate_angle": 11.32, "rotate_angle_pred": 9.125235070253154}