{"centroid": [-0.02474776744521375, 0.5821370556950569, 0.4581789395514775], "extents": [0.8315875250758171, 0.01196838915348064, 0.11271856346384862], "rotate_angle": -44.92, "rotate_angle_pred": -46.6374410625466}