{"centroid": [-0.0065517938366127515, 0.5308044925332069, 0.4133150206707598], "extents": [0.7658626036204716, 0.03827162086963665, 0.10810987926702248], "rotate_angle": 20.4, "rotate_angle_pred": 19.25663683993932}