{"centroid": [0.014433274674861822, 0.03153293021023265, 0.4099602962365898], "extents": [0.8110571983269768, 0.043625786900520415, 0.08777258419175049], "rotate_angle": 30.31, "rotate_angle_pred": 25.787562504911904}