{"centroid": [0.4128379669442571, -0.02722379565238965, 0.4297974466742114], "extents": [0.039249122661918046, 0.6234237551689148, 0.07999387489264431], "rotate_angle": -41.25, "rotate_angle_pred": -34.6924666213129}