{"centroid": [-0.014258579002425498, 0.05777971446514117, 0.5294030978729962], "extents": [1.1241801977326609, 0.05570742487907414, 0.11720970273194142], "rotate_angle": 6.39, "rotate_angle_pred": 3.894002553177998}