{"centroid": [0.5566639763483886, -0.056123822927474976, 0.44586228314847376], "extents": [0.03693482220579547, 0.7753258943557739, 0.09111209067702014], "rotate_angle": 38.97, "rotate_angle_pred": 37.8877948752249}