{"centroid": [0.003212717682606697, 0.49806112796068186, 0.39609113972430526], "extents": [0.9102406478469981, 0.020356014370918385, 0.09970347557772191], "rotate_angle": 25.04, "rotate_angle_pred": 24.165896433650346}