{"centroid": [0.046109380015868257, -0.03508064243942498, -0.03760376645183833], "extents": [0.06281481629760721, 0.05066460371017459, 0.10214869591029958], "rotate_angle": 29.72, "rotate_angle_pred": 20.743186579604043}