{"centroid": [-0.7484759400011562, 0.14527268707752217, 0.02453172267239422], "extents": [0.28013631354511526, 0.25208866596221935, 0.5210761959388802], "rotate_angle": 39.27, "rotate_angle_pred": 33.17178897613729}