{"centroid": [-0.7433897449343478, 0.16083763539791104, 0.024075259745818908], "extents": [0.3061666437654429, 0.223152667284012, 0.5750616693085782], "rotate_angle": 22.9, "rotate_angle_pred": 18.89543594101275}