{"centroid": [0.04851124125815752, 0.47378990054130554, -0.015797308490767534], "extents": [0.5504875774396241, 0.19407188892364502, 0.08004115514993033], "rotate_angle": 21.3, "rotate_angle_pred": 20.423905701692675}