{"centroid": [-0.7734663530115948, 0.2595024630427361, 0.010281696996840332], "extents": [0.2663759570910059, 0.2369972914457322, 0.4954822327457235], "rotate_angle": -43.05, "rotate_angle_pred": -38.27780279580791}