{"centroid": [-1.012990649033048, 0.30882679671049107, -0.147203561933419], "extents": [0.3558511648646604, 0.005116716027259993, 0.7358802976513805], "rotate_angle": 36.53, "rotate_angle_pred": 44.52573275054817}