{"centroid": [0.8418129462435289, 0.1780958622694016, -0.07213723867577734], "extents": [0.3434094712932564, 0.26301831007003795, 0.5548377514001166], "rotate_angle": 8.35, "rotate_angle_pred": 6.052415285437888}