{"centroid": [0.7934358297086355, 0.2798285186290742, 0.015753247737331694], "extents": [0.2444896088990678, 0.14658647775650036, 0.28974297489108847], "rotate_angle": 33.61, "rotate_angle_pred": 35.108898712496895}