{"centroid": [-0.7573232650819451, 0.28357897698879253, 0.05064040153671624], "extents": [0.2065704486835248, 0.013421028852462935, 0.6078649227757416], "rotate_angle": -29.51, "rotate_angle_pred": -28.925271046107518}