{"centroid": [0.7141341686998811, 0.20043419301509857, 0.0024052504624670866], "extents": [0.30047451833430805, 0.26602828502655035, 0.47425388317012035], "rotate_angle": 7.3, "rotate_angle_pred": 5.581516314276428}