{"centroid": [-0.9187807255178253, 0.19240009412169465, -0.049371265627925966], "extents": [0.29195746293081193, 0.09338747709989564, 0.6337730182927753], "rotate_angle": -19.22, "rotate_angle_pred": -14.318860269070385}