{"centroid": [1.05607046675339, 0.26331892609596247, -0.16466471788577], "extents": [0.17496820110691114, 0.2091840207576753, 0.6203118078864772], "rotate_angle": -28.3, "rotate_angle_pred": -27.130381820792437}