{"centroid": [0.03166191624949147, 0.8114877417683601, -0.06538711382701655], "extents": [0.5018137828581108, 0.21148265898227692, 0.08883095026885804], "rotate_angle": -22.7, "rotate_angle_pred": -23.732159634361665}