{"centroid": [-0.0067556201836960275, 0.7208026945590973, 0.028144669353568075], "extents": [0.6615437301616238, 0.197060525417328, 0.16507148823535328], "rotate_angle": 39.47, "rotate_angle_pred": 35.95915192708456}