{"centroid": [-0.7883008479060101, 0.1513716280460358, -0.020106219833877836], "extents": [0.3228401261942876, 0.17257082462310805, 0.6092852388503986], "rotate_angle": -9.78, "rotate_angle_pred": -11.956190574657143}