{"centroid": [-0.9646415413563234, 0.2828349173068999, -0.11072876492546838], "extents": [0.30291756204590536, 0.04194569587707536, 0.5741998404856908], "rotate_angle": 44.01, "rotate_angle_pred": 46.97158154557954}