{"centroid": [1.0386017989693626, 0.1685764864087106, 0.034547432989287405], "extents": [0.12447175374951125, 0.15241494774818432, 0.5341309305308142], "rotate_angle": 25.98, "rotate_angle_pred": 30.999800692400797}