{"centroid": [-0.8124258882973192, 0.21521927416324624, 0.038332225503261916], "extents": [0.24335900115065678, 0.16923201084136977, 0.43347648081808865], "rotate_angle": -26.46, "rotate_angle_pred": -31.377052049772388}