{"centroid": [1.0382560513959407, 0.2946976125240327, 0.0673096445210778], "extents": [0.22311470985535542, 0.06408250331878673, 0.4303324429520809], "rotate_angle": 44.38, "rotate_angle_pred": 45.58567081750414}