{"centroid": [-0.7667077279887984, 0.23384907841682445, 0.07015717310408576], "extents": [0.3746239260312133, 0.28159111738204967, 0.6033868218388867], "rotate_angle": -41.04, "rotate_angle_pred": -44.32602531526319}