{"centroid": [-0.862197684373764, 0.2020257189869879, -0.019483927146553157], "extents": [0.3289116023922215, 0.24170367419719707, 0.46844673141801013], "rotate_angle": 42.46, "rotate_angle_pred": 42.33021217595768}