{"centroid": [1.0048795598088036, 0.23069673776626592, -0.024930143336989397], "extents": [0.12075587865583337, 0.14464449882507335, 0.5416671525380685], "rotate_angle": 13.14, "rotate_angle_pred": 16.908877272698575}