{"centroid": [0.06430330241043414, 0.7097088098526001, -0.027926094145235926], "extents": [0.6848939538224634, 0.20395493507385254, 0.1224238255212931], "rotate_angle": 1.21, "rotate_angle_pred": 0.7837735103303487}