{"centroid": [-0.08380102605644528, 0.3468414656817912, 0.474265898994252], "extents": [0.06104828412880856, 0.6249403953552246, 0.0259014926663253], "rotate_angle": 6.06, "rotate_angle_pred": 6.235329878914513}