{"centroid": [0.05335461337906222, 0.7430109083652495, 0.5566698148015001], "extents": [0.09553693270488203, 0.14518481492996216, 0.05923209361431947], "rotate_angle": -12.32, "rotate_angle_pred": -21.74518453564542}