{"centroid": [0.11749476814197567, 0.6691731214523314, 0.5035042997080758], "extents": [0.09079297701129624, 0.20659875869750977, 0.0964523412182754], "rotate_angle": -31.48, "rotate_angle_pred": -36.29958451233815}