{"centroid": [-0.25394796562294913, 0.3566731289029121, 0.4470268850309934], "extents": [0.11659772822991638, 0.006878271698951721, 0.04606988704463777], "rotate_angle": 36.04, "rotate_angle_pred": 38.94011529926712}