{"centroid": [0.044594961707647617, 0.6006370931863785, 0.5452979210463694], "extents": [0.8582582136450028, 0.039110571146011464, 0.1043872941238223], "rotate_angle": 44.12, "rotate_angle_pred": 39.216145559142745}