{"centroid": [0.006399653411870862, 0.20347927883267394, 0.4183980803144634], "extents": [1.1093803878951036, 0.0712682083249093, 0.09748101440728602], "rotate_angle": 18.05, "rotate_angle_pred": 15.379245275005076}