{"centroid": [0.01820747419255429, 0.07289528474211687, 0.3431977556942623], "extents": [0.53386042366005, 0.055428288877010436, 0.04806630121058203], "rotate_angle": -39.92, "rotate_angle_pred": -42.2055323673713}