{"centroid": [0.030142748925680758, 0.2650491558015346, 0.44960749692701785], "extents": [0.7036275360733946, 0.11305122822523125, 0.08851899323803075], "rotate_angle": 40.29, "rotate_angle_pred": 31.117397411838965}