{"centroid": [0.5247958566554923, 0.20721570402383804, 0.2892225367679504], "extents": [0.503453253140958, 0.054770186543464716, 0.07406859076932476], "rotate_angle": 19.58, "rotate_angle_pred": 18.449420662694678}