{"centroid": [-0.00571838306843632, 0.2759208977222442, 0.4779801445966768], "extents": [1.0879819211767212, 0.04692125320434576, 0.0774915205433715], "rotate_angle": -9.33, "rotate_angle_pred": -11.949390806673236}