{"centroid": [0.02129676777961209, 0.669018566608429, -0.043634084434653914], "extents": [0.9242901768334486, 0.37751364707946794, 0.0846205052625751], "rotate_angle": -22.77, "rotate_angle_pred": -26.641977074722497}