{"centroid": [-0.17940345539837296, 0.30030351877212524, 0.34016403030911124], "extents": [0.6200122795711916, 0.024654030799865778, 0.062350794295449374], "rotate_angle": -0.79, "rotate_angle_pred": -3.3324818401775076}