{"centroid": [0.08486893124869666, 0.33542349562048906, 0.4787574957256727], "extents": [0.2831124017669964, 0.09104561060667044, 0.08518832772625784], "rotate_angle": 37.18, "rotate_angle_pred": 29.72478595815751}