{"centroid": [0.0776344836974662, 0.6046798489987849, 0.47401856849524393], "extents": [0.2914055301371298, 0.06066303700208664, 0.08501359859847518], "rotate_angle": -21.11, "rotate_angle_pred": -29.379703279490904}