{"centroid": [-0.05374449661926442, 0.267249472439289, 0.6321966938143322], "extents": [0.5908330523664207, 0.014769300818443354, 0.07993034808380794], "rotate_angle": -6.73, "rotate_angle_pred": -5.340620796040625}