{"centroid": [0.05103534179942666, 0.7604845575988293, 0.17871963924181827], "extents": [0.018603735205186843, 0.04203590005636226, 0.19844422313017568], "rotate_angle": 5.25, "rotate_angle_pred": -0.9653979081777777}