{"centroid": [-0.03012237067773148, 0.07020824775099749, 0.3129704468569685], "extents": [0.014594048676017869, 0.07145155966281891, 0.04144454865113789], "rotate_angle": 36.55, "rotate_angle_pred": 35.66443813822255}