{"centroid": [-0.3708094640685717, 0.7461544722318648, 0.2777249854285089], "extents": [0.06391137991563373, 0.001810997724533081, 0.13307239434221355], "rotate_angle": 31.84, "rotate_angle_pred": 33.604158558437064}