{"centroid": [0.22658732419482813, 0.7750505693256854, 0.2728818294700715], "extents": [0.05278354895347573, 0.05258534103631973, 0.11951950219971283], "rotate_angle": -41.15, "rotate_angle_pred": -38.28580746281495}