{"centroid": [0.11946679271015045, 0.06366164050996297, 0.3401379873417745], "extents": [0.021287187767961874, 0.08780604600906372, 0.02055554820962857], "rotate_angle": 11.16, "rotate_angle_pred": 11.513529763206577}