{"centroid": [0.2650712810643749, 0.7835333198308945, 0.24199234119696722], "extents": [0.042732545036956865, 0.02822217345237743, 0.11309321434724165], "rotate_angle": 3.39, "rotate_angle_pred": 1.610499781372468}