{"centroid": [0.0021650016279140816, 0.5903567448258399, 0.3905313840345947], "extents": [0.40017327666951497, 0.03873462975025188, 0.050559639931570255], "rotate_angle": 35.44, "rotate_angle_pred": 30.94298759521503}