{"centroid": [0.05190820626064394, 0.5757793299853801, 0.5701875338233952], "extents": [0.33593922437808765, 0.021122358739376068, 0.07121507735352128], "rotate_angle": 24.18, "rotate_angle_pred": 18.962476190982073}