{"centroid": [0.1170733287768668, 0.7154768705368041, 0.5220425292019992], "extents": [0.3693585473947384, 0.09103798866271973, 0.06929613796434725], "rotate_angle": 8.53, "rotate_angle_pred": 5.232717956925441}