{"centroid": [-0.2895063979081368, 0.7507193647325039, 0.285101672498856], "extents": [0.021067231768129246, 0.021119467914104573, 0.1253028653553546], "rotate_angle": -0.1, "rotate_angle_pred": 0.5481907586161441}