{"centroid": [-0.5175096197332117, 0.07752543687820418, 0.6380945756821623], "extents": [0.10776259952463552, 0.88510000705719, 0.20029202479684405], "rotate_angle": 18.32, "rotate_angle_pred": 25.533142817054767}