{"centroid": [-0.001068405275914749, 0.37172240391373623, 0.41046349534777116], "extents": [0.19769579276670063, 0.06460566073656088, 0.12515550918000418], "rotate_angle": -22.38, "rotate_angle_pred": -26.76200611625474}