{"centroid": [-0.008828711345961339, 0.47206068411469454, 0.562104271374446], "extents": [0.29007243527791304, 0.02372933179140091, 0.06985215702496683], "rotate_angle": -20.67, "rotate_angle_pred": -19.59163037369521}