{"centroid": [0.41518227375596545, 0.3115955106914044, -0.008265331305949036], "extents": [0.12008385464146154, 0.5013175010681153, 0.05441519292589298], "rotate_angle": 44.88, "rotate_angle_pred": 38.41918698928211}