{"centroid": [0.2337869038601603, 0.6167808920145035, 0.03571151836490423], "extents": [0.15109347899326006, 0.30304470658302307, 0.04230441041672062], "rotate_angle": 22.14, "rotate_angle_pred": 17.79367649409525}