{"centroid": [0.3996427927145122, 0.422620952129364, -0.0117412544395614], "extents": [0.23468246970012807, 0.5735999345779419, 0.09571327234005153], "rotate_angle": 19.67, "rotate_angle_pred": 20.441728659440756}