{"centroid": [0.0076204252610102795, 0.647014819085598, 0.3534387059904006], "extents": [0.4111151187858465, 0.04012911021709453, 0.08712268063543976], "rotate_angle": 23.54, "rotate_angle_pred": 16.445612698579495}