{"centroid": [-0.03203542037550941, 0.459472358226776, 0.7852980149750932], "extents": [0.3684222676679768, 0.006014585494995173, 0.07780062361785756], "rotate_angle": 35.81, "rotate_angle_pred": 34.475675863724476}