{"centroid": [0.3475044574492653, 0.3121369294822216, -0.02284477652225049], "extents": [0.2012934069145837, 0.5498959422111511, 0.07742540463071187], "rotate_angle": 12.59, "rotate_angle_pred": 11.110316066305828}