{"centroid": [-0.475408314475458, 0.18297189474105835, 0.02005711082022805], "extents": [0.34887569902538307, 1.0531384944915771, 0.1588552434235775], "rotate_angle": -11.14, "rotate_angle_pred": -11.844398309265415}