{"centroid": [-0.16745065100942153, 0.4053474068641662, 0.33653507151959244], "extents": [0.12770849427839892, 0.33035093545913696, 0.03498715524263152], "rotate_angle": -7.48, "rotate_angle_pred": -14.484019815356064}