{"centroid": [0.12901717872578117, -0.05342954397201541, 0.3835638510112176], "extents": [0.0116208273706057, 1.702075719833374, 0.08786931899648776], "rotate_angle": 40.96, "rotate_angle_pred": 29.85254002153158}