{"centroid": [-0.11009108702467053, 0.5184521749615668, 0.3771118182010159], "extents": [0.41914141277076333, 0.012177839875221252, 0.09230588398312412], "rotate_angle": -2.33, "rotate_angle_pred": -6.7648613656066345}