{"centroid": [0.0018245543762303324, 0.04344046115875238, 0.43247560305403704], "extents": [0.18218675041870425, 0.7054471373558044, 0.10883305839073476], "rotate_angle": -32.77, "rotate_angle_pred": -33.642510719095064}