{"centroid": [-0.07072521619894796, 0.07059848308563224, 0.3089041594452655], "extents": [0.025880575312693936, 1.9953378438949583, 0.08790052727211123], "rotate_angle": -22.02, "rotate_angle_pred": -18.353863620732028}