{"centroid": [-0.20284857122200164, 0.05439066886901847, 0.2602448339697861], "extents": [0.05080671705006612, 1.592376708984375, 0.03793486652348202], "rotate_angle": 18.83, "rotate_angle_pred": 21.64918192643414}