{"centroid": [0.017175279473463288, 0.04803764447569844, 0.14480143464506237], "extents": [0.056015096731473854, 0.1979358196258545, 0.0749002249742272], "rotate_angle": 14.25, "rotate_angle_pred": 17.883925078882953}