{"centroid": [-0.05132869372833043, 0.37648017704486847, 0.19391357439913048], "extents": [0.002945393284515062, 0.23510095477104187, 0.029926577182802505], "rotate_angle": -39.07, "rotate_angle_pred": -41.323354145243975}