{"centroid": [-0.30067159137616606, 0.13264983985573045, 0.30295184031384753], "extents": [0.00452530376233512, 0.2637383341789245, 0.04539894979123654], "rotate_angle": 0.28, "rotate_angle_pred": 1.326436654225219}