{"centroid": [-0.6318015281875641, 0.38977323472499825, 0.46807839450115374], "extents": [0.04482035508662108, 0.5072896480560303, 0.060614748360087956], "rotate_angle": 24.58, "rotate_angle_pred": 31.610754165820794}