{"centroid": [0.11477118071837415, -0.06631553173065186, 0.25505597105705113], "extents": [0.04240707407490432, 1.1851352453231812, 0.07015912399292884], "rotate_angle": 25.49, "rotate_angle_pred": 20.570719247658886}