{"centroid": [-0.18009808939423805, 0.06597411632537835, 0.38797470061092054], "extents": [0.017705932529561902, 0.4750390648841858, 0.044044540004036015], "rotate_angle": -12.01, "rotate_angle_pred": -13.710604268821925}