{"centroid": [0.024188983955956395, 0.0636303722858428, 0.3421998266206791], "extents": [0.0008982270751271594, 0.39572945237159723, 0.07894483028686533], "rotate_angle": 3.0, "rotate_angle_pred": -3.803212932359358}