{"centroid": [-0.031194903583086978, 0.04989396035671226, 0.39789232151641224], "extents": [0.03170791966494502, 0.3805336654186249, 0.09812956903232228], "rotate_angle": 31.99, "rotate_angle_pred": 20.217606482239617}