{"centroid": [-0.125251793814433, 0.13090179022401566, 0.32884047780936787], "extents": [0.01838156602869953, 0.2696882486343384, 0.04774275851623311], "rotate_angle": -34.1, "rotate_angle_pred": -33.19094165874995}