{"centroid": [-0.035888611284285575, 0.5042710341513157, 0.2189997899251691], "extents": [0.5571842330370038, 0.08834648877382284, 0.07828769279956549], "rotate_angle": -23.48, "rotate_angle_pred": -18.647381502857684}