{"centroid": [-0.04155289127800218, -0.015074208378791889, 0.3231181552824981], "extents": [0.015109286024850878, 0.20850388705730438, 0.07661785343858196], "rotate_angle": 8.52, "rotate_angle_pred": 6.81682789738295}