{"centroid": [-0.1615798816097976, 0.5910185277462005, 0.40114998164224047], "extents": [0.05569849245600336, 0.2721679210662841, 0.0334116337170241], "rotate_angle": -12.47, "rotate_angle_pred": -14.412108979158148}