{"centroid": [0.1203177161262227, -0.2951590716838837, 0.5305326973622622], "extents": [0.6995841476808559, 0.1891792416572571, 0.07466928142176704], "rotate_angle": 12.06, "rotate_angle_pred": 8.652457312050103}