{"centroid": [-0.02035449868767225, 0.38524277508258814, 0.46486599904513415], "extents": [1.1077518746806434, 0.042148619890213124, 0.10683270072331547], "rotate_angle": 17.8, "rotate_angle_pred": 15.737990460796269}