{"centroid": [-0.21546235202645622, 0.1222570464015006, 0.39100600899474514], "extents": [0.0523870217055126, 0.16815041005611422, 0.04366094637664708], "rotate_angle": 42.2, "rotate_angle_pred": 39.969510728916504}