{"centroid": [-0.19041065314906003, 0.6497253403067589, 0.3311361156821324], "extents": [0.04613364407621809, 0.20678918063640594, 0.057414780303295054], "rotate_angle": -24.7, "rotate_angle_pred": -26.319757562715694}