{"centroid": [-0.4073192873219075, 0.5179452374577522, 0.06054787019688218], "extents": [0.07273855829060671, 0.024241700768470764, 0.1527306889495908], "rotate_angle": 9.65, "rotate_angle_pred": 8.906137181372031}