{"centroid": [0.3897563634744588, 0.5162877663969992, 0.012249977274167182], "extents": [0.08051049880749811, 0.05256544053554535, 0.15442176492004406], "rotate_angle": -19.28, "rotate_angle_pred": -18.6427663159796}