{"centroid": [0.3436901049963777, 0.45216648280620575, 0.037344267048732296], "extents": [0.07727603596231275, 0.07082536816596985, 0.1200962063837587], "rotate_angle": 10.39, "rotate_angle_pred": 14.44796947848387}