{"centroid": [-0.03804429385490229, 0.15251434966921804, 0.29376395359070173], "extents": [0.5149097319966139, 0.08719208091497424, 0.0619860276714827], "rotate_angle": 21.06, "rotate_angle_pred": 16.44933094532425}