{"centroid": [-0.14544146588004958, 0.1262893842067569, 0.2753171409955697], "extents": [0.05058991227697701, 0.25793781876564026, 0.046585746696331365], "rotate_angle": 2.13, "rotate_angle_pred": -4.328400361456758}