{"centroid": [-0.043845280699033734, 0.3527047857642173, 0.35853390491329185], "extents": [0.4141415440645401, 0.008810475468635559, 0.02432031978267124], "rotate_angle": 1.38, "rotate_angle_pred": -0.057117431898618065}