{"centroid": [-0.147675390326039, 0.34691795706748957, 0.3390086186854464], "extents": [0.07571384513493605, 0.2946184277534485, 0.050339297808301764], "rotate_angle": 32.68, "rotate_angle_pred": 33.97235387321594}