{"centroid": [-0.1728949217344919, 0.41880773752927775, 0.2534182643239773], "extents": [0.23747422792677814, 0.13724957406520844, 0.06858055149589198], "rotate_angle": 22.14, "rotate_angle_pred": 16.83320143648048}