{"centroid": [-0.20412550017450687, 0.5284381955862044, 0.33277970488557473], "extents": [0.14805998103547868, 0.07467678189277649, 0.062272888498928314], "rotate_angle": 23.47, "rotate_angle_pred": 20.495424508815745}