{"centroid": [0.03246850077608887, 0.6648230403661728, 0.4877526716699932], "extents": [0.8424023959496544, 0.07721123099327099, 0.09187418193671903], "rotate_angle": -37.93, "rotate_angle_pred": -37.562042822485324}