{"centroid": [-0.05413396448263162, 0.4275708943605423, 0.455361310765316], "extents": [0.5766121696042752, 0.35422900319099443, 0.09175735633970505], "rotate_angle": 43.85, "rotate_angle_pred": 32.91036443741068}