{"centroid": [0.05450262360287616, 0.34108360111713404, 0.4113477483194431], "extents": [0.6293407081357489, 0.14442208409309398, 0.06284127383225835], "rotate_angle": -44.47, "rotate_angle_pred": -48.934721203169026}