{"centroid": [-0.02829271318470629, 0.0975101916119456, 0.20744089462563384], "extents": [0.07204160058253944, 0.21869060397148135, 0.04150883460159896], "rotate_angle": 3.19, "rotate_angle_pred": -0.619893385240502}