{"centroid": [-0.09110264841587126, -0.04397844523191471, 0.9501583628961143], "extents": [0.9438909157547968, 0.02195507287979142, 0.08881503216862063], "rotate_angle": 39.3, "rotate_angle_pred": 40.67854073982829}