{"centroid": [0.02949691007363575, 0.17043525725603095, 0.48030386338801667], "extents": [1.505933062347788, 0.050291165709495766, 0.09234300353928682], "rotate_angle": 39.87, "rotate_angle_pred": 34.54208825502697}