{"centroid": [-4.208909017591744e-05, 0.6084205731749533, 0.46832003080978674], "extents": [0.899280792650591, 0.08932773768901825, 0.09545415705011201], "rotate_angle": -5.41, "rotate_angle_pred": -7.23098981888549}