{"centroid": [0.04765209613726778, 0.559931382536888, 0.5023409514778107], "extents": [0.7675682058798905, 0.06769749522209167, 0.06473132759232553], "rotate_angle": 21.7, "rotate_angle_pred": 17.022936726661257}