{"centroid": [0.02213249634108977, 0.6644544377923011, 0.4928709248526466], "extents": [0.8580920522721092, 0.07937784492969513, 0.10545769120565629], "rotate_angle": 5.59, "rotate_angle_pred": 2.5668665527912538}