{"centroid": [0.08737352612660482, 0.5235906988382338, 0.5854296179108499], "extents": [0.5380303743983468, 0.06407132744789129, 0.08501834239480466], "rotate_angle": -29.87, "rotate_angle_pred": -32.62856065465852}