{"centroid": [-0.03447426343852592, 0.5373207181692122, 0.5007321919391969], "extents": [0.763996776811787, 0.10147777199745195, 0.09126846455175147], "rotate_angle": 41.12, "rotate_angle_pred": 36.64597068897014}