{"centroid": [0.009018061359671314, 0.34514358639717096, 0.6542882418866971], "extents": [0.5117100478811425, 0.04774928092956554, 0.07482553275768544], "rotate_angle": -42.18, "rotate_angle_pred": -45.18777078085427}