{"centroid": [0.026678563371948544, 0.599803328514099, 0.4694813027035799], "extents": [0.9037429652357125, 0.08418166637420654, 0.0928071062834489], "rotate_angle": 10.2, "rotate_angle_pred": 5.95324817233606}