{"centroid": [0.09511351795955941, 0.5228992179036139, 0.5268095856477808], "extents": [0.5565319152854928, 0.0632837563753128, 0.06704072764560859], "rotate_angle": 25.33, "rotate_angle_pred": 19.627139992732168}