{"centroid": [-0.04785142305982725, 0.719449758529663, 0.5983702195186542], "extents": [0.8801471092115729, 0.014402031898498535, 0.11091505113502442], "rotate_angle": 5.42, "rotate_angle_pred": 5.694165819481796}