{"centroid": [0.0349060057011933, 0.6593176834285258, 0.45336420449380466], "extents": [0.9272879572635737, 0.03657247871160507, 0.11560233199796943], "rotate_angle": 3.8, "rotate_angle_pred": -0.3300638795207931}