{"centroid": [0.009854232641318496, 0.5455084145069122, 0.4161810617533507], "extents": [0.7869832583756381, 0.0322517752647401, 0.09756817007972407], "rotate_angle": 19.72, "rotate_angle_pred": 17.46635697431968}