{"centroid": [-0.004243612041770976, 0.6025132536888121, 0.47550904380938036], "extents": [0.9221661137422591, 0.04014015197753906, 0.09255479322922844], "rotate_angle": -1.04, "rotate_angle_pred": -4.2721011590208064}