{"centroid": [0.03282976140356139, 0.6250523701310157, 0.49244539196781417], "extents": [0.9208789802041268, 0.05523057281970989, 0.10596263852454701], "rotate_angle": 33.65, "rotate_angle_pred": 31.042182560010673}