{"centroid": [0.03421101584506817, 0.30941428244113917, 0.5462656590040522], "extents": [0.25222370737974265, 0.12986880540847778, 0.05079721429780071], "rotate_angle": 29.27, "rotate_angle_pred": 25.167153455523646}