{"centroid": [0.09458126713582912, 0.00953596434555944, 0.1756272933041534], "extents": [0.062412112428443536, 0.014085635542869577, 0.03390127392025838], "rotate_angle": -0.53, "rotate_angle_pred": -0.9581505190009807}