{"centroid": [0.047294844458362226, 0.010733529925346336, 0.1659607190695021], "extents": [0.0678268809247096, 0.011913470923900618, 0.03820261670912614], "rotate_angle": -14.35, "rotate_angle_pred": -14.353892113724967}