{"centroid": [-4.100081179771002e-05, 0.007152147358283367, 0.17287981976321515], "extents": [0.07415592740374181, 0.015948995947837847, 0.04345645051453395], "rotate_angle": -28.56, "rotate_angle_pred": -28.241826453779623}