{"centroid": [0.09646301407464028, 0.12662432342767724, -0.5011935163012019], "extents": [0.02264075736105929, 0.01886036992073059, 0.052948050430948135], "rotate_angle": -17.13, "rotate_angle_pred": -8.25224053158847}