{"centroid": [0.11190030181535819, 0.032241927459836, 0.1157184498611594], "extents": [0.08761443513029074, 0.038013152778148665, 0.03615750130002367], "rotate_angle": 40.08, "rotate_angle_pred": 32.79217538022627}