{"centroid": [-0.20644865656750358, 0.20321143791079518, 0.27979001061048825], "extents": [0.09437545384835894, 0.0570033416152001, 0.02685755862618644], "rotate_angle": 31.13, "rotate_angle_pred": 34.023697290884314}