{"centroid": [0.13664743319286785, 0.21429054066538808, 0.22859787692313333], "extents": [0.08499793721700116, 0.061582110822200775, 0.02548361201124219], "rotate_angle": -32.22, "rotate_angle_pred": -36.02714690846575}