{"centroid": [0.027108682262387503, 0.1810770817101001, 0.30286646881937407], "extents": [0.09859776378748421, 0.05850277096033099, 0.011779717959881308], "rotate_angle": -13.44, "rotate_angle_pred": -14.629000052687985}