{"centroid": [0.04613954449092063, 0.05227455496788019, 0.2955743949474017], "extents": [0.10081183983111745, 0.0027465224266052315, 0.02227366359212407], "rotate_angle": -13.85, "rotate_angle_pred": -13.04481818622557}