{"centroid": [0.06097213252257866, 0.0011558176483958378, 0.29241843348123786], "extents": [0.07650013417996536, 0.007615551352500926, 0.022693794665669287], "rotate_angle": 12.61, "rotate_angle_pred": 17.315949804959104}