{"centroid": [0.09706510634455924, -0.017784852534532592, 0.3297083793211619], "extents": [0.05355922223983846, 0.00038122385740280845, 0.010985294544107904], "rotate_angle": 36.15, "rotate_angle_pred": 37.43523405383496}