{"centroid": [-0.03214566486347566, 0.03385466709733002, 0.41065667010023493], "extents": [0.11954448828199106, 0.008031263947486895, 0.008914802563552093], "rotate_angle": 42.45, "rotate_angle_pred": 42.595904501890914}