{"centroid": [0.07465656464534223, 0.04795188829302778, 0.4390644923347207], "extents": [0.0185481757092225, 0.1440889686346054, 0.04435995970181489], "rotate_angle": -2.84, "rotate_angle_pred": -4.261127093201765}