{"centroid": [0.33278259159502505, 0.13813057914376256, 0.2302212963446222], "extents": [0.10699628355107954, 0.11442819982767105, 0.02259741922810482], "rotate_angle": 2.54, "rotate_angle_pred": 3.081409591872344}