{"centroid": [0.01076054741398212, 0.022621601819991986, 0.36697319812874], "extents": [0.11172980893078881, 0.014376550912857064, 0.006122842473763157], "rotate_angle": 16.01, "rotate_angle_pred": 15.641771121057943}