{"centroid": [0.08363933278546445, -0.011534013086929973, 0.30990650179113105], "extents": [0.05492218523105453, 0.0159284994006157, 0.013436814621558046], "rotate_angle": 19.66, "rotate_angle_pred": 23.742869612036216}