{"centroid": [0.013838807124798468, 0.2136874124407768, 0.2644312870067604], "extents": [0.07712846946841342, 0.06913946568965915, 0.021743941918049625], "rotate_angle": -39.94, "rotate_angle_pred": -42.4512678752983}