{"centroid": [0.034847588883356775, 0.15640982240438459, 0.19529386089726986], "extents": [0.04167833861391127, 0.10270787775516511, 0.06012295095779982], "rotate_angle": -43.9, "rotate_angle_pred": -39.3224686689137}