{"centroid": [-0.06949548842405015, 0.17070917040109626, 0.25498926451079185], "extents": [0.0392416639854033, 0.08640868961811066, 0.03956907229810158], "rotate_angle": 8.31, "rotate_angle_pred": 9.139681119650376}