{"centroid": [0.01725982270164438, 0.23402831703424437, 0.4622076819105925], "extents": [0.11954656581748092, 0.022911563515663175, 0.04760315776520385], "rotate_angle": 9.13, "rotate_angle_pred": 9.17499215551517}