{"centroid": [-0.016438791422696376, 0.1143950223922729, 0.26891615317260553], "extents": [0.019880712497187068, 0.11659309267997742, 0.03118751084714322], "rotate_angle": 34.82, "rotate_angle_pred": 35.79393483733382}