{"centroid": [0.34334240505502417, 0.15828002989292134, 0.32029287493328285], "extents": [0.23394296480437807, 0.1846096515655518, 0.04623816792194785], "rotate_angle": -43.21, "rotate_angle_pred": -41.3856888411738}