{"centroid": [0.3602058195597386, 0.021553804166614864, 0.5618476242903201], "extents": [0.1676986645547095, 0.03940096497535708, 0.009699407855130016], "rotate_angle": -41.65, "rotate_angle_pred": -41.962458840108965}