{"centroid": [0.39813518160040173, 0.0948296673595904, 0.45789579824765186], "extents": [0.09929316527039833, 0.11562182754278186, 0.04374986902906863], "rotate_angle": -39.88, "rotate_angle_pred": -36.762522911518225}