{"centroid": [0.3889012440042836, 0.061781732365488895, 0.5049780696646871], "extents": [0.0803458983210169, 0.09286363422870636, 0.032363507676878345], "rotate_angle": -2.65, "rotate_angle_pred": 0.8494712841707326}