{"centroid": [0.3763748877464147, 0.0938026718795299, 0.2289437198308956], "extents": [0.10194712377548559, 0.017678715288639082, 0.036312893906887855], "rotate_angle": -0.49, "rotate_angle_pred": -1.1566360621393699}