{"centroid": [0.38366379535550066, 0.061570540070533704, 0.23508555277212606], "extents": [0.09313920101173429, 0.0031797438859939645, 0.03635963409779175], "rotate_angle": 11.53, "rotate_angle_pred": 12.045471926825726}