{"centroid": [0.27965926595757035, 0.051419995725154814, 0.2634039212661403], "extents": [0.11785155733980254, 0.01866252720355989, 0.03740937326016597], "rotate_angle": -1.17, "rotate_angle_pred": -3.836414236530615}