{"centroid": [0.09265570711087913, -0.10144309513270859, 0.4182479210532313], "extents": [0.07740441585000885, 0.04321198537945749, 0.03620861412340376], "rotate_angle": 42.77, "rotate_angle_pred": 38.900979945041996}