{"centroid": [0.02421256043239464, -0.07162647321820269, 0.4525244816753861], "extents": [0.07647528517511017, 0.06204535812139512, 0.03746466347524163], "rotate_angle": 9.07, "rotate_angle_pred": 7.9786311939143815}