{"centroid": [0.020806378682979253, -0.04843436181545266, 0.4320316788367312], "extents": [0.06977601208821288, 0.07007177174091339, 0.04356618882887997], "rotate_angle": -26.46, "rotate_angle_pred": -26.84355577265987}