{"centroid": [0.06326231901091565, -0.0052989199757576995, 0.4349217561317872], "extents": [0.002932496283973962, 0.139130637049675, 0.05008059967586076], "rotate_angle": -6.03, "rotate_angle_pred": -4.349944520840452}