{"centroid": [0.016563185751440286, 0.046180668286979115, 0.464695076651992], "extents": [0.04666701779662586, 0.09593701362609865, 0.05557502150919974], "rotate_angle": 28.4, "rotate_angle_pred": 30.50556939220742}