{"centroid": [-0.0008008725396334163, 0.053782605566084274, 0.46696261580958165], "extents": [0.05151499698645645, 0.10134148597717285, 0.05232012906043665], "rotate_angle": -16.86, "rotate_angle_pred": -17.507550172087505}