{"centroid": [0.8417176931676872, -0.33090834319591517, 0.25773331524443555], "extents": [0.105956116113478, 0.13407930731773382, 0.05207815829487836], "rotate_angle": 25.22, "rotate_angle_pred": 26.098748595366544}