{"centroid": [-0.38733880849926317, 0.373905912041664, 0.4604793660783674], "extents": [0.15181311662140567, 0.11833634972572332, 0.03516669501246539], "rotate_angle": 30.06, "rotate_angle_pred": 25.5361962970845}