{"centroid": [-0.2514321860175904, 0.32468361034989357, 0.27106522716587295], "extents": [0.06337929504255796, 0.0348319485783577, 0.05491901178019182], "rotate_angle": -42.78, "rotate_angle_pred": -39.027258860991445}