{"centroid": [0.6648625642816162, 0.41933511942625046, 0.2062413954500868], "extents": [0.08842162534330245, 0.019697770476341248, 0.042931179216118664], "rotate_angle": 11.11, "rotate_angle_pred": 9.738163710874744}