{"centroid": [-0.027205689796163737, 0.23344182968139646, 0.2032644310626667], "extents": [0.07411540867899186, 0.08390343189239502, 0.04874154809066458], "rotate_angle": 29.16, "rotate_angle_pred": 26.09750227936236}