{"centroid": [-0.03479834747052502, 0.2931054905056953, 0.23970709853740635], "extents": [0.09202191998441166, 0.0859878808259964, 0.04817149425949954], "rotate_angle": -16.27, "rotate_angle_pred": -14.158245371738928}