{"centroid": [-0.6248330418522096, 0.45148112624883646, 0.2780102480159365], "extents": [0.143753168474829, 0.0043078213930130005, 0.016794487542808878], "rotate_angle": 30.89, "rotate_angle_pred": 30.89784540852628}