{"centroid": [0.024688438011909813, 0.27524791657924647, 0.21948141963308748], "extents": [0.07342351929957272, 0.1007609963417053, 0.051057204304443715], "rotate_angle": -3.15, "rotate_angle_pred": -3.356599548255872}