{"centroid": [0.05424018882860335, 0.05797291547060007, 0.19529816826570418], "extents": [0.005887217802534622, 0.2981979250907898, 0.035968217893926985], "rotate_angle": -23.85, "rotate_angle_pred": -22.465129713545977}