{"centroid": [0.053812228887146596, -0.01728767156600957, 0.25122527636789915], "extents": [0.0019191205530944347, 0.29676976799964905, 0.019442919671506548], "rotate_angle": -4.83, "rotate_angle_pred": -5.914734223889383}