{"centroid": [0.01086652977778687, 0.4296107292175293, 0.22303625290286272], "extents": [0.002859562660331742, 0.276524305343628, 0.023399245197758156], "rotate_angle": -36.48, "rotate_angle_pred": -37.81742808373766}