{"centroid": [-0.37786751184821377, 0.5522285997867584, 0.4321084277990752], "extents": [0.3307021816661739, 0.003268897533416859, 0.06075636597155648], "rotate_angle": -25.54, "rotate_angle_pred": -25.70651693609635}