{"centroid": [0.0578306425769267, 0.03871454298496241, 0.21555858476075998], "extents": [0.032028608655857604, 0.31647735834121704, 0.05225924878081353], "rotate_angle": -0.57, "rotate_angle_pred": -1.249656759538425}