{"centroid": [0.244502154287135, 0.49230501800775517, 0.3986991196499657], "extents": [0.4030465878588026, 0.0297259241342544, 0.06818817719840531], "rotate_angle": 4.37, "rotate_angle_pred": 1.200632963099551}