{"centroid": [0.04930708794085367, 0.04219590872526163, 0.21158529939905152], "extents": [0.02512039982910677, 0.3118267357349396, 0.05171499015786213], "rotate_angle": -8.84, "rotate_angle_pred": -8.814697999441321}