{"centroid": [0.20183275136225182, 0.44074020162224764, 0.4267293199505784], "extents": [0.2675963007052334, 0.009366638958454132, 0.0539050467286567], "rotate_angle": 2.0, "rotate_angle_pred": 0.32791464106044543}