{"centroid": [0.03669505851668886, 0.04652892798185343, 0.2126000672035611], "extents": [0.023840062419182347, 0.3054637908935547, 0.04395453650121556], "rotate_angle": -27.2, "rotate_angle_pred": -25.830840144731724}