{"centroid": [0.07433549511033802, 0.038661606609821264, 0.2199443102675504], "extents": [0.04016501385331509, 0.3178626596927643, 0.05212769192480379], "rotate_angle": 21.43, "rotate_angle_pred": 19.353072216341715}