{"centroid": [0.7028223472143038, -0.39572595804929744, 0.26195103749018395], "extents": [0.20102036512862076, 0.1637295037508012, 0.07945031130636651], "rotate_angle": 9.52, "rotate_angle_pred": 12.505559285621317}