{"centroid": [0.08999302568053973, 0.5357130579650401, 0.5265744304898772], "extents": [0.19495332053955305, 0.0897422656416893, 0.06920812957622774], "rotate_angle": 39.39, "rotate_angle_pred": 34.270781162166344}