{"centroid": [0.07228519805338997, 0.013593822717666543, 0.35069905427326464], "extents": [0.030625656174648484, 0.46521967649459833, 0.06033901855968543], "rotate_angle": -23.27, "rotate_angle_pred": -24.494619838741215}