{"centroid": [-0.06963252106744078, 0.5618775486946105, 0.3575491447567887], "extents": [0.6662065949132228, 0.013684988021850697, 0.09369042468380667], "rotate_angle": 12.49, "rotate_angle_pred": 12.050887179957186}