{"centroid": [-0.0007880281417579869, -0.18395945429801946, 0.4285636190828154], "extents": [0.24791145736755588, 0.023235410451889066, 0.05227008548829254], "rotate_angle": -44.45, "rotate_angle_pred": -41.09812981329003}