{"centroid": [0.10601134351623274, -0.21161559596657759, 0.5292471930472795], "extents": [0.1773821096680666, 0.10592686384916311, 0.06897133515640053], "rotate_angle": 44.8, "rotate_angle_pred": 37.19048312994741}