{"centroid": [0.12701441971569152, 0.6057778727263211, 0.46591331343261], "extents": [0.2153642174168053, 0.04800596460700035, 0.08491325364958396], "rotate_angle": -13.83, "rotate_angle_pred": -20.78234808698467}