{"centroid": [0.6501573069756119, -0.24862149357795713, 0.32462893632338186], "extents": [0.06746459157374929, 0.4303115606307984, 0.05460716905503804], "rotate_angle": 44.99, "rotate_angle_pred": 37.401810354253556}