{"centroid": [-0.02968277471974047, 0.32854908332228655, 0.3963865864477432], "extents": [0.14668549475604575, 0.09359406679868704, 0.0591986248947769], "rotate_angle": 15.16, "rotate_angle_pred": 14.60206790931278}