{"centroid": [0.2970723270403548, 0.3904010988771916, 0.3992558031258088], "extents": [0.26766502429128636, 0.015370197594165802, 0.05059226521403193], "rotate_angle": 22.69, "rotate_angle_pred": 21.63927904663781}