{"centroid": [0.7502000541392759, -0.3822174891829491, 0.29698170044152394], "extents": [0.09979463426851376, 0.13291670382022858, 0.049020052242046586], "rotate_angle": -3.89, "rotate_angle_pred": -2.515835976461844}