{"centroid": [-0.03647190801430834, 0.5627691559493541, 0.5387119876624236], "extents": [0.30506074795673077, 0.008303605020046234, 0.053141572220877675], "rotate_angle": 25.16, "rotate_angle_pred": 23.773626219065648}