{"centroid": [-0.7057687147663103, -0.5731056854128839, 0.3749046269722791], "extents": [0.1594572252110653, 0.02950929105281841, 0.057527379494423214], "rotate_angle": 30.53, "rotate_angle_pred": 32.099105229063}