{"centroid": [0.03903522944138561, 0.2552486658096313, 0.4792772244390896], "extents": [0.1502110974553447, 0.15844878554344177, 0.06503930759148246], "rotate_angle": -2.11, "rotate_angle_pred": -5.701148755002222}