{"centroid": [0.08109214168850401, -0.30571275949478155, 0.5011219853647189], "extents": [0.1685627203887827, 0.12715405225753787, 0.07268452437476342], "rotate_angle": 26.57, "rotate_angle_pred": 25.081452157119912}