{"centroid": [-0.009983642739846338, 0.3649502173066138, 0.4137976459366834], "extents": [0.8025568590999552, 0.007297739386558588, 0.0765023069847342], "rotate_angle": 1.31, "rotate_angle_pred": -0.602868656562265}