{"centroid": [-0.02698114163869455, 0.1430314145982265, 0.3552177129808705], "extents": [0.7897454300139726, 0.016893409192562242, 0.0758486817934661], "rotate_angle": -42.6, "rotate_angle_pred": -48.20092968530425}