{"centroid": [0.7647041614969088, -0.29684244096279155, 0.18859901036410645], "extents": [0.19438776330104124, 0.21604803204536444, 0.06225877986244244], "rotate_angle": -36.49, "rotate_angle_pred": -35.49008860318262}