{"centroid": [-0.0008055137657770719, 0.07780275866389266, 0.4458443313907385], "extents": [0.11211990843409522, 0.23574498295783997, 0.06387123624104235], "rotate_angle": -43.81, "rotate_angle_pred": -44.81327726837783}