{"centroid": [0.045484306850795075, 0.49259535223245615, 0.4756226972128572], "extents": [0.2644747430279081, 0.07355697453022003, 0.075596405187283], "rotate_angle": 28.49, "rotate_angle_pred": 23.180675530170532}