{"centroid": [0.18931593716286568, 0.6291318610310553, 0.489554790831358], "extents": [0.5293253679947345, 0.025193199515342712, 0.06116631649899623], "rotate_angle": -43.45, "rotate_angle_pred": -46.12450459814979}