{"centroid": [-0.30440229463843793, 0.5823619551956652, 0.3952250861818049], "extents": [0.33643393979537173, 0.035690225660800934, 0.07346751381685612], "rotate_angle": 10.99, "rotate_angle_pred": 13.105405582308123}