{"centroid": [0.005029204983466026, 0.3438201211392879, 0.5044205275133329], "extents": [0.48674660804210435, 0.04230266064405441, 0.06000326931968697], "rotate_angle": -3.63, "rotate_angle_pred": -3.89208910948237}