{"centroid": [0.059412872851057195, 0.5571291893720627, 0.4817785013176451], "extents": [0.2650056835324932, 0.07587549090385437, 0.0686302646580661], "rotate_angle": -1.13, "rotate_angle_pred": -4.211537107079053}