{"centroid": [0.0032914011884767874, 0.7379557639360427, 0.5186900362681464], "extents": [0.2311438616661391, 0.10503891110420227, 0.0747450141989971], "rotate_angle": 28.02, "rotate_angle_pred": 21.74815180477772}