{"centroid": [0.27053748987075044, 0.0726892901584505, 0.5399806271975581], "extents": [0.11676955341512354, 0.14964438974857333, 0.054246835960771955], "rotate_angle": 20.44, "rotate_angle_pred": 18.781130870846482}