{"centroid": [0.7688477571478616, -0.47307209670543676, 0.2952034776829131], "extents": [0.08671966934240749, 0.09012642502784729, 0.0645211562073561], "rotate_angle": -28.13, "rotate_angle_pred": -27.256708988108798}