{"centroid": [-0.2479559616464185, 0.30230227857828135, 0.4919403117413345], "extents": [0.10504871688001943, 0.37255340814590454, 0.07634717285024833], "rotate_angle": -35.6, "rotate_angle_pred": -37.230528548258434}