{"centroid": [0.6485158432980869, -0.4621708393096923, 0.2887988211232141], "extents": [0.11081641032873146, 0.18346631526947021, 0.09736679376179422], "rotate_angle": 44.32, "rotate_angle_pred": 43.43564113914519}