{"centroid": [0.05895661390127595, 0.00870323181152341, 0.20989087342922805], "extents": [0.03339306304597383, 0.30373010039329523, 0.05335694614553457], "rotate_angle": 34.24, "rotate_angle_pred": 33.3612315070926}