{"centroid": [0.022335654909508767, -0.2031696438789368, 0.24734689315595645], "extents": [0.012237608298430729, 0.2853239178657532, 0.024165209117497533], "rotate_angle": 17.36, "rotate_angle_pred": 13.129319515634776}