{"centroid": [-0.0014225774377456678, -0.21805739402771, 0.22373060760389216], "extents": [0.006870895716812886, 0.2794848084449768, 0.029613215875600396], "rotate_angle": -16.37, "rotate_angle_pred": -20.849745306821987}