{"centroid": [0.31311635230356244, 0.4966375790536403, 0.4233343427432804], "extents": [0.5171015943109593, 0.0057545229792595465, 0.0570194954052467], "rotate_angle": 19.4, "rotate_angle_pred": 19.098207584809927}