{"centroid": [-0.3450456683687616, 0.542882028967142, 0.4152177041875914], "extents": [0.35626664630548505, 0.016798265278339386, 0.0646595803575194], "rotate_angle": 14.14, "rotate_angle_pred": 15.273797295251626}