{"centroid": [-0.05032868800503768, 0.3741303980350494, 0.43461379182509496], "extents": [0.19943931217420283, 0.10505300760269165, 0.07360303224294279], "rotate_angle": 10.99, "rotate_angle_pred": 11.792519717150014}