{"centroid": [-0.07049556313228647, 0.7833717390894889, 0.6046535899860157], "extents": [0.30945081211945275, 0.017338290810585022, 0.06537672278708717], "rotate_angle": 21.61, "rotate_angle_pred": 21.82261666981914}