{"centroid": [-0.09141379565705995, 0.2869641408324241, 0.40894397273354055], "extents": [0.09657269693897634, 0.02812384068965912, 0.06076677129500846], "rotate_angle": 10.26, "rotate_angle_pred": 9.131938201472693}