{"centroid": [0.2869171265507128, 0.2454221695661543, 0.5317923932415753], "extents": [0.05362006188275498, 0.5635598897933959, 0.06703320779938582], "rotate_angle": -38.51, "rotate_angle_pred": -37.72112627271497}