{"centroid": [0.12605596695516452, 0.5357689615339041, 0.4191372055790337], "extents": [0.2284383676275358, 0.03648323938250542, 0.04123206902088006], "rotate_angle": -33.24, "rotate_angle_pred": -33.50785029381011}