{"centroid": [-0.15539473641917442, 0.31161729991436, 0.419421645537751], "extents": [0.10515214026397034, 0.03392115235328674, 0.06271186631202275], "rotate_angle": -23.2, "rotate_angle_pred": -23.794654129294926}