{"centroid": [0.2787633903085419, 0.16341302543878541, 0.5648266467626369], "extents": [0.11036099526933552, 0.11977754533290866, 0.07154078803275543], "rotate_angle": -2.53, "rotate_angle_pred": -2.4353445562227876}