{"centroid": [-0.3796876479047945, 0.5205561965703964, 0.4399137996965201], "extents": [0.5898345268039853, 0.02503719925880432, 0.050657057605279276], "rotate_angle": -6.77, "rotate_angle_pred": -6.437070470272431}