{"centroid": [0.1498686635127166, 0.5939936824142932, 0.5185033063910255], "extents": [0.21386146298618425, 0.07671979814767838, 0.09762519485349741], "rotate_angle": 12.07, "rotate_angle_pred": 9.85697785301224}