{"centroid": [0.3412088297932228, 0.4704218953847885, 0.3949402503763048], "extents": [0.291936047356384, 0.03265038132667547, 0.0792974104802307], "rotate_angle": 41.95, "rotate_angle_pred": 37.56229143972598}