{"centroid": [0.06888754711365222, 0.35539598762989033, 0.39415351946016947], "extents": [0.1638011088703601, 0.08510884642601019, 0.05992364695273855], "rotate_angle": -35.63, "rotate_angle_pred": -36.03895758954626}