{"centroid": [0.4596603790325483, -0.49361795186996466, 0.28742857583690284], "extents": [0.24568164335713621, 0.09665429592132574, 0.07777801151963745], "rotate_angle": -7.02, "rotate_angle_pred": -2.7550578700370068}