{"centroid": [0.30662490758529637, 0.5931624472141265, 0.5167253213131737], "extents": [0.2194614948152782, 0.1521502137184143, 0.06269942802539608], "rotate_angle": 11.88, "rotate_angle_pred": 4.624848393141875}