{"centroid": [0.06834775811345695, 0.3021042943000792, 0.38388898538979976], "extents": [0.3419207328023521, 0.06818115711212164, 0.05499012385293983], "rotate_angle": -9.99, "rotate_angle_pred": -12.449819255214223}