{"centroid": [0.01744472173817351, 0.5967333242297171, 0.4440097294986596], "extents": [0.5098246323130615, 0.004590258002281189, 0.08788450785177337], "rotate_angle": 5.48, "rotate_angle_pred": 1.7511079258758997}