{"centroid": [-0.001919665189552791, 0.2517491746693849, 0.395839418535036], "extents": [0.30689126404035216, 0.05369457975029951, 0.062246557631209065], "rotate_angle": 33.28, "rotate_angle_pred": 27.909894467011156}