{"centroid": [-0.038892441398286126, -0.40129479393363005, 0.4563520497389926], "extents": [0.3939908191349101, 0.026555545628070887, 0.061804921132875834], "rotate_angle": -17.55, "rotate_angle_pred": -20.59370157952587}