{"centroid": [0.01814893417190508, 0.6369407214224337, 0.5708006005291945], "extents": [0.18198434745268038, 0.06353069096803665, 0.0530305161851391], "rotate_angle": -37.41, "rotate_angle_pred": -32.858648200452336}