{"centroid": [0.07213323314066367, 0.19764307513833035, 0.5148577228506118], "extents": [0.993021978451607, 0.011514194309711567, 0.09154480074426719], "rotate_angle": -16.86, "rotate_angle_pred": -20.96409832716172}