{"centroid": [-0.003971545060319548, 0.3597752340137958, 0.6201462006705506], "extents": [1.0373644919185399, 0.028555549681186843, 0.09309496066624734], "rotate_angle": 38.4, "rotate_angle_pred": 40.499706807130764}