{"centroid": [-0.08800660324304523, 0.2903682626783847, 0.2614065423822409], "extents": [0.15586841200661256, 0.04919058829545975, 0.05769122426822401], "rotate_angle": -30.49, "rotate_angle_pred": -25.060348759549385}