{"centroid": [-0.655270711805422, 0.4372894242405891, 0.2973586992894337], "extents": [0.3761149652099391, 0.006149694323539734, 0.06004495185263348], "rotate_angle": 14.39, "rotate_angle_pred": 15.819393611803989}