{"centroid": [-0.10329673563173042, 0.26604529283940787, 0.2051703207137377], "extents": [0.1509788366131827, 0.03942183777689934, 0.061633949533327986], "rotate_angle": -2.77, "rotate_angle_pred": -2.229089248652741}