{"centroid": [0.09622495624213809, 0.3572373613715171, 0.3001632492366194], "extents": [0.32578531372141606, 0.04735200107097631, 0.058294837262920285], "rotate_angle": -28.01, "rotate_angle_pred": -21.53475519522749}