{"centroid": [0.037032748708254286, 0.2381487637758255, 0.23072537582260078], "extents": [0.1815540508863575, 0.022588998079299955, 0.0557697271356179], "rotate_angle": 39.56, "rotate_angle_pred": 38.92553979571076}