{"centroid": [-0.07723234111752168, 0.2879614979028701, 0.23590351280646538], "extents": [0.20764859945721797, 0.03640070557594299, 0.06013234541086018], "rotate_angle": -8.89, "rotate_angle_pred": -6.3003171639362705}