{"centroid": [0.06817208772850318, -0.29839818552136427, 0.4933269702483036], "extents": [0.3178251664805757, 0.07109119743108755, 0.0738269607801415], "rotate_angle": 26.46, "rotate_angle_pred": 22.079166272431834}