{"centroid": [0.13213777754693007, 0.27423674985766405, 0.4932131759931814], "extents": [0.3010114100872895, 0.0849357470870018, 0.06415483286286366], "rotate_angle": -1.85, "rotate_angle_pred": -8.018140679636346}