{"centroid": [0.8625414110404832, -0.33010941743850714, 0.19837513310370333], "extents": [0.1515566285943738, 0.11032348871231079, 0.03366435377650867], "rotate_angle": -23.7, "rotate_angle_pred": -22.856858998142172}