{"centroid": [0.06917684201430764, 0.5990509539842604, 0.46229571507988176], "extents": [0.36968400350256736, 0.06624665856361389, 0.05721928812238619], "rotate_angle": -20.26, "rotate_angle_pred": -27.170386363303948}