{"centroid": [0.23790604325218062, 0.38954403996467585, 0.43424948591406254], "extents": [0.11461588781603982, 0.12672537565231323, 0.05563593675850431], "rotate_angle": 34.46, "rotate_angle_pred": 34.50127295358227}