{"centroid": [-0.439821857498508, 0.5746169909834861, 0.4878928742920496], "extents": [0.28448022158923986, 0.004517510533332825, 0.038439665999112804], "rotate_angle": 30.08, "rotate_angle_pred": 32.884543848643304}