{"centroid": [0.6527085074216746, -0.46670964360237127, 0.2817295097628775], "extents": [0.1214365955318234, 0.12371617555618286, 0.06251970658750655], "rotate_angle": -23.15, "rotate_angle_pred": -24.83585491358383}