{"centroid": [-0.2471422199241418, 0.4516197964549064, 0.5053353435952121], "extents": [0.36239397337907275, 0.08376662433147436, 0.06199877677007615], "rotate_angle": -32.51, "rotate_angle_pred": -30.140718193393724}