{"centroid": [0.4202333071860377, 0.4549449607729911, 0.3808474373455074], "extents": [0.38287983544456694, 0.1161054819822312, 0.07478096733450618], "rotate_angle": -44.03, "rotate_angle_pred": -47.36819217173831}