{"centroid": [-0.028442488165687087, 0.37970732152462, 0.49697162814926815], "extents": [0.005486905535065187, 0.3309858441352844, 0.03550866220509785], "rotate_angle": -42.69, "rotate_angle_pred": -37.853487739573666}