{"centroid": [-0.14125913840476187, 0.4326644651591777, 0.3568637358753592], "extents": [0.2950300548245252, 0.07249834388494492, 0.049008946432943956], "rotate_angle": -12.92, "rotate_angle_pred": -11.705328248339498}