{"centroid": [0.013196544070507955, 0.6179285869002342, 0.36537772088496295], "extents": [0.3833584467239368, 0.07344667613506328, 0.048466421408396465], "rotate_angle": -44.77, "rotate_angle_pred": -46.07425951270437}