{"centroid": [0.050934610278788636, 0.619638256728649, 0.5839657377919534], "extents": [0.18484667041843147, 0.08241508901119232, 0.059348993318959486], "rotate_angle": -21.38, "rotate_angle_pred": -17.787322239999952}