{"centroid": [-0.030814864433518406, 0.4109392911195755, 0.27262620019628725], "extents": [0.018783658949857993, 0.30484637618064886, 0.018578395452151175], "rotate_angle": -34.24, "rotate_angle_pred": -36.269415360078426}