{"centroid": [-0.37354663647926784, 0.31969059258699406, 0.532229798644116], "extents": [0.0783568931450992, 0.19789116084575656, 0.06477498368487566], "rotate_angle": 13.84, "rotate_angle_pred": 15.79801036421135}