{"centroid": [0.03837481387728256, 0.07627101242542261, 0.22792840045406035], "extents": [0.0023947433127329, 0.3266139328479767, 0.06036134932792672], "rotate_angle": -2.17, "rotate_angle_pred": -3.0439045570694105}