{"centroid": [-0.08287022873198925, 0.5977748334407805, 0.4613212501745868], "extents": [0.06912663439586483, 0.17557114362716675, 0.05473610648400706], "rotate_angle": -35.21, "rotate_angle_pred": -32.95601854772535}