{"centroid": [-0.061658914233323814, -0.006419882178306642, 0.24658554458645754], "extents": [0.015474050997009707, 0.2656444311141967, 0.0370636911899867], "rotate_angle": 34.89, "rotate_angle_pred": 30.81699980009246}