{"centroid": [0.030601687644240705, 0.44380218535661686, 0.4953557852923526], "extents": [0.2793724252073815, 0.08411283791065216, 0.05096317106725329], "rotate_angle": -18.2, "rotate_angle_pred": -20.127957081748846}