{"centroid": [0.4697028256563661, -0.27451092004776, 0.352995386888105], "extents": [0.14067661540033366, 0.38966506719589233, 0.05884398427046511], "rotate_angle": 38.05, "rotate_angle_pred": 36.6518112246474}