{"centroid": [-0.35725485145897845, 0.5596852749586105, 0.4674224600155018], "extents": [0.45998160159316603, 0.045231670141220204, 0.08257696231502204], "rotate_angle": -36.99, "rotate_angle_pred": -38.20894627124514}