{"centroid": [0.6690456734294843, -0.42056640982627874, 0.34444852059945563], "extents": [0.03842267444307523, 0.10906219482421875, 0.056809876856978525], "rotate_angle": 9.63, "rotate_angle_pred": 13.447988850267578}