{"centroid": [-0.002950870715298832, 0.5632091686129569, 0.5907119815800704], "extents": [0.30388295771840035, 0.03215692937374115, 0.061737783499747456], "rotate_angle": -16.02, "rotate_angle_pred": -19.44456536431977}