{"centroid": [-0.12863547649664792, -0.02488094568252569, 0.3491913972210104], "extents": [0.0008069574716519368, 0.4757652878761291, 0.06413654890531745], "rotate_angle": 12.42, "rotate_angle_pred": 9.314069540219805}