{"centroid": [0.2057789825714232, 0.4343569204211234, 0.6334486709532496], "extents": [0.015347376502344579, 0.6740080714225769, 0.08519041558525053], "rotate_angle": -37.58, "rotate_angle_pred": -31.604632234158018}