{"centroid": [0.5641638966996466, -0.46553613245487213, 0.3111004219145733], "extents": [0.18689411918868215, 0.20329341292381287, 0.09254173954405764], "rotate_angle": 12.69, "rotate_angle_pred": 16.412125095403866}