{"centroid": [0.5770191991764088, 0.36030468717217445, 0.27717186102142566], "extents": [0.12431655244015793, 0.07832158356904984, 0.053877183019468644], "rotate_angle": 22.14, "rotate_angle_pred": 24.875270115122916}