{"centroid": [0.4555098077014634, 0.08919725567102423, 0.253571487055383], "extents": [0.012245878752455752, 0.21051280200481412, 0.04686088927087059], "rotate_angle": -21.73, "rotate_angle_pred": -20.1087861990422}