{"centroid": [-0.01988476628089332, 0.1716169789433479, 0.20299802478146572], "extents": [0.04331334763221559, 0.1146262586116791, 0.05043832681755667], "rotate_angle": 30.96, "rotate_angle_pred": 27.0977118714507}