{"centroid": [-0.030955516595538184, 0.2285344675183296, 0.16958999881337802], "extents": [0.05900709259743526, 0.09310765564441681, 0.054783406936843415], "rotate_angle": 11.49, "rotate_angle_pred": 9.952218569124213}