{"centroid": [-0.05179811227397288, 0.2693790048360824, 0.25696837585847154], "extents": [0.056410663155575594, 0.106474369764328, 0.04697653678360453], "rotate_angle": -37.27, "rotate_angle_pred": -31.154303864499532}