{"centroid": [-0.26346970331381175, 0.4339511804282664, 0.4466010903252201], "extents": [0.27846616358801446, 0.012134812772274017, 0.04182109959581859], "rotate_angle": 18.68, "rotate_angle_pred": 19.314918353450153}