{"centroid": [-0.058297506786516795, 0.43030293472111214, 0.43317232036807685], "extents": [0.1835274945102775, 0.049150798469781876, 0.06359264083846594], "rotate_angle": 0.74, "rotate_angle_pred": 1.9564025180287814}