{"centroid": [0.2931891994792617, 0.5059745647013186, 0.397327525514559], "extents": [0.2626826753377415, 0.047361619770526886, 0.055516034158099026], "rotate_angle": 9.42, "rotate_angle_pred": 5.468051941696515}