{"centroid": [0.7109022913461671, -0.21577014029026045, 0.3165071575076372], "extents": [0.0621051198325564, 0.34302017092704773, 0.05510744133559081], "rotate_angle": -17.77, "rotate_angle_pred": -18.607958870613203}