{"centroid": [-0.305430099766446, 0.31277479231357563, 0.5420772217200902], "extents": [0.020295485520250733, 0.22470152378082278, 0.0700892496498966], "rotate_angle": 21.5, "rotate_angle_pred": 22.286919718288786}