{"centroid": [0.8361057276882246, -0.3324800916016102, 0.2688831193483585], "extents": [0.1695773592648706, 0.11397405713796616, 0.046136758979867964], "rotate_angle": 18.72, "rotate_angle_pred": 20.881891385666748}