{"centroid": [0.22729809749627336, 0.5465446263551711, 0.3433479816206387], "extents": [0.27972101344924183, 0.045130401849746704, 0.06159565417139801], "rotate_angle": -35.51, "rotate_angle_pred": -32.68467200769672}