{"centroid": [0.01767846769350758, 0.7091047577559947, 0.3892559739267675], "extents": [0.6526463085066225, 0.013758860528469086, 0.048000894878897915], "rotate_angle": 13.71, "rotate_angle_pred": 10.244576300251211}