{"centroid": [0.3382865586232137, 0.34458450227975845, 0.3503782403261381], "extents": [0.6253466714226019, 0.049921408295631464, 0.07257018363737494], "rotate_angle": 32.94, "rotate_angle_pred": 30.586808839473136}