{"centroid": [-0.3350469090260515, 0.4184980392456054, 0.33716136263522106], "extents": [0.375545111516697, 0.0067315697669983465, 0.07574961278753883], "rotate_angle": 34.74, "rotate_angle_pred": 35.99850539586188}