{"centroid": [-0.024802579201132623, 0.5996438488364219, 0.426573242441006], "extents": [0.6056350369898973, 0.023176953196525574, 0.07271756112088457], "rotate_angle": -3.79, "rotate_angle_pred": -4.346350406930895}