{"centroid": [-0.06860356885697734, 0.4158842116594314, 0.3903230353333593], "extents": [0.6353895077146852, 0.1259488761425019, 0.07358275364305994], "rotate_angle": 5.58, "rotate_angle_pred": 7.564626115944463}