{"centroid": [0.6364816885543438, -0.40856053680181503, 0.29529775501029754], "extents": [0.10692621653706269, 0.13153500854969025, 0.059069454041204006], "rotate_angle": 24.54, "rotate_angle_pred": 26.73832404242131}