{"centroid": [-0.013003529530007746, -0.2345012202858925, 0.4041349280975266], "extents": [0.6227784292253717, 0.036902055144310025, 0.06609875852583363], "rotate_angle": -23.43, "rotate_angle_pred": -24.5728717434}