{"centroid": [-0.48476702783112074, 0.488426275551319, 0.48079203427608574], "extents": [0.25736355880680684, 0.025969281792640686, 0.04215852932478392], "rotate_angle": 24.77, "rotate_angle_pred": 23.595184249702683}