{"centroid": [-0.4130850087465368, 0.4433091282844543, 0.421245626141391], "extents": [0.2155873417185521, 0.025626659393310602, 0.03823451590931232], "rotate_angle": -7.06, "rotate_angle_pred": -6.775217914233437}