{"centroid": [-0.7010791952226176, 0.1664552316069601, 0.4010144018539997], "extents": [0.12252973450126037, 0.14429807662963867, 0.06634576106470719], "rotate_angle": 37.6, "rotate_angle_pred": 39.26613668117017}