{"centroid": [0.07450159169312011, 0.0599090233445167, 0.2239381500205123], "extents": [0.017169632073320437, 0.2772749066352844, 0.044329077149214774], "rotate_angle": 20.92, "rotate_angle_pred": 23.18205869421152}