{"centroid": [0.026458678011178568, 0.395296812057495, 0.24553853734480396], "extents": [0.02549888206735873, 0.2623441815376282, 0.029252760262898553], "rotate_angle": 14.29, "rotate_angle_pred": 12.414731912555766}