{"centroid": [-0.3972155382603104, 0.26982184126973147, 0.464318514338677], "extents": [0.1394135687017124, 0.023181714117527008, 0.05469130109242498], "rotate_angle": 7.34, "rotate_angle_pred": 10.013851280509343}