{"centroid": [0.049998548011345643, 0.5783062838017939, 0.4952212253114816], "extents": [0.2847434540452266, 0.05380123108625412, 0.09134958556523798], "rotate_angle": 39.21, "rotate_angle_pred": 34.53893004056282}