{"centroid": [0.13658516017931205, -0.2860292531549932, 0.4787311762980408], "extents": [0.2071079008872057, 0.11911880224943161, 0.07253666943128212], "rotate_angle": -11.21, "rotate_angle_pred": -13.365679959571821}