{"centroid": [0.7953048343721405, -0.40358864143490797, 0.1632055056422707], "extents": [0.22343940576103383, 0.06588258594274526, 0.04411399274288158], "rotate_angle": -44.02, "rotate_angle_pred": -45.314712746108576}