{"centroid": [0.13721706372688008, 0.23609285429120058, 0.4974521504551529], "extents": [0.2141679766748173, 0.0726713314652443, 0.07605807282012067], "rotate_angle": 12.62, "rotate_angle_pred": 8.317404659224934}