{"centroid": [0.11008480038326644, 0.21657987684011448, 0.4775784657977805], "extents": [0.24774592889829614, 0.08568169176578527, 0.0627295369172689], "rotate_angle": -28.65, "rotate_angle_pred": -31.84817902052751}