{"centroid": [0.03718085195288348, 0.0709314495325088, 0.28600004396988643], "extents": [0.013183824420924046, 0.37878644466400146, 0.05246747166901361], "rotate_angle": 2.63, "rotate_angle_pred": 2.7174744380184563}