{"centroid": [0.08428689413112359, -0.690833255648613, 0.25436505332192305], "extents": [0.30066328376479184, 0.10820236802101146, 0.07539966485709071], "rotate_angle": 2.42, "rotate_angle_pred": 3.268274947760247}