{"centroid": [-0.0029772551339098674, 0.42337431013584137, 0.6438354939866104], "extents": [1.0798386294060132, 0.02190980315208446, 0.08402579245607034], "rotate_angle": 32.01, "rotate_angle_pred": 33.3102222114039}