{"centroid": [0.2862068816477415, -0.3946745730936528, 0.3945425679994798], "extents": [0.19516082200363616, 0.04822086542844772, 0.05397621940283931], "rotate_angle": -4.28, "rotate_angle_pred": -5.7643607368913905}