{"centroid": [-0.3184406122886047, 0.4619427919387817, 0.38855062834438475], "extents": [0.2941199513053276, 0.07962805032730103, 0.06313185333626287], "rotate_angle": 8.51, "rotate_angle_pred": 8.53572873765151}