{"centroid": [0.18342179858878077, 0.5981805417686701, 0.38104603465199627], "extents": [0.3447579818331119, 0.03048350289464008, 0.06528014090147816], "rotate_angle": 18.49, "rotate_angle_pred": 16.447494562076017}