{"centroid": [-0.2920391328878318, 0.5439860597252845, 0.4248898504756012], "extents": [0.23949214964739693, 0.002321794629096985, 0.04648964880949508], "rotate_angle": 42.05, "rotate_angle_pred": 41.24036996571738}