{"centroid": [-0.09957796318720852, 0.07497808430343861, 0.29162828145471664], "extents": [0.2227983959652988, 0.13219444453716278, 0.030112233524971166], "rotate_angle": -2.07, "rotate_angle_pred": -5.8001970185626845}