{"centroid": [0.09728192557592766, 0.005140997469425182, 0.11945827606420042], "extents": [0.0005698278696228409, 0.15662094950675964, 0.04859157034426222], "rotate_angle": 17.09, "rotate_angle_pred": 17.486829184029318}