{"centroid": [0.02543540272620749, 0.07027779519557946, 0.3801771820300468], "extents": [0.027998463006966953, 0.500289797782898, 0.05552699553240348], "rotate_angle": -35.97, "rotate_angle_pred": -31.31044191804346}