{"centroid": [0.07048236752500596, 0.6402490809559821, 0.486481460757091], "extents": [0.16769479439266285, 0.03679873049259186, 0.054834415006353054], "rotate_angle": -24.42, "rotate_angle_pred": -26.527748968128513}