{"centroid": [0.036928748872377154, 0.7252962589263916, 0.5358310161642792], "extents": [0.1756364730742618, 0.13382875919342052, 0.08592590079452317], "rotate_angle": -15.17, "rotate_angle_pred": -20.108955280695255}