{"centroid": [0.16279735459964323, 0.5450185351073741, 0.5220975759965996], "extents": [0.2836548391538337, 0.11182739585638041, 0.06772638865802638], "rotate_angle": -4.1, "rotate_angle_pred": -8.477762587335775}