{"centroid": [0.04268843318509488, 0.2094773836433887, 0.4055701895804284], "extents": [0.18179820675624403, 0.03316427022218707, 0.05598096610376818], "rotate_angle": 23.97, "rotate_angle_pred": 20.786488277847653}