{"centroid": [0.053496838323682974, 0.5394275356084107, 0.5161862801844443], "extents": [0.9125048964396115, 0.03897765651345275, 0.09808562534925885], "rotate_angle": -34.77, "rotate_angle_pred": -38.57183083762791}