{"centroid": [0.7466127661693077, 0.0316324234008788, 0.37302642013069454], "extents": [0.07401344959662803, 0.4305054843425751, 0.09578490301908493], "rotate_angle": -5.15, "rotate_angle_pred": -3.3385380620890146}