{"centroid": [0.7373716041302529, -0.1324900090694429, 0.3804360103508633], "extents": [0.012847125579549923, 0.39769268035888666, 0.06532227273023905], "rotate_angle": -13.52, "rotate_angle_pred": -10.658390669862683}