{"centroid": [0.7105888762268913, -0.4076879769563675, 0.2573928937326078], "extents": [0.1215926639931747, 0.31773099303245533, 0.0860149493262296], "rotate_angle": -26.65, "rotate_angle_pred": -22.596030214295567}