{"centroid": [-0.22169749324626806, 0.3530654162168502, 0.48551004230573847], "extents": [0.12133439440977756, 0.3101477026939393, 0.0611876239767552], "rotate_angle": 35.17, "rotate_angle_pred": 33.58149636934613}