{"centroid": [0.5837012279818756, -0.5799854248762131, 0.283179465455893], "extents": [0.18272331827099703, 0.14205589890480042, 0.07611148255182298], "rotate_angle": -13.15, "rotate_angle_pred": -9.599261015415465}