{"centroid": [-0.20216409899250876, 0.31780466437339777, 0.44791074380776], "extents": [0.1100727195622701, 0.3435556888580322, 0.06860207176529348], "rotate_angle": 6.42, "rotate_angle_pred": 2.5538487674619574}