{"centroid": [0.6438891536947706, 0.4122880659997463, 0.26005417669649034], "extents": [0.2351968802363822, 0.06357734650373464, 0.056214997281409135], "rotate_angle": 30.67, "rotate_angle_pred": 29.494402213016826}