{"centroid": [0.032213530271528845, 0.02884328365325919, 0.3704896744364912], "extents": [0.040027790963287624, 0.3761413097381592, 0.055271459526309685], "rotate_angle": 0.79, "rotate_angle_pred": -1.314401164230361}