{"centroid": [-0.046030886130405534, 0.6170627884566784, 0.34191980447365233], "extents": [0.8255487649393225, 0.005866132676601521, 0.07393528493260149], "rotate_angle": -8.0, "rotate_angle_pred": -12.483341640753437}