{"centroid": [0.08602386405016155, 0.17674594372510907, 0.23825494960689755], "extents": [0.053865128329571334, 0.14763174951076513, 0.053097882425704235], "rotate_angle": 37.46, "rotate_angle_pred": 35.519885591760826}