{"centroid": [-0.02042092907770173, 0.24612662941217417, 0.23093497712040956], "extents": [0.0975414831991447, 0.10213159024715421, 0.04932459914572693], "rotate_angle": 3.45, "rotate_angle_pred": 4.2616013138284785}