{"centroid": [-0.5588045785165037, 0.4786683320999145, 0.2628290325186785], "extents": [0.2182910874323737, 0.002581000328063965, 0.04010137887938922], "rotate_angle": -6.51, "rotate_angle_pred": -5.254560678156565}