{"centroid": [-0.40070605710535634, 0.5101547520607709, 0.3383845244541138], "extents": [0.4028730195066941, 0.030228551477193777, 0.07348396067593493], "rotate_angle": -5.87, "rotate_angle_pred": -3.084668407534906}