{"centroid": [-0.05150682711750326, 0.05046923458576194, 0.36494712608445246], "extents": [0.053191176077455535, 0.3986130952835083, 0.060136443205256684], "rotate_angle": -11.48, "rotate_angle_pred": -14.04603790407414}