{"centroid": [-0.3826038550394415, 0.5109240598976611, 0.35143035429529534], "extents": [0.3413363638688794, 0.02772931009531021, 0.0569479158042413], "rotate_angle": -33.22, "rotate_angle_pred": -27.00696239613619}