{"centroid": [-0.04550114900380303, 0.2610945254564285, 0.274573709024538], "extents": [0.06386436259087173, 0.15585443377494812, 0.04022911770427573], "rotate_angle": -38.63, "rotate_angle_pred": -32.29461682273535}