{"centroid": [-0.008784054454453712, 0.39310978353023524, 0.49007269655860775], "extents": [0.14203368203530298, 0.2619185149669647, 0.05305025009953901], "rotate_angle": -14.67, "rotate_angle_pred": -19.785012726114914}