{"centroid": [-0.2861704796169666, 0.3488766029477119, 0.3774872305455911], "extents": [0.1785502624428143, 0.20720882713794708, 0.0592407896029129], "rotate_angle": -12.92, "rotate_angle_pred": -17.192639475981736}