{"centroid": [0.02468929020623998, -0.22284436225891116, 0.30904487916579954], "extents": [0.01463292524560001, 0.3662469983100891, 0.037264443563183536], "rotate_angle": 24.76, "rotate_angle_pred": 25.73612029846484}