{"centroid": [0.06454354932644511, 0.3332136124372482, 0.3018977417435324], "extents": [0.03575032996829339, 0.3418307304382324, 0.03997675009900964], "rotate_angle": 4.49, "rotate_angle_pred": 3.772900786087135}