{"centroid": [0.07879832528410602, -0.015360236167907784, 0.27860007521025304], "extents": [0.005497515118503979, 0.4183567762374878, 0.05545832878002971], "rotate_angle": -24.4, "rotate_angle_pred": -22.93157688437047}