{"centroid": [0.0374321042468817, 0.21802049875259388, 0.5296676749667213], "extents": [0.9620037286636555, 0.045352876186370905, 0.08605912513641939], "rotate_angle": -10.56, "rotate_angle_pred": -14.057287631253004}