{"centroid": [0.27923638663026884, 0.6428415998816489, 0.28190227644654553], "extents": [0.3733483490946387, 0.006086662411689758, 0.061920191064607444], "rotate_angle": 28.43, "rotate_angle_pred": 25.565128984131846}