{"centroid": [-0.3346045678554442, 0.6990029700100421, 0.2406648981378644], "extents": [0.412859203992537, 0.01272890716791153, 0.07734662342371582], "rotate_angle": -30.12, "rotate_angle_pred": -25.82655272641871}