{"centroid": [0.05661242696339791, 0.1862022429704665, 0.5119011751115508], "extents": [0.9351326250627872, 0.07134294509887709, 0.09652490938062613], "rotate_angle": -30.11, "rotate_angle_pred": -33.27835747792277}