{"centroid": [-0.055051370007566, 0.03908872604370109, 0.40089131899366415], "extents": [0.030513688223335347, 0.41958528757095337, 0.056340961358498365], "rotate_angle": -16.85, "rotate_angle_pred": -16.203295151675704}