{"centroid": [0.43186975153714036, 0.15100586414337155, 0.4291518909477265], "extents": [0.008878097167724197, 0.6311594247817993, 0.05171925708289021], "rotate_angle": 33.13, "rotate_angle_pred": 29.906058269080305}