{"centroid": [0.7893050732757985, -0.3676846474409103, 0.3281409023974247], "extents": [0.0741483943847343, 0.15826895833015442, 0.06374660898056128], "rotate_angle": 36.55, "rotate_angle_pred": 39.761815111800416}