{"centroid": [-0.03967405695508673, 0.5959741622209548, 0.3813511574297549], "extents": [0.3973997928980817, 0.07870832085609436, 0.05490846694308654], "rotate_angle": 7.75, "rotate_angle_pred": 2.7437677356618337}