{"centroid": [-0.34629286817977145, 0.0572401694953441, 0.4470275290618732], "extents": [0.07376163660411206, 0.20441582798957827, 0.056512800704123234], "rotate_angle": -21.21, "rotate_angle_pred": -21.3785373001118}