{"centroid": [0.3898011186673465, -0.5096113048493862, 0.30100190604558863], "extents": [0.2392687801158147, 0.11187673360109329, 0.07715813827240764], "rotate_angle": 27.25, "rotate_angle_pred": 28.984990669577215}