{"centroid": [-0.02091132693778608, -0.39552943408489244, 0.5546147820404249], "extents": [0.6567163340332456, 0.005105823278427235, 0.06641937663779551], "rotate_angle": -42.0, "rotate_angle_pred": -41.01636538512833}