{"centroid": [0.33159121087068155, 0.3976943343877792, 0.3924290564967845], "extents": [0.14335370212840248, 0.04527100920677185, 0.05783494622047136], "rotate_angle": -0.4, "rotate_angle_pred": -4.169091027927479}