{"centroid": [-0.10630372152169348, 0.5982529446482657, 0.5674467835864527], "extents": [0.18543056092676752, 0.043990835547447205, 0.027142443405592798], "rotate_angle": -39.58, "rotate_angle_pred": -38.03801396869627}