{"centroid": [-0.014750333454174147, 0.11154676601290692, 0.4918371592072307], "extents": [0.9733409778927871, 0.01820708066225056, 0.08383102626594019], "rotate_angle": -6.1, "rotate_angle_pred": -7.839416604533298}