{"centroid": [-0.14781021166487834, -0.058301769196987215, 0.3096619532658773], "extents": [0.4582886660425457, 0.0317186713218689, 0.05084486638927821], "rotate_angle": 5.28, "rotate_angle_pred": -1.9061726961195546}