{"centroid": [-0.17788644259735661, -0.20473753660917285, 0.3043133128113465], "extents": [0.4678868733881709, 0.009532645344734247, 0.05572348186270337], "rotate_angle": -20.71, "rotate_angle_pred": -24.949153859852174}