{"centroid": [0.05911583132251636, 0.31786214187741274, 0.4620551513484398], "extents": [0.8370298080877456, 0.05125466734170925, 0.08936987746473068], "rotate_angle": -29.29, "rotate_angle_pred": -33.39446464059005}