{"centroid": [0.04096274396888663, 0.5132790096104144, 0.46705571503539045], "extents": [0.8851691227584133, 0.04439506679773331, 0.08851840835238206], "rotate_angle": -8.96, "rotate_angle_pred": -15.192622039449233}