{"centroid": [-0.019188022114204138, -0.12650490552186974, 0.501016846220145], "extents": [0.9244353500146896, 0.03400139510631575, 0.07481952537257697], "rotate_angle": -29.33, "rotate_angle_pred": -31.116924184084844}