{"centroid": [0.8543532081728461, -0.34772141277790064, 0.24326572032240798], "extents": [0.15083085352913683, 0.1553647816181183, 0.08228980197048011], "rotate_angle": 30.69, "rotate_angle_pred": 32.275652520942145}