{"centroid": [-0.014676830388491331, -0.12816964834928518, 0.47770696995272577], "extents": [0.5700135746533338, 0.025803193449974157, 0.08452022701301515], "rotate_angle": -43.24, "rotate_angle_pred": -43.07161835814879}