{"centroid": [0.009309087086283627, 0.691708605736494, 0.42975930014416963], "extents": [0.5926923867410532, 0.007924042642116547, 0.10221250554565792], "rotate_angle": 12.46, "rotate_angle_pred": 8.711997999300479}