{"centroid": [-0.050835204073233796, 0.26125450059771527, 0.49231561028086807], "extents": [0.006862625658622196, 0.4270859360694885, 0.06058242329954705], "rotate_angle": -10.91, "rotate_angle_pred": -10.246386812452798}