{"centroid": [0.2739014421970743, 0.49957396462559694, 0.39009500169430406], "extents": [0.19857448330011737, 0.05611196905374527, 0.0585950314719762], "rotate_angle": -20.47, "rotate_angle_pred": -20.008655907387194}