{"centroid": [-0.30806854164664177, -0.38183180987834936, 0.4209408063653993], "extents": [0.2247483623844219, 0.014480620622634943, 0.04353428341892279], "rotate_angle": -6.81, "rotate_angle_pred": -6.968276713356616}