{"centroid": [-0.28423034867327035, -0.20286939293146142, 0.39138832799252377], "extents": [0.22903144837621, 0.00330896675586706, 0.03855089551207219], "rotate_angle": 42.21, "rotate_angle_pred": 37.530628576856785}