{"centroid": [0.578990419093757, -0.49883937835693365, 0.30147570512420285], "extents": [0.18782323286561275, 0.16625189781188965, 0.09358823143795492], "rotate_angle": 24.26, "rotate_angle_pred": 29.02783000167294}