{"centroid": [-0.20077296011637535, 0.4860951527953147, 0.36683141784164797], "extents": [0.3060118466255502, 0.08152841031551356, 0.06191717651649431], "rotate_angle": -8.58, "rotate_angle_pred": -5.670515992390278}