{"centroid": [-0.0028957281990900953, 0.4777992889285087, 0.4758289791257754], "extents": [0.11992602975193903, 0.12487427890300751, 0.05841060815422555], "rotate_angle": 28.89, "rotate_angle_pred": 29.109166315490427}