{"centroid": [-0.5613845639779506, 0.38758696615695953, 0.2583078722125055], "extents": [0.17390878572424678, 0.0242404043674469, 0.036270611142205256], "rotate_angle": -26.8, "rotate_angle_pred": -24.293374183593826}