{"centroid": [-0.14120663229725888, 0.03498207777738563, 0.29379868980264906], "extents": [0.01787582019527595, 0.3026491403579712, 0.0441518756202301], "rotate_angle": 16.05, "rotate_angle_pred": 17.05534048414279}