{"centroid": [0.5549995938563086, -0.12632213532924663, 0.37330603267486967], "extents": [0.22503114079689568, 0.19399181008338934, 0.0990737244248579], "rotate_angle": -16.26, "rotate_angle_pred": -13.7492234736916}