{"centroid": [0.07165931635721873, 0.13224114105105392, 0.37285575473812776], "extents": [0.7354970678044472, 0.04790044575929653, 0.07306966288558714], "rotate_angle": -40.14, "rotate_angle_pred": -39.82385722419218}