{"centroid": [0.0024300103139912807, 0.12812285125255576, 0.4566423394076456], "extents": [0.8122486105636514, 0.020490825176239125, 0.05615132460737615], "rotate_angle": 31.79, "rotate_angle_pred": 31.98338523458007}