{"centroid": [-0.011565709580997084, 0.1961359195411204, 0.4622166899122998], "extents": [0.8321433298118945, 0.0134345814585686, 0.04325512916609647], "rotate_angle": 8.27, "rotate_angle_pred": 7.51852893699035}