{"centroid": [-0.012784086045440256, 0.07731209695339192, 0.44984312398254883], "extents": [0.8212141765423429, 0.02006651461124423, 0.04878788680135887], "rotate_angle": -4.14, "rotate_angle_pred": -5.2168990794181695}