{"centroid": [-0.08420857921175484, 0.48416791856288904, 0.4986653191529954], "extents": [0.1531709730776055, 0.25390562415122986, 0.057721551513398195], "rotate_angle": -39.41, "rotate_angle_pred": -37.54197771754972}