{"centroid": [-0.029726197081893224, -0.06168074905872355, 0.4589833422090261], "extents": [0.8049081583098281, 0.00022451579570775815, 0.04505601163496581], "rotate_angle": -12.19, "rotate_angle_pred": -13.802814704818331}