{"centroid": [-0.020888507513841803, 0.04423528164625157, 0.4505019308700916], "extents": [0.8204437316348246, 0.012239083647727994, 0.04529876908768132], "rotate_angle": -4.28, "rotate_angle_pred": -5.348249961647312}