{"centroid": [0.014934053165979087, 0.07741970568895332, 0.45053561383075535], "extents": [0.8172512003546064, 0.016633301973342993, 0.049837868350307346], "rotate_angle": 28.33, "rotate_angle_pred": 28.159938703606514}