{"centroid": [0.10228492393960985, -0.14670947566628462, 0.39995685183366986], "extents": [0.6649277367456836, 0.05804645270109185, 0.06966611907697934], "rotate_angle": 36.88, "rotate_angle_pred": 29.226880438727335}