{"centroid": [0.01389094636652733, 0.04901213198900214, 0.4513676477682953], "extents": [0.8206595260625216, 0.014155790209770293, 0.0487583358762011], "rotate_angle": 26.59, "rotate_angle_pred": 26.476992948924902}