{"centroid": [0.06316370058262982, 0.15121284127235401, 0.5596678066049825], "extents": [0.19770141013748557, 0.13224789500236517, 0.07002587640471591], "rotate_angle": 31.71, "rotate_angle_pred": 27.961512866088825}