{"centroid": [-0.34427878065748263, 0.38364287465810765, 0.41412563586435724], "extents": [0.35941424695460766, 0.05710147321224218, 0.06243838322872236], "rotate_angle": 38.79, "rotate_angle_pred": 43.969531273872605}