{"centroid": [0.361059760167348, 0.382645159959793, 0.4134190488068055], "extents": [0.34923230939734395, 0.12422704696655279, 0.07417737551989012], "rotate_angle": -42.35, "rotate_angle_pred": -42.810183313080636}