{"centroid": [-0.1821735068168597, -0.22297781705856323, 0.27637248990634067], "extents": [0.0009103864541274709, 0.2601161599159241, 0.025807891352567558], "rotate_angle": -34.67, "rotate_angle_pred": -32.56941582166479}