{"centroid": [-0.09004813880251542, 0.2501121461391449, 0.27871715180389584], "extents": [0.0349199184169149, 0.16556248068809512, 0.02700759907452077], "rotate_angle": -1.74, "rotate_angle_pred": -3.472397017440315}