{"centroid": [-0.011975676053591539, 0.6415679417550563, 0.6023933443847398], "extents": [0.2511897144089786, 0.010386459529399872, 0.052503106444227954], "rotate_angle": -3.28, "rotate_angle_pred": -4.456428767264811}