{"centroid": [-0.015615137016233708, 0.28802634775638575, 0.4730741597270073], "extents": [0.02001106762879482, 0.24252870678901675, 0.058496744137385814], "rotate_angle": -40.52, "rotate_angle_pred": -38.594547225504826}