{"centroid": [0.02160140693490158, 0.35873045027256006, 0.36413164327589], "extents": [0.07910004393121556, 0.14637246727943426, 0.06096851929742647], "rotate_angle": -20.26, "rotate_angle_pred": -20.538415361128614}