{"centroid": [0.03897666907770943, 0.3127965256571769, 0.5249322113638681], "extents": [0.30055099473883135, 0.09158490598201752, 0.057243782547271915], "rotate_angle": 4.25, "rotate_angle_pred": 3.0542745325265344}