{"centroid": [0.002992292435964848, 0.5302000790834426, 0.5822560878918672], "extents": [0.3642178253442846, 0.003568202257156372, 0.07595926680895204], "rotate_angle": -36.68, "rotate_angle_pred": -37.50137233386233}