{"centroid": [0.06125694659604474, -0.05330587923526775, 0.5003235236160074], "extents": [0.8788989362261772, 0.06959982216358189, 0.08324265646711576], "rotate_angle": 9.7, "rotate_angle_pred": 6.866023436429799}