{"centroid": [0.07024785767078226, 0.5500703621655701, 0.5067437063503261], "extents": [0.8633857766475233, 0.03517070785164833, 0.09437915465266578], "rotate_angle": -19.31, "rotate_angle_pred": -24.37172944409525}