{"centroid": [0.8384621810484064, -0.043157786130905325, 0.24658748088945592], "extents": [0.10588532558587926, 0.35515522956848145, 0.08982492875056555], "rotate_angle": -42.7, "rotate_angle_pred": -41.02931113642853}