{"centroid": [0.02906553607173762, 0.7303813844919204, 0.5668112652165065], "extents": [0.5592664539132467, 0.029080480337142944, 0.07787507854493203], "rotate_angle": 18.58, "rotate_angle_pred": 18.526963108085212}