{"centroid": [0.8829773331496524, 0.12471549212932577, 0.24100999497230868], "extents": [0.04660668269850965, 0.46497467160224915, 0.10520370407864996], "rotate_angle": -15.93, "rotate_angle_pred": -12.974716875966735}