{"centroid": [0.5508699629674295, -0.5619314573705196, 0.35280736119021805], "extents": [0.1277852943139312, 0.06826478987932205, 0.05697963345122442], "rotate_angle": 16.01, "rotate_angle_pred": 17.733446382928463}