{"centroid": [0.03681451469958885, 0.008745931088924321, 0.4090382028695293], "extents": [0.5866507320729203, 0.013710260391235402, 0.08412332874305456], "rotate_angle": 15.24, "rotate_angle_pred": 14.45559318440074}