{"centroid": [-0.03696213904797646, 0.15332976728677736, 0.536276075004174], "extents": [0.7597867128161939, 0.0026303976774216253, 0.06354297595277636], "rotate_angle": 21.11, "rotate_angle_pred": 21.307291706350355}