{"centroid": [0.01849580052643144, 0.45412889122962946, 0.40459493145702174], "extents": [0.6075771829142984, 0.10295128822326671, 0.07451817126052962], "rotate_angle": -36.59, "rotate_angle_pred": -33.890838172676325}