{"centroid": [-0.042227069207150615, -0.33317857235670095, 0.5584325259728673], "extents": [0.6733273054283535, 0.010740861296653859, 0.06624116538569602], "rotate_angle": -33.16, "rotate_angle_pred": -33.67676726855739}