{"centroid": [-0.040543192416293644, 0.5473971627652645, 0.5202667179132396], "extents": [0.9287666174675311, 0.017386369407177082, 0.06884715774524608], "rotate_angle": 33.69, "rotate_angle_pred": 33.232715505477515}