{"centroid": [-0.0681134549969973, 0.002176553010940524, 0.2183058084918319], "extents": [0.030111856769621123, 0.2929102182388305, 0.040974568590625066], "rotate_angle": -27.46, "rotate_angle_pred": -30.37047567755195}