{"centroid": [-0.17294774513194067, -0.4337307512760163, 0.29708769237955135], "extents": [0.005584016387846447, 0.2623206973075867, 0.014176711301842448], "rotate_angle": -11.06, "rotate_angle_pred": -9.893379075497066}