{"centroid": [-0.27029807146831286, 0.553548702970147, 0.3770802327325382], "extents": [0.2855658827592019, 0.054152268916368484, 0.04651940611345773], "rotate_angle": 7.68, "rotate_angle_pred": 9.395675842170604}