{"centroid": [-0.06450636054493755, 0.4423393160104751, 0.36948609924108744], "extents": [0.25874656622846876, 0.08252105116844177, 0.03626920308635223], "rotate_angle": -34.31, "rotate_angle_pred": -34.53130536719456}