{"centroid": [0.017892846099234475, -0.3336214795708657, 0.4486095695091241], "extents": [0.25855047187225444, 0.0230855792760849, 0.05039250237477594], "rotate_angle": 0.12, "rotate_angle_pred": -1.9833158167450335}