{"centroid": [-0.09220286049162227, 0.5096023753285407, 0.38882058021279065], "extents": [0.25236269428733976, 0.07182492315769207, 0.051052725990100356], "rotate_angle": -29.52, "rotate_angle_pred": -28.139734282947153}