{"centroid": [-0.08214436342866344, 0.30807934701442713, 0.46980735411600205], "extents": [0.033544748859497237, 0.16998246312141418, 0.033044230033284494], "rotate_angle": -9.35, "rotate_angle_pred": -9.476455008591103}