{"centroid": [0.2811837354591565, 0.14109701290726656, 0.25374719656776046], "extents": [0.6148031326725079, 0.037896685302257566, 0.05844442520486712], "rotate_angle": 9.97, "rotate_angle_pred": 11.586328103021884}