{"centroid": [-0.01318199683124512, 0.14599944557994599, 0.29062225385605434], "extents": [0.033857523476852225, 0.3107513189315796, 0.03686894376433786], "rotate_angle": -11.2, "rotate_angle_pred": -9.60276496814096}