{"centroid": [0.20003452074546554, 0.617376884445548, 0.3816795933659023], "extents": [0.365366195901341, 0.06039552018046379, 0.05717440403874208], "rotate_angle": -24.87, "rotate_angle_pred": -27.069672979238128}