{"centroid": [0.20037638767409538, 0.5409410409629344, 0.39280168136900406], "extents": [0.25645172738225314, 0.07183941453695297, 0.05440538406747103], "rotate_angle": -21.84, "rotate_angle_pred": -23.318671567482028}