{"centroid": [0.003965173576705543, 0.5122550856322049, 0.3985072090155979], "extents": [0.2533993410391081, 0.04306414350867277, 0.05347979414705584], "rotate_angle": 43.32, "rotate_angle_pred": 38.24481281371669}