{"centroid": [0.3353140571826193, -0.37847950682044035, 0.4184639700745882], "extents": [0.1918985293767885, 0.05698937922716141, 0.046441626920734114], "rotate_angle": -9.26, "rotate_angle_pred": -9.81424644040277}