{"centroid": [-0.25899491448421924, 0.5334201306104659, 0.421484917348782], "extents": [0.2299595237665279, 0.012577325105667114, 0.0363515699531477], "rotate_angle": 7.48, "rotate_angle_pred": 7.374520742715362}