{"centroid": [0.011415644348248677, -0.003030553460121231, 0.49647515060214464], "extents": [0.1321071785461403, 0.18452252447605136, 0.06242032122732705], "rotate_angle": -43.96, "rotate_angle_pred": -46.29012198530354}