{"centroid": [0.12197245557701547, -0.17353431507945066, 0.4877239783070553], "extents": [0.14635424549697884, 0.10346231609582902, 0.0782837135182845], "rotate_angle": 1.67, "rotate_angle_pred": -0.908117633135987}