{"centroid": [-0.023513535884944675, 0.15034423768520344, 0.559984612438597], "extents": [0.20823039052734982, 0.027938604354858426, 0.05631277693502634], "rotate_angle": -11.07, "rotate_angle_pred": -10.482649791378734}