{"centroid": [-0.20385402185127027, -0.5824533700942993, 0.27144501559540035], "extents": [0.015952333499957977, 0.27758598327636713, 0.02827350740682133], "rotate_angle": -22.29, "rotate_angle_pred": -24.9884032451056}