{"centroid": [-0.13675140285327864, 0.10495063662528983, 0.2988462207417929], "extents": [0.18684446512857625, 0.12369330972433093, 0.02349951453177379], "rotate_angle": 33.77, "rotate_angle_pred": 30.41188851666925}