{"centroid": [-0.2083394251165246, -0.3216091990470887, 0.2873833164856521], "extents": [0.004341483097983628, 0.3104642629623413, 0.025878894965842725], "rotate_angle": -19.33, "rotate_angle_pred": -22.769930943796624}