{"centroid": [0.09591279659051481, 0.2550362199544906, 0.4196219046634171], "extents": [0.36041763800140536, 0.1953460574150086, 0.03800550142759079], "rotate_angle": -42.82, "rotate_angle_pred": -49.08854162959932}