{"centroid": [0.1635638702785457, 0.1191964612808078, 0.41158479207101956], "extents": [0.41514784344061034, 0.23459616303443914, 0.072966471747486], "rotate_angle": 44.13, "rotate_angle_pred": 37.73796524816791}