{"centroid": [-0.0014345754058910157, -0.3605814203619958, 0.443686348808133], "extents": [0.7896113189133456, 0.01321850717067724, 0.0457313719349709], "rotate_angle": 7.87, "rotate_angle_pred": 7.534722368397027}