{"centroid": [-0.0014967791129152364, 0.663397777825594, 0.39302300749135455], "extents": [0.6629942014444473, 0.09252462536096584, 0.07762034929674105], "rotate_angle": -41.62, "rotate_angle_pred": -39.6858751098019}