{"centroid": [-0.4165963777991546, 0.41638221219182003, 0.31930666124144347], "extents": [0.5159468174089202, 0.014350093901157435, 0.07984791880727865], "rotate_angle": 11.22, "rotate_angle_pred": 11.884239203747669}