{"centroid": [-0.23945162767956726, -0.258177012205124, 0.3048403570871769], "extents": [0.0029298812201552504, 0.3361315727233888, 0.020840298420417513], "rotate_angle": -10.13, "rotate_angle_pred": -6.522366211373537}