{"centroid": [-0.22961301753242436, -0.014605656266212543, 0.311808648419282], "extents": [0.012979760736529983, 0.3500814139842987, 0.03990086904040474], "rotate_angle": -1.08, "rotate_angle_pred": 1.531352351590698}