{"centroid": [0.24885205306095043, 0.057772114872932295, 0.5668191278294068], "extents": [0.06539964711668414, 0.19406458735466003, 0.053827084895289534], "rotate_angle": -12.08, "rotate_angle_pred": -9.928345382196312}