{"centroid": [-0.020393970616555644, -0.054267622530460455, 0.44848571388417957], "extents": [0.215936886391225, 0.014383196830749526, 0.05409821175676138], "rotate_angle": 3.18, "rotate_angle_pred": 1.7687004180018562}