{"centroid": [-0.06409069606594194, 0.23240210860967633, 0.437067827948682], "extents": [0.172170715372805, 0.00014953315258028899, 0.05850715252322425], "rotate_angle": -35.4, "rotate_angle_pred": -32.61646408839036}