{"centroid": [-0.17306141032479028, 0.07610258832573881, 0.38435434569794535], "extents": [0.20088307515091045, 0.1700615584850311, 0.06670477971592681], "rotate_angle": 3.64, "rotate_angle_pred": -0.23900075208260319}