{"centroid": [-0.6261422493436433, 0.03576016426086412, 0.22830684114886862], "extents": [0.02929312058886535, 1.7340170145034794, 0.10147130725416029], "rotate_angle": 3.15, "rotate_angle_pred": 11.047697474534047}