{"centroid": [0.44400015335922943, -0.038786470890045235, 0.241718224570654], "extents": [0.02565045674342553, 1.838550329208374, 0.08712261981673111], "rotate_angle": -11.44, "rotate_angle_pred": -9.834316012623944}