{"centroid": [0.31769431169128765, 0.3675813265144825, 0.2817341143204988], "extents": [0.4896558933428862, 0.023427166044712178, 0.05713405963597712], "rotate_angle": -13.33, "rotate_angle_pred": -9.400745071321552}