{"centroid": [-0.3638143044317982, 0.3039644695818424, 0.37453176771534946], "extents": [0.591124901982411, 0.014139778912067469, 0.055763543571668406], "rotate_angle": 4.25, "rotate_angle_pred": 2.1662977517163853}