{"centroid": [-0.10418351218199998, 0.5535309612751006, 0.5895374574155807], "extents": [0.058606477097134985, 0.2697242498397827, 0.05644399817739254], "rotate_angle": -6.71, "rotate_angle_pred": -5.699300503483826}