{"centroid": [0.021493460800186825, 0.5743732005357741, 0.42698917588131646], "extents": [0.5850378291572181, 0.0199601948261261, 0.06494771707665575], "rotate_angle": -14.17, "rotate_angle_pred": -18.0425840073392}