{"centroid": [0.28389001248948503, 0.4832273423671722, 0.360160293263286], "extents": [0.40503869131529513, 0.02129805088043213, 0.08138558403347812], "rotate_angle": 22.21, "rotate_angle_pred": 20.820701081500133}