{"centroid": [-0.37105139723587366, 0.5510720238089561, 0.42817506234696434], "extents": [0.313037807673278, 0.004316404461860768, 0.05497230873472864], "rotate_angle": -25.78, "rotate_angle_pred": -26.50762097972207}