{"centroid": [-0.2258764821653687, 0.4511524066329001, 0.3844398556735575], "extents": [0.2830558435792566, 0.015625044703483637, 0.06548076161319816], "rotate_angle": 33.77, "rotate_angle_pred": 34.59171003422615}