{"centroid": [-0.31628835730000016, 0.15463586337864388, 0.35553499268963173], "extents": [0.1852408044792674, 0.3519764840602875, 0.05655366161878078], "rotate_angle": 20.37, "rotate_angle_pred": 18.279141331283498}