{"centroid": [0.3166479597895211, 0.5234150476753712, 0.3882140017145792], "extents": [0.22577702469798833, 0.02312234789133072, 0.06112295245877608], "rotate_angle": 38.02, "rotate_angle_pred": 35.28669052032052}