{"centroid": [-0.376034189394984, 0.2977988086640834, 0.45342707114081704], "extents": [0.3181868174099971, 0.018481425940990448, 0.043339080816628295], "rotate_angle": 4.69, "rotate_angle_pred": 3.479240328193683}