{"centroid": [-0.10488443260574112, 0.5467551127076148, 0.4192146648736854], "extents": [0.28542759435123566, 0.010968878865242004, 0.062874621366656], "rotate_angle": 38.95, "rotate_angle_pred": 39.91572564892013}