{"centroid": [0.13000902716195412, 0.136115688830614, 0.45890566629551033], "extents": [0.14209158963266652, 0.11161128431558613, 0.09408310217743149], "rotate_angle": 35.17, "rotate_angle_pred": 29.562134370476144}