{"centroid": [0.018072501392538902, 0.4884134009480476, 0.4575397989174034], "extents": [0.18556084718363175, 0.053605690598487854, 0.08685120701243831], "rotate_angle": -22.6, "rotate_angle_pred": -28.25726326395892}