{"centroid": [-0.0056768710268554345, 0.733097344636917, 0.542531071900818], "extents": [0.6721848234714773, 0.017543256282806396, 0.11622498904047701], "rotate_angle": -15.54, "rotate_angle_pred": -17.53164959905608}