{"centroid": [0.06584133150234812, 0.49060139060020436, 0.5395487784727349], "extents": [0.22050725760843007, 0.14123171567916865, 0.05442561420586034], "rotate_angle": 7.44, "rotate_angle_pred": 2.902286233058291}