{"centroid": [0.08646542919550973, 0.03735626488924021, 0.24559686771156727], "extents": [0.022224165184259265, 0.3050558269023895, 0.05433585045225295], "rotate_angle": 33.54, "rotate_angle_pred": 29.98173823784522}