{"centroid": [0.011312864033750572, -0.0505614131689072, 0.24398204533396725], "extents": [0.01547317239768846, 0.31599926948547363, 0.0356402591000457], "rotate_angle": -19.52, "rotate_angle_pred": -22.279864023916133}