{"centroid": [0.09634872712556933, 0.0355817377567291, 0.247408392555408], "extents": [0.02134058648853883, 0.3007693588733673, 0.05522209468902997], "rotate_angle": 41.7, "rotate_angle_pred": 37.58977070429606}