{"centroid": [0.21906055457155776, 0.5679031312465667, 0.5860780927638709], "extents": [0.07346600266844791, 0.16866457462310797, 0.07308174642616849], "rotate_angle": 41.21, "rotate_angle_pred": 40.94165727212854}