{"centroid": [-0.30317158290746227, 0.37664888799190516, 0.34629264612792904], "extents": [0.241801185133667, 0.0043651163578034, 0.042258094600831464], "rotate_angle": 29.69, "rotate_angle_pred": 30.44812459877484}