{"centroid": [0.17327137605853174, 0.5192392654716967, 0.3201160126305965], "extents": [0.23162404176187276, 0.05018744617700571, 0.05769767357626837], "rotate_angle": -40.17, "rotate_angle_pred": -37.34250359160056}