{"centroid": [-0.008667119634764874, 0.6523791849613189, 0.6298200492722155], "extents": [0.21890969497771728, 0.008740127086639404, 0.059751517861400094], "rotate_angle": -29.11, "rotate_angle_pred": -30.621527685643173}