{"centroid": [0.18959074639850343, -0.12560294568538669, 0.18624233373767848], "extents": [0.027940541572829436, 0.09703409671783446, 0.02677537507280428], "rotate_angle": -35.14, "rotate_angle_pred": -36.86592930594262}