{"centroid": [0.018701700794565533, -0.39309010654687887, 0.3548554828412531], "extents": [0.9348145763327771, 0.016148790717124994, 0.08067151938611827], "rotate_angle": -15.44, "rotate_angle_pred": -19.295974955451854}