{"centroid": [-0.013231509763246913, 0.34945074841380114, 0.3795884560368411], "extents": [0.7197838239887921, 0.10720511525869375, 0.06329064652907834], "rotate_angle": -7.56, "rotate_angle_pred": -6.939936266842537}