{"centroid": [-0.0005864592863436815, 0.3835016041994094, 0.41001609236579334], "extents": [0.11695111419709622, 0.13660523295402532, 0.028266792819082287], "rotate_angle": -31.2, "rotate_angle_pred": -29.12971186746588}