{"centroid": [-0.013725488517351836, -0.027683027088642193, 0.3576774879403235], "extents": [0.9771360304069793, 0.009971290826797572, 0.07711364443410434], "rotate_angle": -15.66, "rotate_angle_pred": -17.99660510864112}