{"centroid": [-0.019303904282370297, 0.353122591972351, 0.4124453431825531], "extents": [0.11527409509565631, 0.1474879384040833, 0.03428415240298144], "rotate_angle": -18.1, "rotate_angle_pred": -17.047576124727655}