{"centroid": [0.04458084412481266, 0.5480866581201553, 0.3691890608865437], "extents": [0.6843210047829792, 0.05058744549751293, 0.071802916085003], "rotate_angle": 29.36, "rotate_angle_pred": 26.322027127382896}