{"centroid": [0.041841853062709856, 0.26174291968345637, 0.5196113206137948], "extents": [0.1273436086647451, 0.17052051424980164, 0.06450522626966976], "rotate_angle": 9.43, "rotate_angle_pred": 7.661135374219157}