{"centroid": [-0.034199121961868806, 0.6410674564540385, 0.5768806684791739], "extents": [0.21650643532347094, 0.011925719678401947, 0.04989539060461412], "rotate_angle": -38.49, "rotate_angle_pred": -36.70953688826382}