{"centroid": [0.07373699324277119, -0.10117570310831081, 0.5298482729031305], "extents": [0.09670985795032339, 0.19223891198635104, 0.06754407499626147], "rotate_angle": 24.22, "rotate_angle_pred": 23.393911775475203}