{"centroid": [0.0213713780542003, 0.5712033919990063, 0.4462070848497972], "extents": [0.5949890527020363, 0.0052560195326806225, 0.06561260574996225], "rotate_angle": -33.67, "rotate_angle_pred": -34.83559698856694}