{"centroid": [0.6902460176433177, -0.3564701080322266, 0.2317555345048222], "extents": [0.20084568962783134, 0.15687054395675665, 0.06453292850497691], "rotate_angle": -13.05, "rotate_angle_pred": -10.706991352879129}