{"centroid": [0.04627723644800741, -0.024833273142576297, 0.4221736305059349], "extents": [0.4244043116893613, 0.0019195675849915037, 0.06663062244306539], "rotate_angle": 24.59, "rotate_angle_pred": 21.831831437741343}