{"centroid": [0.019888997239746933, 0.5975028201937674, 0.40870614437252695], "extents": [0.48558211439120136, 0.014941319823265076, 0.05517005188136359], "rotate_angle": 16.82, "rotate_angle_pred": 15.67507313289451}