{"centroid": [0.04012477134985849, 0.26930687949061377, 0.4176004756281669], "extents": [0.434927989286877, 0.03016790002584463, 0.06689339711814185], "rotate_angle": 24.14, "rotate_angle_pred": 21.99616544980968}