{"centroid": [-0.07796645607751934, 0.0655403342097997, 0.4134373353930386], "extents": [0.3339792585622358, 0.10937803238630302, 0.05466879315726614], "rotate_angle": 36.22, "rotate_angle_pred": 26.78917807485817}