{"centroid": [0.032864994274293964, -0.20065142214298248, 0.2893284604210775], "extents": [0.01809571708247268, 0.3033038675785064, 0.02744652741080955], "rotate_angle": 22.67, "rotate_angle_pred": 24.416649954601226}