{"centroid": [-0.0330873403858524, -0.17909792065620422, 0.28220463497087683], "extents": [0.028675630352465724, 0.2999193668365478, 0.03363886063594829], "rotate_angle": 6.61, "rotate_angle_pred": 7.202709197749456}