{"centroid": [0.08736721784644898, 0.5187791138887404, 0.25892801766516], "extents": [0.02758589406283385, 0.278748720884323, 0.03122675254485624], "rotate_angle": -6.84, "rotate_angle_pred": -8.794018315762571}