{"centroid": [-0.1062479603095636, 0.05443285405635824, 0.4285328412952864], "extents": [0.670384405504357, 0.027901723980903688, 0.06079304204335123], "rotate_angle": 24.6, "rotate_angle_pred": 20.73057177563821}