{"centroid": [-0.4795890308570894, 0.49518275260925293, 0.3074133077808583], "extents": [0.1996667991903851, 0.006332874298095759, 0.041565455720225075], "rotate_angle": -39.74, "rotate_angle_pred": -39.139183978117885}