{"centroid": [0.43218585436672263, 0.22580830007791516, 0.3380880973183662], "extents": [0.23067894928245603, 0.02460433542728427, 0.037082516220013295], "rotate_angle": 35.49, "rotate_angle_pred": 34.68845850335465}