{"centroid": [-0.006554059525295301, 0.19173563271760935, 0.3872525511503738], "extents": [0.9337747003499913, 0.027452573180198725, 0.06257423695840114], "rotate_angle": 21.34, "rotate_angle_pred": 18.842447859964864}