{"centroid": [-0.5178981356907486, 0.07463897764682768, 0.3626678734938231], "extents": [0.2547521028406657, 0.015168830752372783, 0.039781492722957223], "rotate_angle": -32.66, "rotate_angle_pred": -33.03783790994725}