{"centroid": [-0.0003332367875123615, 0.5676553025841713, 0.3982639784088551], "extents": [0.8855865185400562, 0.002220466732978932, 0.06655519593745479], "rotate_angle": 23.56, "rotate_angle_pred": 21.40751312952925}