{"centroid": [0.45558075311889745, 0.3538189753890037, 0.2811722610339435], "extents": [0.16650884079955114, 0.023190245032310486, 0.03089164425734614], "rotate_angle": -38.78, "rotate_angle_pred": -39.10148570772269}