{"centroid": [-0.038573886880024, 0.2593402415513992, 0.3541005261976306], "extents": [0.10237074118909197, 0.044762611389160156, 0.04409662729155989], "rotate_angle": 25.74, "rotate_angle_pred": 22.485840492514413}