{"centroid": [0.06047120821527128, 0.545355625450611, 0.35967640933276646], "extents": [0.28815278731535987, 0.01565326750278473, 0.048802994734672256], "rotate_angle": 19.09, "rotate_angle_pred": 18.682188501282553}