{"centroid": [-0.0007221037142282859, 0.637803167104721, 0.48762639791546347], "extents": [0.42773219980562344, 0.0027417540550231934, 0.059533689223292], "rotate_angle": -22.88, "rotate_angle_pred": -23.270993277996027}