{"centroid": [-0.39627390107316535, 0.5844056531786919, 0.3313560848507805], "extents": [0.15568504962754987, 0.010815277695655823, 0.05218321741273796], "rotate_angle": -21.5, "rotate_angle_pred": -21.179710541819276}