{"centroid": [0.05266694036818642, 0.4615703076124191, 0.39247271364957065], "extents": [0.27748307304360065, 0.07735362648963928, 0.06220221456399794], "rotate_angle": -25.08, "rotate_angle_pred": -30.60661940780504}