{"centroid": [0.0019119497714142183, -0.06719671189785008, 0.25459182959394644], "extents": [0.01884525990500933, 0.31014394760131836, 0.034439239215530965], "rotate_angle": -31.73, "rotate_angle_pred": -33.20994933804097}