{"centroid": [0.08797077003966523, 0.03626732528209682, 0.22975940118755916], "extents": [0.027827643269848018, 0.30371540784835815, 0.05512927926705913], "rotate_angle": 28.56, "rotate_angle_pred": 24.62697525524696}