{"centroid": [-0.03026416166329656, 0.5294353514909743, 0.6313777971636377], "extents": [0.33713805531913266, 0.026857644319534302, 0.058255318304135884], "rotate_angle": 17.84, "rotate_angle_pred": 17.554694153474003}