{"centroid": [0.1083086298427516, 0.11998491734266271, 0.5455602439562381], "extents": [0.265058482655841, 0.10942830145359043, 0.05572102858857986], "rotate_angle": -38.01, "rotate_angle_pred": -46.74117439053484}