{"centroid": [-0.01050956119238693, -0.10889862477779394, 0.2644085381001781], "extents": [0.02503807881050566, 0.28416368365287775, 0.030058794183612736], "rotate_angle": 14.42, "rotate_angle_pred": 11.653425655476326}