{"centroid": [0.06353155291364586, 0.04155158251523965, 0.22142837457441955], "extents": [0.024966902763256638, 0.29593595862388605, 0.05197336469015654], "rotate_angle": -2.18, "rotate_angle_pred": -3.8525369994971186}