{"centroid": [-0.1490560493201931, -0.4614776596426964, 0.22130510026778627], "extents": [0.12323081008160602, 0.1703474074602127, 0.0844090226209463], "rotate_angle": -4.42, "rotate_angle_pred": -7.315536198671168}