{"centroid": [-0.2569378662706032, 0.3164931237697601, 0.42865238414059864], "extents": [0.21835497259676856, 0.2447161376476288, 0.06820502206519247], "rotate_angle": 40.27, "rotate_angle_pred": 36.83041778370975}