{"centroid": [0.7104150781828376, -0.30726116895675665, 0.18966856124372175], "extents": [0.1512285150534134, 0.14615660905838015, 0.07034127310012889], "rotate_angle": 0.92, "rotate_angle_pred": 1.832883114868892}