{"centroid": [0.01920679813900091, 0.6780895441770552, 0.5864966493621357], "extents": [0.387933378423041, 0.0017526447772979736, 0.05808144882253552], "rotate_angle": -32.75, "rotate_angle_pred": -35.01453093152112}