{"centroid": [0.016544978253979284, -0.24412294849753388, 0.5652146696484222], "extents": [0.4161193774718148, 0.031885154545307215, 0.07494009476840024], "rotate_angle": 37.21, "rotate_angle_pred": 35.15925900450725}