{"centroid": [0.06324061512963515, 0.2639989331364631, 0.520263045045172], "extents": [0.24921742425284385, 0.1210034042596817, 0.0666724750652265], "rotate_angle": 15.21, "rotate_angle_pred": 8.460770650357446}