{"centroid": [0.08414216890361229, 0.5619907081127166, 0.5142848402757485], "extents": [0.1785464589967488, 0.09603065252304077, 0.07018873115718605], "rotate_angle": 17.87, "rotate_angle_pred": 15.556502544789737}