{"centroid": [0.05540112980805957, 0.1132037136703729, 0.4969164122739574], "extents": [0.7399554790840113, 0.17883601784706132, 0.08294586772465884], "rotate_angle": -37.94, "rotate_angle_pred": -37.65535712553207}