{"centroid": [0.06304051010816938, 0.24358761310577387, 0.5064522036336366], "extents": [0.176751466803357, 0.14425283670425415, 0.06441928526402685], "rotate_angle": -14.48, "rotate_angle_pred": -21.30909091927485}