{"centroid": [-0.12692084465027384, 0.0956419706344604, 0.33164196060907125], "extents": [0.017208501526007336, 0.3210602402687073, 0.030046596825309135], "rotate_angle": 35.71, "rotate_angle_pred": 36.65082767152319}