{"centroid": [0.039945830568477024, -0.05555316805839547, 0.42129300202395314], "extents": [0.5153876626364362, 0.004276424646377647, 0.07670904074940105], "rotate_angle": -40.6, "rotate_angle_pred": -40.349193320948714}