{"centroid": [-0.014890879291344108, 0.26171413064002985, 0.39567997481779305], "extents": [0.37800716666313955, 0.0746462941169739, 0.04262355264985085], "rotate_angle": 1.69, "rotate_angle_pred": 1.5106032746188873}