{"centroid": [0.042529825839754155, 0.2515264004468918, 0.2948726133193423], "extents": [0.022542714853859162, 0.3476162850856782, 0.02903804713618985], "rotate_angle": -3.18, "rotate_angle_pred": -2.1796783796494026}