{"centroid": [-0.023553567524031156, -0.2893208116292954, 0.293942020109942], "extents": [0.00795231754966013, 0.33229169249534607, 0.02696021258197545], "rotate_angle": -11.32, "rotate_angle_pred": -10.35863769789674}