{"centroid": [-0.007771682279524246, 0.12291905283927912, 0.23904439565560806], "extents": [0.02636384983926872, 0.30160507559776306, 0.04693675076694562], "rotate_angle": -35.16, "rotate_angle_pred": -32.21402377532185}