{"centroid": [0.021887852143227388, -0.1910551488399506, 0.27513947400476363], "extents": [0.014910757517080849, 0.35869139432907104, 0.027723343997204164], "rotate_angle": -28.89, "rotate_angle_pred": -27.83400878580224}