{"centroid": [0.5431604613822804, -0.4223968833684921, 0.27728241642666096], "extents": [0.21881538268880346, 0.14831861853599554, 0.08212376250570899], "rotate_angle": 8.62, "rotate_angle_pred": 12.088529901583257}