{"centroid": [0.00448911082224412, 0.14869175571948284, 0.2637842184387928], "extents": [0.004613697629044211, 0.27194109559059143, 0.028125163778566414], "rotate_angle": 12.34, "rotate_angle_pred": 13.57361473678641}