{"centroid": [0.05105110718582655, 0.009908363223075829, 0.2011140795269076], "extents": [0.029509120213531595, 0.3060972988605499, 0.044207864294764226], "rotate_angle": 21.52, "rotate_angle_pred": 19.674900097692827}