{"centroid": [0.03311559560547388, 0.03992902487516399, 0.19374455675612376], "extents": [0.027060232694711337, 0.2978200912475586, 0.03772921064710652], "rotate_angle": -16.18, "rotate_angle_pred": -17.269666970415102}