{"centroid": [0.02708972413065871, 0.04905700683593746, 0.1927539412531719], "extents": [0.018461398565320957, 0.2950652837753296, 0.036194227214296354], "rotate_angle": -21.67, "rotate_angle_pred": -22.378143833452597}