{"centroid": [0.06839519102344546, 0.29348273575305933, 0.2505176550946869], "extents": [0.021059245093412456, 0.28403428196907043, 0.02493880342937138], "rotate_angle": 26.76, "rotate_angle_pred": 24.21458662953198}