{"centroid": [0.7063210397894685, -0.27942021191120153, 0.335329140921346], "extents": [0.11454591240432588, 0.297799676656723, 0.08599536184990952], "rotate_angle": -6.11, "rotate_angle_pred": -3.224044124682166}