{"centroid": [0.05105409689106029, 0.06358663737773888, 0.27195533363430635], "extents": [0.0022872686053419314, 0.3361551761627197, 0.052072677003905554], "rotate_angle": 12.67, "rotate_angle_pred": 10.606782079808127}