{"centroid": [0.04264796422816944, 0.103763997554779, 0.27045809300107154], "extents": [0.0039186701839479116, 0.3351232409477234, 0.05382835955808407], "rotate_angle": 10.26, "rotate_angle_pred": 8.432453723465784}