{"centroid": [-0.005116680897799484, 0.2588169947266578, 0.3193316578125329], "extents": [0.03312037970452049, 0.31031227111816406, 0.030179084124231703], "rotate_angle": 10.82, "rotate_angle_pred": 10.966367463620543}