{"centroid": [0.03809415438752173, 0.30272972956299776, 0.5466199332296122], "extents": [0.9231219632206767, 0.0221154764294626, 0.0813936621172745], "rotate_angle": 40.39, "rotate_angle_pred": 39.1279203317666}