{"centroid": [0.021432547844530844, 0.5589893832802771, 0.5460086402304243], "extents": [0.9565286694203234, 0.004598334431648254, 0.0826305379500617], "rotate_angle": -19.3, "rotate_angle_pred": -23.068138511670867}