{"centroid": [-0.22229262376478978, -0.11550463736057283, 0.2841570895342281], "extents": [0.02594749650097275, 0.31131145358085627, 0.04422980582065389], "rotate_angle": -8.06, "rotate_angle_pred": -8.328883884839385}