{"centroid": [-0.09026738363542418, 0.014449834823608343, 0.24712481571027461], "extents": [0.02895703160215865, 0.31988343596458435, 0.0366193651330084], "rotate_angle": 43.66, "rotate_angle_pred": 38.755288820978365}