{"centroid": [-0.1213846442837061, 0.006686642765998802, 0.20529997750043602], "extents": [0.01907931980040989, 0.30489230155944824, 0.04320996924477727], "rotate_angle": -12.67, "rotate_angle_pred": -14.492316153540571}