{"centroid": [0.6502410135776338, -0.39620463550090795, 0.281142349948192], "extents": [0.15626155968380495, 0.3564576208591461, 0.09468824942264295], "rotate_angle": -18.25, "rotate_angle_pred": -14.051863212318281}