{"centroid": [-0.12422787775004224, 0.11738039925694464, 0.18401752651499712], "extents": [0.028445072598128257, 0.2654038667678833, 0.051587444027351076], "rotate_angle": -28.89, "rotate_angle_pred": -30.447256587154165}