{"centroid": [-0.604066762890833, 0.48041390627622604, 0.23777030412899167], "extents": [0.1455313581786235, 0.009530529379844721, 0.06350384733076367], "rotate_angle": -42.94, "rotate_angle_pred": -34.804845615842396}