{"centroid": [-0.016139582789404444, 0.6317611262202263, 0.39327637825557654], "extents": [0.5340903427278367, 0.0038987547159196057, 0.06458780200812347], "rotate_angle": -35.06, "rotate_angle_pred": -34.76319824558742}