{"centroid": [-0.3855223109848287, 0.3033938258886337, 0.39474333122654176], "extents": [0.3941659810979193, 0.002184420824050959, 0.05146754381079621], "rotate_angle": -2.17, "rotate_angle_pred": -2.0945709803968953}