{"centroid": [0.36314577991041946, 0.2559418939054012, 0.4261422029005823], "extents": [0.396393400172084, 0.03557118028402331, 0.04832426600772538], "rotate_angle": 33.51, "rotate_angle_pred": 36.2398669527426}