{"centroid": [0.586757995530554, -0.505125716328621, 0.2868724595155377], "extents": [0.16828871128510847, 0.17818757891654974, 0.0833959448057974], "rotate_angle": -9.83, "rotate_angle_pred": -6.096811671844264}