{"centroid": [-0.03024044013597844, 0.1650904938578605, 0.24663881958882924], "extents": [0.021456554077288525, 0.30782476067543024, 0.04680985858172604], "rotate_angle": -27.6, "rotate_angle_pred": -24.463619975869463}