{"centroid": [-0.016403978944683817, 0.13921154662966725, 0.23964206575013455], "extents": [0.017421022063902385, 0.3050695061683655, 0.04470169545854252], "rotate_angle": -34.19, "rotate_angle_pred": -30.291508368053975}