{"centroid": [0.08687317147442832, 0.45562557876110066, 0.2531122669920324], "extents": [0.02864435278487884, 0.3056868612766266, 0.02462564377275958], "rotate_angle": -24.56, "rotate_angle_pred": -24.583081549980008}