{"centroid": [0.0306418740770259, 0.00948400795459741, 0.32703352529240554], "extents": [0.01140364989009595, 0.31635588407516474, 0.03867816127317458], "rotate_angle": 37.87, "rotate_angle_pred": 36.13763292805319}