{"centroid": [0.03438275578653542, 0.06532374769449228, 0.19853101520671396], "extents": [0.0015371591279523533, 0.3035200834274292, 0.03622235830860304], "rotate_angle": -8.88, "rotate_angle_pred": -9.535586247527363}