{"centroid": [-0.0003124085610816552, 0.09601845778524866, 0.47967561386661606], "extents": [0.15191194458051727, 0.1457445472478867, 0.07739219091366678], "rotate_angle": -30.84, "rotate_angle_pred": -36.26175350581855}