{"centroid": [0.022706263148893242, 0.05613163858652111, 0.22118861219875718], "extents": [0.005045041401902251, 0.30919766426086426, 0.051385312864908494], "rotate_angle": 30.5, "rotate_angle_pred": 30.265206930810947}