{"centroid": [-0.0027301740167714854, 0.02914483100175852, 0.25505926278181595], "extents": [0.022505163451126672, 0.29166460037231445, 0.025446131039289277], "rotate_angle": 25.31, "rotate_angle_pred": 20.359556264425535}