{"centroid": [-0.6469168716955831, -0.5314087122678758, 0.4071928612375121], "extents": [0.1558820473256768, 0.018054932355880737, 0.06263829835976648], "rotate_angle": 27.98, "rotate_angle_pred": 26.900995942025915}