{"centroid": [0.04797981411885331, 0.23185541480779642, 0.48103588367808414], "extents": [0.9317210455019475, 0.036840572953224265, 0.07608212643595658], "rotate_angle": 12.23, "rotate_angle_pred": 8.314823539889659}