{"centroid": [0.004574073502666129, -0.12904210388660442, 0.5267968895305499], "extents": [0.989130524872626, 0.00999641418457034, 0.07255642320681743], "rotate_angle": 1.34, "rotate_angle_pred": -1.1266520854528181}