{"centroid": [0.07245119493595231, 0.04312334023416031, 0.4665028877470673], "extents": [0.9229037776639228, 0.06129051744937905, 0.08032345784801914], "rotate_angle": -16.85, "rotate_angle_pred": -20.913592277310528}