{"centroid": [0.0020089074736771503, -0.05416974052786838, 0.52749436723005], "extents": [0.9526016558325314, 0.01145044714212421, 0.06637846571281542], "rotate_angle": -4.1, "rotate_angle_pred": -5.92055435541198}