{"centroid": [-0.3573418973017535, 0.4360014144331216, 0.34417212281924325], "extents": [0.3671368895831101, 0.030290056020021494, 0.06867509966729657], "rotate_angle": 9.47, "rotate_angle_pred": 9.60628912446829}