{"centroid": [0.03212698482415717, 0.448146604001522, 0.4602187730089837], "extents": [0.14191829971886014, 0.15381883084774017, 0.025404695087877793], "rotate_angle": -21.22, "rotate_angle_pred": -23.754995554648474}