{"centroid": [-0.5057205234612856, -0.43588327988982206, 0.3477363867595387], "extents": [0.15147026105666467, 0.013022609055042322, 0.05255907106108526], "rotate_angle": 2.66, "rotate_angle_pred": 6.105740680614531}