{"centroid": [0.047600752143381525, -0.38653539866209036, 0.4433072484663853], "extents": [0.18045825872282178, 0.07354827225208282, 0.02577803229077369], "rotate_angle": -18.33, "rotate_angle_pred": -18.544640263284506}