{"centroid": [0.06441122813772908, -0.3492238856852055, 0.43308559830537613], "extents": [0.15448336172508703, 0.04650788754224777, 0.02611127846199085], "rotate_angle": -7.89, "rotate_angle_pred": -8.52472393790947}