{"centroid": [0.10608150208767861, 0.6742471270263194, 0.41314590538195445], "extents": [0.24108973539811115, 0.008399568498134613, 0.050866012362125124], "rotate_angle": -2.48, "rotate_angle_pred": -5.36024082061472}