{"centroid": [0.787418963990888, -0.41415820270776743, 0.32005868007060967], "extents": [0.08533714174852358, 0.14538584649562836, 0.06910010595858374], "rotate_angle": 38.1, "rotate_angle_pred": 40.02340526700149}