{"centroid": [0.11861720382341912, 0.4904706943780183, 0.39699143720504027], "extents": [0.50009773833401, 0.0614304281771183, 0.07087656667323339], "rotate_angle": 10.05, "rotate_angle_pred": 7.9225483845249585}