{"centroid": [0.04032280378012607, 0.3269715085625648, 0.3160327304178224], "extents": [0.615298636521982, 0.08841748535633098, 0.08326590165590603], "rotate_angle": 43.73, "rotate_angle_pred": 37.62883649161057}