{"centroid": [0.026201492892764883, 0.5676635242998599, 0.34867678541939834], "extents": [0.6683892840788329, 0.10095734149217617, 0.0649236463300562], "rotate_angle": -39.04, "rotate_angle_pred": -44.46996481621918}