{"centroid": [-0.1303058741462377, 0.25850838050246233, 0.44396331196321076], "extents": [0.605451935385301, 0.04561402648687363, 0.058407529599627916], "rotate_angle": 9.74, "rotate_angle_pred": 7.324501546400654}