{"centroid": [0.14616266721439192, 0.5789402835071087, 0.36682048874009787], "extents": [0.5530599941544335, 0.05503108352422725, 0.07806076095013126], "rotate_angle": 33.02, "rotate_angle_pred": 31.092573126848222}