{"centroid": [0.018300522192223015, 0.012175903655588556, 0.4127283274849239], "extents": [0.792381871285895, 0.011727273464202992, 0.06746570669065505], "rotate_angle": 35.27, "rotate_angle_pred": 34.88974990584815}