{"centroid": [-0.023591521067844012, -0.21274600736796861, 0.39813901622546555], "extents": [0.7165563825768559, 0.042888555675745066, 0.09033380604113644], "rotate_angle": 16.8, "rotate_angle_pred": 11.207677553795321}