{"centroid": [0.18818682130571673, -0.3371990844607353, 0.4557324305526671], "extents": [0.587737690326146, 0.03694589436054241, 0.05653867974891574], "rotate_angle": 36.96, "rotate_angle_pred": 37.64149327336054}