{"centroid": [-0.2936093566859863, 0.6495605595409869, 0.371570858708737], "extents": [0.5620274139723109, 0.023060418665409088, 0.07308775436230941], "rotate_angle": 37.29, "rotate_angle_pred": 34.57504619647126}