{"centroid": [-0.0016482198616757301, 0.7225102558732033, 0.4013258107288289], "extents": [0.7888221427303853, 0.02000980079174053, 0.058044811267096874], "rotate_angle": -44.81, "rotate_angle_pred": -48.072760985567285}