{"centroid": [0.09704244704174858, 0.08706339821219435, 0.40244174993573445], "extents": [0.7096612638094384, 0.027295954525470748, 0.059462072012122114], "rotate_angle": 1.82, "rotate_angle_pred": -2.6801810903671424}