{"centroid": [0.03127036723863158, -0.37046718597412115, 0.4083921232331077], "extents": [0.7555397886596368, 0.034560382366180475, 0.043433599965324865], "rotate_angle": -7.63, "rotate_angle_pred": -10.50369615617329}