{"centroid": [0.3576916682969631, 0.2993908459320663, 0.577469433214568], "extents": [0.06467911763296391, 0.5688317418098449, 0.06967315252537643], "rotate_angle": -7.03, "rotate_angle_pred": -2.974694417440517}