{"centroid": [0.005796642411455177, 0.055899709463119465, 0.2192115039084492], "extents": [0.0005137771449691573, 0.3065238893032075, 0.05355740796222158], "rotate_angle": -14.72, "rotate_angle_pred": -14.81278998088547}