{"centroid": [-0.0015872895288707783, 0.048144444823265034, 0.22632734398653687], "extents": [0.009130589568101196, 0.2939843237400055, 0.04192912534552545], "rotate_angle": -34.4, "rotate_angle_pred": -33.591831033116385}