{"centroid": [-0.05718213703491995, -0.08526320755481723, 0.24850695092323571], "extents": [0.061835942874976485, 0.40557757019996643, 0.06716640100516766], "rotate_angle": -33.58, "rotate_angle_pred": -31.76194300601866}