{"centroid": [-0.05663097363662429, 0.2059325575828551, 0.5970053088642643], "extents": [0.8763762630961609, 0.006765842437744279, 0.08517452995229313], "rotate_angle": -35.13, "rotate_angle_pred": -38.840363976802564}