{"centroid": [0.37302881351254463, -0.001566797494888486, 0.6250516090013425], "extents": [0.06910505092371028, 0.5442586541175842, 0.035268503899943515], "rotate_angle": -11.24, "rotate_angle_pred": -8.688507857505556}