{"centroid": [-0.009618188442779355, 0.011669081635773057, 0.5726742652089152], "extents": [1.083709249534793, 0.024283930659294205, 0.0887550197933058], "rotate_angle": 17.29, "rotate_angle_pred": 15.058176601768295}