{"centroid": [0.05994020572205506, 0.39992159232497204, 0.5420256473072558], "extents": [1.016654517228377, 0.0005357339978218634, 0.09073159328912034], "rotate_angle": -0.07, "rotate_angle_pred": -4.679957258996325}