{"centroid": [0.5034592929378948, -0.48165219277143484, 0.24424657677682632], "extents": [0.1548405919231659, 0.061251893639564514, 0.06162388011167205], "rotate_angle": -32.31, "rotate_angle_pred": -34.14536315507461}