{"centroid": [-0.030251254464677968, 0.035451214760541784, 0.5878870646392673], "extents": [1.0691290102650282, 0.028611600399017403, 0.08964723517087869], "rotate_angle": -11.8, "rotate_angle_pred": -13.39070319845284}