{"centroid": [0.10251273322671867, 0.30669758096337313, 0.3282225184770249], "extents": [0.31192912912860726, 0.05301833897829061, 0.05910358438017488], "rotate_angle": -44.77, "rotate_angle_pred": -46.758090971578596}