{"centroid": [-0.2110502008537104, 0.2737461179494856, 0.5190152314451731], "extents": [0.0835950050654207, 0.20680019259452817, 0.04974205637682089], "rotate_angle": -10.76, "rotate_angle_pred": -16.958343426739503}