{"centroid": [-0.3943890092431527, 0.4681812897324562, 0.46281893280144515], "extents": [0.34805157846757623, 0.019262745976448115, 0.05026097605238472], "rotate_angle": -29.29, "rotate_angle_pred": -28.477579689294977}