{"centroid": [0.10278892529300815, 0.416419755667448, 0.35039532942791785], "extents": [0.3346361287626917, 0.01713945716619497, 0.04887267301077053], "rotate_angle": 6.75, "rotate_angle_pred": 3.4337240833903593}