{"centroid": [0.868162263339184, 0.09116286039352416, 0.3962241497886535], "extents": [0.029924764821737893, 0.5362671613693236, 0.05351565332853864], "rotate_angle": 22.1, "rotate_angle_pred": 23.00310736103546}