{"centroid": [0.032902311528172114, 0.06594023853540415, 0.20570346860606809], "extents": [0.009633191063667966, 0.3011733293533325, 0.05308316721724213], "rotate_angle": -18.34, "rotate_angle_pred": -17.02805405239822}