{"centroid": [0.022123058487858352, -0.0030502974987030584, 0.2556715082086779], "extents": [0.010911896758540408, 0.3081798553466797, 0.022635225069090964], "rotate_angle": -22.18, "rotate_angle_pred": -23.23523190487927}