{"centroid": [0.053579851544587116, 0.05131850391626353, 0.20858470729876105], "extents": [0.01821742234152368, 0.308928906917572, 0.0538681753613639], "rotate_angle": 6.29, "rotate_angle_pred": 5.6905184192779785}