{"centroid": [0.06020037740387138, 0.04757373780012127, 0.20984683863838205], "extents": [0.011148713260813875, 0.30884668231010437, 0.057528695569810134], "rotate_angle": 31.07, "rotate_angle_pred": 30.317177063198912}