{"centroid": [0.313310514738635, 0.32795250415801996, 0.34215157809146546], "extents": [0.5027686430806974, 0.03185689449310303, 0.06298049631159675], "rotate_angle": 13.16, "rotate_angle_pred": 12.249526689921169}