{"centroid": [0.13137859054982742, -0.34180097281932836, 0.23753884203075726], "extents": [0.0007883459286778249, 0.1564079225063324, 0.014780606994203582], "rotate_angle": 1.65, "rotate_angle_pred": 2.836342533112017}