{"centroid": [0.01405231104628895, -0.2076379396021367, 0.41387150942663886], "extents": [0.8945295644745643, 0.025217197835445515, 0.07373648745115735], "rotate_angle": -32.2, "rotate_angle_pred": -32.53089121642245}