{"centroid": [0.02796245535732042, 0.31275962665677065, 0.42732722598989115], "extents": [0.9195543414814027, 0.03592077642679231, 0.0842099402946841], "rotate_angle": -38.0, "rotate_angle_pred": -37.15077527749468}