{"centroid": [-0.17388364638464046, -0.10063311457633976, 0.27104358679952334], "extents": [0.015380054692230388, 0.2961217164993286, 0.04423744970749219], "rotate_angle": -3.93, "rotate_angle_pred": -4.886997726315897}