{"centroid": [-0.14784019714661278, 0.27891831099987024, 0.27374614828696986], "extents": [0.00917735715555576, 0.29816576838493347, 0.029350933318096906], "rotate_angle": 5.87, "rotate_angle_pred": 6.926718488580619}