{"centroid": [0.15542511427348152, 0.5597781464457511, 0.4399475804657002], "extents": [0.31068807519666664, 0.017336711287498585, 0.05675609723756703], "rotate_angle": 37.16, "rotate_angle_pred": 37.92069305585515}