{"centroid": [0.04575269425340098, 0.006816744804382262, 0.22501968106085057], "extents": [0.03514627323849828, 0.3139671981334686, 0.04667594598699995], "rotate_angle": -6.29, "rotate_angle_pred": -6.499590559344853}