{"centroid": [0.028204307112212258, 0.6768639050424098, 0.35985993324192955], "extents": [0.40659481099789474, 0.037703029811382294, 0.061460997626315905], "rotate_angle": -9.94, "rotate_angle_pred": -16.5719780194068}