{"centroid": [0.02455898429536498, 0.29241656139492983, 0.4455867690298449], "extents": [0.5059137812121716, 0.006903566420078333, 0.062391525415021076], "rotate_angle": -12.61, "rotate_angle_pred": -14.267954366238598}