{"centroid": [0.009381024371741764, 0.33397641032934183, 0.3762027269952623], "extents": [0.5334125785557685, 0.11946617066860205, 0.05333254514658081], "rotate_angle": -20.73, "rotate_angle_pred": -18.43080884331225}