{"centroid": [0.04846708100425964, 0.24785434454679486, 0.2523501096403575], "extents": [0.00011925399282358001, 0.29685667157173157, 0.03737702214070088], "rotate_angle": -19.05, "rotate_angle_pred": -22.802010901055894}