{"centroid": [-0.022534007370051092, -0.11348427832126626, 0.29319395554671535], "extents": [0.006663978004889857, 0.2615756094455719, 0.025617625199395144], "rotate_angle": 26.12, "rotate_angle_pred": 23.347855302038937}