{"centroid": [0.1068022689939198, -0.00015109777450571932, 0.4984661789307985], "extents": [0.027230881815463723, 0.3457218706607818, 0.06600199054933975], "rotate_angle": -20.73, "rotate_angle_pred": -24.446211057474315}