{"centroid": [-0.15208054931851311, 0.4340086206793785, 0.2644049593522743], "extents": [0.07109785226083315, 0.20787142217159277, 0.039786481184914485], "rotate_angle": -35.62, "rotate_angle_pred": -31.971641613885467}