{"centroid": [0.2796941207498642, 0.2322561368346214, 0.29338373634036224], "extents": [0.15652409375071646, 0.1371806114912033, 0.04040461079833485], "rotate_angle": 4.12, "rotate_angle_pred": 9.393315836327645}