{"centroid": [0.07441610858243618, 0.40096631646156305, 0.21317665810981398], "extents": [0.038870491079571655, 0.26410698890686035, 0.025775056327134505], "rotate_angle": -23.49, "rotate_angle_pred": -23.092416680514617}