{"centroid": [0.06368436988514889, 0.0514811277389526, 0.17509341471055898], "extents": [0.009849995579632821, 0.26251706480979925, 0.03642631025410273], "rotate_angle": -32.86, "rotate_angle_pred": -34.43099544191032}