{"centroid": [0.08033936749527433, 0.04459732025861736, 0.1912325823384625], "extents": [0.009575881315272539, 0.27440345287323004, 0.035984789034469195], "rotate_angle": -16.28, "rotate_angle_pred": -16.087813893176914}