{"centroid": [0.07512852624822842, 0.03858919441699976, 0.19916650979147224], "extents": [0.018483273831961328, 0.2805854082107544, 0.03738665610480166], "rotate_angle": -9.08, "rotate_angle_pred": -7.364395151474795}