{"centroid": [0.015227768950630554, -0.37576782703399664, 0.2633618692956727], "extents": [0.02163851318091797, 0.3050254583358765, 0.01618626756355246], "rotate_angle": -0.57, "rotate_angle_pred": -2.1424200146079357}