{"centroid": [-0.06789565616511758, 0.3783158957958219, 0.48405047820558067], "extents": [0.0394550645185409, 0.27255374193191517, 0.04564031687553782], "rotate_angle": -4.72, "rotate_angle_pred": -5.654277947783797}