{"centroid": [0.3627803129666385, -0.4164128601551056, 0.4566030616860772], "extents": [0.02996692047771593, 0.4730915427207946, 0.018492381935508895], "rotate_angle": 5.73, "rotate_angle_pred": 4.110036889098254}