{"centroid": [0.33900854078668674, 0.16236966848373408, 0.4430413351948921], "extents": [0.014907166295753282, 0.5056901574134828, 0.030691411210199693], "rotate_angle": -36.38, "rotate_angle_pred": -33.93710810870538}