{"centroid": [0.08479028854982917, 0.5895278323441744, 0.5179833840870965], "extents": [0.8921596073434614, 0.03321859613060951, 0.07876485817113388], "rotate_angle": 1.49, "rotate_angle_pred": -4.604640825728239}