{"centroid": [-0.038631686091389686, -0.25952982157468807, 0.5823649107328714], "extents": [0.9669412469110692, 0.023790910840034624, 0.07262148034106519], "rotate_angle": -35.2, "rotate_angle_pred": -36.86188241890525}