{"centroid": [0.0751481926338577, 0.28928769379854197, 0.505205198627995], "extents": [0.872500850144594, 0.04812993109226227, 0.0733860444284406], "rotate_angle": -3.13, "rotate_angle_pred": -6.55212966710026}