{"centroid": [0.10616841914691862, 0.09713524207472793, 0.4813963300907895], "extents": [0.8817256265676603, 0.072795905172825, 0.08062739828153842], "rotate_angle": -40.47, "rotate_angle_pred": -43.20714533211962}