{"centroid": [0.01812138015015217, 0.038478940725326496, 0.2291935646500486], "extents": [0.02004598841968548, 0.30618521571159363, 0.03498423499618511], "rotate_angle": -38.97, "rotate_angle_pred": -38.224164742556}