{"centroid": [0.05460305005064346, 0.24371483176946637, 0.24254038005574036], "extents": [0.018080323803580073, 0.2902374863624573, 0.038274824342028], "rotate_angle": -19.11, "rotate_angle_pred": -22.108003496613307}