{"centroid": [0.03382287442854019, 0.013256758451461736, 0.21690466704744446], "extents": [0.02608612970438594, 0.3245311677455902, 0.05083693280322382], "rotate_angle": -6.95, "rotate_angle_pred": -6.5569774765594815}