{"centroid": [-0.006518937059401519, -0.0891780108213425, 0.2532008496610438], "extents": [0.011254056999728836, 0.30057570338249207, 0.029277728120124136], "rotate_angle": -9.38, "rotate_angle_pred": -10.679023918311671}