{"centroid": [-0.03701872429843604, 0.4762663505971431, 0.38948410292729974], "extents": [0.903243682535515, 0.04505532234907156, 0.10813844462653377], "rotate_angle": -19.1, "rotate_angle_pred": -19.20717152965912}