{"centroid": [0.16111245043220368, 0.19480959326028813, 0.4474481475428641], "extents": [0.9124751038149359, 0.2492754459381105, 0.12137852538850502], "rotate_angle": -35.65, "rotate_angle_pred": -40.25538526332293}