{"centroid": [0.32711543767190976, 0.018992483615875203, 0.5723235563897762], "extents": [0.048058487189720056, 0.747691810131073, 0.11140026086024502], "rotate_angle": 37.08, "rotate_angle_pred": 41.2849484281991}