{"centroid": [-0.045223880246615854, 0.4080920256674289, 0.36655272452589044], "extents": [0.8810058463834214, 0.014175482094287928, 0.09452076500581419], "rotate_angle": 18.95, "rotate_angle_pred": 15.930240005817893}