{"centroid": [0.022154489074617763, 0.008014120161533264, 0.41839280601385753], "extents": [0.743008073138296, 0.09918828308582306, 0.07515786547666586], "rotate_angle": -0.99, "rotate_angle_pred": -2.673781133270225}