{"centroid": [-0.020460994360778827, 0.5621404573321342, 0.4436100088776236], "extents": [0.8144674302907565, 0.030396685004234425, 0.1110255420447912], "rotate_angle": 26.25, "rotate_angle_pred": 26.211317894240338}