{"centroid": [0.011321236908212934, -0.048955384641885834, 0.3884414071969511], "extents": [0.8582183180650861, 0.058816410601139145, 0.07725882582439897], "rotate_angle": 21.53, "rotate_angle_pred": 19.845670475067323}