{"centroid": [-0.049143088266622094, -0.0037419572472572947, 0.4422411284668027], "extents": [0.7628862027804124, 0.041142746806144846, 0.08322790660096874], "rotate_angle": -44.54, "rotate_angle_pred": -43.77355098295038}