{"centroid": [-0.006363776973981702, 0.5326012521982192, 0.41729739680327005], "extents": [0.7651752300506516, 0.035546451807022095, 0.10898268318237714], "rotate_angle": 10.62, "rotate_angle_pred": 9.483530251505059}