{"centroid": [0.6551910837184188, 0.025356292724609333, 0.44159857237385397], "extents": [0.011634461697754506, 0.8205205798149109, 0.11265069358654867], "rotate_angle": 10.6, "rotate_angle_pred": 13.550966239102635}