{"centroid": [0.7211032537900313, 0.006817877292633064, 0.4020298152152714], "extents": [0.04200655867813319, 0.6968895196914673, 0.11247160765206843], "rotate_angle": 37.77, "rotate_angle_pred": 37.69504514185694}