{"centroid": [0.3470597408030233, -0.04896333813667304, 0.5055933722339808], "extents": [0.05247783030644032, 0.7694251537322998, 0.14724582755851773], "rotate_angle": 20.71, "rotate_angle_pred": 16.936737810590373}