{"centroid": [0.023008528473594428, -0.010349228978157128, 0.37418229915064594], "extents": [0.8275563239721196, 0.08641634881496435, 0.08534504595808351], "rotate_angle": -8.98, "rotate_angle_pred": -14.040206797719918}