{"centroid": [-0.022079322332104745, 0.4519188627600669, 0.39790278125626977], "extents": [0.8003495888353753, 0.086325153708458, 0.08987648736521792], "rotate_angle": 31.09, "rotate_angle_pred": 25.5507551007489}