{"centroid": [0.08555011429257814, -0.040373631753027425, -0.06422562132926488], "extents": [0.10166101151170814, 0.053861334919929525, 0.1024340763033705], "rotate_angle": -13.29, "rotate_angle_pred": -13.249822072676153}