{"centroid": [-0.24384142458342664, 0.020165964961051972, -0.05510137344949474], "extents": [0.10360860302616257, 0.031187891960144067, 0.09755776287569656], "rotate_angle": -29.94, "rotate_angle_pred": -22.300167622836867}