{"centroid": [0.015525203470693166, 0.5132496654987335, 0.040376556206603284], "extents": [0.6934281540431764, 0.3305824398994448, 0.9905994467109116], "rotate_angle": 21.67, "rotate_angle_pred": 23.15738954721472}