{"centroid": [-0.018250549484260525, 0.5144753456115722, 0.09659999148552814], "extents": [0.7618627683331269, 0.3173782825469973, 0.9420066642929564], "rotate_angle": -38.72, "rotate_angle_pred": -34.34107141291319}