{"centroid": [0.01617752457855954, -0.2626896873116494, 0.27249416151989075], "extents": [0.8421564449809116, 0.19092325866222404, 0.5182159160906857], "rotate_angle": 43.18, "rotate_angle_pred": 38.29039596805745}