{"centroid": [-0.02108571915086646, -0.37598731368780136, 0.015665787815344764], "extents": [0.5190943369494969, 0.16432358324527763, 0.8909642507504784], "rotate_angle": -40.71, "rotate_angle_pred": -41.22264769459237}