{"centroid": [-0.0009540183478188025, 0.1631360948085785, 0.013922412776833946], "extents": [0.5946619503536084, 0.15178427100181602, 0.9162417043214388], "rotate_angle": -35.74, "rotate_angle_pred": -31.023007253381778}