{"centroid": [-0.011976313265890631, -0.04346659779548645, 0.010642174854717606], "extents": [0.5370723028709763, 0.1696036756038668, 0.9311248694068659], "rotate_angle": -36.7, "rotate_angle_pred": -34.07677339288832}