{"centroid": [-0.016320338281606256, -0.3013008534908294, 0.03211571998625555], "extents": [1.1338573828903502, 0.4606201052665712, 1.0822215208802537], "rotate_angle": 17.18, "rotate_angle_pred": 18.800617822970736}