{"centroid": [-0.00010966984982446748, 0.24056814797222614, 0.03664892505466963], "extents": [1.1303448513306495, 0.4908636808395388, 1.1049954731120781], "rotate_angle": -1.06, "rotate_angle_pred": 1.41661704541184}