{"centroid": [-0.0011364970630633742, 0.20057418942451471, 0.07319259846730798], "extents": [1.097558362065266, 0.5264492034912112, 1.0853788683509982], "rotate_angle": 1.41, "rotate_angle_pred": 1.620243238298599}