{"centroid": [-0.0041337424552559815, -0.27043917216360575, 0.10617454875892077], "extents": [1.1231348411336166, 0.4878215491771702, 1.1015086072778053], "rotate_angle": -36.7, "rotate_angle_pred": -34.69223076066572}