{"centroid": [-0.000457269986710189, 0.12951071560382849, 0.016196613787101723], "extents": [0.785164580959647, 0.14684966206550623, 0.6501728778958139], "rotate_angle": 24.13, "rotate_angle_pred": 23.670082171633766}