{"centroid": [-0.3738855209586997, 0.2511388882994652, 0.060444555334622396], "extents": [0.2737868437919745, 0.16867922246456157, 0.3441994500420687], "rotate_angle": -40.37, "rotate_angle_pred": -37.41885859174526}