{"centroid": [0.5813165478015914, -0.2115567103028297, 0.08939185234978933], "extents": [0.6099874956093176, 0.22616146504879012, 0.39917668587635363], "rotate_angle": 42.78, "rotate_angle_pred": 36.25889490642716}