{"centroid": [-0.393690984529491, 0.01638263463973999, 0.07645147995628623], "extents": [0.2518027457527192, 0.19873201847076427, 0.3682809519932077], "rotate_angle": -20.11, "rotate_angle_pred": -16.257552545890775}