{"centroid": [-0.3511284827578548, -0.1447230204939843, 0.16661675574825952], "extents": [0.23884149898630452, 0.21752907335758218, 0.3652078434829951], "rotate_angle": 24.93, "rotate_angle_pred": 25.49492235385216}