{"centroid": [-0.1294317136283895, 0.07995606586337087, 0.09051364199362671], "extents": [0.48607729046085074, 0.11625499278306971, 0.33328784308065984], "rotate_angle": 6.92, "rotate_angle_pred": 9.249609674811879}