{"centroid": [0.3554555962078112, -0.034435503184795414, 0.13834969097592378], "extents": [0.5044201506652343, 0.17874048650264757, 0.6974271389563095], "rotate_angle": -12.99, "rotate_angle_pred": -6.2476328113015285}