{"centroid": [0.00579010429814434, 0.00414752960205076, 0.11739912707284698], "extents": [0.6862749992420605, 0.35231280326843273, 0.4509438236218213], "rotate_angle": -27.18, "rotate_angle_pred": -22.06572463300583}