{"centroid": [-0.02236869871661125, 0.2076287344098091, 0.07741297034670083], "extents": [1.0925343918844308, 0.28067302703857444, 0.5812855794055447], "rotate_angle": -27.65, "rotate_angle_pred": -23.339932973613244}