{"centroid": [-0.0037144629095999665, 0.1999320238828659, 0.04951961673961566], "extents": [1.0469021751570113, 0.25245413184165977, 0.5968279216513748], "rotate_angle": 20.6, "rotate_angle_pred": 21.34641292355802}