{"centroid": [0.038725982883831944, 0.014547936618328074, 0.15546382275913662], "extents": [0.4102513682621126, 0.06836074590682997, 0.49363820451302387], "rotate_angle": 38.34, "rotate_angle_pred": 40.40317378224299}