{"centroid": [0.04060204977918791, 0.14308848977088928, -0.050887733349554404], "extents": [0.89859165053086, 0.17804557085037245, 0.5407981950311671], "rotate_angle": 13.42, "rotate_angle_pred": 14.483723273531567}