{"centroid": [-0.15435262314828707, 0.14803326129913333, -0.1482049091570452], "extents": [0.47162298398357955, 0.18532806634902965, 0.44322303905773397], "rotate_angle": -27.81, "rotate_angle_pred": -10.627534478414844}