{"centroid": [-0.3832798117259214, 0.28688006103038804, -0.8438627014594072], "extents": [0.47963843495790764, 0.1401197016239168, 0.7391507144526391], "rotate_angle": 18.62, "rotate_angle_pred": -0.4606626888940184}