{"centroid": [-0.04704827185399299, 0.05986796319484716, -0.22319582807539523], "extents": [0.4244628786183763, 0.1321629583835603, 0.445545965047113], "rotate_angle": -6.55, "rotate_angle_pred": -6.82425903717008}