{"centroid": [-0.20683041459991097, 0.17792048305273073, -0.726875374952105], "extents": [0.3926954068414766, 0.12424334883689897, 0.7052760894515533], "rotate_angle": 15.0, "rotate_angle_pred": -2.4035812084345736}