{"centroid": [0.14649612684146113, 0.07380617409944534, 0.009918512826875607], "extents": [0.5202332081842818, 0.10660062730312356, 0.3618521054555528], "rotate_angle": -8.32, "rotate_angle_pred": -4.57340974202944}