{"centroid": [0.260084247719773, 0.20356354862451553, -0.029771053610847475], "extents": [0.37954885101917923, 0.13029582798481001, 0.666208034662681], "rotate_angle": 26.44, "rotate_angle_pred": 25.85032670230507}