{"centroid": [-0.2522875539723441, 0.1038131639361381, -0.030388954114089206], "extents": [0.21878403234844332, 0.1073782891035081, 0.6325836126597106], "rotate_angle": 14.46, "rotate_angle_pred": 18.400851090916717}