{"centroid": [0.03441022078608059, 0.12670894712209702, -0.01935192015473261], "extents": [0.23673643201273126, 0.10556535422801987, 0.6353014119431628], "rotate_angle": 10.93, "rotate_angle_pred": 12.650254026729982}