{"centroid": [0.22738799185251882, -0.09454949200153345, -0.04868052767812411], "extents": [0.4102180299715493, 0.16134503483772294, 0.6428003903399685], "rotate_angle": 21.69, "rotate_angle_pred": 22.349324615441205}