{"centroid": [0.0019708472790496354, -0.2820118218660355, 0.22449847133270703], "extents": [0.8410394044305702, 0.16724938154220595, 0.6287316569736352], "rotate_angle": 0.91, "rotate_angle_pred": 0.03254114795478813}