{"centroid": [0.25222452887533175, 0.28419071435928345, -0.015800236427053208], "extents": [0.3828516303858885, 0.09847438335418715, 0.6133942007002611], "rotate_angle": -6.24, "rotate_angle_pred": -4.620672112093061}