{"centroid": [-0.00886195102233446, -0.3003532364964485, 0.16626142584549314], "extents": [0.8733945918294116, 0.20493774116039293, 0.6696584692947104], "rotate_angle": -6.67, "rotate_angle_pred": -7.080686766278006}