{"centroid": [0.03818746012365164, -0.22117512673139575, 0.07589567641745332], "extents": [0.8931033238350492, 0.25924888253212003, 1.0066229356452527], "rotate_angle": 16.94, "rotate_angle_pred": 19.279291137860596}