{"centroid": [0.004489026366414732, -0.2224109470844269, 0.058688787595755826], "extents": [0.9181558994472658, 0.30151820182800326, 0.9943088194123665], "rotate_angle": 22.39, "rotate_angle_pred": 22.917225138913906}