{"centroid": [-0.0067031714793803765, 0.3426738902926444, -0.03523199415183211], "extents": [1.3640795596729354, 0.47495073080062883, 0.8632063644562146], "rotate_angle": 12.38, "rotate_angle_pred": 21.553628189546657}