{"centroid": [0.128045504181122, -0.11076429486274723, 0.2798625102136235], "extents": [1.3104685388559802, 0.44537103176116977, 0.8537995713373888], "rotate_angle": -41.99, "rotate_angle_pred": -43.07808411452328}