{"centroid": [-0.0035691825028699373, 0.2776907086372375, 0.017950024086152164], "extents": [0.5649267401598408, 0.18173784017562875, 0.40291431307459313], "rotate_angle": -3.41, "rotate_angle_pred": -6.426414252678569}