{"centroid": [0.029865217046130807, 0.4651438593864441, 0.16882867796189982], "extents": [0.7583426068161536, 0.2937045693397523, 0.7454328370918577], "rotate_angle": -7.28, "rotate_angle_pred": -4.7003892556560345}