{"centroid": [-0.03782786018134688, -0.053905025124549893, 0.18858540668215318], "extents": [0.17027221664219802, 0.08389233052730574, 0.6468326466161034], "rotate_angle": -44.39, "rotate_angle_pred": -36.56972448586472}