{"centroid": [-0.07568493521508468, -0.054162800312042285, 0.229971774202605], "extents": [0.16593086801768334, 0.0822943598031999, 0.6800625954007832], "rotate_angle": 40.49, "rotate_angle_pred": 38.93785441126198}