{"centroid": [-0.03515639519131727, -0.05318048596382143, 0.18758733105309772], "extents": [0.16717225548907205, 0.08303593099117292, 0.6483093591551925], "rotate_angle": -42.57, "rotate_angle_pred": -35.221883202186305}