{"centroid": [-0.002169488375575533, -0.06473678350448614, 0.20938373778775085], "extents": [0.13412164345549699, 0.07486592233181015, 0.6604091024497597], "rotate_angle": -15.54, "rotate_angle_pred": -11.92076441756197}