{"centroid": [0.34004588791453927, 0.023580856621265453, 0.08392095356600959], "extents": [0.5000250473888904, 0.1473042964935304, 0.43970952619661713], "rotate_angle": 42.28, "rotate_angle_pred": 43.893537675646}