{"centroid": [0.3125703523946962, -0.30403925478458405, 0.06063412517498242], "extents": [0.5007885240760261, 0.2208341658115388, 0.4119451759093842], "rotate_angle": 4.73, "rotate_angle_pred": 4.5952292503509256}