{"centroid": [0.3126462964981014, 0.14302672445774076, 0.030968990929379086], "extents": [0.4897356690223178, 0.1201601177453996, 0.42783073122424037], "rotate_angle": -24.68, "rotate_angle_pred": -23.93519590952276}