{"centroid": [0.00602175283110154, 0.07346536964178083, 0.0723763050999636], "extents": [0.9792766745195078, 0.2522297203540804, 0.6812324645073098], "rotate_angle": -22.33, "rotate_angle_pred": -18.22703791304332}