{"centroid": [0.00919557481081501, 0.06647163629531858, 0.07470704380060011], "extents": [0.9401813595390883, 0.2528359591960909, 0.7165403847733683], "rotate_angle": 33.74, "rotate_angle_pred": 34.82998858793369}