{"centroid": [0.588176678596752, -0.20521357655525202, 0.06789397683178215], "extents": [0.36392790451216417, 0.1640287637710573, 0.5711135922651558], "rotate_angle": 24.89, "rotate_angle_pred": 24.023076321746657}