{"centroid": [-0.5921585471199041, -0.0646787732839585, 0.07565916297292721], "extents": [0.3335286925528638, 0.3545931577682496, 0.6063420086738271], "rotate_angle": 24.37, "rotate_angle_pred": 25.291583920785}