{"centroid": [-0.6081722162637174, -0.14966422319412234, 0.06203456718647378], "extents": [0.40163021807225713, 0.26734644174575817, 0.6152549909686831], "rotate_angle": 31.57, "rotate_angle_pred": 29.365121714543363}