{"centroid": [0.576318482434606, 0.04183860868215566, 0.06647485780769763], "extents": [0.3545842169992158, 0.15692369639873524, 0.6034985779485105], "rotate_angle": 24.22, "rotate_angle_pred": 24.039603841579236}