{"centroid": [-0.284871361523675, 0.08667945861816408, -0.012760317024070683], "extents": [0.6747018102490037, 0.17447769641876235, 0.44818013930783385], "rotate_angle": -10.49, "rotate_angle_pred": -11.016083983068341}