{"centroid": [-0.32156341483550716, 0.12952969223260877, 0.011017725080107621], "extents": [0.663808690619255, 0.20517782866954815, 0.4616154045238893], "rotate_angle": 15.05, "rotate_angle_pred": 15.079345989103658}