{"centroid": [0.21520754382630305, 0.13098754733800885, 0.07478628567061954], "extents": [0.4215408202970214, 0.12966959178447734, 0.4364892179497932], "rotate_angle": -3.13, "rotate_angle_pred": -4.598948070941816}