{"centroid": [-0.3691150505727021, 0.13073171675205225, 0.10729832401120938], "extents": [0.23852672750241774, 0.13773855566978466, 0.42051755636761584], "rotate_angle": 17.54, "rotate_angle_pred": 16.031821151753633}