{"centroid": [0.42004115031986655, 0.12774390727281562, 0.17337924185741857], "extents": [0.2481273673927128, 0.16127710044384014, 0.44012566748167836], "rotate_angle": -38.49, "rotate_angle_pred": -38.846423910892554}