{"centroid": [-0.294609555470019, 0.14532230049371714, 0.046244417123516346], "extents": [0.3261698215008466, 0.16675794124603283, 0.44325548799229797], "rotate_angle": 22.9, "rotate_angle_pred": 27.013342012294117}