{"centroid": [0.5944097268632832, 0.08088679425418384, 0.08429002946851931], "extents": [0.2660817461308119, 0.14449504017829906, 0.41319986515984564], "rotate_angle": 41.0, "rotate_angle_pred": 36.8088241307988}