{"centroid": [-0.013870136043066639, 0.12881268560886383, 0.09957185271148494], "extents": [0.4674130649805722, 0.15561786293983473, 0.437013712853003], "rotate_angle": -24.63, "rotate_angle_pred": -26.217239254898786}