{"centroid": [-0.01611068699847054, 0.07152235507965087, 0.07555717525130892], "extents": [0.5590973103343619, 0.061913311481476, 0.5355813101635593], "rotate_angle": -28.8, "rotate_angle_pred": -30.023267654847487}