{"centroid": [-0.05008561705978365, -0.057020097970962635, 0.5284571880918072], "extents": [1.3384782215743856, 0.20684391260147117, 0.7007772995742345], "rotate_angle": 8.88, "rotate_angle_pred": 13.065365082786286}