{"centroid": [0.06932858144397518, 0.023143827915191695, -0.19558709535810254], "extents": [0.46509691911737594, 0.05833053961396227, 0.30808800352172383], "rotate_angle": 16.63, "rotate_angle_pred": 19.269820083302875}