{"centroid": [0.06800458572516759, 0.022403292357921645, -0.19660866386225098], "extents": [0.4637853760512056, 0.05789394676685343, 0.3092587563052639], "rotate_angle": 17.19, "rotate_angle_pred": 19.609315464069113}