{"centroid": [-0.006648901478556041, -0.003525119274854618, -0.23439433749135302], "extents": [0.489996642994037, 0.05629767477512371, 0.2970598942869245], "rotate_angle": -34.64, "rotate_angle_pred": -28.94275499934426}