{"centroid": [-0.00023658332312168767, 0.08865597099065779, 0.037632867823663305], "extents": [0.5795647929284806, 0.17328079044818892, 0.4911075389478503], "rotate_angle": 16.88, "rotate_angle_pred": 17.499770813373615}