{"centroid": [0.005114940372517057, 0.13515989482402802, 0.006101450086617739], "extents": [0.6209596331439176, 0.19035294651985185, 0.4878618666869559], "rotate_angle": 29.61, "rotate_angle_pred": 30.671412904206875}