{"centroid": [0.04454216238549482, 0.004054386168718354, -0.07403842223723223], "extents": [0.3739764118560408, 0.04726779460906991, 0.23522301170499144], "rotate_angle": -20.14, "rotate_angle_pred": -17.93475604128642}