{"centroid": [0.050809758528362774, -0.04413563385605812, 0.009655067205923167], "extents": [0.34350958473807913, 0.08894962817430506, 0.3220159114089403], "rotate_angle": 21.83, "rotate_angle_pred": 25.302622744476594}