{"centroid": [0.1630507093355104, -0.007749065756797758, -0.06926900665684453], "extents": [0.3872848980805664, 0.07794473320245754, 0.30469935610194465], "rotate_angle": 40.25, "rotate_angle_pred": 41.93668981116309}