{"centroid": [0.06760340860727498, -0.01548156701028345, -0.06799234114228483], "extents": [0.39172156984929174, 0.059735868126154015, 0.27647012006127286], "rotate_angle": 5.74, "rotate_angle_pred": 9.645338988471266}