{"centroid": [0.04499825770857896, 0.0042348578572273384, -0.0754960027908578], "extents": [0.3765035167581604, 0.04602089524269111, 0.23564215843261488], "rotate_angle": -18.67, "rotate_angle_pred": -16.576175787352085}