{"centroid": [0.11951930045877193, -0.02009258046746252, -0.07436080673665448], "extents": [0.39293524974195454, 0.0786828100681306, 0.3013676431894823], "rotate_angle": 26.18, "rotate_angle_pred": 29.478588148861164}