{"centroid": [0.08123029407838754, -0.023217640817165354, -0.07029319040575187], "extents": [0.3874279654152815, 0.06570753455162055, 0.28476781354902714], "rotate_angle": 12.61, "rotate_angle_pred": 15.576677548168192}