{"centroid": [0.039415117330637475, 0.004332536831498154, -0.052428255650807], "extents": [0.3624887530141304, 0.05742996931076058, 0.23240264168558306], "rotate_angle": -34.59, "rotate_angle_pred": -31.843598991883255}