{"centroid": [0.15125491386889364, -0.034064628183841685, 0.032538469387846526], "extents": [0.5738462154828238, 0.0997027903795244, 0.5461942501291085], "rotate_angle": 33.88, "rotate_angle_pred": 33.965700834582066}