{"centroid": [0.5928652379891046, 0.15665858611464506, -0.2760358260270113], "extents": [0.33912498360201704, 0.108362950384617, 0.6478191729022283], "rotate_angle": -1.83, "rotate_angle_pred": -8.443253027815373}