{"centroid": [0.5431757581282607, 0.12999779358506208, -0.07634728682495975], "extents": [0.26507260702124275, 0.0952444896101953, 0.5627163501419934], "rotate_angle": 30.21, "rotate_angle_pred": 25.884998428776285}