{"centroid": [0.32065609321465194, 0.0009893849492072868, 0.06348543949696117], "extents": [0.5630195603556734, 0.08593705296516431, 0.5653674468624208], "rotate_angle": -7.36, "rotate_angle_pred": -6.697690619256917}