{"centroid": [-0.29561490073794444, 2.7533620595902517e-05, 0.07936703535505085], "extents": [0.5900231038463238, 0.10756040364503876, 0.5712088380076717], "rotate_angle": 14.27, "rotate_angle_pred": 13.362845389458798}