{"centroid": [-0.009779000344729984, -0.016933355480432528, 0.05891455331234404], "extents": [0.692539443339856, 0.08382403105497378, 0.5351834218614209], "rotate_angle": 16.81, "rotate_angle_pred": 16.44634149032541}