{"centroid": [-0.03023487394550884, 0.1564057059586048, 0.00935030063452668], "extents": [0.856312855716536, 0.2846636772155764, 0.7354425060795267], "rotate_angle": -44.49, "rotate_angle_pred": -40.97934259746189}