{"centroid": [0.026099607827541067, 0.11270840466022489, 0.043671245649686816], "extents": [0.9706854673724621, 0.28700932860374484, 1.1808210433096171], "rotate_angle": 29.06, "rotate_angle_pred": 29.75049429276971}