{"centroid": [0.03472617450537838, 0.05629623308777806, 0.14506559835038102], "extents": [0.593769782925256, 0.10268781334161776, 0.6962712934949011], "rotate_angle": -14.66, "rotate_angle_pred": -8.041806235114038}