{"centroid": [-0.2530317482409783, -0.0779029354453087, 0.18025342830415875], "extents": [0.3945327004419257, 0.19675631821155562, 0.4123194114512637], "rotate_angle": -32.14, "rotate_angle_pred": -24.04624775969839}