{"centroid": [0.060613217417404046, 0.05944156646728511, 0.22697882343284767], "extents": [0.4866433992296988, 0.18224060535430925, 0.4708184555963964], "rotate_angle": -37.35, "rotate_angle_pred": -29.796751637285176}