{"centroid": [0.3954608171098334, -0.00403379276394846, 0.047391352048556254], "extents": [0.5277135342850938, 0.08146075904369365, 0.5544671981532189], "rotate_angle": -10.62, "rotate_angle_pred": -4.51275060813775}