{"centroid": [-0.23710458228511977, 0.011085912585258442, 0.07664261224898278], "extents": [0.5843524864483247, 0.10544230043888109, 0.5722035698691416], "rotate_angle": 24.23, "rotate_angle_pred": 25.49878704495697}