{"centroid": [-0.3257916553631403, 0.002775873988866828, 0.06622648224311165], "extents": [0.604652513370023, 0.06356190890073793, 0.5578192970489226], "rotate_angle": -31.05, "rotate_angle_pred": -31.455414915535002}