{"centroid": [0.3015282855226931, 0.019711762666702277, 0.06709291581400867], "extents": [0.5900545005018389, 0.06277173757553117, 0.5514767658311106], "rotate_angle": 12.47, "rotate_angle_pred": 12.107495983012825}