{"centroid": [0.005555689229217703, 0.05721166729927062, 0.044620804017755256], "extents": [0.4208174971629816, 0.15540829300880446, 0.47309196306806034], "rotate_angle": 36.58, "rotate_angle_pred": 34.44306635237317}