{"centroid": [-0.40185962031180084, -0.2978442013263703, 0.14544930734513778], "extents": [0.2964992894654545, 0.2613710165023805, 0.482943844836017], "rotate_angle": 44.92, "rotate_angle_pred": 39.89112284675372}