{"centroid": [0.6331897737927854, -0.14526821672916412, 0.07586312720099911], "extents": [0.3509957879648344, 0.17956838011741658, 0.6190078415955185], "rotate_angle": 22.78, "rotate_angle_pred": 22.738881602290647}