{"centroid": [-0.5711617375742333, -0.13816614449024206, 0.11630110012563555], "extents": [0.37273621117789923, 0.19584539532661452, 0.6392993851303167], "rotate_angle": 14.56, "rotate_angle_pred": 16.173114434279398}