{"centroid": [-0.5740771229862026, 0.17635777592659005, 0.10130283823406006], "extents": [0.39928430373986495, 0.18817660212516804, 0.6506662377762222], "rotate_angle": -26.17, "rotate_angle_pred": -28.55620828560064}