{"centroid": [-0.5385632912767114, -0.1950605362653732, 0.11548261263891654], "extents": [0.36943931312574624, 0.21690741181373613, 0.6644478010616304], "rotate_angle": -29.1, "rotate_angle_pred": -30.75847740888762}