{"centroid": [-0.5483725218646536, 0.31571076065301884, 0.15183203450788477], "extents": [0.4486192477201195, 0.1069734841585161, 0.6260207908729587], "rotate_angle": 44.44, "rotate_angle_pred": 39.37417302987029}