{"centroid": [-0.06960064179664993, 0.32363056391477585, 0.09246053401153952], "extents": [0.7530715330808416, 0.07828347384929674, 0.5612858433435721], "rotate_angle": 28.69, "rotate_angle_pred": 28.642653227563727}