{"centroid": [0.4681222858927747, 0.23358475416898733, 0.10114902291899236], "extents": [0.5001106477339357, 0.13408480584621443, 0.6142367984829853], "rotate_angle": 39.53, "rotate_angle_pred": 39.3440787234708}