{"centroid": [0.6223741178484842, 0.08313123695552356, 0.09615950025218463], "extents": [0.40510567336944187, 0.18243558704853075, 0.6279744399575511], "rotate_angle": 39.29, "rotate_angle_pred": 37.82899868422599}