{"centroid": [0.6494841539985756, 0.05547175928950318, -0.1046758238235545], "extents": [0.418609446135079, 0.06393390148878109, 0.39195246048230364], "rotate_angle": 20.37, "rotate_angle_pred": 24.758640313339242}