{"centroid": [-0.4333241499563007, 0.0049897320568561415, 0.022678848339251677], "extents": [0.4138041239690212, 0.10331491380929966, 0.7231235680720141], "rotate_angle": 3.17, "rotate_angle_pred": 4.179939196497841}