{"centroid": [0.14920462672638468, 0.007117222994565981, 0.042843866778417], "extents": [0.46044236103019337, 0.10205941647291203, 0.6906889033214663], "rotate_angle": 41.97, "rotate_angle_pred": 40.20404669857484}