{"centroid": [0.4809310042053313, 0.03218382224440566, 0.06672508651158848], "extents": [0.4110037468080579, 0.10540551692247407, 0.7028194209507017], "rotate_angle": -38.22, "rotate_angle_pred": -36.20721998047003}