{"centroid": [-0.13290338001498705, 0.037001702934503576, 0.033599601851731165], "extents": [0.40146807031887605, 0.1293204575777056, 0.6391254694631726], "rotate_angle": -29.77, "rotate_angle_pred": -29.32377087924865}