{"centroid": [0.3398344178076581, -0.013756491243839254, 0.03290091925903539], "extents": [0.43290956682645054, 0.13172696530818953, 0.5377474883419948], "rotate_angle": 12.9, "rotate_angle_pred": 11.810903332844305}