{"centroid": [0.4014671710606123, 0.41250525414943684, -0.011031802553694386], "extents": [0.570871412456556, 0.24682763218879705, 0.47083291386862947], "rotate_angle": -30.88, "rotate_angle_pred": -32.31501176828279}