{"centroid": [-0.42443803530355684, 0.36087743937969213, -0.012676770510841241], "extents": [0.5645262771018376, 0.21972760558128374, 0.46619982947970073], "rotate_angle": -44.93, "rotate_angle_pred": -41.290286894582465}