{"centroid": [-0.4703230856910151, 0.4019097387790679, -0.013600361132990627], "extents": [0.5166978809636817, 0.26094990968704224, 0.44982975491326566], "rotate_angle": 2.88, "rotate_angle_pred": 8.33776221061332}