{"centroid": [0.008372419511141566, 0.2838882133364677, 0.0698618382819842], "extents": [0.7149635739265336, 0.18577925860881822, 0.606051162742687], "rotate_angle": 24.96, "rotate_angle_pred": 24.117277981138216}