{"centroid": [0.0009623243082976379, -0.1309311091899872, 0.13835250580121444], "extents": [0.6732900032111959, 0.5622493624687197, 0.5963107249571082], "rotate_angle": 28.47, "rotate_angle_pred": 28.8102857898199}