{"centroid": [0.0041374556259131876, 0.2971484810113907, 0.12886301854060445], "extents": [0.6371456917516984, 0.15417316555976884, 0.6086349426943936], "rotate_angle": 44.68, "rotate_angle_pred": 43.047789585698794}