{"centroid": [-0.0010850697125816405, -0.08814638853073123, 0.16589765249063976], "extents": [0.7844875900993473, 0.6531755328178408, 0.5979815011160604], "rotate_angle": -31.29, "rotate_angle_pred": -28.157715676480137}