{"centroid": [-0.5776539748484211, -0.1579513549804687, 0.07277468174998741], "extents": [0.39945339594187834, 0.21538287401199352, 0.5525602620534344], "rotate_angle": -20.79, "rotate_angle_pred": -21.596481104833458}