{"centroid": [-0.1091803014053599, 0.3308950588107109, 0.18039202466686044], "extents": [0.5648450664241262, 0.06559632718563091, 0.3838614694215866], "rotate_angle": 21.78, "rotate_angle_pred": 25.515438704834523}