{"centroid": [0.5795096094336403, -0.00264628231525418, 0.08191392063480152], "extents": [0.40498544564857497, 0.16356205940246596, 0.5398088533533801], "rotate_angle": 17.38, "rotate_angle_pred": 19.463222286312785}