{"centroid": [-0.5375713787598281, 0.04917661100625991, 0.08267765490520321], "extents": [0.4211106692406574, 0.20121729373931896, 0.5327512144790572], "rotate_angle": -2.9, "rotate_angle_pred": -4.180124968262035}