{"centroid": [0.3716003024824074, 0.18610204756259915, 0.04027466579074309], "extents": [0.46994805902162995, 0.15602846443653123, 0.5568552084298396], "rotate_angle": -24.02, "rotate_angle_pred": -22.746132391615305}