{"centroid": [0.34475134557149456, 0.1487016379833221, 0.26092816262863744], "extents": [0.4087285071911435, 0.1335213780403139, 0.5936824040475861], "rotate_angle": 17.92, "rotate_angle_pred": 16.90880923136193}