{"centroid": [0.3291233368561398, -0.10095758736133582, 0.27750759501646216], "extents": [0.49212086766234003, 0.1601289808750154, 0.5753967828115035], "rotate_angle": -29.51, "rotate_angle_pred": -27.93872228184715}