{"centroid": [0.3936851460584494, -0.27738723158836365, 0.19403744898758682], "extents": [0.4490920614280257, 0.1496607065200807, 0.594040335680391], "rotate_angle": 28.01, "rotate_angle_pred": 24.978646373502983}