{"centroid": [0.3310787836795811, -0.031203985214233475, 0.26273514295161143], "extents": [0.4168087802537687, 0.12529084086418169, 0.5899282640727215], "rotate_angle": -7.63, "rotate_angle_pred": -7.343977513438432}