{"centroid": [0.27031886359631807, -0.13680992275476456, 0.07536433118671386], "extents": [0.4956289491274112, 0.13566866517066967, 0.4990385732006389], "rotate_angle": 15.6, "rotate_angle_pred": 16.949892207396374}