{"centroid": [0.271821588954022, -0.01997741311788557, 0.07605575941547532], "extents": [0.48981780669374236, 0.1534059196710588, 0.5023701874748345], "rotate_angle": 29.98, "rotate_angle_pred": 31.79818232359029}