{"centroid": [0.26477946763059523, -0.22558970749378202, 0.0458876227692568], "extents": [0.5031616744903817, 0.15598544478416457, 0.49211296997917686], "rotate_angle": 29.63, "rotate_angle_pred": 29.098282960379933}