{"centroid": [0.0007556283575854868, 0.04458996281027793, 0.043173528247260264], "extents": [0.4156719936359716, 0.15357236564159404, 0.3082624893354135], "rotate_angle": -15.73, "rotate_angle_pred": -14.544571015459553}