{"centroid": [0.23282571974687283, 0.025737714022397988, 0.21441591990058873], "extents": [0.3693182332057969, 0.12253121286630644, 0.47890223284674044], "rotate_angle": 36.09, "rotate_angle_pred": 33.253954676335056}