{"centroid": [0.22405133017557546, 0.014470584690570928, -0.3748486107466779], "extents": [0.3887494122288666, 0.12077061831951155, 0.4694990712115049], "rotate_angle": 7.65, "rotate_angle_pred": 9.981950121227158}