{"centroid": [0.22782764087182716, 0.0357190929353238, -0.35229247901161315], "extents": [0.38971375399069963, 0.11771258711814894, 0.4837192766424463], "rotate_angle": -10.29, "rotate_angle_pred": -7.256867013518914}