{"centroid": [0.3356872363463511, 0.0522844307124615, 0.04141026766012077], "extents": [0.6399859224162844, 0.10573843866586705, 0.6473166977163565], "rotate_angle": 25.09, "rotate_angle_pred": 24.82894389591165}