{"centroid": [-0.32316691412857695, 0.058412738144397756, 0.05492355637376423], "extents": [0.64539182946676, 0.09413836896419543, 0.6333491280804909], "rotate_angle": -31.14, "rotate_angle_pred": -30.14633724861895}