{"centroid": [0.20842744636224828, 0.040628924965858446, 0.03559213583348006], "extents": [0.616986403360801, 0.11896888166666045, 0.6387084224115993], "rotate_angle": -8.13, "rotate_angle_pred": -2.984538531425301}