{"centroid": [0.2794942186255124, 0.15363041311502457, -0.012107607961251706], "extents": [0.47130624760963, 0.1614932417869569, 0.44208381800420354], "rotate_angle": -11.24, "rotate_angle_pred": -12.29421301118046}