{"centroid": [0.25412927477139524, -0.19343899190425873, 0.026425950822250226], "extents": [0.43995086213108664, 0.1675017774105073, 0.4532686559974617], "rotate_angle": -19.48, "rotate_angle_pred": -17.73173563597213}