{"centroid": [0.2418324611264205, -0.27603159099817276, 0.02817518561544328], "extents": [0.41321584313246346, 0.2084007710218431, 0.4565953582594495], "rotate_angle": 23.03, "rotate_angle_pred": 24.936793198867562}