{"centroid": [0.25367656855455467, 0.053476125001907356, 0.035740159666801774], "extents": [0.44030139671765406, 0.17149123549461376, 0.4523049677366865], "rotate_angle": 12.32, "rotate_angle_pred": 12.656837497267645}