{"centroid": [-0.26354630015640884, 0.0015411004424095327, 0.026220169349580567], "extents": [0.4587675202328, 0.1360020935535432, 0.4099648180041029], "rotate_angle": -22.71, "rotate_angle_pred": -22.80558468957365}