{"centroid": [0.024940912935482534, 0.1142653897404672, -0.7107928599155928], "extents": [0.6107727190551688, 0.13229998946189897, 0.5382620009269996], "rotate_angle": -27.84, "rotate_angle_pred": -33.697936671137384}