{"centroid": [0.2887884485592804, 0.10405812785029414, -0.42776692613787487], "extents": [0.49891844709408684, 0.10063398629426973, 0.5102433594758219], "rotate_angle": -43.6, "rotate_angle_pred": -40.086195249938896}