{"centroid": [0.0019129122124787248, 0.15472715348005306, -0.6325683028899043], "extents": [0.5316095465209026, 0.15496921539306652, 0.36371234832695637], "rotate_angle": 20.47, "rotate_angle_pred": 20.01770008631911}