{"centroid": [0.020136251591104354, 0.16060787811875335, 0.4949753151964553], "extents": [0.4795739397249754, 0.10983525961637507, 0.3416033716938217], "rotate_angle": 42.63, "rotate_angle_pred": 39.78816909607286}