{"centroid": [-0.6349148270045407, -0.037044793367385837, 0.05432505271909158], "extents": [0.3580844362218018, 0.2679588198661806, 0.8751584789511856], "rotate_angle": -14.2, "rotate_angle_pred": -13.330057110635607}