{"centroid": [-0.5732337004662443, -0.2510971873998643, 0.07604381280514985], "extents": [0.30519496928142203, 0.1301828920841219, 0.8524779547109609], "rotate_angle": 21.52, "rotate_angle_pred": 23.6516165946406}