{"centroid": [-0.6092699712762182, -0.13424775749444973, 0.055715432234122814], "extents": [0.32129395259279214, 0.24276421964168565, 0.8352697556948351], "rotate_angle": 34.89, "rotate_angle_pred": 34.95542053159484}