{"centroid": [0.5898838012306791, -0.23177362978458416, 0.13649584326173886], "extents": [0.3357544584336206, 0.1283235847949984, 0.8266931878050466], "rotate_angle": -38.78, "rotate_angle_pred": -39.01521828121142}