{"centroid": [-0.0320922282866918, 0.22095196694135666, 0.043527337109002855], "extents": [0.7431300679036679, 0.1433128565549853, 0.8364746942087787], "rotate_angle": 26.71, "rotate_angle_pred": 28.397556575918045}