{"centroid": [0.5463527802735079, -0.06566461548209186, 0.00034459992835644826], "extents": [0.3394650733206965, 0.12678727507591264, 0.8424938113358662], "rotate_angle": 14.86, "rotate_angle_pred": 15.958313723823963}