{"centroid": [0.5141095401850816, 0.23396535962820053, -0.07781575768105592], "extents": [0.1910382508561433, 0.2830664515495302, 0.7177099583015517], "rotate_angle": -2.49, "rotate_angle_pred": -2.220348176539673}