{"centroid": [-0.3880190798722355, 0.20946222543716436, 0.060146306009993364], "extents": [0.18707014492142465, 0.2906662225723268, 0.7350918004219591], "rotate_angle": -36.66, "rotate_angle_pred": -35.722283554566665}