{"centroid": [-0.3667659336996153, 0.19298413395881653, 0.012946842887568824], "extents": [0.17965682196406174, 0.28303945064544694, 0.7206490178412623], "rotate_angle": 12.76, "rotate_angle_pred": 14.525503216536137}