{"centroid": [0.3687930857444444, 0.19462044537067413, 0.014193945345333567], "extents": [0.18457172711513192, 0.27964761853218095, 0.7289199789799342], "rotate_angle": 20.46, "rotate_angle_pred": 20.73292525964773}