{"centroid": [0.2911889787432255, 0.08298301696777347, 0.013451109150752046], "extents": [0.33055868340345973, 0.13321506977081313, 0.5750440884793984], "rotate_angle": 19.33, "rotate_angle_pred": 19.88142842743298}