{"centroid": [-0.22453576874118233, 0.07505161315202713, 0.0010791180981464532], "extents": [0.30481528344050235, 0.1457389891147615, 0.6090637863304178], "rotate_angle": 3.71, "rotate_angle_pred": 6.383850634133935}