{"centroid": [-0.23287857724786112, -0.012436233460903195, 0.012666574873331969], "extents": [0.39856929157911686, 0.17906312644481676, 0.6069789019750224], "rotate_angle": 31.55, "rotate_angle_pred": 29.789289665912648}