{"centroid": [0.22511150009293224, -0.06730728968977932, 0.008534823644438715], "extents": [0.44615759030014207, 0.1288981437683107, 0.5757479484988746], "rotate_angle": -18.6, "rotate_angle_pred": -18.519431007343258}