{"centroid": [0.43488067461816265, 0.02669756114482878, 0.029595273990929167], "extents": [0.4697979051633331, 0.1315160393714906, 0.4593145807270034], "rotate_angle": -9.2, "rotate_angle_pred": -6.622256435993549}