{"centroid": [-0.010513427023897726, 0.09282825887203215, 0.01815974317052032], "extents": [0.17545222828333912, 0.14253103733062758, 0.5831270678423521], "rotate_angle": 15.63, "rotate_angle_pred": 15.143129147838849}