{"centroid": [0.27976954928591213, 0.09756287187337881, 0.021297549204556], "extents": [0.5230653171162755, 0.10986985266208663, 0.4597994286219764], "rotate_angle": 10.73, "rotate_angle_pred": 10.15521800159972}