{"centroid": [-0.20616169901293097, 0.08999191969633098, 0.038465887985833815], "extents": [0.5552780025647341, 0.09307585656642924, 0.46971937958956533], "rotate_angle": -4.76, "rotate_angle_pred": -2.198110482670799}