{"centroid": [-0.2357027671589164, 0.06721552647650243, 0.02322144579959088], "extents": [0.5651460803038647, 0.12094704061746611, 0.44209122008789914], "rotate_angle": -22.32, "rotate_angle_pred": -21.197606495464058}