{"centroid": [0.6498010968965198, 0.3487890213727951, 0.009761557122702512], "extents": [0.4939098671379797, 0.19281873106956499, 0.4295562816966781], "rotate_angle": -10.35, "rotate_angle_pred": -8.3385896581063}