{"centroid": [-0.6253731408059164, -0.242038793861866, 0.04601138604175812], "extents": [0.4486690546879181, 0.19238720834255238, 0.6177660940239045], "rotate_angle": -23.49, "rotate_angle_pred": -21.708072409524405}