{"centroid": [0.027975627756023913, -0.22701343894004822, -0.002212428630644518], "extents": [0.7518863570167351, 0.18120533227920554, 0.6226878672959473], "rotate_angle": -35.19, "rotate_angle_pred": -38.21619787664258}