{"centroid": [-0.33915091095330563, 0.4230078458786011, 0.059079743996892295], "extents": [0.6126543455051283, 0.21477413177490257, 0.7360627261320432], "rotate_angle": 3.4, "rotate_angle_pred": 3.777426158744973}