{"centroid": [-0.3373921019977214, 0.445085808634758, 0.06277264939619692], "extents": [0.6609430517572832, 0.25345316529274003, 0.7604586717295634], "rotate_angle": -44.54, "rotate_angle_pred": -42.44769288521301}