{"centroid": [0.008139952584917232, 0.6097360700368881, 0.09185706884888234], "extents": [0.7585010456377099, 0.32241681218147306, 0.9249067814540635], "rotate_angle": 41.83, "rotate_angle_pred": 41.46652338242464}