{"centroid": [-0.0018642216310451876, 0.45641082525253296, 0.08066787692395572], "extents": [1.3674720196857633, 0.26769411563873313, 0.5738343458448371], "rotate_angle": 21.65, "rotate_angle_pred": 22.4813065413545}