{"centroid": [0.006223999248423304, 0.4835512638092041, 0.0943403993043784], "extents": [1.3956681453450392, 0.24431794881820706, 0.5550355896741761], "rotate_angle": 31.94, "rotate_angle_pred": 33.87390917926842}