{"centroid": [-0.025229274463408516, 0.5288906544446945, 0.09539785716571879], "extents": [1.0110572601469192, 0.27825388312339805, 0.6229708806150014], "rotate_angle": -35.74, "rotate_angle_pred": -30.81705485719756}