{"centroid": [-0.010063635591531117, -0.04213808476924897, 0.06915386814960411], "extents": [1.0274582860535153, 0.24862381815910362, 0.6408113091051125], "rotate_angle": -27.89, "rotate_angle_pred": -28.60967021264922}