{"centroid": [0.00671847068605505, 0.2335636243224144, 0.08176573772366902], "extents": [0.997344128974642, 0.24246104061603563, 0.6355364872423961], "rotate_angle": -5.57, "rotate_angle_pred": -5.206309384737523}