{"centroid": [0.004933859749147944, 0.5013640820980072, 0.08669961901218451], "extents": [1.0091352584344293, 0.2963126301765444, 0.6442924815551543], "rotate_angle": 13.46, "rotate_angle_pred": 13.517739257126536}