{"centroid": [0.0007764421132279431, 0.2412551939487457, 0.07984913905576817], "extents": [1.0230311041595237, 0.2451054304838183, 0.6331317950439312], "rotate_angle": 36.97, "rotate_angle_pred": 39.56073338067037}