{"centroid": [-0.01765781987144574, -0.4002937525510788, 0.07125717950215864], "extents": [1.0330112741540747, 0.41505932807922385, 0.6280707454899729], "rotate_angle": -44.88, "rotate_angle_pred": -45.991069399833236}