{"centroid": [-0.026307618999962763, 0.5696832388639449, 0.092328623725485], "extents": [0.8574839681537076, 0.31453964114189165, 0.9273663598238316], "rotate_angle": -15.5, "rotate_angle_pred": -10.431597560951161}