{"centroid": [-0.03142692351851145, -0.34487172961235046, 0.061952386281904206], "extents": [0.8926608565972736, 0.5727909207344057, 0.9310826066810168], "rotate_angle": 20.42, "rotate_angle_pred": 21.530463735241554}