{"centroid": [0.00613183845542465, 0.5714236795902252, 0.12298353029331863], "extents": [0.8916562946367534, 0.30434125661850003, 0.9262988723936887], "rotate_angle": 27.64, "rotate_angle_pred": 28.19469950083463}