{"centroid": [-0.022561845614618298, -0.3314576596021652, 0.11998522834057854], "extents": [0.897857548871051, 0.501744866371155, 0.9008381387445432], "rotate_angle": -44.55, "rotate_angle_pred": -43.17998179415008}