{"centroid": [-0.013461228583161594, 0.5405930131673812, 0.10771645072041933], "extents": [0.8878318200775192, 0.30466511845588706, 0.9140621556954467], "rotate_angle": 20.54, "rotate_angle_pred": 21.839035893487875}