{"centroid": [-0.01639151046628072, 0.13439146429300305, 0.08807964818745687], "extents": [0.8812952175000401, 0.45330071449279813, 0.9158336062749994], "rotate_angle": 15.15, "rotate_angle_pred": 17.28753999841635}