{"centroid": [-0.02944181933238197, -0.36122041940689087, 0.0930929764089912], "extents": [0.8407134796484648, 0.49086284637451194, 0.8838692679289488], "rotate_angle": -23.75, "rotate_angle_pred": -22.21902177131004}