{"centroid": [-0.004908009653630099, 0.1570695042610168, 0.1098823494412682], "extents": [0.8752161380550778, 0.4600327610969546, 0.9114920021838782], "rotate_angle": 14.17, "rotate_angle_pred": 16.282955385714303}