{"centroid": [0.0037022368462893904, 0.462396964430809, 0.06082762644614335], "extents": [0.7618871877838971, 0.4752626717090609, 0.9336372553343331], "rotate_angle": 15.57, "rotate_angle_pred": 17.200488712555327}