{"centroid": [-0.0008644436101241104, 0.5463624894618988, 0.056401356614765155], "extents": [0.7485236010153345, 0.37100982666015647, 0.9492125613460771], "rotate_angle": 7.12, "rotate_angle_pred": 8.455382821335647}