{"centroid": [-0.01576733740782034, 0.2888573706150055, 0.06776587443298779], "extents": [0.7535702179280823, 0.2775527834892275, 0.9167757860467608], "rotate_angle": -18.5, "rotate_angle_pred": -15.349975025582467}