{"centroid": [-0.020906370125344242, -0.39730705320835125, 0.07729908000762781], "extents": [0.7900333752533681, 0.4309887290000919, 0.918626577621453], "rotate_angle": -29.22, "rotate_angle_pred": -27.68973212828564}