{"centroid": [0.0034672888271757227, -0.033276826143264784, 0.07349249744037774], "extents": [0.7783195823669624, 0.26077815890312217, 0.9230407896035674], "rotate_angle": 3.38, "rotate_angle_pred": 5.78745659369865}