{"centroid": [-0.012571841569033432, -0.030387103557586673, 0.08089535527136407], "extents": [0.7405135675072989, 0.304192125797272, 0.9250304157251348], "rotate_angle": -43.38, "rotate_angle_pred": -41.494082823834574}