{"centroid": [-0.03321180678037989, -0.43399250507354736, 0.07230625260912055], "extents": [0.7657283617838693, 0.47354340553283714, 0.8986119117924509], "rotate_angle": -8.8, "rotate_angle_pred": -7.102056057151373}