{"centroid": [-0.009373830558883287, 0.24537372589111328, 0.07570534618277869], "extents": [0.7856078622912157, 0.25660663843154935, 0.9175126411239451], "rotate_angle": -36.97, "rotate_angle_pred": -34.629022268233896}