{"centroid": [0.005736747872164716, 0.17249979078769684, 0.06479358106317112], "extents": [0.9584830837282448, 0.45595318078994773, 0.8715107293564701], "rotate_angle": 10.93, "rotate_angle_pred": 11.761366189105857}