{"centroid": [0.004955335843683559, 0.16581399738788605, 0.06430184844812767], "extents": [1.1743269974444317, 0.4717275798320772, 0.654280831080907], "rotate_angle": -6.14, "rotate_angle_pred": -6.380201530036544}