{"centroid": [-0.01137207388231265, -0.3638805150985718, 0.06455195184030976], "extents": [1.1699782457226882, 0.5194149017333987, 0.631390980585452], "rotate_angle": 31.3, "rotate_angle_pred": 32.96581126000686}