{"centroid": [0.005170704015718133, 0.15052820742130277, 0.07835677031664799], "extents": [1.1982482390337994, 0.47325170040130643, 0.6499314155534952], "rotate_angle": 42.91, "rotate_angle_pred": 41.92780736792511}