{"centroid": [-0.004930522461019743, -0.32692620158195496, 0.07745605753177044], "extents": [1.175918329672788, 0.49911627173423784, 0.6504688798082104], "rotate_angle": -8.64, "rotate_angle_pred": -8.48301532093869}