{"centroid": [-0.006967811796862372, 0.5260678976774216, 0.0832284182901129], "extents": [0.9636452061507937, 0.27788510918617276, 0.8823253983428991], "rotate_angle": 21.12, "rotate_angle_pred": 20.160183052131046}