{"centroid": [-0.003580961384337271, 0.16891980171203613, 0.10512569626327839], "extents": [0.9710795032730037, 0.44476759433746366, 0.868595988656111], "rotate_angle": -40.97, "rotate_angle_pred": -39.82494118653861}