{"centroid": [-0.021674409609341062, -0.3413248360157013, 0.09516894397365158], "extents": [0.9444942685651332, 0.5318824648857119, 0.8362389990001822], "rotate_angle": -13.3, "rotate_angle_pred": -12.169839431036252}