{"centroid": [-0.02159288106385976, 0.5641400963068008, 0.07612112637924563], "extents": [1.1535204585465535, 0.2785811722278597, 0.6330677832082757], "rotate_angle": -29.26, "rotate_angle_pred": -26.702687961691694}