{"centroid": [0.018304253515608472, 0.5092590898275375, 0.07605519223669052], "extents": [0.7393531267157865, 0.28870967030525224, 0.9056595642147085], "rotate_angle": 17.46, "rotate_angle_pred": 19.16758966348256}