{"centroid": [-0.010349790530338951, 0.5232126712799072, 0.06795400751304048], "extents": [0.7543792795185462, 0.32743799686431907, 0.9226797309412591], "rotate_angle": 12.09, "rotate_angle_pred": 13.424575342692037}