{"centroid": [0.010798630683611678, 0.4962093085050583, 0.0798057156239754], "extents": [0.7240082123685883, 0.29152098298072837, 0.8779238581473271], "rotate_angle": 22.02, "rotate_angle_pred": 23.668988862664435}