{"centroid": [0.017478001249182695, 0.5420798659324646, 0.07920082162731597], "extents": [0.8797175795594179, 0.2967814207077028, 0.6606621079624534], "rotate_angle": 26.43, "rotate_angle_pred": 28.820000636984254}