{"centroid": [-0.002787199937229423, 0.5140024721622467, 0.05851756791696282], "extents": [0.7373097112076055, 0.3165869712829592, 0.9179202528806751], "rotate_angle": 8.02, "rotate_angle_pred": 8.565623515486791}