{"centroid": [-0.33761321693715507, 0.4316863268613815, 0.053217855262868416], "extents": [0.6544163280363382, 0.23089876770973217, 0.7358846128297434], "rotate_angle": -33.77, "rotate_angle_pred": -33.49156349598499}