{"centroid": [0.35124260769821597, 0.44691169261932373, 0.0924925939289605], "extents": [0.6683404487488687, 0.2451076507568361, 0.741054658760665], "rotate_angle": -30.82, "rotate_angle_pred": -29.016442791766906}