{"centroid": [0.3615873441571933, 0.4583531022071838, 0.04761346831786022], "extents": [0.6438991850561353, 0.23513191938400296, 0.7562600767189241], "rotate_angle": -26.07, "rotate_angle_pred": -25.23850042697829}