{"centroid": [-0.33061297685619745, 0.4440898150205611, 0.04106545693645678], "extents": [0.648434394458827, 0.2513622939586641, 0.7602363157284566], "rotate_angle": -15.11, "rotate_angle_pred": -14.105832434581231}