{"centroid": [-0.3327089600459201, 0.4398917108774184, 0.07093273400801542], "extents": [0.6610433976774177, 0.23695799708366416, 0.7407193691922995], "rotate_angle": 21.63, "rotate_angle_pred": 23.281535061714152}