{"centroid": [0.07576237682684306, -0.27380542829632754, 0.03119542428207868], "extents": [0.5853775902195645, 0.08772959560155891, 0.9710067184151387], "rotate_angle": 34.71, "rotate_angle_pred": 33.560267254564764}