{"centroid": [0.012801968907731581, 0.5083566606044769, 0.10892655595386831], "extents": [0.7420873080574228, 0.3023684620857241, 0.9041659874222148], "rotate_angle": -8.07, "rotate_angle_pred": -7.444159863128974}