{"centroid": [0.36535879034753455, 0.45850169658660883, 0.0573212446317617], "extents": [0.6481151643900974, 0.23101425170898465, 0.7614978029945775], "rotate_angle": -28.18, "rotate_angle_pred": -26.510003534025778}