{"centroid": [0.0037333524171421634, 0.3069354295730591, 0.0947980853837323], "extents": [1.0711077404102833, 0.2673715353012087, 0.6547234029282343], "rotate_angle": -28.65, "rotate_angle_pred": -27.14853442982409}