{"centroid": [0.012352490091758761, 0.5819122493267059, 0.06846918466819088], "extents": [1.055724993742428, 0.29698121547698997, 0.6618366337342749], "rotate_angle": 35.16, "rotate_angle_pred": 33.573391365032094}