{"centroid": [0.00781748091554195, -0.018285080790519735, 0.09180015453743409], "extents": [1.104559412498061, 0.2691449820995333, 0.7023424448697997], "rotate_angle": 15.07, "rotate_angle_pred": 15.884442296276347}