{"centroid": [-0.004409788759187849, -0.03189271688461304, 0.09216369160432955], "extents": [1.0664286491393242, 0.27163839340209983, 0.6419753954835181], "rotate_angle": -38.83, "rotate_angle_pred": -37.64161966639311}