{"centroid": [0.002612550335363173, 0.2882314920425415, 0.09027393172336373], "extents": [1.1081245224381822, 0.2621726393699648, 0.7008507428106163], "rotate_angle": 21.53, "rotate_angle_pred": 22.44373721395405}