{"centroid": [0.12099501237517307, 0.5258045494556426, 0.06733520164223444], "extents": [0.7601523552915883, 0.3061673641204834, 0.46181313136343216], "rotate_angle": 3.15, "rotate_angle_pred": 8.962525655827577}