{"centroid": [0.007679969396232056, -0.1241942048072815, 0.01968243943148179], "extents": [1.1646080004962593, 0.18195037543773676, 1.0920755851817736], "rotate_angle": 0.02, "rotate_angle_pred": 0.5392232208983216}