{"centroid": [0.009143059545160162, 0.2725688591599464, -0.006221796812251351], "extents": [1.2036541901050444, 0.1838253289461139, 1.158543129210383], "rotate_angle": -19.88, "rotate_angle_pred": -18.817206171484955}