{"centroid": [0.013933236301865673, 0.0428766757249832, 0.023922591352017353], "extents": [1.1661892999906414, 0.1794494390487674, 1.091760146420718], "rotate_angle": -39.21, "rotate_angle_pred": -38.96672012867535}