{"centroid": [0.13789598084644608, -0.2105855643749237, 0.071147291697018], "extents": [0.7492559946923258, 0.31135863065719616, 0.4408705414094316], "rotate_angle": 26.14, "rotate_angle_pred": 28.173964618791402}