{"centroid": [0.006829647545823908, -0.22260586172342292, -0.017978358451460313], "extents": [1.1446373472652915, 0.22555981576442746, 1.1301324377372695], "rotate_angle": 10.13, "rotate_angle_pred": 11.1271960015046}