{"centroid": [0.02271773453751405, -0.40982113778591156, 0.037850848709081716], "extents": [1.1697797881189669, 0.35211217403411904, 1.0927968124157985], "rotate_angle": 26.73, "rotate_angle_pred": 28.932803880226444}