{"centroid": [0.1259584786581771, -0.5802131146192551, 0.05314266996394384], "extents": [0.719993362156533, 0.29764619469642656, 0.4545870481823596], "rotate_angle": -17.51, "rotate_angle_pred": -14.998488266305259}