{"centroid": [0.181835406466281, 0.14474976249039173, 0.05075617659740703], "extents": [0.7144979399507337, 0.31285011768341076, 0.45172483746825814], "rotate_angle": -6.36, "rotate_angle_pred": -4.451283330924227}