{"centroid": [-0.5998837834005284, 0.4054574742913246, 0.03374912985650137], "extents": [0.48450497399839054, 0.21443451941013353, 0.4443707819824799], "rotate_angle": -8.36, "rotate_angle_pred": -4.47221602812543}