{"centroid": [0.01560873227046767, 0.5249992311000824, 0.0876517182857256], "extents": [0.8666726968008547, 0.2979527115821841, 0.9013260624975628], "rotate_angle": 27.71, "rotate_angle_pred": 29.204313747840814}