{"centroid": [0.013138311021843103, 0.12281674146652222, 0.08055876329828507], "extents": [0.8581946077690414, 0.47192096710205106, 0.8836449571614808], "rotate_angle": 41.21, "rotate_angle_pred": 41.83367776976546}