{"centroid": [-0.030301545161892818, 0.5407267808914185, 0.0837701652060113], "extents": [0.8422248360673366, 0.309211611747742, 0.8955696818212552], "rotate_angle": -25.9, "rotate_angle_pred": -21.516994500858274}