{"centroid": [-0.02228951722131331, -0.3829009532928467, 0.07688253439475617], "extents": [0.8485005951969236, 0.4919213056564333, 0.8865889162452482], "rotate_angle": -7.59, "rotate_angle_pred": -5.904541171778504}