{"centroid": [0.030594817184905136, -0.2112738713622094, 0.007617127268276444], "extents": [0.5821877831949533, 0.08320976793766047, 0.8376094266842364], "rotate_angle": 9.46, "rotate_angle_pred": 10.867330435456935}