{"centroid": [-0.010974660932623337, -0.36242973804473877, 0.08406348695148605], "extents": [1.0298541981421425, 0.42118436098098777, 0.6362917545047405], "rotate_angle": -38.01, "rotate_angle_pred": -38.98511184392524}