{"centroid": [0.009524539768745066, 0.5678184926509857, 0.07246521136640359], "extents": [0.9707155131274858, 0.2843595147132876, 0.6281776961894798], "rotate_angle": 37.01, "rotate_angle_pred": 36.62152591558167}