{"centroid": [0.0038491927531340148, 0.25908033549785614, 0.08940503719155253], "extents": [1.0077110474174773, 0.23987838625907923, 0.6279597248278779], "rotate_angle": -24.02, "rotate_angle_pred": -23.917122758474846}