{"centroid": [0.0007393557741059431, 0.5337429344654083, 0.08408024969453443], "extents": [1.0171743493866336, 0.2887269854545595, 0.6414374622423004], "rotate_angle": 20.17, "rotate_angle_pred": 20.538264671196572}