{"centroid": [-0.02321326925188022, -0.41524869203567516, 0.08176519693256887], "extents": [0.9920469301976201, 0.4487273693084719, 0.6031771168156412], "rotate_angle": 4.49, "rotate_angle_pred": 6.581972154693588}