{"centroid": [-0.0235702189481537, 0.2492146492004394, 0.07939118940130274], "extents": [1.0147461785591414, 0.24144279956817644, 0.6371104650964199], "rotate_angle": 6.23, "rotate_angle_pred": 8.210587072195295}