{"centroid": [-0.04689893507816349, -0.3509233891963959, 0.11185970844495044], "extents": [0.8134491545925331, 0.4855952858924868, 0.8816629759077811], "rotate_angle": -29.92, "rotate_angle_pred": -25.212758832955572}