{"centroid": [0.027565546145230505, 0.19208143651485438, 0.1082456123655496], "extents": [0.8695437467073741, 0.3119007647037509, 0.9227851793692093], "rotate_angle": 13.56, "rotate_angle_pred": 14.501682654157065}