{"centroid": [0.013695084616326354, 0.5693219602108001, 0.10182927439864205], "extents": [0.8535380307107552, 0.3721686601638796, 0.9519340929120248], "rotate_angle": -39.22, "rotate_angle_pred": -36.77948297858406}