{"centroid": [-0.02484124258927467, 0.22655698657035828, 0.11313738015064392], "extents": [0.8763009336467258, 0.37540704011917136, 0.9211652306965628], "rotate_angle": -7.65, "rotate_angle_pred": -6.089917026317252}