{"centroid": [-0.009873517049550404, 0.5378077626228331, 0.07163461870710773], "extents": [0.7675534626020666, 0.3230400681495669, 0.9475118093727417], "rotate_angle": -27.73, "rotate_angle_pred": -27.067264368978293}