{"centroid": [0.6420494221440634, 0.35180051624774933, 0.003169204507450077], "extents": [0.4906378049800908, 0.19507089257240307, 0.42602288370627894], "rotate_angle": -0.02, "rotate_angle_pred": 0.8291826460378786}