{"centroid": [-0.6057733533435192, 0.38743457198143005, 0.032013968553360805], "extents": [0.4689331307174927, 0.21208155155181901, 0.4314168649742356], "rotate_angle": -18.97, "rotate_angle_pred": -16.238201936165254}