{"centroid": [-0.3434587205019982, 0.43150579184293747, 0.062664086189109], "extents": [0.6409826134826783, 0.22957397997379325, 0.7159566122539389], "rotate_angle": 14.29, "rotate_angle_pred": 14.69805725364823}