{"centroid": [0.3505842846569822, 0.4638068601489067, 0.03957549133580741], "extents": [0.6380075267171298, 0.23570154607296012, 0.7389525830068886], "rotate_angle": -17.71, "rotate_angle_pred": -16.75289923220781}