{"centroid": [0.02565320317689042, 0.47069054841995234, 0.08441940034660729], "extents": [1.37783445017106, 0.2548002004623415, 0.5737223670542646], "rotate_angle": 10.11, "rotate_angle_pred": 11.8891261610638}