{"centroid": [0.32306137368442284, 0.4349389672279358, 0.07350722973948545], "extents": [0.6485559806704475, 0.2344397306442263, 0.7131868453894616], "rotate_angle": 22.4, "rotate_angle_pred": 23.876916336891213}