{"centroid": [-0.33731545457975587, 0.4414950758218765, 0.03124399026379624], "extents": [0.6500408524697373, 0.2544139325618745, 0.7539915893817131], "rotate_angle": -24.15, "rotate_angle_pred": -22.92184530251835}