{"centroid": [-0.0063682170302469115, 0.4994177520275116, 0.05221258638349347], "extents": [1.3865860521225855, 0.25197410583496116, 0.5579053091352715], "rotate_angle": 18.87, "rotate_angle_pred": 19.819858550106645}