{"centroid": [-0.010405114658071507, 0.5518844872713089, 0.02225804247601365], "extents": [0.8195360943352437, 0.2891945540905001, 0.7522919218748394], "rotate_angle": -29.99, "rotate_angle_pred": -29.46825962852772}