{"centroid": [-0.010769162842497952, 0.31871397793293, 0.014225068176006217], "extents": [0.8097120402636666, 0.24372395873069785, 0.7604982739462822], "rotate_angle": 23.7, "rotate_angle_pred": 23.115921522101218}