{"centroid": [0.002709147687029262, 0.5626867264509201, 0.021504677641071945], "extents": [0.7936711147630351, 0.24657765030860923, 0.7620475135018808], "rotate_angle": -9.79, "rotate_angle_pred": -9.474333614887215}