{"centroid": [-0.010874087047873224, -0.03188616037368776, 0.07249504238010401], "extents": [0.9850682250498388, 0.23939159512519856, 0.6268516925505161], "rotate_angle": 21.81, "rotate_angle_pred": 20.941494773752552}