{"centroid": [-0.0412280678688364, -0.43812212347984314, 0.08037107128184631], "extents": [0.9494247302749999, 0.4458639025688173, 0.5907586133689002], "rotate_angle": -12.85, "rotate_angle_pred": -8.9340362805128}