{"centroid": [0.005750781440792559, 0.551142081618309, 0.0709260908211726], "extents": [0.9643543862786711, 0.2846748530864718, 0.6240550217573038], "rotate_angle": 28.04, "rotate_angle_pred": 29.36135400724278}