{"centroid": [0.0008942508367091387, 0.48377926647663105, 0.06530496279945272], "extents": [0.9823174498974749, 0.2831197679042818, 0.6252997531813549], "rotate_angle": -6.49, "rotate_angle_pred": -6.112569170486196}