{"centroid": [-0.366912955577725, 0.4301351457834244, 0.0559506447993813], "extents": [0.585968959662755, 0.23004171252250694, 0.7011847953394137], "rotate_angle": 1.32, "rotate_angle_pred": 0.7524285573463771}