{"centroid": [-0.4015054654869832, 0.4625611901283264, 0.07211914548567638], "extents": [0.6013302884551323, 0.25200217962265037, 0.7167171337005642], "rotate_angle": -3.23, "rotate_angle_pred": -0.9559767004937783}