{"centroid": [-0.3902478448119958, 0.47219279408454895, 0.07863578702941255], "extents": [0.6149942920035336, 0.25162631273269676, 0.7328645044696959], "rotate_angle": -2.71, "rotate_angle_pred": 0.2140914021178446}