{"centroid": [-0.01204700520242509, 0.560182511806488, 0.09393976331992443], "extents": [0.9142265425511747, 0.28846222162246726, 0.6534106210904718], "rotate_angle": -14.94, "rotate_angle_pred": -11.28514332844054}