{"centroid": [-0.003902193560893691, 0.5445893704891204, 0.059581288112218515], "extents": [0.729954342305837, 0.34008312225341825, 0.9617414216121691], "rotate_angle": 25.17, "rotate_angle_pred": 26.21070390767825}