{"centroid": [-0.00027147987636087084, -0.05808798968791963, 0.07615165681442956], "extents": [0.716971164747904, 0.2778960168361666, 0.9160673691995713], "rotate_angle": -11.47, "rotate_angle_pred": -9.927672755951676}