{"centroid": [-0.003395691885168646, -0.46654009819030756, 0.04547371467055639], "extents": [0.706912016398973, 0.4622759819030763, 0.9279084482556039], "rotate_angle": 37.55, "rotate_angle_pred": 38.74640963221418}