{"centroid": [0.0070694833816150535, 0.24276667833328247, 0.09924055038189508], "extents": [0.6751103840161237, 0.24140745401382474, 0.9221750879313761], "rotate_angle": -32.42, "rotate_angle_pred": -32.68887149254746}