{"centroid": [-0.0017418639919460285, -0.39241495728492737, 0.10738464250163905], "extents": [0.6973091596915452, 0.3897497653961183, 0.9125804013972469], "rotate_angle": -39.51, "rotate_angle_pred": -39.03088409064239}