{"centroid": [-0.07243785505912233, -0.6173495799303055, -0.018688833479109282], "extents": [0.5607476216792497, 0.14252111315727234, 0.34247463833816816], "rotate_angle": 7.61, "rotate_angle_pred": 12.58043570008563}