{"centroid": [0.041226606494768336, -0.5546823740005493, -0.03305071681674431], "extents": [0.6194618931052379, 0.16920125484466558, 0.3672009104937345], "rotate_angle": 19.7, "rotate_angle_pred": 23.95490918594551}