{"centroid": [0.05554283103866175, -0.5975427925586699, -0.0246168980232674], "extents": [0.5782458810676099, 0.16616350412368797, 0.3715834933939385], "rotate_angle": 42.92, "rotate_angle_pred": 44.142766251981755}