{"centroid": [-0.11048318787022282, -0.6718015074729919, 0.018746950396450808], "extents": [0.5664057090516844, 0.127105712890625, 0.3201771949089234], "rotate_angle": -16.07, "rotate_angle_pred": -13.244529670663411}