{"centroid": [0.005563287901930614, 0.3550746887922287, 0.05072683260056589], "extents": [1.1982542162482441, 0.3619925081729891, 1.1324407946707695], "rotate_angle": 0.73, "rotate_angle_pred": 2.092545716170747}