{"centroid": [-0.019318861505170537, -0.18801796436309814, 0.0524295967578053], "extents": [1.229076189332288, 0.7770818471908574, 1.1479452050978782], "rotate_angle": -43.11, "rotate_angle_pred": -41.82305799820048}