{"centroid": [-0.0024910752652242962, 0.14300247281789777, 0.06467864303382873], "extents": [1.1708904395268442, 0.46362310647964494, 0.6419889270821924], "rotate_angle": 23.55, "rotate_angle_pred": 23.534489510953136}