{"centroid": [-0.017930695820063833, 0.5644820332527161, 0.08489024166655587], "extents": [1.1411781231374576, 0.2754810452461245, 0.6221289591276529], "rotate_angle": -25.44, "rotate_angle_pred": -23.106787117501398}