{"centroid": [0.007128130941582406, 0.5311486423015594, 0.07969562552357912], "extents": [1.1554613027752139, 0.2929463982582094, 0.6480877351403616], "rotate_angle": 21.8, "rotate_angle_pred": 21.870398961697532}