{"centroid": [0.007359146860176254, 0.3011693209409714, 0.012249617827139715], "extents": [0.5689859296837627, 0.1467208564281465, 0.5548154024582361], "rotate_angle": 12.69, "rotate_angle_pred": 11.571743524461837}