{"centroid": [-0.01229600687114292, -0.3446662724018097, 0.09171758053907944], "extents": [1.163499690848758, 0.4996913373470308, 0.6507891292962518], "rotate_angle": -5.95, "rotate_angle_pred": -6.202407267424121}