{"centroid": [-0.014948200833673042, -0.3750980794429779, 0.05170086081087614], "extents": [1.1541574095680152, 0.5143989920616152, 0.6222423961971355], "rotate_angle": 21.5, "rotate_angle_pred": 22.346451702824226}