{"centroid": [-0.021948856554615058, 0.4791141152381897, 0.018510403014816976], "extents": [0.5800728935941215, 0.250820577144623, 0.5422337780277529], "rotate_angle": -38.17, "rotate_angle_pred": -33.95238810879759}