{"centroid": [-0.011285602854036063, 0.5802613049745561, 0.09797838086260899], "extents": [0.9374445497738678, 0.30262413620948814, 0.6637297741947046], "rotate_angle": 24.57, "rotate_angle_pred": 27.606925161626933}