{"centroid": [-0.0017951231649048077, 0.26944328099489206, 0.07861896602749918], "extents": [1.0092998568456788, 0.24603845179080974, 0.639505852126779], "rotate_angle": 0.62, "rotate_angle_pred": 2.535490427482145}