{"centroid": [-0.013646245941780127, -0.02471873164176941, 0.08246598847959327], "extents": [0.9924617889362692, 0.2751952409744265, 0.6185967849665432], "rotate_angle": -40.18, "rotate_angle_pred": -36.75728892619945}