{"centroid": [0.019363683099964384, -0.3682417720556259, 0.07738379154731032], "extents": [1.0121320594838188, 0.4070323109626772, 0.6372905442060166], "rotate_angle": -39.83, "rotate_angle_pred": -40.40341863799293}