{"centroid": [-0.03158590756220998, -0.39903694391250605, 0.10850117291013592], "extents": [0.9877186964335641, 0.4454292058944703, 0.6071956723429687], "rotate_angle": -40.38, "rotate_angle_pred": -37.11627835616922}