{"centroid": [0.03689202705297061, -0.005639359354972857, 0.08817347598999722], "extents": [1.007323251875003, 0.2504876255989077, 0.6410802518756227], "rotate_angle": 16.77, "rotate_angle_pred": 17.69584610612111}