{"centroid": [0.021473431070586982, 0.53340083360672, 0.07383972302270127], "extents": [1.0046911285729865, 0.2891165018081667, 0.6403839617552863], "rotate_angle": -31.63, "rotate_angle_pred": -31.550691748299812}