{"centroid": [0.005145807464395719, -0.022112190723419196, -0.030243991660539593], "extents": [1.2108295028008, 0.40447247028350863, 1.1811513963355291], "rotate_angle": -25.94, "rotate_angle_pred": -25.31312072354889}