{"centroid": [0.0048176558855974605, 0.3543072044849396, 0.00920372441054644], "extents": [1.1825960557217305, 0.36655056476593045, 1.1342754059639943], "rotate_angle": 15.64, "rotate_angle_pred": 17.109340480150905}