{"centroid": [0.012160449935915266, -0.367592692375183, 0.038762940238612834], "extents": [1.178423166936677, 0.34307414293289196, 1.1071695095556664], "rotate_angle": 2.39, "rotate_angle_pred": 4.115992764371683}