{"centroid": [0.013309176794049679, -0.004065632820129391, 0.03570829365350432], "extents": [1.1826929710497396, 0.35938644409179715, 1.1160900276118113], "rotate_angle": -5.29, "rotate_angle_pred": -4.382645897874951}