{"centroid": [-0.010211620869322813, -0.39217862486839294, 0.024255341154319918], "extents": [1.1844213965763175, 0.3512369990348818, 1.1268963589995111], "rotate_angle": -13.95, "rotate_angle_pred": -12.176856954115934}