{"centroid": [-0.5618692993456219, 0.3433980792760849, 0.021790476510417208], "extents": [0.4795218715281875, 0.1797025501728059, 0.41079273898316504], "rotate_angle": -33.54, "rotate_angle_pred": -32.30391995271047}