{"centroid": [-0.01619512425302666, 0.46835597604513174, 0.06600564484651404], "extents": [1.3821249446785107, 0.2499171048402789, 0.5743825617914182], "rotate_angle": 13.94, "rotate_angle_pred": 14.868034371754248}