{"centroid": [0.6443212010447759, 0.34903673082590103, 0.02120568973627107], "extents": [0.4909039637212458, 0.1912926584482194, 0.43171714869429956], "rotate_angle": -10.4, "rotate_angle_pred": -7.760473793868201}