{"centroid": [0.6305471648103923, 0.3609845116734505, 0.06945073888497667], "extents": [0.47942851028800026, 0.1737374514341356, 0.42808408469330517], "rotate_angle": 37.34, "rotate_angle_pred": 38.28612855245376}