{"centroid": [-0.605449568281386, 0.3996787667274475, 0.031388728651970496], "extents": [0.48761489186481527, 0.22934657335281383, 0.44873564698375634], "rotate_angle": 8.02, "rotate_angle_pred": 11.227698065152097}