{"centroid": [-0.005111917947456995, 0.4014847129583358, 0.0673182859930757], "extents": [1.2304126253565788, 0.25349119305610673, 0.5615081891761113], "rotate_angle": 16.55, "rotate_angle_pred": 17.233007379733493}