{"centroid": [0.0018744918662760846, -0.030414640903472904, -0.024502159936446277], "extents": [1.2210310726087132, 0.396862626075745, 1.204789164497336], "rotate_angle": -41.0, "rotate_angle_pred": -37.460541200838264}