{"centroid": [-0.01424227202754802, -0.03738044202327728, 0.0021405150388265903], "extents": [1.2159856880410034, 0.3785410225391392, 1.1336987319320944], "rotate_angle": -40.22, "rotate_angle_pred": -40.89097169106532}