{"centroid": [-0.007389471015550764, 0.21135890483856207, -0.0030433828318404132], "extents": [1.1698245094503468, 0.20697884261608157, 1.1654348656745004], "rotate_angle": -14.03, "rotate_angle_pred": -11.081845420905466}