{"centroid": [-0.0051648954817206105, 0.4441065415740013, 0.027199998257498165], "extents": [1.1919103831293119, 0.17370112240314511, 1.1407136888822063], "rotate_angle": 21.33, "rotate_angle_pred": 22.443312947247293}