{"centroid": [-0.00180188093373794, 0.2559175565838814, 0.02520880918456206], "extents": [1.1923965367243772, 0.1828415840864184, 1.1348939086207426], "rotate_angle": 1.98, "rotate_angle_pred": 3.2322366857952716}