{"centroid": [-0.013583586469378142, -0.4257533550262451, 0.0170100988846104], "extents": [1.1934455705424953, 0.3599407672882084, 1.139161355240362], "rotate_angle": 36.51, "rotate_angle_pred": 38.05383877280275}