{"centroid": [-0.002414531645745184, 0.5654377639293671, 0.09237397202538916], "extents": [0.8986436002079958, 0.3024556040763857, 0.6270612389960871], "rotate_angle": 19.12, "rotate_angle_pred": 21.312601467168136}