{"centroid": [0.006499113695067553, 0.521851122379303, 0.08532684229860558], "extents": [0.873466952023219, 0.29422485828399675, 0.6507061596876436], "rotate_angle": 13.13, "rotate_angle_pred": 14.182416369368198}