{"centroid": [-0.038763036634960335, -0.41248881816864014, 0.07928748205178236], "extents": [0.7389552537157067, 0.436784625053406, 0.9003806641919647], "rotate_angle": -30.74, "rotate_angle_pred": -27.525588293071323}