{"centroid": [0.015580604640928815, -0.3835677057504654, 0.09530190430062653], "extents": [0.7648298644728717, 0.41666877269744895, 0.9224685315152418], "rotate_angle": 22.5, "rotate_angle_pred": 24.781802090169805}