{"centroid": [0.0039966358570670615, 0.5327022075653076, 0.07568223976201119], "extents": [0.7546926742285094, 0.35734802484512357, 0.9426515705244547], "rotate_angle": -41.6, "rotate_angle_pred": -39.19875225854428}