{"centroid": [-0.34964256636980684, 0.4366267770528793, 0.045811316665653475], "extents": [0.6590474886469672, 0.2350478470325471, 0.7394964742654386], "rotate_angle": -42.22, "rotate_angle_pred": -41.31528651215322}