{"centroid": [0.007752094225019879, 0.5102121904492378, 0.03817575297367654], "extents": [1.0330096436784737, 0.1538975089788439, 0.99440395384961], "rotate_angle": -9.42, "rotate_angle_pred": -7.483538361743072}