{"centroid": [0.011485805584494219, 0.1831790432333946, -0.00949525014860722], "extents": [1.078378569866771, 0.13429632782936124, 1.03752423459198], "rotate_angle": 12.41, "rotate_angle_pred": 13.389329814269814}