{"centroid": [0.0226082740142821, -0.0011854842305183445, -0.010203806600408052], "extents": [1.0672209328962732, 0.17213991284370456, 1.0483843153097918], "rotate_angle": -42.02, "rotate_angle_pred": -37.23192261813309}