{"centroid": [-0.019500589540030075, -0.2946687713265419, 0.09716587117643445], "extents": [1.1281857233526087, 0.5220808982849123, 0.6684268560722243], "rotate_angle": -35.98, "rotate_angle_pred": -36.06272834982437}