{"centroid": [-0.0009393532728697168, 0.5558404475450516, 0.09171040457365116], "extents": [1.117582185344589, 0.2646597325801852, 0.6618113419381471], "rotate_angle": 29.33, "rotate_angle_pred": 30.293632779075892}