{"centroid": [0.002748335607815955, 0.15904760360717773, 0.0863487444468872], "extents": [1.153182959500004, 0.47110164165496843, 0.6335043775878797], "rotate_angle": 5.84, "rotate_angle_pred": 6.243709055515737}