{"centroid": [0.048102740981761205, -0.15478993579745293, 0.025221212229998298], "extents": [0.5569043078531211, 0.09332267194986366, 0.8222219228432601], "rotate_angle": 28.85, "rotate_angle_pred": 30.340219875156507}