{"centroid": [-0.012528981168223902, -0.33629676699638367, 0.06264507652405321], "extents": [1.1526473777612425, 0.5326545834541323, 0.6299627432581678], "rotate_angle": 26.49, "rotate_angle_pred": 27.207661750126718}