{"centroid": [0.013174965465242813, 0.13782638311386106, 0.08672966182529057], "extents": [1.142574220456967, 0.45626270771026634, 0.6351571842347162], "rotate_angle": 22.56, "rotate_angle_pred": 23.995808733882498}