{"centroid": [-0.006462264038167978, 0.520268589258194, 0.06655095285191265], "extents": [1.1367055064712441, 0.29808324575424217, 0.6348364290084099], "rotate_angle": -27.57, "rotate_angle_pred": -27.787336406873408}