{"centroid": [-0.5956878648388214, 0.3936704248189926, 0.027752185747746846], "extents": [0.47686348356107544, 0.2184454500675203, 0.4395624192485137], "rotate_angle": -8.59, "rotate_angle_pred": -5.573494039717119}