{"centroid": [0.6189506240750638, 0.349936306476593, 0.03256555374805292], "extents": [0.4496108161936629, 0.17017322778701793, 0.41529332375938166], "rotate_angle": 18.43, "rotate_angle_pred": 18.459330804302283}