{"centroid": [0.6479830013325303, 0.3454776629805565, 0.009320817526593025], "extents": [0.4866734097142592, 0.19420610368251812, 0.4289597526887916], "rotate_angle": -7.1, "rotate_angle_pred": -5.69284546938465}