{"centroid": [-0.5603509667271759, 0.3435191065073013, 0.05069109853376412], "extents": [0.4411735035841335, 0.1718747913837434, 0.4153965803133073], "rotate_angle": 21.29, "rotate_angle_pred": 22.658779952970974}