{"centroid": [-0.004592119352580144, -0.3981361463665962, 0.03153336027354198], "extents": [0.8494092044195498, 0.15725384652614616, 0.7772277427231606], "rotate_angle": -29.76, "rotate_angle_pred": -29.319102774933363}