{"centroid": [0.0762858092658878, 0.6269586160778999, -0.04661958572547152], "extents": [0.8454347905838346, 0.1991555839776995, 0.8229224737284015], "rotate_angle": 43.54, "rotate_angle_pred": 37.5527544558157}