{"centroid": [0.03053917735524092, 0.8022250309586525, 0.04248072607861224], "extents": [0.8796683567842238, 0.10994426906108878, 0.8421416299848837], "rotate_angle": -8.38, "rotate_angle_pred": -7.107298835067425}