{"centroid": [0.02591370707882528, -0.36746371537446965, 0.032048676414358636], "extents": [0.8764840189287857, 0.13285167515277885, 0.8387108873594757], "rotate_angle": 13.86, "rotate_angle_pred": 13.83669333704907}