{"centroid": [0.014470007825986918, 0.353107713162899, 0.03540521979918517], "extents": [0.8739662141202078, 0.12291897833347348, 0.8389348955727323], "rotate_angle": -43.17, "rotate_angle_pred": -42.64440476015085}