{"centroid": [0.022263051168944933, -0.2386098951101303, 0.024834195211287595], "extents": [0.8808560495776749, 0.13126710057258636, 0.842671048618882], "rotate_angle": -35.51, "rotate_angle_pred": -36.816680220025475}