{"centroid": [0.029493762498008683, 0.16936204582452774, 0.04433915488883189], "extents": [0.8307352089315341, 0.14532479643821739, 0.822799684922484], "rotate_angle": -18.55, "rotate_angle_pred": -16.785153616446806}