{"centroid": [0.025186026110986373, -0.5558861047029496, 0.007706249214033442], "extents": [0.8697102316492444, 0.15114364027977012, 0.7921192870660607], "rotate_angle": 5.06, "rotate_angle_pred": 5.177763976626963}