{"centroid": [0.01844624896666447, 0.31802602112293243, 0.03652849196308436], "extents": [0.8573839806058425, 0.13945659995079063, 0.84514279569222], "rotate_angle": -16.93, "rotate_angle_pred": -15.12596311693136}