{"centroid": [-0.015688707309414962, -0.792319655418396, 0.020304437894052202], "extents": [0.8631136462797887, 0.2988489866256716, 0.788820509292248], "rotate_angle": 2.27, "rotate_angle_pred": 5.69285438979405}