{"centroid": [-0.006222552799981844, 0.5657731294631958, 0.09273248894537926], "extents": [0.8890602400618703, 0.33367061614990257, 0.9200103088347715], "rotate_angle": 3.37, "rotate_angle_pred": 5.956596485288813}