{"centroid": [0.004460717530042034, 0.558215469121933, 0.11141239221020899], "extents": [0.882219098862316, 0.33824092149734525, 0.9504227882855231], "rotate_angle": 12.3, "rotate_angle_pred": 13.87027869922315}