{"centroid": [0.38323528539776014, 0.24699360504746432, -0.04936650951408891], "extents": [0.5200170895886139, 0.06779468804597871, 0.7803782256605332], "rotate_angle": -33.76, "rotate_angle_pred": -31.03072657138837}