{"centroid": [-0.3974111415056931, 0.15488602221012107, 0.03088164863577418], "extents": [0.4974198043014475, 0.07335491478443165, 0.7577991485090021], "rotate_angle": 40.11, "rotate_angle_pred": 39.978499482320785}