{"centroid": [0.026519463995384605, -0.47313082963228226, 0.0038502694451299224], "extents": [0.41059239603660924, 0.1870390027761461, 0.5426027630084951], "rotate_angle": 1.95, "rotate_angle_pred": -0.23452940032491654}