{"centroid": [-0.021156189673926275, -0.35567069053649897, 0.057956422927016873], "extents": [0.753773214416444, 0.5479724407196046, 0.9377252484202656], "rotate_angle": 35.41, "rotate_angle_pred": 36.77289525316732}