{"centroid": [-0.004565688614152373, 0.5898809731006622, 0.08223499849656976], "extents": [0.7569571866642759, 0.3099942207336428, 0.9650064280525101], "rotate_angle": 4.3, "rotate_angle_pred": 4.917303046816073}