{"centroid": [0.004967204547964954, 0.19868828356266025, 0.09493563696721517], "extents": [0.7646903571512099, 0.49221929907798806, 0.9490987876769246], "rotate_angle": 35.23, "rotate_angle_pred": 34.90598334217842}