{"centroid": [-0.010843650586063396, -0.309598121792078, 0.09868562575260537], "extents": [0.7815033678261849, 0.5059745311737063, 0.9462106088410629], "rotate_angle": -40.72, "rotate_angle_pred": -40.512082151011896}