{"centroid": [0.009318946982450865, 0.5954831093549728, 0.10888447603765107], "extents": [0.7616468192886205, 0.30718079209327726, 0.9628182802506868], "rotate_angle": 30.93, "rotate_angle_pred": 30.485784330274456}