{"centroid": [-0.04384096395781399, -0.43729928880929947, 0.020891036871116125], "extents": [0.4741782760542811, 0.11279918253421795, 0.5577531358702281], "rotate_angle": 0.16, "rotate_angle_pred": 0.6725174806237391}