{"centroid": [0.009768199372821418, 0.14771390706300733, 0.07912481112818057], "extents": [0.6542140201478902, 0.2387335747480395, 0.884633415953755], "rotate_angle": -26.05, "rotate_angle_pred": -25.557294389188698}