{"centroid": [0.01041543686185463, 0.18584469705820084, 0.062258980134610224], "extents": [0.6982797383035054, 0.2817979753017428, 0.8903716801032469], "rotate_angle": 21.87, "rotate_angle_pred": 23.8589754526309}