{"centroid": [0.0057957060900627674, 0.42019417881965637, 0.08362614414458608], "extents": [0.6628698563245585, 0.25193804502487205, 0.8904344842948565], "rotate_angle": 11.97, "rotate_angle_pred": 12.839555511255966}