{"centroid": [0.025106602140460392, 0.5014844238758087, 0.06709639911951289], "extents": [0.71509863653226, 0.29871034622192405, 0.9201666336381364], "rotate_angle": 10.5, "rotate_angle_pred": 10.215468444140441}