{"centroid": [-0.005500988885446333, -0.23188072443008426, 0.10141659328576341], "extents": [0.6750296297350731, 0.4267430305480959, 0.8979054613663248], "rotate_angle": -13.04, "rotate_angle_pred": -12.562013646157482}