{"centroid": [-0.0008230582921460936, -0.20769667252898216, 0.08173720712922475], "extents": [0.6578225661317212, 0.37758088111877464, 0.88720586179992], "rotate_angle": -32.22, "rotate_angle_pred": -32.76811688778072}