{"centroid": [-0.018081330977068183, 0.3689137175679207, 0.0391259589487088], "extents": [1.062059400264005, 0.15130721032619499, 0.9925996044561627], "rotate_angle": 1.03, "rotate_angle_pred": 1.6429395320665208}