{"centroid": [-0.018111146417387897, 0.48529602587223053, 0.005441088029085744], "extents": [1.0564572697000325, 0.18607345223426847, 1.0186388382543274], "rotate_angle": 24.18, "rotate_angle_pred": 26.35902110018779}