{"centroid": [-0.003152878973093562, -0.3906065821647644, -0.024486755682172665], "extents": [1.0822402192213179, 0.7250592708587649, 1.0293846086015943], "rotate_angle": 25.45, "rotate_angle_pred": 22.45719195222493}