{"centroid": [-0.018416825789028216, 0.5461066067218779, 0.04948920651754496], "extents": [1.0465298589827503, 0.15704482793808006, 1.001819700967959], "rotate_angle": -32.85, "rotate_angle_pred": -32.18137198454916}