{"centroid": [-0.01669360181593728, 0.08302268385887146, 0.014278098705365977], "extents": [1.032440878697507, 0.3307638764381411, 1.0320937412537674], "rotate_angle": -3.93, "rotate_angle_pred": -2.746066082744562}