{"centroid": [0.0007965552798216077, 0.16254232823848724, 0.10533844119538595], "extents": [0.8642790062292695, 0.4505912363529208, 0.8805130460101536], "rotate_angle": -42.48, "rotate_angle_pred": -41.08601520791581}