{"centroid": [-0.004061530018573109, 0.4940567165613174, 0.0745429984674665], "extents": [0.9386133206800817, 0.2571482360363008, 0.6371515563810994], "rotate_angle": -28.76, "rotate_angle_pred": -29.343968195607758}