{"centroid": [-0.02079032926117047, 0.5469081699848175, 0.09084323322106436], "extents": [0.9934527689869169, 0.28233885765075706, 0.64381467102823], "rotate_angle": -10.84, "rotate_angle_pred": -5.523953281319621}