{"centroid": [-0.014316730634995181, 0.24186796694993973, 0.07440992151951988], "extents": [1.0049247760781266, 0.23557180166244523, 0.6366797697712785], "rotate_angle": 12.78, "rotate_angle_pred": 16.302503117377185}