{"centroid": [0.008173281371698822, 0.5442716032266616, 0.09708748133459302], "extents": [0.852076512335944, 0.2860536277294161, 0.8846416881303689], "rotate_angle": 15.64, "rotate_angle_pred": 16.90529543056111}