{"centroid": [0.010640251171839747, -0.32741739600896835, 0.09864952649592341], "extents": [0.8546221240450733, 0.49212035536766074, 0.8892754299883708], "rotate_angle": 25.98, "rotate_angle_pred": 27.82320373034443}