{"centroid": [-0.024984607991762886, -0.033318549394607544, 0.08149667842617647], "extents": [0.9578311445858524, 0.2584965825080874, 0.6223291160319744], "rotate_angle": -37.57, "rotate_angle_pred": -32.277895138018266}