{"centroid": [0.03259980315822334, 0.14872553944587705, 0.0487496516445111], "extents": [0.8393361666721286, 0.44826859235763566, 0.8987622962321843], "rotate_angle": 44.67, "rotate_angle_pred": 41.364838616815575}