{"centroid": [-0.029805693249198288, 0.550726056098938, 0.08938090634766357], "extents": [0.830197314924552, 0.3139978647232058, 0.9007264165585193], "rotate_angle": -20.35, "rotate_angle_pred": -15.087468656064686}