{"centroid": [0.014502133303462617, -0.0337105616927147, 0.09201647088232176], "extents": [0.9435801807253903, 0.2352690249681475, 0.6298462353541768], "rotate_angle": -44.67, "rotate_angle_pred": -44.14898033980458}