{"centroid": [-0.0020895873954598215, -0.4356631934642792, 0.056002857228401065], "extents": [0.969264392148365, 0.4323607087135317, 0.6002211595905953], "rotate_angle": 28.96, "rotate_angle_pred": 31.642135472608203}