{"centroid": [0.015576426237013538, 0.4540100395679474, -0.012528741664014131], "extents": [1.070223115225414, 0.29019725322723416, 1.02961780775804], "rotate_angle": 26.24, "rotate_angle_pred": 26.408393629281292}