{"centroid": [-0.024160338594432826, -0.3695037364959717, 0.0871823808244928], "extents": [1.150116916265223, 0.5194249153137209, 0.6048619725042113], "rotate_angle": -14.82, "rotate_angle_pred": -13.578177050128232}