{"centroid": [-0.0062063715480074055, 0.5318765640258789, 0.06790677464542699], "extents": [1.151863817259568, 0.2935376167297366, 0.6414668581520313], "rotate_angle": -43.64, "rotate_angle_pred": -44.29531844556942}