{"centroid": [0.022148159366378997, 0.13957096636295316, 0.08906868115717696], "extents": [1.1635115087635879, 0.47060444951057456, 0.6440729466202606], "rotate_angle": 29.04, "rotate_angle_pred": 29.950144301894134}