{"centroid": [-0.0033788057721646086, 0.13899165391921994, 0.07085930026833814], "extents": [1.1501161723797397, 0.4593481421470643, 0.6383356865790398], "rotate_angle": 4.02, "rotate_angle_pred": 3.965338396807738}