{"centroid": [-0.006286109310830179, -0.0617800056934357, 0.09856165921862552], "extents": [1.0517875994458081, 0.2729384303092959, 0.6491075063223112], "rotate_angle": 12.82, "rotate_angle_pred": 15.630527812645724}