{"centroid": [-0.016692746676019055, 0.5652482509613037, 0.08953902897657899], "extents": [1.1538266810837197, 0.2746683955192568, 0.6161665743002287], "rotate_angle": -8.84, "rotate_angle_pred": -6.144318227884796}