{"centroid": [-0.03672959582030573, -0.3899753093719482, 0.11095258035014291], "extents": [1.0336014401516085, 0.45920348167419445, 0.6196704132143789], "rotate_angle": -37.48, "rotate_angle_pred": -35.9335743559197}