{"centroid": [-0.009642091104151929, -0.0013378560543060372, 0.08608927040491546], "extents": [1.068796745527036, 0.25630760192871105, 0.6714376754716864], "rotate_angle": 1.1, "rotate_angle_pred": 0.5207205175620402}