{"centroid": [-0.0006042723173154407, 0.29560247063636774, 0.09428439074884172], "extents": [1.0391900809618004, 0.2505378723144533, 0.6492492129349298], "rotate_angle": -12.19, "rotate_angle_pred": -10.50890519306364}