{"centroid": [-0.00081380878255298, 0.2903851866722106, 0.08869338997989018], "extents": [1.0621507102159393, 0.25347894430160545, 0.6615501601333499], "rotate_angle": -38.53, "rotate_angle_pred": -39.31092945026697}