{"centroid": [-0.02574096293180872, -0.3580412268638611, 0.10280194042632906], "extents": [1.1514473335759008, 0.5128868818283083, 0.6100613077129151], "rotate_angle": -15.85, "rotate_angle_pred": -15.068878045439604}