{"centroid": [0.014271359114438123, 0.14808602631092066, 0.08702202989515631], "extents": [1.1539974061007765, 0.4560736417770387, 0.62765621314218], "rotate_angle": 14.45, "rotate_angle_pred": 13.617771746377741}