{"centroid": [-0.0008257346241463681, -0.3401310592889786, 0.09187359065483255], "extents": [1.1710790207536113, 0.49899700284004234, 0.6531992449690931], "rotate_angle": 14.43, "rotate_angle_pred": 13.65985860102488}