{"centroid": [0.003933095013537807, 0.5757838189601898, 0.08535567666877446], "extents": [1.1198339494735072, 0.2798305749893191, 0.6400194186639733], "rotate_angle": 28.31, "rotate_angle_pred": 30.196565024297513}