{"centroid": [0.017415618648825862, 0.1542773991823196, 0.11213993861829889], "extents": [1.1768508728571825, 0.46912524104118375, 0.6496412521671118], "rotate_angle": 30.04, "rotate_angle_pred": 31.288769504770272}