{"centroid": [0.0024176662464748255, 0.15194219350814817, 0.09500216034954456], "extents": [0.869239081227908, 0.456052362918854, 0.9014390596619968], "rotate_angle": 3.24, "rotate_angle_pred": 5.357297960536485}