{"centroid": [0.004494974675288921, 0.5429085195064545, 0.08984615845007884], "extents": [0.8791291694776349, 0.3039467930793765, 0.9052603225280325], "rotate_angle": 32.59, "rotate_angle_pred": 32.9638163536999}