{"centroid": [-0.010174794917905301, 0.15154361724853513, 0.08386213070647852], "extents": [0.8826363029801386, 0.46967488527297996, 0.8922553004919824], "rotate_angle": 12.89, "rotate_angle_pred": 14.540005336749573}