{"centroid": [-0.007362625483464995, 0.5537928938865662, 0.09253509484365538], "extents": [0.7988158290091596, 0.32610094547271756, 0.9545431524804022], "rotate_angle": -30.61, "rotate_angle_pred": -28.381302684738685}