{"centroid": [0.06625440230535494, 0.5577713847160339, -0.03593266916396708], "extents": [0.5062183213919705, 0.3262422084808351, 0.49043673976502367], "rotate_angle": 24.78, "rotate_angle_pred": 20.26140221231843}