{"centroid": [0.016279492738027285, 0.7389643490314483, 0.005033260075669982], "extents": [0.5279790334316172, 0.34482556581497215, 0.47333236084055436], "rotate_angle": -34.45, "rotate_angle_pred": -31.566361376851496}