{"centroid": [-0.00722614252308066, 0.5393571853637695, 0.05620354948316754], "extents": [0.8926248557462559, 0.305147171020508, 0.9217048890715226], "rotate_angle": 3.28, "rotate_angle_pred": 3.8254619500382745}