{"centroid": [-0.022412068504010917, 0.1736179813742638, 0.08837676365289605], "extents": [0.8906953549690124, 0.4675570726394657, 0.8725038977354016], "rotate_angle": -29.07, "rotate_angle_pred": -26.412854821233132}