{"centroid": [0.006521648694663262, 0.5569639205932617, 0.07907934471442796], "extents": [0.8699646153693056, 0.3092209696769717, 0.9056616589580261], "rotate_angle": 40.07, "rotate_angle_pred": 39.17863723297816}