{"centroid": [-0.021442153753833758, -0.3564869686961174, 0.059834335928190895], "extents": [0.9055224661161276, 0.5021513700485232, 0.9163734917024038], "rotate_angle": -29.6, "rotate_angle_pred": -28.806701540773062}