{"centroid": [0.005561131006635814, -0.5219800770282745, 0.025940389291021902], "extents": [0.858592879252423, 0.5428760647773745, 0.7888670072404198], "rotate_angle": 13.02, "rotate_angle_pred": 14.622053696725175}