{"centroid": [0.01097178788835243, 0.5584449172019958, -0.025146873753507416], "extents": [0.8579439099647015, 0.5174857974052431, 0.8230551052947399], "rotate_angle": -3.63, "rotate_angle_pred": -4.152436498722267}