{"centroid": [0.03036891939637721, -0.012107789516448975, 0.03147588836460479], "extents": [0.8461773355251347, 0.54754114151001, 0.8015813193304461], "rotate_angle": 20.86, "rotate_angle_pred": 23.03320505121532}