{"centroid": [-0.03592790747258487, -0.37351758778095245, 0.019920175764363016], "extents": [1.3019614523205871, 0.22106751799583457, 0.6963718695868635], "rotate_angle": -6.92, "rotate_angle_pred": -5.012015719744255}