{"centroid": [-0.022716586122445717, -0.3504246696829796, 0.03734689172727991], "extents": [1.3082229091707775, 0.21779327094554926, 0.6647857525522258], "rotate_angle": -27.17, "rotate_angle_pred": -27.46494128184007}