{"centroid": [-0.025164012873318264, -0.41317954659461975, 0.08894867443743446], "extents": [1.0382833408425314, 0.46536546945571916, 0.6196848706897758], "rotate_angle": -7.32, "rotate_angle_pred": -5.551987097233933}