{"centroid": [0.0005351301307641027, 0.5480581521987914, 0.08469687151463176], "extents": [1.0618918905228578, 0.30896472930908225, 0.6692663882940676], "rotate_angle": -38.4, "rotate_angle_pred": -38.189045319625905}