{"centroid": [-0.0009272945477477451, 0.27564804255962366, 0.08479976542330758], "extents": [1.061445667699622, 0.2595743834972384, 0.6746082017724275], "rotate_angle": -30.65, "rotate_angle_pred": -30.95969012865193}