{"centroid": [0.00958315618427942, 0.5844873189926147, 0.07004449568716606], "extents": [1.0225745247069757, 0.2993314862251284, 0.648748624035572], "rotate_angle": 30.05, "rotate_angle_pred": 30.40315731375223}