{"centroid": [0.006669471098565784, 0.6047948598861694, 0.05653882019737323], "extents": [0.5644867886244833, 0.2555868625640871, 0.9485476394599526], "rotate_angle": 5.82, "rotate_angle_pred": 8.617909223964162}