{"centroid": [-0.017107895834694457, 0.5460687577724456, 0.08847426375449313], "extents": [0.914536337777732, 0.29358422756195085, 0.6413047179416116], "rotate_angle": -20.01, "rotate_angle_pred": -16.083256351742378}