{"centroid": [0.3563932560012898, 0.4580580964684486, 0.05562992240667752], "extents": [0.6438390053323408, 0.2360255867242816, 0.7442932767456948], "rotate_angle": -22.75, "rotate_angle_pred": -20.759266066823102}