{"centroid": [0.02474502833868173, 0.5223925560712814, 0.08415849922169023], "extents": [0.8438222794686872, 0.27731934189796464, 0.6797622869399669], "rotate_angle": 13.13, "rotate_angle_pred": 14.040634191450536}