{"centroid": [-0.3453815897111973, 0.4304313957691192, 0.04397809887740396], "extents": [0.6510715338054754, 0.22797149419784557, 0.7269370392235022], "rotate_angle": -38.77, "rotate_angle_pred": -38.517150268750754}