{"centroid": [0.03280273174138652, -0.30254438519477844, 0.02193851124702885], "extents": [0.5556420075965188, 0.17722749710083016, 0.28642100034669254], "rotate_angle": -14.95, "rotate_angle_pred": -14.918571889968746}