{"centroid": [-0.008962744351942664, 0.5247693508863449, 0.061356986514286206], "extents": [1.340501189847246, 0.247510224580765, 0.8042199019309242], "rotate_angle": -13.83, "rotate_angle_pred": -11.124700480870956}