{"centroid": [0.03562785471098252, -0.3126426413655281, 0.025780843409351016], "extents": [0.56220066552834, 0.17911164462566384, 0.3005022406868849], "rotate_angle": 1.29, "rotate_angle_pred": 3.091235214173352}