{"centroid": [0.016808509476416232, -0.29033033549785614, 0.02855263810945101], "extents": [0.5534017248850898, 0.1829870641231538, 0.2870066548390389], "rotate_angle": -39.79, "rotate_angle_pred": -38.13412067224306}