{"centroid": [0.002320116874202159, 0.5307097136974335, 0.07891922013995531], "extents": [0.7929080875092795, 0.3086968064308169, 0.9510954798831144], "rotate_angle": 2.77, "rotate_angle_pred": 4.002097884312263}