{"centroid": [-0.008595253822908225, 0.5414861142635345, 0.07153259781187164], "extents": [0.7693187137416208, 0.37065225839614896, 0.9650253231901338], "rotate_angle": -16.22, "rotate_angle_pred": -13.091325422353478}