{"centroid": [0.004776672114255975, 0.25726335495710373, 0.03583552007372618], "extents": [0.7733632224299456, 0.2987850904464724, 0.9711185565876292], "rotate_angle": 12.25, "rotate_angle_pred": 13.972909691721}