{"centroid": [0.015262720671253657, 0.45013919472694397, 0.04971764267470495], "extents": [1.373089428408871, 0.2686950564384463, 0.5792764407105315], "rotate_angle": -44.19, "rotate_angle_pred": -45.45200896380044}