{"centroid": [-0.019766839999178887, 0.49196451157331456, 0.08239490528336661], "extents": [1.3931585445822736, 0.24795965850353258, 0.5518109160999688], "rotate_angle": -9.63, "rotate_angle_pred": -5.909955043363794}