{"centroid": [0.022548408921363276, 0.5740923881530762, 0.09675336649767774], "extents": [0.6852312250591848, 0.2578773498535159, 0.9303056222389139], "rotate_angle": 20.42, "rotate_angle_pred": 20.513920938890536}