{"centroid": [0.002871264725189948, 0.6217247247695923, 0.0659327805711815], "extents": [0.7384576750846791, 0.3110294938087466, 0.9331307948306822], "rotate_angle": 35.17, "rotate_angle_pred": 35.10091726304174}