{"centroid": [0.002665717520447211, -0.3905717432498932, 0.0785146032631014], "extents": [1.038285264379137, 0.4866489768028261, 0.6118190341264762], "rotate_angle": -4.54, "rotate_angle_pred": -3.681326010203989}