{"centroid": [0.013426415166764613, 0.0012131184339523246, 0.08681436542625849], "extents": [1.04263293518814, 0.30354273319244407, 0.6448397026493582], "rotate_angle": 34.54, "rotate_angle_pred": 35.72626703953669}