{"centroid": [-0.0006880679933821965, 0.26501730084419245, 0.07831221251494451], "extents": [1.0261518976852653, 0.2494941949844362, 0.6551567925906489], "rotate_angle": 6.09, "rotate_angle_pred": 8.19421917532911}