{"centroid": [-0.0212481312193765, 0.19220760464668274, 0.07070336614359601], "extents": [0.766935480101635, 0.4583230018615725, 0.9176889210081852], "rotate_angle": -1.7, "rotate_angle_pred": -1.8085392864348648}