{"centroid": [0.009518567956345661, 0.19488286972045893, 0.08110614023080578], "extents": [0.7546343920178347, 0.4775022864341738, 0.93561781900509], "rotate_angle": 17.5, "rotate_angle_pred": 20.044479150178816}