{"centroid": [-0.0028843602438719737, 0.5810091495513916, 0.08508501572779426], "extents": [0.7546594702871579, 0.29424166679382346, 0.938029046341263], "rotate_angle": 0.29, "rotate_angle_pred": 1.6631780192043237}