{"centroid": [-0.029376773330373855, -0.33915239572525024, 0.07541926303678745], "extents": [0.7605781475076743, 0.5388652086257937, 0.9171781443325882], "rotate_angle": 13.28, "rotate_angle_pred": 14.689564309981122}