{"centroid": [0.01670410847718779, 0.5935527384281157, 0.06757448070528571], "extents": [0.7169652061731381, 0.30275881290435813, 0.9340618352500341], "rotate_angle": 39.79, "rotate_angle_pred": 39.71485881095049}