{"centroid": [-0.0007891147758821715, 0.15110392868518832, 0.08022114026279287], "extents": [1.1193437861821727, 0.46763181686401395, 0.6195348063193019], "rotate_angle": -0.57, "rotate_angle_pred": -0.2976755697892486}