{"centroid": [-0.011889556911872268, -0.3670101761817932, 0.059719701630912614], "extents": [1.1356011513984945, 0.5092900991439822, 0.6028223572656067], "rotate_angle": 12.86, "rotate_angle_pred": 13.038124640756592}