{"centroid": [0.02738072012603309, 0.5245485901832582, 0.06987279030686777], "extents": [0.9024094942574998, 0.29789364337921165, 0.6492264869234086], "rotate_angle": 28.79, "rotate_angle_pred": 30.47102397354579}