{"centroid": [-0.004608892522790092, 0.5537988245487212, 0.08152877921005516], "extents": [1.109029430201005, 0.2723385095596315, 0.6176358561242852], "rotate_angle": -32.08, "rotate_angle_pred": -28.994504922559557}