{"centroid": [0.008794499052674501, 0.16274644434452054, 0.07527647692158174], "extents": [1.1366920363798279, 0.4564846456050874, 0.634085947244868], "rotate_angle": 13.69, "rotate_angle_pred": 13.132131057614586}