{"centroid": [0.018615786307962665, 0.4979403465986252, 0.07694543889860751], "extents": [1.0016852474723588, 0.2851373255252841, 0.6285644680223609], "rotate_angle": -43.65, "rotate_angle_pred": -43.91653348848098}