{"centroid": [-0.00949782007329436, -0.0459844470024109, 0.0872378055047206], "extents": [0.9904984419760341, 0.2744103074073794, 0.6161128993043699], "rotate_angle": 18.4, "rotate_angle_pred": 22.362866927438617}