{"centroid": [-0.027092703493525744, -0.3960533142089844, 0.08664636035710425], "extents": [0.9853837588222079, 0.4440487623214724, 0.6160625280702464], "rotate_angle": -44.15, "rotate_angle_pred": -39.97295065144915}