{"centroid": [0.0028424110546034498, 0.25926682353019714, 0.08107143940584931], "extents": [0.9787725387285178, 0.24557232856750505, 0.6244713180997874], "rotate_angle": -18.66, "rotate_angle_pred": -15.770302200119943}