{"centroid": [-0.020397367011822987, -0.3244069218635559, 0.07737694056692294], "extents": [1.1038242313874043, 0.4625484347343447, 0.6157717557146933], "rotate_angle": 15.64, "rotate_angle_pred": 15.500253921694735}