{"centroid": [-0.41078993333672215, 0.05273783206939699, 0.02621751704848345], "extents": [0.8398775656451524, 0.3272211551666261, 0.5460382232722942], "rotate_angle": -7.21, "rotate_angle_pred": -7.36685284055784}