{"centroid": [0.015287734583326815, -0.39135518670082087, 0.06366894712397701], "extents": [1.0854208351638825, 0.4874621033668519, 0.5962076122454117], "rotate_angle": 33.4, "rotate_angle_pred": 34.98647392997769}