{"centroid": [-0.3890205053048008, 0.3231334686279297, 0.006693592365629462], "extents": [0.8411768677041236, 0.21882677078247087, 0.5627204181229353], "rotate_angle": 12.08, "rotate_angle_pred": 15.138623258098022}