{"centroid": [-0.27280797071475904, 0.34472265094518667, 0.019071873726291606], "extents": [0.7438613158638345, 0.22943590581417106, 0.5120911586015333], "rotate_angle": 23.31, "rotate_angle_pred": 26.16392699402998}