{"centroid": [0.408267958060925, 0.014670044183731024, -0.020021439632022846], "extents": [0.8728858289597389, 0.3480266332626345, 0.5771782435979591], "rotate_angle": -37.39, "rotate_angle_pred": -37.60900812874128}