{"centroid": [0.002098853776407575, 0.5570177733898163, 0.08907087296526489], "extents": [1.0710965455013044, 0.27546632289886497, 0.606766882959737], "rotate_angle": 30.64, "rotate_angle_pred": 31.617813303893854}