{"centroid": [0.4492666544817117, -0.2578206360340118, 0.037175257068934695], "extents": [0.8303952140436233, 0.33763146400451677, 0.5498064705632828], "rotate_angle": 44.94, "rotate_angle_pred": 41.63699595296259}