{"centroid": [0.0031816232586788923, 0.13070390373468396, 0.08802138153455961], "extents": [1.1075239322486583, 0.45965772867202787, 0.6046594458294754], "rotate_angle": 44.3, "rotate_angle_pred": 42.612924594195704}