{"centroid": [-0.5142171074120442, 0.11292541027069097, -0.045469740012023654], "extents": [0.8120933931424531, 0.36337012052536033, 0.5354631052802818], "rotate_angle": -27.56, "rotate_angle_pred": -25.010598340320684}