{"centroid": [-0.027777046555545137, 0.4673021584749222, 0.0511670303093001], "extents": [1.3730140572564569, 0.26475653052330045, 0.5787811727007753], "rotate_angle": -31.97, "rotate_angle_pred": -33.56204794460528}