{"centroid": [0.015916880437085126, 0.5142149925231934, 0.10136155192148462], "extents": [0.8276054966331521, 0.2640695571899415, 0.6658449855243171], "rotate_angle": 1.14, "rotate_angle_pred": 1.3805824661715747}