{"centroid": [0.0030749383694652632, 0.5079697370529174, 0.10117819463152967], "extents": [0.7556000208597444, 0.28389453887939475, 1.021453957258096], "rotate_angle": -9.44, "rotate_angle_pred": -8.448284548438608}