{"centroid": [0.0013380236142664856, -0.197638601064682, 0.12060911201848955], "extents": [0.7774513433274822, 0.43710049986839317, 1.0187437625319486], "rotate_angle": 12.45, "rotate_angle_pred": 14.873857831794382}