{"centroid": [-0.015682129893591794, 0.5634158253669739, 0.09202792319812592], "extents": [0.7703766858842136, 0.30309027433395413, 0.9839005516288661], "rotate_angle": 42.74, "rotate_angle_pred": 44.82512209677989}