{"centroid": [-0.026799818850674256, -0.36004602909088135, 0.08921394130578122], "extents": [0.9017043126586781, 0.53964638710022, 0.9118015779166295], "rotate_angle": 9.35, "rotate_angle_pred": 11.666129143010892}