{"centroid": [-0.006959957181179512, -0.32925576716661453, 0.08926693364015059], "extents": [0.9234577588346209, 0.5093951821327212, 0.9293961697035391], "rotate_angle": 35.53, "rotate_angle_pred": 36.87647716696412}