{"centroid": [-0.0070596910649386654, 0.18225474655628196, 0.07558281889499105], "extents": [0.9054259082739047, 0.4674930870532991, 0.9450323603536612], "rotate_angle": -6.36, "rotate_angle_pred": -5.322923894237917}