{"centroid": [-0.0238548099664816, 0.5606850683689117, 0.08819214150016316], "extents": [0.8641349224206794, 0.3187392950057986, 0.9388741414501092], "rotate_angle": -27.83, "rotate_angle_pred": -24.987550759040346}