{"centroid": [-0.01592345668095741, 0.18608513101935387, 0.098302936630692], "extents": [0.8815513781949238, 0.4665220975875857, 0.8933730653261887], "rotate_angle": -31.51, "rotate_angle_pred": -29.32565929055319}