{"centroid": [-0.020778920303375956, 0.5785926580429077, 0.08041197213047793], "extents": [0.7388695432638949, 0.30718719959259055, 0.9205899181521724], "rotate_angle": -13.53, "rotate_angle_pred": -9.912622091764817}