{"centroid": [0.006963058130775024, 0.3530129510909319, 0.04636864477939474], "extents": [1.046291973918582, 0.6981078386306765, 1.0005064264537986], "rotate_angle": -18.84, "rotate_angle_pred": -18.20048882217739}