{"centroid": [-0.009280061429228686, 0.3223286271095276, 0.054972659807267045], "extents": [1.095041869727736, 0.7432998418807986, 1.0453456627421822], "rotate_angle": -8.12, "rotate_angle_pred": -6.111188046481573}