{"centroid": [0.0021324393693890747, -0.37140399217605585, -0.022596355547615313], "extents": [1.1153723946717136, 0.7649983167648317, 1.049153423931166], "rotate_angle": 28.6, "rotate_angle_pred": 25.925701528802946}