{"centroid": [-0.0032946414571075194, -0.35230202972888947, 0.031228315057411624], "extents": [1.0811290570638916, 0.6854833364486698, 1.0286171274254996], "rotate_angle": 30.6, "rotate_angle_pred": 33.33194899973692}