{"centroid": [0.04295782524973457, -0.014830350875854503, 0.07739683544309972], "extents": [0.9576336057581458, 0.3283845484256746, 0.6488797605136984], "rotate_angle": -4.72, "rotate_angle_pred": -4.894683244061412}