{"centroid": [0.01924395861681502, 0.25916895270347584, 0.10479445650191671], "extents": [1.0289568872261854, 0.2593920230865481, 0.6284536701731999], "rotate_angle": 40.62, "rotate_angle_pred": 43.76334829490537}