{"centroid": [0.007046857949277459, -0.0071833580732345685, 0.08559604076047966], "extents": [0.9873294787440453, 0.3162266314029696, 0.6316785188896346], "rotate_angle": -21.28, "rotate_angle_pred": -20.337610235332633}