{"centroid": [0.04731595975300011, 0.25751298666000366, 0.08127865924117236], "extents": [0.9471829002591668, 0.2679331302642824, 0.6323224945586687], "rotate_angle": -9.67, "rotate_angle_pred": -9.545407494676041}