{"centroid": [0.02720340526010407, 0.572022408246994, 0.08677089900179841], "extents": [0.9892625425534363, 0.2973047494888308, 0.6326004617753556], "rotate_angle": 31.72, "rotate_angle_pred": 33.70553587138512}