{"centroid": [-0.5317437551383011, 0.1335577368736268, -0.4235742774828681], "extents": [0.5346791609722861, 0.2478208243846894, 0.27284299640909515], "rotate_angle": 2.2, "rotate_angle_pred": 3.2640827142986097}