{"centroid": [-0.6106101317300555, -0.09522944688797007, 0.02002226226435109], "extents": [0.508234839488646, 0.16156667470932023, 0.5022923758362673], "rotate_angle": 42.52, "rotate_angle_pred": 37.674530653467116}