{"centroid": [-0.20651263191272223, 0.14762455224990842, 0.28092873736066626], "extents": [0.18502113498822226, 0.08896698057651535, 0.5678277696358723], "rotate_angle": -1.06, "rotate_angle_pred": 0.3749530288635299}