{"centroid": [0.0037028203586279285, -0.09698174148797982, -0.4742303610851461], "extents": [1.5293094461409176, 0.23084835708141355, 0.2845723209941797], "rotate_angle": -40.49, "rotate_angle_pred": -43.580684330063626}