{"centroid": [0.5095656338288936, -0.05885073542594906, 0.10221249091536415], "extents": [0.5613450872564081, 0.22453689575195324, 0.5098293304253145], "rotate_angle": 13.76, "rotate_angle_pred": 13.903535159859032}