{"centroid": [0.15432644033152254, 0.06441473588347446, -0.46229967277670736], "extents": [1.2717077673446724, 0.2407299727201464, 0.3010357008404472], "rotate_angle": 41.65, "rotate_angle_pred": 34.369355086345166}