{"centroid": [0.04522081295413673, -0.07120785117149356, 0.11057730897338269], "extents": [0.5458813944879666, 0.3508824706077577, 0.5200601257442122], "rotate_angle": -24.06, "rotate_angle_pred": -25.74443414120769}