{"centroid": [0.536215505259171, -0.18484016507863998, 0.08140396856491355], "extents": [0.5756627767658025, 0.2425854951143266, 0.5052544343271238], "rotate_angle": 10.33, "rotate_angle_pred": 10.550096404720776}