{"centroid": [-0.02367293590680669, 0.1356255710124969, 0.1914053765022546], "extents": [0.20835679244363658, 0.09343592822551741, 0.5733747337783717], "rotate_angle": -4.28, "rotate_angle_pred": 1.2506345125401737}