{"centroid": [-0.1896898884362182, 0.1084218248724937, 0.18144794934923902], "extents": [0.23896303865174534, 0.10061144828796398, 0.54012525290142], "rotate_angle": -28.91, "rotate_angle_pred": -29.08774673446149}