{"centroid": [0.006268845254736866, 0.48844335973262787, -0.0004915398758185141], "extents": [1.0696383994134684, 0.2936269342899325, 1.0354490550677677], "rotate_angle": -0.21, "rotate_angle_pred": 1.5565093433894504}