{"centroid": [0.018757819376822332, -0.3643918037414551, -0.023076544527281535], "extents": [1.1240508658015502, 0.7356264591217044, 1.0350061748641652], "rotate_angle": 30.65, "rotate_angle_pred": 28.2974057413023}