{"centroid": [-9.909490846832236e-05, 0.1281058005988598, 0.030598848653363188], "extents": [1.0707014651050524, 0.3442135453224185, 1.0180690147754734], "rotate_angle": -19.6, "rotate_angle_pred": -16.21352514065785}