{"centroid": [0.6855300932028489, 0.35071581602096563, 0.09162657720122952], "extents": [0.5063875748397721, 0.17769050598144548, 0.39424689317875655], "rotate_angle": 38.54, "rotate_angle_pred": 41.34777937325018}