{"centroid": [-0.6148972500331694, 0.3884166702628136, 0.03426503036613082], "extents": [0.4705332505880364, 0.2044949382543565, 0.428151815061106], "rotate_angle": -29.31, "rotate_angle_pred": -27.790252634194204}