{"centroid": [0.6065955724203405, 0.3483218848705291, 0.057243476554417236], "extents": [0.4951678489231728, 0.1873478293418886, 0.4130881705678213], "rotate_angle": -39.01, "rotate_angle_pred": -39.628301583070936}