{"centroid": [-0.017214250348151577, 0.5085622742772102, 0.0702004778314233], "extents": [1.3756016708393362, 0.24537016451358817, 0.5790970416211512], "rotate_angle": -15.78, "rotate_angle_pred": -13.287055052479388}