{"centroid": [-0.022439552467471147, 0.5576710850000381, 0.09212814182552762], "extents": [0.8709894490291148, 0.3107719719409945, 0.920846410212289], "rotate_angle": 3.43, "rotate_angle_pred": 5.561976580671356}