{"centroid": [-0.03199966207717282, -0.36292150616645813, 0.08564994645525995], "extents": [0.8519167668863306, 0.49402207136154197, 0.8926410432773546], "rotate_angle": -31.5, "rotate_angle_pred": -29.485315460424495}