{"centroid": [-0.012444649653529677, 0.5374479591846466, 0.09962680221063666], "extents": [0.8844757057722406, 0.296094357967377, 0.9204651690105901], "rotate_angle": -28.52, "rotate_angle_pred": -27.332165634044557}