{"centroid": [-0.00857564475621609, -0.3435940369963646, 0.09354263654274801], "extents": [0.898678077625193, 0.4974918365478518, 0.9076742067940696], "rotate_angle": 28.52, "rotate_angle_pred": 29.904317307737927}