{"centroid": [-0.01550048829121825, -0.2727330327033996, 0.009756894929343132], "extents": [1.1196208079432817, 0.34581184387207065, 1.0634362772874142], "rotate_angle": 31.58, "rotate_angle_pred": 32.026066400506096}