{"centroid": [0.022738309838413115, -0.18711233511567113, 0.04047586522534164], "extents": [1.0701451474812371, 0.34728676080703763, 1.0300823616840706], "rotate_angle": -25.3, "rotate_angle_pred": -24.659351882474212}