{"centroid": [0.0017626906268019826, 0.40179387480020523, 0.04664267779356691], "extents": [1.0669178714793952, 0.15927539765834842, 1.0153391125308064], "rotate_angle": -32.06, "rotate_angle_pred": -31.310279697203683}