{"centroid": [-0.006065360707329812, 0.5024434626102448, 0.01847452717965245], "extents": [1.0624033361038405, 0.18828243017196683, 1.027382149739791], "rotate_angle": -13.77, "rotate_angle_pred": -11.594916973511104}