{"centroid": [0.007754688327885451, 0.09829491376876831, -0.0005611021072039202], "extents": [1.064650434691869, 0.33976644277572654, 1.0442636192700014], "rotate_angle": -2.54, "rotate_angle_pred": -1.0963383902488886}