{"centroid": [-0.011537061201223095, 0.4709687530994415, 0.06914285451042947], "extents": [1.3130357182572288, 0.23609584569931047, 0.5825339518961363], "rotate_angle": 13.77, "rotate_angle_pred": 14.50466375167781}