{"centroid": [-0.015908448757570665, 0.5196868777275085, 0.0688040770997956], "extents": [1.3458089706258973, 0.24944430589675926, 0.5799884147419054], "rotate_angle": -13.67, "rotate_angle_pred": -10.94678996857013}