{"centroid": [0.006761418404074557, 0.3413921296596527, 0.03360291267966877], "extents": [0.9559511335068913, 0.31384420394897483, 0.8507282483870675], "rotate_angle": -35.48, "rotate_angle_pred": -33.72764203152349}