{"centroid": [0.019277833669308193, -0.6970604509115219, 0.03314031049076306], "extents": [0.9413043033846222, 0.30859634280204795, 0.8404707706189614], "rotate_angle": -6.37, "rotate_angle_pred": -6.302994534038348}