{"centroid": [0.0037554787108178556, 0.6478516161441803, 0.0039735746705324565], "extents": [0.9010527213102744, 0.3081222176551821, 0.821684784955494], "rotate_angle": -19.34, "rotate_angle_pred": -20.23583461077243}