{"centroid": [0.004275156333986924, 0.31102892756462097, 0.017341352759611614], "extents": [0.9144571992230213, 0.32959288358688377, 0.8143219327416225], "rotate_angle": -20.2, "rotate_angle_pred": -17.72601200258667}