{"centroid": [-0.0004170780184575007, -0.35155072808265686, 0.06340462606201812], "extents": [0.8658487903458276, 0.3332802653312684, 0.762917349201129], "rotate_angle": -21.84, "rotate_angle_pred": -18.950590320828383}