{"centroid": [0.014977583215271761, -0.03865438699722291, 0.036892015005383534], "extents": [0.8776921074379971, 0.35919272899627697, 0.8391943612695102], "rotate_angle": -5.28, "rotate_angle_pred": -4.863534351804759}