{"centroid": [0.012750067269508836, 0.6743496954441071, 0.045264586285789866], "extents": [0.9335377007967902, 0.31971663236618064, 0.8680996701071377], "rotate_angle": -5.35, "rotate_angle_pred": -4.314959329532741}