{"centroid": [-0.007324270616593395, -0.4272560775279999, 0.057852674429123035], "extents": [0.988127318859981, 0.4391552805900576, 0.614682654534614], "rotate_angle": 29.82, "rotate_angle_pred": 32.01989286473096}