{"centroid": [-0.019688449435625116, 0.5584537088871002, 0.09893772044554358], "extents": [1.0149503686843766, 0.2892246246337893, 0.6549084615180479], "rotate_angle": -13.87, "rotate_angle_pred": -10.118698976151393}