{"centroid": [-0.002704328082392987, 0.24592940509319303, 0.08211439101812797], "extents": [1.0267846792182904, 0.2514770328998568, 0.647162152516926], "rotate_angle": 40.15, "rotate_angle_pred": 41.32023753943744}