{"centroid": [-0.0047896920990750935, 0.16424383223056793, 0.08215279330345433], "extents": [1.0678957613098101, 0.45161345601081865, 0.6299993940154209], "rotate_angle": 13.33, "rotate_angle_pred": 13.871310737397323}