{"centroid": [-0.008784206990821858, -0.38848304748535156, 0.07561919766673326], "extents": [1.0355568843563445, 0.42590355873107927, 0.6448283616779595], "rotate_angle": -5.34, "rotate_angle_pred": -6.331051287704341}