{"centroid": [-0.010403035546038067, 0.5207438170909882, 0.07548294692508509], "extents": [1.041574093992059, 0.2947424054145816, 0.6499377323547121], "rotate_angle": -43.59, "rotate_angle_pred": -42.80975072709549}