{"centroid": [-0.01613873656518852, -0.303593397140503, 0.09999479456760038], "extents": [1.0881377659285139, 0.4612809121608736, 0.6340865609781352], "rotate_angle": -7.88, "rotate_angle_pred": -8.203924046971864}