{"centroid": [-0.007684493474816978, 0.5318929851055144, 0.09117063949462703], "extents": [1.0744759749101245, 0.25841218233108537, 0.6421406097333782], "rotate_angle": 22.59, "rotate_angle_pred": 23.30503228334122}