{"centroid": [0.006856539679179097, 0.5512393265962601, 0.06996604566816544], "extents": [1.0843981547985153, 0.27787283062934903, 0.6311122204374173], "rotate_angle": -40.75, "rotate_angle_pred": -37.60373615510671}