{"centroid": [-0.013230990371438975, -0.051796138286590576, 0.08792004648851834], "extents": [1.0112728100638504, 0.2539028525352479, 0.6337734002760791], "rotate_angle": -13.82, "rotate_angle_pred": -10.735065800063921}