{"centroid": [-0.003587049675652286, -0.6179844737052917, -0.0024049650185621607], "extents": [0.8254635198979825, 0.5197637081146242, 0.7813970318760246], "rotate_angle": 24.53, "rotate_angle_pred": 26.047781477711197}