{"centroid": [0.012863239046027333, -0.5611939132213593, 0.015468168690396022], "extents": [0.8516224771182275, 0.531214237213135, 0.8010428091451471], "rotate_angle": 36.76, "rotate_angle_pred": 36.80460853759545}