{"centroid": [-0.003648518094475285, 0.3559284806251526, 0.01702976382174691], "extents": [0.8478737023389424, 0.2609319090843203, 0.7968229788611556], "rotate_angle": -28.22, "rotate_angle_pred": -29.010487057838162}