{"centroid": [0.010565618147410756, 0.6356460452079773, 0.026859282661136456], "extents": [0.8257212653754151, 0.2480353116989138, 0.8039732589923317], "rotate_angle": 34.52, "rotate_angle_pred": 35.069975175082604}