{"centroid": [-0.03893903370134302, -0.19201728701591492, 0.04958860401518579], "extents": [1.1965205737689246, 0.7875056862831118, 1.1582872933688404], "rotate_angle": -22.63, "rotate_angle_pred": -18.008117675528837}