{"centroid": [-0.003627020845016357, -0.5112571641802788, 0.04918327854194671], "extents": [0.29792714529805686, 0.14456130564212805, 0.3064295989809051], "rotate_angle": -27.04, "rotate_angle_pred": -23.710349189868978}