{"centroid": [-0.0013949073682373442, -0.2127064764499664, 0.06537810328231072], "extents": [1.1759400163660223, 0.7709418535232546, 1.1039508389578152], "rotate_angle": 15.13, "rotate_angle_pred": 16.861847250909946}