{"centroid": [-0.001755450636537561, -0.4997047632932663, 0.03767477608729376], "extents": [0.3069208585798577, 0.1332941353321076, 0.29775867093363717], "rotate_angle": -41.88, "rotate_angle_pred": -37.250793460781}