{"centroid": [-0.0064129342689361775, -0.5120775252580643, 0.04897514801087848], "extents": [0.2959255570999542, 0.1440934836864472, 0.3012306684989837], "rotate_angle": -26.73, "rotate_angle_pred": -23.751681988881174}