{"centroid": [-0.01529582708750686, -0.5261278599500656, 0.030270772385275393], "extents": [0.29940403053645315, 0.16143015027046204, 0.31254435155391613], "rotate_angle": 4.96, "rotate_angle_pred": 7.471214183086829}