{"centroid": [-0.008764480012965106, 0.22670789062976837, -0.017275288648760823], "extents": [1.1717567756293277, 0.21292684972286247, 1.1554611037317957], "rotate_angle": 1.34, "rotate_angle_pred": 2.7755474621720424}