{"centroid": [-0.016826534531311502, -0.5208557695150375, 0.03594691558070852], "extents": [0.2997763194113272, 0.15892270207405085, 0.31043339161091393], "rotate_angle": -1.6, "rotate_angle_pred": 1.1611621084091013}