{"centroid": [0.004563911170691635, -0.5437937676906586, -0.008136512448352607], "extents": [0.29740360483415146, 0.16356307268142706, 0.3270351004137352], "rotate_angle": 30.38, "rotate_angle_pred": 30.686815413234385}