{"centroid": [-0.006897769577594526, -0.3881595730781555, -0.019929071288693687], "extents": [1.4032672970177855, 0.43977952003479026, 0.7243623306020817], "rotate_angle": 16.59, "rotate_angle_pred": 14.825009104139042}