{"centroid": [-0.37991161088543896, 0.42931260913610453, 0.0731022934069414], "extents": [0.5844263308491265, 0.22674508392810833, 0.7149405325392104], "rotate_angle": -44.8, "rotate_angle_pred": -43.37832938842726}