{"centroid": [0.004095683383104343, 0.06798654794692992, 0.027532365420536588], "extents": [1.4301533715318007, 0.46353846788406405, 0.7659832247871761], "rotate_angle": -31.21, "rotate_angle_pred": -30.496968922910682}