{"centroid": [-0.005105598544409964, 0.44624993205070485, -0.019346795874058596], "extents": [1.4267154948334022, 0.25642079114913957, 0.804165006603317], "rotate_angle": 3.55, "rotate_angle_pred": 6.038938509432754}