{"centroid": [-0.4032750599695182, 0.4584624916315079, 0.06539481597423305], "extents": [0.6007989632407138, 0.2490467727184298, 0.7242653354717674], "rotate_angle": -9.01, "rotate_angle_pred": -5.768911366823048}