{"centroid": [0.0011954343720472077, -0.36272233724594116, 0.03489276418012628], "extents": [1.3963880726437725, 0.443104147911072, 0.7646817071593999], "rotate_angle": -4.69, "rotate_angle_pred": -4.333827500496554}