{"centroid": [0.011838340856238388, 0.46445831656455994, 0.03005952039287587], "extents": [1.3901795181326206, 0.2918832898139956, 0.7589434403029761], "rotate_angle": 17.99, "rotate_angle_pred": 18.369626010496916}