{"centroid": [0.022438531160833552, -0.3217569664120674, 0.09902296839536966], "extents": [1.1590942265799025, 0.50164270401001, 0.646305985067684], "rotate_angle": 16.16, "rotate_angle_pred": 16.99557972185916}