{"centroid": [0.023750690506668753, 0.5474638491868973, 0.09381772944642047], "extents": [1.150787586929706, 0.2876375615596774, 0.6529545159554715], "rotate_angle": -41.35, "rotate_angle_pred": -41.041494193903475}