{"centroid": [0.032566060545533446, 0.16573192179203033, 0.08155720911869987], "extents": [1.1567899294763042, 0.45652100443840044, 0.6485961251189474], "rotate_angle": -2.83, "rotate_angle_pred": -3.3566894537268297}