{"centroid": [0.008877771376598412, 0.1667404100298881, 0.09714892277842974], "extents": [1.1224334373765696, 0.46526682376861583, 0.6150018646122063], "rotate_angle": -10.68, "rotate_angle_pred": -8.832158415202457}