{"centroid": [-0.027814381468715302, -0.3292846381664276, 0.1217618545274258], "extents": [1.1355962686796268, 0.5088568329811098, 0.607591148633156], "rotate_angle": -44.02, "rotate_angle_pred": -40.80471660284957}