{"centroid": [0.02193585989135627, 0.46408900618553156, 0.06256835639577604], "extents": [1.220450614471528, 0.2180560231208803, 0.7738258678535803], "rotate_angle": -4.3, "rotate_angle_pred": -4.261110490635772}