{"centroid": [-0.014937562788893466, 0.11923277378082275, 0.06796170094373738], "extents": [1.1101372165010377, 0.45447969436645524, 0.6240374402652007], "rotate_angle": 12.46, "rotate_angle_pred": 12.137697936325822}