{"centroid": [-0.003313608430997081, 0.16256745904684067, 0.056568829210745436], "extents": [1.0712915485813346, 0.43955022096633933, 0.622719754645348], "rotate_angle": -44.54, "rotate_angle_pred": -41.41796400141476}