{"centroid": [-0.014089863602962813, 0.5610010623931885, 0.07593289595238716], "extents": [1.0997959051791522, 0.2718104124069215, 0.6117141662859114], "rotate_angle": -4.43, "rotate_angle_pred": -2.025889366126023}