{"centroid": [-0.018775701435659015, 0.5010831207036972, 0.07375705933713948], "extents": [1.108780153459499, 0.2684238255023959, 0.621111993398717], "rotate_angle": -39.95, "rotate_angle_pred": -40.30639054258654}