{"centroid": [0.01174524969692288, 0.12130752578377724, 0.008078500364128202], "extents": [1.0623630057799995, 0.360148906707764, 1.049142815061166], "rotate_angle": 17.76, "rotate_angle_pred": 18.179881060005314}