{"centroid": [-0.010320183629289145, -0.24787306785583502, 0.020582654441051618], "extents": [1.0916758794677581, 0.36507594585418746, 1.0722799319777003], "rotate_angle": -30.64, "rotate_angle_pred": -27.961978826293297}