{"centroid": [0.006678917309532267, -0.5304979979991913, 0.06265484851188323], "extents": [1.101031151714575, 0.3465667963027956, 1.0350343875711752], "rotate_angle": 17.83, "rotate_angle_pred": 19.198036012806213}