{"centroid": [0.011088452440261784, 0.4913776069879533, 0.056710099434297945], "extents": [1.0805541098146714, 0.3328673541545871, 1.0316812821397239], "rotate_angle": 23.29, "rotate_angle_pred": 24.324323956593915}