{"centroid": [-0.005904733984127164, -0.20088948123157024, 0.04960190734416664], "extents": [1.0989079466426046, 0.34822219610214267, 1.024521350023682], "rotate_angle": -44.83, "rotate_angle_pred": -44.29298553350645}