{"centroid": [0.009265880382773359, -0.25302255153656006, 0.36908404730527616], "extents": [0.8369035842430945, 1.0467625856399536, 0.07388669359756261], "rotate_angle": -42.74, "rotate_angle_pred": -45.33672915541157}