{"centroid": [-0.007728028748819837, -0.056179881095886335, 0.40641876852347514], "extents": [1.180883191387304, 0.6951057314872744, 0.03936263620391256], "rotate_angle": 31.61, "rotate_angle_pred": 33.321186025513626}