{"centroid": [-0.01334147972898133, 0.08633080124855035, 0.4781299220765177], "extents": [0.8544933828335638, 0.8504267930984498, 0.02586885551488577], "rotate_angle": -23.46, "rotate_angle_pred": -25.221903629303867}