{"centroid": [-0.5392854360150057, -0.10704219341278083, 0.31653454067720194], "extents": [0.4576709842806995, 0.6836400628089905, 0.025308880823832314], "rotate_angle": 14.72, "rotate_angle_pred": 9.508097102874956}