{"centroid": [-0.02974918137076145, -0.026741743087768624, 0.41313969655514676], "extents": [0.9581057717807504, 0.7190938591957095, 0.05869044175102006], "rotate_angle": -42.57, "rotate_angle_pred": -39.19003325392583}