{"centroid": [-0.5855889475765734, 0.14400046318769452, 0.3810954637179999], "extents": [0.3881563757890591, 0.028668537735939054, 0.05628314864435435], "rotate_angle": -12.98, "rotate_angle_pred": -14.191180453136141}