{"centroid": [-0.02003071751649549, -0.055174916982650854, 0.414524270323978], "extents": [1.218771833065175, 0.8090679049491885, 0.052246612326914244], "rotate_angle": 15.05, "rotate_angle_pred": 19.5072537081805}