{"centroid": [-0.3755126721442912, -0.06494811177253729, 0.3594704410900688], "extents": [0.9581945021059513, 0.6658335328102112, 0.05769652920596824], "rotate_angle": -0.91, "rotate_angle_pred": -1.8921857198611178}