{"centroid": [-0.5699050863559088, 0.34377513825893397, 0.3207037980810519], "extents": [0.0010288059645175984, 0.04671779274940491, 0.04372955085476343], "rotate_angle": 1.0, "rotate_angle_pred": -0.03364110172545054}