{"centroid": [-0.41514980791413286, -0.00693637132644663, 0.33563373459007195], "extents": [0.8033391379086603, 0.5388839840888978, 0.03616005991164145], "rotate_angle": 24.95, "rotate_angle_pred": 26.548257242229198}