{"centroid": [-0.005121423939755995, -0.17427095770835885, 0.4768520144963435], "extents": [1.257502902581234, 0.7908149361610415, 0.10096981288939039], "rotate_angle": -43.18, "rotate_angle_pred": -39.40111889539236}