{"centroid": [0.008369581248276532, -0.13974830508232117, 0.43874550573547105], "extents": [0.7436726181619719, 0.93029123544693, 0.048035894159791426], "rotate_angle": 37.09, "rotate_angle_pred": 38.517860162249804}