{"centroid": [0.020623053321066842, 0.01585555076599117, 0.568658270441218], "extents": [1.0539091579683895, 1.1006808280944826, 0.032275992624203775], "rotate_angle": 30.79, "rotate_angle_pred": 30.142586702455148}