{"centroid": [-0.026389665916432485, 0.5912465155124663, 0.34839621422746514], "extents": [0.6785850689418615, 0.4986824989318848, 0.11336277700126074], "rotate_angle": 38.41, "rotate_angle_pred": 38.8530523909009}