{"centroid": [-0.0030197460632029813, -0.24975734949111938, 0.33202221959726375], "extents": [0.7231072946904937, 1.1402311325073242, 0.12299171368108663], "rotate_angle": 41.56, "rotate_angle_pred": 45.66037822104846}