{"centroid": [-0.18058611905306265, 0.017448544502258273, 0.25212944291833733], "extents": [0.3949526741547725, 1.6323130130767822, 0.07592894680370182], "rotate_angle": -17.6, "rotate_angle_pred": -20.576387088228103}