{"centroid": [0.16509577749192836, 0.06360393762588501, 0.15543901421565084], "extents": [0.6503588103777187, 1.6798783540725708, 0.04386798761100785], "rotate_angle": -32.39, "rotate_angle_pred": -27.60592000480242}