{"centroid": [0.009131812464229914, 0.02187252044677726, 0.41422485739567594], "extents": [0.872146572705952, 1.4875681400299072, 0.07588696704855719], "rotate_angle": -11.43, "rotate_angle_pred": -13.354987772653644}