{"centroid": [-0.03664949834124291, -0.26833933591842657, 0.3419890928038956], "extents": [0.6308301718221478, 1.2900182008743286, 0.055530861292807876], "rotate_angle": -7.49, "rotate_angle_pred": -7.77362454241964}