{"centroid": [0.2658837727162813, 0.011943697929382269, 0.41885351325956116], "extents": [0.5015240984537015, 1.5090641975402832, 0.0292216879137851], "rotate_angle": 15.1, "rotate_angle_pred": 16.825918708514294}