{"centroid": [-0.2672834253882415, -0.0044398903846741555, 0.3895953579334795], "extents": [0.4244077032532556, 1.5898966789245605, 0.078120599005858], "rotate_angle": 8.89, "rotate_angle_pred": 4.105821083539794}