{"centroid": [0.008140933626130581, -0.2753841280937195, 0.33146900826098624], "extents": [0.685497884244824, 1.2258217334747314, 0.12050192878079685], "rotate_angle": -30.83, "rotate_angle_pred": -32.016862567955066}