{"centroid": [-0.011883598248503706, -0.22962921857833868, 0.3168861241587262], "extents": [0.6997766329279785, 1.3713465929031372, 0.04186344792795149], "rotate_angle": 10.15, "rotate_angle_pred": 7.056401471551695}