{"centroid": [0.028784328042891237, -0.006373226642608643, 0.2970242253451688], "extents": [0.6875287331507733, 1.7910507917404175, 0.062415894457918286], "rotate_angle": -24.59, "rotate_angle_pred": -28.216707435689365}