{"centroid": [-0.011265582405866774, 0.011586308479309027, -0.25904038743508256], "extents": [0.6064724392875468, 1.8690049648284912, 0.0036264639746885763], "rotate_angle": -4.94, "rotate_angle_pred": -190.19522550500744}