{"centroid": [-0.0011848155860597273, -0.29335415363311784, 0.31041825238059806], "extents": [0.650179391068564, 1.1800420284271245, 0.08751726216868161], "rotate_angle": 12.18, "rotate_angle_pred": 8.207030375421141}