{"centroid": [0.010433625934574586, 0.36487094685435284, 0.4818723515112112], "extents": [1.1035900993563117, 0.7321814298629761, 0.04626457633855596], "rotate_angle": -0.53, "rotate_angle_pred": -3.888946485056721}