{"centroid": [-0.01206187061854648, -0.16207051277160645, 0.4038416131131686], "extents": [1.1601648034243721, 1.0947328805923462, 0.03253245643101155], "rotate_angle": -15.61, "rotate_angle_pred": -15.704226766719216}