{"centroid": [0.022071041750086777, 0.11675852537155146, 0.4487563912348892], "extents": [0.9562464398516402, 1.1829153299331667, 0.07232788236985616], "rotate_angle": 30.61, "rotate_angle_pred": 30.26900245157192}