{"centroid": [-0.5457616106169584, 0.15324424579739573, 0.1620123975107692], "extents": [0.43789422828366026, 0.38972610235214245, 0.04754040052064715], "rotate_angle": -21.36, "rotate_angle_pred": -16.922075136389736}