{"centroid": [0.33249265301553993, -0.14998409152030945, -0.2385717674867134], "extents": [0.11240065521257153, 0.7981848120689392, 0.02157014919194003], "rotate_angle": -6.44, "rotate_angle_pred": -6.491099167573296}