{"centroid": [-0.2581278934849591, 0.009182006120681693, 0.18851182235700473], "extents": [0.5577985138217734, 0.8191195726394656, 0.02409587466819252], "rotate_angle": -0.19, "rotate_angle_pred": -5.364443130535747}