{"centroid": [0.38290150737407797, -0.10918867588043216, 0.2884614318997456], "extents": [0.43736730880953073, 0.46692979335784907, 0.024662549904340803], "rotate_angle": 12.95, "rotate_angle_pred": 13.98763655410525}