{"centroid": [-0.12411451858441591, -0.06587746739387512, 0.24673409294104603], "extents": [0.3164833697647452, 0.6191617250442505, 0.02318405669179016], "rotate_angle": -22.06, "rotate_angle_pred": -24.746473974297615}