{"centroid": [0.1808784732791523, -0.05953454971313483, 0.2570905963217863], "extents": [0.32193882314037325, 0.6127814054489136, 0.017613217804015036], "rotate_angle": -29.08, "rotate_angle_pred": -33.51651700497792}