{"centroid": [0.246169928258023, -0.32644951343536377, 0.22409573778069342], "extents": [0.48443286311161476, 1.0591106414794922, 0.02252763821832529], "rotate_angle": -11.15, "rotate_angle_pred": -11.776449396541338}