{"centroid": [-0.009193315880725628, 0.13571998476982103, 0.5929188071486046], "extents": [0.4039908336420006, 1.1148535013198853, 0.07148722536043561], "rotate_angle": 25.82, "rotate_angle_pred": 26.428317015912725}