{"centroid": [0.28990686588254566, -0.05488178133964547, 0.43221685424145034], "extents": [0.6570369612985282, 0.8262547850608826, 0.029055565647527037], "rotate_angle": 5.71, "rotate_angle_pred": 6.203208399714796}