{"centroid": [-0.32823692659737436, 0.07548844814300522, 0.42661195071327873], "extents": [0.630951117542015, 1.0919636487960815, 0.016348909871532313], "rotate_angle": 19.85, "rotate_angle_pred": 20.33917590206201}