{"centroid": [-0.015341917007843792, -0.023389220237732024, 0.46710341391147375], "extents": [1.708329805431148, 0.8065600395202637, 0.036596372908670294], "rotate_angle": -12.09, "rotate_angle_pred": -9.075346659869936}