{"centroid": [-0.050304211106754884, -0.059993684291839704, 0.4511552540183215], "extents": [0.7358555822938733, 1.0414819717407224, 0.027311898876240803], "rotate_angle": 2.49, "rotate_angle_pred": 0.9138738732032863}