{"centroid": [-0.22742898544799306, 0.43902974575757975, -0.24232050683050443], "extents": [0.44979585624752844, 0.8946359753608705, 0.004721333420514423], "rotate_angle": -19.25, "rotate_angle_pred": -198.81154333597243}