{"centroid": [0.319423666510931, -0.08969551324844373, 0.4373002536648838], "extents": [0.6596238132858948, 0.7835012674331666, 0.02578848273122397], "rotate_angle": -29.66, "rotate_angle_pred": -27.204399272608114}