{"centroid": [-0.034157936419229894, 0.05836808681488029, 0.5357130091982545], "extents": [0.3941328436600713, 1.3628902435302734, 0.06825135494230306], "rotate_angle": -8.92, "rotate_angle_pred": -5.865535030430863}