{"centroid": [0.33865937291800413, -0.08295756578445436, 0.40768768866482513], "extents": [0.6884895556340439, 0.8216487169265748, 0.026384852800595937], "rotate_angle": 19.77, "rotate_angle_pred": 21.434047894219532}