{"centroid": [-0.028572402836361303, -0.11196589469909671, 0.5367064595814277], "extents": [0.7729092971715712, 1.0001100301742554, 0.03839555449959031], "rotate_angle": -35.32, "rotate_angle_pred": -34.15442130043335}