{"centroid": [0.15491152220610208, -0.050479233264923186, 0.26650589569487826], "extents": [0.35393670036094776, 0.6458328366279602, 0.020281489843831157], "rotate_angle": -42.07, "rotate_angle_pred": -41.32647331584744}