{"centroid": [-0.5733895394829688, -0.09260761737823489, 0.26365126461882166], "extents": [0.4858678595970419, 0.6241376996040344, 0.021435126735667942], "rotate_angle": -7.24, "rotate_angle_pred": -4.460061124552254}