{"centroid": [-0.29849301793012034, 0.09971034526824941, 0.4372629835417291], "extents": [0.6368164931459582, 1.0329344272613525, 0.0381427141420323], "rotate_angle": 39.51, "rotate_angle_pred": 39.376917331827514}