{"centroid": [0.3665038645361494, 0.12390115857124323, 0.4477824766936329], "extents": [0.6754413670331573, 0.8199013471603395, 0.0216893287413934], "rotate_angle": 21.78, "rotate_angle_pred": 23.66969831163233}