{"centroid": [-0.31202327385830075, 0.05594801902770989, 0.43383472425608666], "extents": [0.6199045792519293, 1.0164077281951904, 0.026152506534799558], "rotate_angle": -21.91, "rotate_angle_pred": -20.94140564523407}