{"centroid": [0.33510180653305666, 0.0672870576381683, 0.4267321973007573], "extents": [0.6112168294066246, 1.0277285575866701, 0.02397885119727644], "rotate_angle": 43.36, "rotate_angle_pred": 44.9718019519575}