{"centroid": [-0.027960193917354048, 0.0007617771625517827, 0.5073790109914961], "extents": [0.8045555460848448, 0.9420982599258423, 0.037835643201829305], "rotate_angle": 6.67, "rotate_angle_pred": 7.001412166830534}