{"centroid": [-0.254625209563005, -0.3455795645713806, 0.2611933410171296], "extents": [0.49449169861988346, 0.9753305912017822, 0.01567030891494403], "rotate_angle": -13.01, "rotate_angle_pred": -16.92952341555717}