{"centroid": [-0.2642772954076663, 0.5053983479738234, 0.2504382351940806], "extents": [0.5262887482746138, 0.7033854722976686, 0.0016482956722913278], "rotate_angle": 11.23, "rotate_angle_pred": 8.679327784951354}