{"centroid": [-0.3372057804660692, 0.08973199129104607, 0.4845688456125792], "extents": [0.6910251327609591, 1.1217379570007324, 0.017630413043488613], "rotate_angle": -35.81, "rotate_angle_pred": -34.50901881120757}