{"centroid": [0.0015306590819524901, -0.2306442558765412, 0.255503600416229], "extents": [1.5230177031123, 0.7406962513923647, 0.03291520344554055], "rotate_angle": 36.12, "rotate_angle_pred": 33.876761150572264}