{"centroid": [-0.01949929522140309, -0.6081241369247437, 0.26480954784219307], "extents": [1.0816043368378465, 0.5172897577285768, 0.03409419503446798], "rotate_angle": -34.72, "rotate_angle_pred": -30.707925439127926}