{"centroid": [0.24949385827126605, 0.2535147964954376, 0.2260758364929252], "extents": [0.5414322455993789, 1.1332899332046509, 0.008755130436732761], "rotate_angle": 41.25, "rotate_angle_pred": 40.107635174850685}