{"centroid": [0.28405882626083484, 0.0025110244750976285, 0.2799327015124431], "extents": [0.9810187526604329, 1.1052229404449463, 0.028749252750935095], "rotate_angle": 32.54, "rotate_angle_pred": 31.021414194006695}