{"centroid": [-0.3334723192940466, 0.03172138333320618, 0.3827181430208989], "extents": [0.6913333651858333, 0.7656775116920473, 0.016479552070241543], "rotate_angle": -28.04, "rotate_angle_pred": -24.75580275354953}