{"centroid": [-0.0024715073356175385, -0.39570942521095276, 0.30565147078011734], "extents": [0.6081304579358333, 0.9359557032585145, 0.03741278144792248], "rotate_angle": -23.58, "rotate_angle_pred": -22.527394917662505}