{"centroid": [-0.5993086265048546, -0.06705573201179504, 0.26005453666850514], "extents": [0.5124131328195021, 0.6633885502815247, 0.02765079526763492], "rotate_angle": -21.78, "rotate_angle_pred": -21.627921380212953}