{"centroid": [-0.6021633189438688, 0.4002223387360572, 0.25156756497832566], "extents": [0.1479261098780016, 0.028151586651802063, 0.040412188349157], "rotate_angle": -7.06, "rotate_angle_pred": -7.428466028239541}