{"centroid": [0.3227620713275384, -0.06617721915245056, 0.3802009649924014], "extents": [0.6154596695732479, 0.7892649173736572, 0.027663509799064734], "rotate_angle": 35.11, "rotate_angle_pred": 32.89054003066465}