{"centroid": [0.3714503412133129, -0.06680905818939209, 0.31007436524560383], "extents": [0.639742067080866, 0.7603263854980469, 0.036015819233706226], "rotate_angle": 29.48, "rotate_angle_pred": 22.637915825080327}