{"centroid": [-0.3564732860859672, -0.07701346278190616, 0.3308341707637543], "extents": [0.7127500089998319, 0.8257067203521729, 0.03072058744728262], "rotate_angle": -6.82, "rotate_angle_pred": -8.662945414110752}