{"centroid": [-0.009455194619988117, -0.13021397590637213, 0.41897049756187305], "extents": [0.9154361309425485, 1.037886619567871, 0.03919412864954591], "rotate_angle": -16.0, "rotate_angle_pred": -12.461009436512953}