{"centroid": [-0.3999035889926935, -0.046123087406158454, 0.3424970809028865], "extents": [0.7231789720372149, 0.8177447319030762, 0.039448540074226546], "rotate_angle": -18.36, "rotate_angle_pred": -16.70268147162858}