{"centroid": [0.008248269257691489, -0.12184840440750123, 0.41859570544938074], "extents": [0.9284769590315465, 1.0230640172958374, 0.022585514197334677], "rotate_angle": 35.16, "rotate_angle_pred": 36.28423968814627}