{"centroid": [-0.2608877594909528, 0.5877807140350342, 0.1873734597173548], "extents": [0.5163549271927517, 0.6349902153015137, 0.01894382791894178], "rotate_angle": -13.63, "rotate_angle_pred": -9.806647799664944}