{"centroid": [0.2911088165287378, 0.01671898365020752, 0.24570479811156212], "extents": [0.5830693353853597, 1.566538691520691, 0.02978564109414661], "rotate_angle": -39.31, "rotate_angle_pred": -39.55962011876695}