{"centroid": [0.02307294053258667, -0.12483692169189455, 0.40803023021854373], "extents": [0.9367847296032537, 1.0277330875396729, 0.026964716191333504], "rotate_angle": 44.68, "rotate_angle_pred": 45.58531344036197}