{"centroid": [0.014988784265604238, -0.048874020576477134, 0.5380171618906284], "extents": [0.7336230398380132, 0.9661768674850464, 0.030457716934912837], "rotate_angle": -4.35, "rotate_angle_pred": -1.3878007692178471}