{"centroid": [0.002075559019964472, -0.01711052656173709, 0.27403977036894195], "extents": [0.5184800773237975, 1.3212130069732666, 0.08777904016666299], "rotate_angle": 4.09, "rotate_angle_pred": 4.7990783908283845}