{"centroid": [0.34928735016152684, -0.09645628929138184, 0.2980870485634647], "extents": [0.672277068202074, 0.8510503768920898, 0.029819714671099895], "rotate_angle": 38.5, "rotate_angle_pred": 37.16963982678533}