{"centroid": [0.44110222937088844, -0.04163813591003418, 0.2976409454157122], "extents": [0.4615088933142717, 0.6446133852005005, 0.034889328724903246], "rotate_angle": 34.34, "rotate_angle_pred": 42.21279280469915}