{"centroid": [-0.5201450939591369, -0.03944078087806711, 0.22437406847961497], "extents": [0.5056362662679006, 0.6719227433204652, 0.028763848802034586], "rotate_angle": 36.99, "rotate_angle_pred": 33.50946144249427}