{"centroid": [-0.36508289208440614, -0.14073526859283447, 0.35709234019131103], "extents": [0.6831462445362892, 0.8695908784866333, 0.040373660990993765], "rotate_angle": -29.54, "rotate_angle_pred": -30.26335194360803}