{"centroid": [-0.14910313742116268, -0.044040322303772014, 0.22511963681045027], "extents": [0.33305898788779537, 0.6373584270477294, 0.013949915967771148], "rotate_angle": 37.56, "rotate_angle_pred": 36.38507069636317}