{"centroid": [0.3951909826112284, -0.02052393555641175, 0.2138933157332168], "extents": [0.8733012659694508, 0.8420191407203674, 0.014815179603050649], "rotate_angle": 20.0, "rotate_angle_pred": 20.342503478697097}