{"centroid": [-0.047984276747005644, -0.11348140239715582, 0.4397481846349845], "extents": [0.9325453022651888, 1.0364651679992676, 0.03250033401317454], "rotate_angle": 35.47, "rotate_angle_pred": 36.998351072394755}