{"centroid": [-0.30569006949439786, -0.38398662209510803, 0.3048952838391268], "extents": [0.606772126949741, 0.7424986958503724, 0.009641066228258555], "rotate_angle": 42.22, "rotate_angle_pred": 40.69396944825243}