{"centroid": [-0.30729340870096494, 0.3790839482098817, 0.3009732626038862], "extents": [0.6369103210813521, 0.7852480411529541, 0.011796772512483622], "rotate_angle": 28.59, "rotate_angle_pred": 26.38533164841367}