{"centroid": [0.24771529211618026, 0.12526583671569821, 0.35427543939743794], "extents": [0.586098433128049, 1.3142633438110352, 0.019886504878656674], "rotate_angle": 28.29, "rotate_angle_pred": 36.1211844695318}