{"centroid": [-0.3508994884307719, -0.04404443502426158, 0.3792908608340223], "extents": [0.6759723048273998, 0.8531917333602906, 0.028943610385747387], "rotate_angle": 39.87, "rotate_angle_pred": 40.32206947209511}