{"centroid": [0.380735679355764, -0.056439846754074215, 0.3188053372575018], "extents": [0.7177280859759512, 0.8669932484626771, 0.022430673479465257], "rotate_angle": -44.51, "rotate_angle_pred": -48.416281548933966}