{"centroid": [-0.3192930770053598, -0.07881885766983046, 0.4179273664144355], "extents": [0.6700186237602774, 0.8172789812088012, 0.02927182287805219], "rotate_angle": 11.24, "rotate_angle_pred": 11.065324763114987}