{"centroid": [0.016023358639605745, 0.116329938173294, 0.4601137784531362], "extents": [0.9502822144889883, 1.1838862895965578, 0.01676029336640905], "rotate_angle": -22.69, "rotate_angle_pred": -27.032755851833244}