{"centroid": [-0.30818774700568735, -0.3789743483066559, 0.3288603117863626], "extents": [0.6418214596663108, 0.6926981806755067, 0.0247268272998179], "rotate_angle": -3.33, "rotate_angle_pred": -8.949035457986412}