{"centroid": [0.37159834588412033, 0.14572679996490465, 0.4505049198840348], "extents": [0.6412977395024398, 0.8186523914337158, 0.02401073581671459], "rotate_angle": -41.74, "rotate_angle_pred": -43.91619292041018}