{"centroid": [0.3636564742005434, 0.07598322629928579, 0.41738932771907156], "extents": [0.6606393411721085, 1.1241297721862793, 0.024919792841005373], "rotate_angle": 3.32, "rotate_angle_pred": -1.2750110589841057}