{"centroid": [0.39525645333625664, -0.029950201511383036, 0.3575436664908508], "extents": [0.8149444409194305, 0.6493239402770998, 0.04020786259905179], "rotate_angle": 44.44, "rotate_angle_pred": 49.124542747009485}