{"centroid": [-0.025816228187451606, -0.04350584745407116, 0.5524689227362847], "extents": [0.8941359969113123, 0.9643257856369019, 0.03175298072387267], "rotate_angle": -34.35, "rotate_angle_pred": -29.284080548335268}