{"centroid": [0.29670432668175906, 0.15326732397079457, 0.49008776039722457], "extents": [0.6552329071543188, 0.7680967450141907, 0.023598309635586623], "rotate_angle": 0.42, "rotate_angle_pred": 4.0800085421527115}