{"centroid": [0.32787522107024203, 0.042188644409179674, 0.45126848899809563], "extents": [0.6148623393785068, 0.8520188927650453, 0.025477842183126098], "rotate_angle": 42.11, "rotate_angle_pred": 46.919388471901556}