{"centroid": [0.012431625055996084, 0.07120615243911733, 0.5142152569114008], "extents": [0.8397972212992333, 1.2008588314056396, 0.03073814966280536], "rotate_angle": -11.25, "rotate_angle_pred": -11.579890669749489}