{"centroid": [0.3579551359276348, 0.2959308475255966, 0.2711748633768058], "extents": [0.7063093613063758, 0.387965738773346, 0.030092879412300544], "rotate_angle": 32.12, "rotate_angle_pred": 26.031506128283283}