{"centroid": [-0.3882657925094212, 0.02655932307243347, 0.4107409971738796], "extents": [0.6634138774527981, 0.7998284697532654, 0.01773007946291849], "rotate_angle": -38.66, "rotate_angle_pred": -33.15516437615589}