{"centroid": [0.3071839323929738, 0.01555871963500971, 0.2813352733837224], "extents": [0.5230891099035875, 1.5966804027557373, 0.023488089399699208], "rotate_angle": -41.12, "rotate_angle_pred": -44.038560155729854}