{"centroid": [-0.009780938254113448, -0.7212168574333191, 0.2370432176330398], "extents": [0.4825380220362234, 0.4501876831054688, 0.026811756604027154], "rotate_angle": -43.37, "rotate_angle_pred": -40.8912839615366}