{"centroid": [-0.35457704485110975, -0.00849932432174691, 0.3243684719538373], "extents": [0.7639399849056799, 0.8824968338012695, 0.02006862706661533], "rotate_angle": 12.24, "rotate_angle_pred": 15.337014026018196}