{"centroid": [-0.018002811809501237, 0.32803246378898615, 0.30856939056313676], "extents": [0.6518430765447429, 1.2004286050796509, 0.014883786566869672], "rotate_angle": -3.8, "rotate_angle_pred": -5.69977208102253}