{"centroid": [0.00987124947011523, -0.5707335770130157, 0.29022328100444444], "extents": [0.6359506589806352, 0.6010575890541078, 0.04234008320821708], "rotate_angle": 43.28, "rotate_angle_pred": 42.83461974161165}