{"centroid": [0.014761059293502507, -0.03502935171127328, 0.5170361604771688], "extents": [0.7655349929081292, 1.0104197263717651, 0.024742167311228025], "rotate_angle": 18.68, "rotate_angle_pred": 17.27558037043032}