{"centroid": [-0.32762906720638296, 0.059195220470428356, 0.42783855394976067], "extents": [0.6409543745642974, 1.1225547790527342, 0.015627590922272283], "rotate_angle": 18.24, "rotate_angle_pred": 19.839431365298637}