{"centroid": [0.3304344766694365, -0.03263396024703988, 0.42740894135321966], "extents": [0.6173050294030628, 0.8161348104476931, 0.020059670896932558], "rotate_angle": 12.41, "rotate_angle_pred": 13.417756514836384}