{"centroid": [-0.36560838071981067, 0.106109321117401, 0.4105048504908085], "extents": [0.698724867150048, 0.8792097568511963, 0.048113700087587696], "rotate_angle": 29.18, "rotate_angle_pred": 34.54058776888864}