{"centroid": [-0.22547754172234347, -0.24359756708145142, 0.23375209374791048], "extents": [0.4688303800290909, 1.2576568126678467, 0.013250060468973313], "rotate_angle": 18.9, "rotate_angle_pred": 22.346909593010622}