{"centroid": [0.27208587109479593, 0.612538754940033, 0.23263466371846359], "extents": [0.5049165609709247, 0.470399022102356, 0.004636591412786412], "rotate_angle": 20.99, "rotate_angle_pred": 22.773322928369154}