{"centroid": [0.2644402233624513, -0.2522085905075073, 0.23487137976677352], "extents": [0.49191367959604937, 1.2684803009033203, 0.025817025627839274], "rotate_angle": -30.24, "rotate_angle_pred": -34.20573838197804}