{"centroid": [-0.3203940260196517, -0.10677620768547065, 0.4239571142153417], "extents": [0.6273160520433768, 0.8417921662330626, 0.030318524415963333], "rotate_angle": -7.77, "rotate_angle_pred": -6.228907885568162}