{"centroid": [0.2716426992485746, 0.5407226383686065, 0.264635624574369], "extents": [0.5526547964098426, 0.5154468417167664, 0.009635537751379541], "rotate_angle": 31.29, "rotate_angle_pred": 34.39365384059924}