{"centroid": [0.28347303529246276, -0.2822480797767639, 0.25587927113827924], "extents": [0.5427638704732075, 1.0752145051956177, 0.02134494038728066], "rotate_angle": -27.91, "rotate_angle_pred": -32.43347418615439}