{"centroid": [0.3106360027628724, -0.11712896823883062, 0.3151178903426007], "extents": [0.670028147527749, 0.8711305856704712, 0.020923644224526472], "rotate_angle": -1.43, "rotate_angle_pred": -3.4777233556708893}