{"centroid": [-0.35797070891177396, -0.047222942113876426, 0.3521008375056564], "extents": [0.7247588459519447, 0.8758337497711182, 0.028406149953276005], "rotate_angle": 7.95, "rotate_angle_pred": 4.444996194990139}