{"centroid": [0.21960956471520743, -0.05106216669082642, 0.22245788498645988], "extents": [0.4856888411152115, 0.478433907032013, 0.010685544587138024], "rotate_angle": 30.59, "rotate_angle_pred": 30.694082663831878}