{"centroid": [0.240535026155308, 0.5231168121099472, 0.2656264548483911], "extents": [0.48256864426405666, 0.5799443125724792, 0.007344750578295534], "rotate_angle": 31.25, "rotate_angle_pred": 38.44417294389598}