{"centroid": [0.010908458919860468, -0.07991230487823493, 0.5310250486800759], "extents": [0.7449584459642298, 0.9545338153839111, 0.03441227161084448], "rotate_angle": -1.28, "rotate_angle_pred": 0.5292216379321815}