{"centroid": [0.27040691563483876, 0.4176534563302993, 0.27878279240734594], "extents": [0.5503799337353976, 0.6873642206192018, 0.002815722497127804], "rotate_angle": -44.03, "rotate_angle_pred": -44.56797682106839}