{"centroid": [-0.04236883254063299, 0.45519478619098663, 0.25927901507677265], "extents": [0.007397644242867776, 0.2661904394626618, 0.02647791437900962], "rotate_angle": -42.91, "rotate_angle_pred": -39.755418024313975}