{"centroid": [-0.2404565719665032, -0.07774898409843453, 0.21990109887332132], "extents": [0.47122001503665245, 0.6946520805358887, 0.01632739039726691], "rotate_angle": 37.59, "rotate_angle_pred": 34.75484743707683}