{"centroid": [-0.28674864008755424, -0.3803659677505493, 0.27196723162938924], "extents": [0.5511091473104112, 0.8763675689697267, 0.005432978392310106], "rotate_angle": 37.21, "rotate_angle_pred": 33.68028224243915}