{"centroid": [0.02248568450780341, -0.309733510017395, 0.25525069325791544], "extents": [0.5510476687261668, 1.1981875896453857, 0.03810590408538855], "rotate_angle": 14.05, "rotate_angle_pred": 8.377063145388775}