{"centroid": [-0.018391580885095807, 0.3378270268440246, 0.2572152743203102], "extents": [0.5084337034251701, 1.268127679824829, 0.0032969415435387117], "rotate_angle": -11.27, "rotate_angle_pred": -10.330399336363172}