{"centroid": [-0.017035293869811813, 0.6399619877338409, 0.24539388382371136], "extents": [0.4979254047706236, 0.6036714315414429, 0.006228819539976255], "rotate_angle": -37.45, "rotate_angle_pred": -37.085820925420094}