{"centroid": [-0.5803521550970516, -0.07917666435241699, 0.27906827026044173], "extents": [0.5013339542846555, 0.6544004678726196, 0.02715608117709345], "rotate_angle": -15.06, "rotate_angle_pred": -16.77770211720525}