{"centroid": [0.3245451178619308, -0.09920936822891242, 0.3581581093070034], "extents": [0.6932541120224747, 0.8899275064468383, 0.023168537726480976], "rotate_angle": -19.95, "rotate_angle_pred": -20.159184166402156}