{"centroid": [0.263001399576729, -0.30191153287887573, 0.2591101724260353], "extents": [0.556153651188288, 1.064911127090454, 0.021917868253306966], "rotate_angle": -21.53, "rotate_angle_pred": -21.76674305415969}