{"centroid": [0.25588087891125455, 0.4961137622594832, 0.2471060508658202], "extents": [0.5442845346575146, 0.5458818674087524, 0.011712765582044177], "rotate_angle": -1.04, "rotate_angle_pred": -1.069245763987837}