{"centroid": [0.24778489680831245, -0.29920110106468195, 0.18714311988174162], "extents": [0.4773836748669712, 0.9279355406761168, 0.03346131753747639], "rotate_angle": 23.88, "rotate_angle_pred": 25.79245483374025}