{"centroid": [0.0016658992150347801, -0.22942030429840088, 0.261166604073405], "extents": [1.4749228578260882, 0.7387754917144777, 0.022346164461445217], "rotate_angle": -15.96, "rotate_angle_pred": -17.120376697311656}