{"centroid": [0.29791450063483316, -0.028431117534637534, 0.3865011694323156], "extents": [0.6659034375921111, 0.8864379525184631, 0.02209851852750605], "rotate_angle": -2.06, "rotate_angle_pred": 7.054013267783304}