{"centroid": [0.22000790101853315, -0.3289620280265808, 0.21134824012376252], "extents": [0.5396914522622114, 1.0190671682357788, 0.010404113758216038], "rotate_angle": 22.77, "rotate_angle_pred": 21.468199387768422}