{"centroid": [0.32502470850262266, 0.06569761037826528, 0.45426000874015393], "extents": [0.6900349758171536, 1.1829246282577515, 0.026730656247109408], "rotate_angle": -30.02, "rotate_angle_pred": -27.907046865992235}