{"centroid": [0.042283955479265334, -0.20700964331626898, 0.2146852549230925], "extents": [1.5949283245210584, 0.6865338683128359, 0.03281755868669156], "rotate_angle": 43.99, "rotate_angle_pred": 41.06809887220922}