{"centroid": [0.2456576704931583, 0.6371486485004425, 0.24532267907022132], "extents": [0.488086446756714, 0.49601233005523687, 0.02658857484382607], "rotate_angle": -0.49, "rotate_angle_pred": 0.8338042042246769}