{"centroid": [-0.005349212989256467, 0.5650714784860611, 0.23350061277300987], "extents": [0.03802967735229767, 0.25677129626274114, 0.038494880418946026], "rotate_angle": 29.05, "rotate_angle_pred": 33.0449563776219}