{"centroid": [-0.2193648061415548, 0.6307356357574462, 0.25685760271362756], "extents": [0.4830216676010901, 0.49981701374053966, 0.020285173875185025], "rotate_angle": 17.76, "rotate_angle_pred": 23.111814851273465}