{"centroid": [-0.3629938452542436, -0.04673963785171523, 0.3579649829810959], "extents": [0.6728614749255813, 0.8377300500869753, 0.03373892323305716], "rotate_angle": 26.71, "rotate_angle_pred": 29.113049401414926}