{"centroid": [0.3657855640622321, -0.058964788913726814, 0.3232399983513393], "extents": [0.7159661491546138, 0.8195579648017884, 0.027858446664399128], "rotate_angle": 39.01, "rotate_angle_pred": 37.36097446296469}