{"centroid": [-0.0012930727598752974, -0.6946635544300079, 0.2368072968197005], "extents": [0.48788661155957735, 0.452889382839203, 0.029638253390057018], "rotate_angle": 42.91, "rotate_angle_pred": 41.542352749628066}