{"centroid": [-0.009390076012312863, -0.09504872560501101, 0.24919798283832498], "extents": [0.5026062590133462, 0.801254391670227, 0.021163582225614458], "rotate_angle": -13.45, "rotate_angle_pred": -16.78714635560904}