{"centroid": [-0.3376217804874901, -0.06991064548492439, 0.4448602921306652], "extents": [0.6268262837009949, 0.7941162586212158, 0.03424139679095034], "rotate_angle": -25.54, "rotate_angle_pred": -25.18331828097611}