{"centroid": [0.33242088527230107, -0.03074574470520032, 0.4313454058890315], "extents": [0.5685225596837972, 0.7920788526535035, 0.019103139207675035], "rotate_angle": -34.16, "rotate_angle_pred": -35.99452975053202}