{"centroid": [-0.018377682280870652, -0.13903731107711798, 0.4274007152209734], "extents": [0.9451216334667258, 1.0222514867782593, 0.027974854785926373], "rotate_angle": 30.98, "rotate_angle_pred": 30.565846136265577}