{"centroid": [-0.22828267715267642, 0.4511838369071483, -0.26553164031402704], "extents": [0.48695108522695696, 0.7848691344261169, 0.0010972125507408004], "rotate_angle": -15.05, "rotate_angle_pred": -194.87344447843293}