{"centroid": [-0.3733966143961881, -0.01897442340850819, 0.24680844465887503], "extents": [0.748458154020644, 1.2529155015945435, 0.026959266764706946], "rotate_angle": -35.13, "rotate_angle_pred": -40.097002653789765}