{"centroid": [0.228737154761727, -0.03757563233375553, 0.22525984305383984], "extents": [0.4675353393635075, 0.5505954027175903, 0.023061651372328212], "rotate_angle": -11.04, "rotate_angle_pred": -8.292607067647296}