{"centroid": [0.3382478530891266, 0.052849292755126856, 0.42023767091831604], "extents": [0.6659737397486699, 1.1253553628921509, 0.027758535698527487], "rotate_angle": -9.33, "rotate_angle_pred": -13.031728533413286}