{"centroid": [-0.027492235728227274, -0.4191279411315918, 0.4415499324620732], "extents": [0.8758919183021285, 0.8122535943984984, 0.026296160946977176], "rotate_angle": -14.51, "rotate_angle_pred": -14.866255894780096}