{"centroid": [0.262638278766916, -0.6005340814590454, 0.21144888644373802], "extents": [0.4879513544226933, 0.4534283876419068, 0.016920049302860618], "rotate_angle": 38.2, "rotate_angle_pred": 35.989373767323585}