{"centroid": [-0.21513019978033682, -0.025699794292450034, 0.23987595469985612], "extents": [0.4873278162702006, 0.6331226825714111, 0.0037051644341082046], "rotate_angle": 32.35, "rotate_angle_pred": 35.30230891442345}