{"centroid": [-0.2444032834179608, -0.6233037561178209, 0.24070836247732907], "extents": [0.4735788129856546, 0.4473697245121003, 0.0180778876822619], "rotate_angle": -9.89, "rotate_angle_pred": -9.419620907367388}