{"centroid": [0.22019543599302588, -0.044264703989028986, 0.23151881578009204], "extents": [0.4861743061543346, 0.6125297546386721, 0.01676998628717835], "rotate_angle": -25.29, "rotate_angle_pred": -25.264799416867334}