{"centroid": [-0.021549002787184746, 0.06994144618511194, 0.24279375202483636], "extents": [0.026415243477896748, 0.2837845981121063, 0.021560076406268225], "rotate_angle": 9.63, "rotate_angle_pred": 11.072076785872653}