{"centroid": [0.03337458661871913, 0.29931274056434626, 0.39505316840382004], "extents": [1.077270179032051, 0.45494481921195995, 0.03534488102073885], "rotate_angle": 41.33, "rotate_angle_pred": 44.199953166590376}