{"centroid": [-0.04985638525136446, -0.016991376876831187, 0.47451205817770625], "extents": [1.2159824517876288, 0.8841140270233153, 0.05779196019080546], "rotate_angle": 1.18, "rotate_angle_pred": -2.037515809802713}