{"centroid": [-0.03555666281817314, -0.34828922152519226, 0.39488321887127403], "extents": [1.0591545273466256, 0.8017507195472718, 0.030635007213117016], "rotate_angle": 10.63, "rotate_angle_pred": 20.28851423704502}