{"centroid": [0.004414402464129351, -0.40275946259498596, 0.3840006367285376], "extents": [0.9773728096787396, 0.816046178340912, 0.024457960933829515], "rotate_angle": -13.62, "rotate_angle_pred": -13.837279765161455}