{"centroid": [0.00872578554425893, 0.30556894838809956, 0.36419187854578233], "extents": [1.0326131549339759, 0.4621415138244629, 0.015569545278984076], "rotate_angle": 23.81, "rotate_angle_pred": 23.658793392994497}