{"centroid": [-0.12440637656986134, -0.06455653905868536, 0.3406466709658165], "extents": [1.3134536978926692, 0.6749454736709597, 0.03699437595252936], "rotate_angle": -41.29, "rotate_angle_pred": -42.50790717966067}