{"centroid": [-0.4775667504817923, -0.058124601840972914, 0.11100874460327964], "extents": [0.4605353900701932, 1.7755353450775149, 0.6241882616996922], "rotate_angle": -3.32, "rotate_angle_pred": -7.123081388234425}