{"centroid": [0.26361866456869676, 0.03650629520416261, -0.19636793091198093], "extents": [0.5006302569676375, 1.5710113048553467, 0.21655914077288868], "rotate_angle": 10.05, "rotate_angle_pred": 12.306099288834076}