{"centroid": [-0.052770598207453986, -0.05154305696487427, -0.05960657136616871], "extents": [0.6810975200432183, 1.8533002138137817, 0.1337714368944232], "rotate_angle": 19.18, "rotate_angle_pred": 15.755141067948657}