{"centroid": [0.003290435521259412, 0.5173261761665344, 0.03270848014658475], "extents": [0.662604592045047, 0.27163302898407, 1.0052953094984387], "rotate_angle": 21.99, "rotate_angle_pred": 23.132276231205182}