{"centroid": [-0.00239193062093708, 0.5309968590736389, 0.06815671883365673], "extents": [0.6934013474096499, 0.3312199115753176, 0.9667143971445606], "rotate_angle": -4.94, "rotate_angle_pred": -1.4505389761168743}