{"centroid": [-0.012231492911497305, 0.4331716299057006, -0.004866668489181124], "extents": [0.7181795822985828, 0.29448664188385026, 0.9853554350856297], "rotate_angle": -8.85, "rotate_angle_pred": -7.0529636111737375}