{"centroid": [-0.026507129026709292, 0.5209330022335052, 0.048846351017408536], "extents": [0.7588868287453818, 0.2780047059059146, 0.9785234520700292], "rotate_angle": 37.33, "rotate_angle_pred": 37.80528509042712}