{"centroid": [0.0020757991908657014, 0.4195482134819031, -0.035997827095720504], "extents": [0.8978456376603448, 0.2553187608718875, 1.043154134135186], "rotate_angle": 26.47, "rotate_angle_pred": 27.62962582260669}