{"centroid": [0.038568451916363274, 0.40194323658943176, -0.03700260280722127], "extents": [0.880275240083517, 0.2550093531608584, 1.0325453171169623], "rotate_angle": 44.87, "rotate_angle_pred": 42.06390630505979}