{"centroid": [0.017667748286031765, -0.2628070116043091, 0.27162543938551553], "extents": [0.847008345101939, 0.1900290846824648, 0.5202887639504661], "rotate_angle": 41.12, "rotate_angle_pred": 36.56371656571031}