{"centroid": [0.04069404665552179, 0.0036841630935667974, 0.44229076686679203], "extents": [0.61043221780597, 1.115195155143738, 0.7844964993232486], "rotate_angle": -25.66, "rotate_angle_pred": -22.608684979283723}