{"centroid": [-0.02744019871287169, 0.4870789647102356, -0.06252889468724879], "extents": [0.7291853470664691, 0.25434434413909934, 0.7733688995908397], "rotate_angle": 9.75, "rotate_angle_pred": 8.792677509451366}