{"centroid": [-0.0010244765441774634, 0.17059294879436493, 0.017364394929556666], "extents": [0.5959664445352216, 0.15377381443977378, 0.9136600879091021], "rotate_angle": -38.72, "rotate_angle_pred": -33.26660269056132}