{"centroid": [-0.0007355167554598044, 0.1377084925770759, 0.016689170258092217], "extents": [0.7872403124885009, 0.14207975566387193, 0.6579947951351164], "rotate_angle": -6.96, "rotate_angle_pred": -7.196847973436917}