{"centroid": [-0.014193350942678963, 0.1305941343307495, 0.004454630422810149], "extents": [0.8303749550730724, 0.1386562287807466, 0.6584974518969662], "rotate_angle": -11.86, "rotate_angle_pred": -8.477599463001837}