{"centroid": [0.5886447231456506, -0.08405633270740512, 0.10866676807045789], "extents": [0.5675078570242864, 0.17498734593391427, 0.3662378153095309], "rotate_angle": 1.02, "rotate_angle_pred": 1.6539631245002226}