{"centroid": [-0.3669609548804655, -0.03788421303033834, 0.1365474884824855], "extents": [0.254692848905528, 0.22477625310421, 0.35721504184533104], "rotate_angle": 18.25, "rotate_angle_pred": 20.264415231697257}