{"centroid": [-0.3447354511073701, 0.2642498016357422, 0.07046760595921475], "extents": [0.277842753978397, 0.17702740430831918, 0.3556575398941044], "rotate_angle": -24.2, "rotate_angle_pred": -20.70434932320795}