{"centroid": [0.5914812306016354, -0.2212922647595405, 0.10181714811828807], "extents": [0.601340936014383, 0.2193419784307481, 0.39977504904224953], "rotate_angle": 38.55, "rotate_angle_pred": 34.419284562939154}