{"centroid": [-0.24519047227843227, 0.0726895779371261, 0.15424560781216246], "extents": [0.45440203472847773, 0.08903059363365184, 0.34158528243066455], "rotate_angle": 34.34, "rotate_angle_pred": 30.39608075504494}