{"centroid": [0.26311091830472316, 0.052507139742374406, -0.012058951468626223], "extents": [0.4648471425779114, 0.10864780843257915, 0.343286778894226], "rotate_angle": -18.58, "rotate_angle_pred": -17.971204479324484}