{"centroid": [-0.01730175723693475, 0.20754452049732208, 0.06743629312002168], "extents": [1.0552818702947036, 0.25239488482475303, 0.607512350692582], "rotate_angle": -35.78, "rotate_angle_pred": -35.58196793747709}