{"centroid": [-0.05993555610141728, -0.022308941930532497, 0.26003669098422244], "extents": [0.42444512415749713, 0.11612349003553404, 0.45374855578420875], "rotate_angle": -36.4, "rotate_angle_pred": -33.370178680076656}