{"centroid": [0.1011552973449926, 0.13754507154226306, -0.04555596154922984], "extents": [0.8472169702950758, 0.17424282431602497, 0.5363766592340922], "rotate_angle": 35.99, "rotate_angle_pred": 35.35641674613403}