{"centroid": [-0.36776379887807437, 0.2781320810317996, -0.8255523331519727], "extents": [0.482648455407148, 0.1388766765594484, 0.7270633478125159], "rotate_angle": 10.44, "rotate_angle_pred": -7.107319167125198}