{"centroid": [-0.13107009696014604, 0.13121359050273895, -0.10622321072698859], "extents": [0.5065053757539898, 0.1903228461742402, 0.42410079114809796], "rotate_angle": -21.66, "rotate_angle_pred": -4.184377459656915}