{"centroid": [-0.02368736195398322, 0.06864501535892492, -0.2598692355728942], "extents": [0.42586673121032637, 0.12936964631080639, 0.4819657000744837], "rotate_angle": -12.4, "rotate_angle_pred": -7.696520360643433}