{"centroid": [-0.2210178227659354, 0.1621449142694475, -0.6560914286476446], "extents": [0.3881943864430882, 0.115209147334099, 0.7026046591476276], "rotate_angle": -7.53, "rotate_angle_pred": -26.0256655846907}