{"centroid": [0.01327403413206385, 0.11044823750853536, 0.02839634206348905], "extents": [0.5672082982329092, 0.0672871246933938, 0.34212378157974943], "rotate_angle": -9.94, "rotate_angle_pred": -11.971086223172279}