{"centroid": [0.2555473309909987, 0.27638801559805865, -0.009533980209708436], "extents": [0.37736914895287826, 0.0981228426098825, 0.6173063734747417], "rotate_angle": -32.83, "rotate_angle_pred": -32.05995243718776}