{"centroid": [-0.18334930672532712, 0.23135517537593842, -0.02425492245015571], "extents": [0.36876421886617494, 0.14025500416755693, 0.6150727821343608], "rotate_angle": -14.22, "rotate_angle_pred": -11.962284909283696}