{"centroid": [-0.19602984029821446, -0.09426524862647055, -0.01411178252664265], "extents": [0.388673181312638, 0.13234087824821486, 0.632457009779466], "rotate_angle": -12.7, "rotate_angle_pred": -11.362619775719395}