{"centroid": [0.015806783187270523, -0.2782956138253212, 0.16382005484668927], "extents": [0.8765364807391456, 0.20229355990886713, 0.6682447731681419], "rotate_angle": -40.88, "rotate_angle_pred": -38.59418988063796}