{"centroid": [0.2824627503184054, 0.18970103561878207, -0.012652602689251086], "extents": [0.3727921247972087, 0.13094054162502305, 0.6595798135670348], "rotate_angle": 40.97, "rotate_angle_pred": 35.8690075110827}