{"centroid": [0.003388742334583583, -0.28394789993762976, 0.22527674369346157], "extents": [0.8381493068919807, 0.1660757660865785, 0.6303845030905233], "rotate_angle": -4.05, "rotate_angle_pred": -5.023517143248284}