{"centroid": [0.029238982147449036, 0.12282172590494157, -0.02255600351296859], "extents": [0.228263597361192, 0.10573779046535507, 0.6342057466258271], "rotate_angle": -14.63, "rotate_angle_pred": -13.25588068006384}