{"centroid": [-0.01732459149594351, 0.1715460568666458, 0.029712917120753857], "extents": [0.21268084500640053, 0.1398880630731584, 0.664277787459581], "rotate_angle": 29.96, "rotate_angle_pred": 31.906625404930196}