{"centroid": [0.309623959511249, 0.11898461356759076, 0.002334564278255541], "extents": [0.23607609593506051, 0.10702776163816469, 0.6308752145345877], "rotate_angle": 18.59, "rotate_angle_pred": 21.301133707343453}