{"centroid": [0.027694316602605427, -0.2108410224318504, 0.07564620122964957], "extents": [0.9055831059773469, 0.2667023539543154, 1.0091603051314506], "rotate_angle": -8.57, "rotate_angle_pred": -8.818807723928458}