{"centroid": [0.007835105123031233, -0.21751996874809268, 0.05332045480058418], "extents": [0.9284608476787197, 0.30810856819152865, 0.9965614201376026], "rotate_angle": 35.21, "rotate_angle_pred": 34.21794136403821}