{"centroid": [0.04641126494015031, 0.3456816151738167, -0.31165712198148465], "extents": [1.3857743880561535, 0.44778460264205966, 0.8729953854367076], "rotate_angle": -44.51, "rotate_angle_pred": -50.148470020849636}