{"centroid": [0.024746274072065408, -0.11925008893013006, 0.2921720925840422], "extents": [1.3705746867262008, 0.456526339054108, 0.8890418837519376], "rotate_angle": 25.93, "rotate_angle_pred": 26.168230957616984}