{"centroid": [-0.0011225664257684398, 0.2871800735592842, 0.011828843907859453], "extents": [0.5619467663648383, 0.17707042396068587, 0.39448310115462265], "rotate_angle": -24.17, "rotate_angle_pred": -28.299792404070573}