{"centroid": [0.006459964469506738, 0.043499954044818864, 0.019900810731497114], "extents": [0.5336253717101076, 0.1641217917203904, 0.38710165561086207], "rotate_angle": -23.05, "rotate_angle_pred": -27.11450044842323}