{"centroid": [-0.02382546651924808, 0.05418011546134949, 0.020660190420193444], "extents": [0.5202802392193999, 0.12537497282028218, 0.7322956881008159], "rotate_angle": -26.32, "rotate_angle_pred": -26.374370324553638}