{"centroid": [-0.01427867522281931, 0.05624312348663807, 0.031015811367944936], "extents": [0.5627642990019046, 0.13671723008155842, 0.7318236983990056], "rotate_angle": -25.15, "rotate_angle_pred": -18.237670065451837}