{"centroid": [-0.02260923092163919, -0.051381841301918064, 0.1880776730469645], "extents": [0.1496257207809558, 0.07948857545852675, 0.6566010809564902], "rotate_angle": -32.94, "rotate_angle_pred": -27.388359545337714}