{"centroid": [-0.02492597170683421, -0.055842615664005314, 0.18913047273677766], "extents": [0.158049864434399, 0.08224755525589003, 0.6504242332839922], "rotate_angle": -38.48, "rotate_angle_pred": -32.261723736441}