{"centroid": [-0.08074733253559821, -0.04892239719629293, 0.2293225722456479], "extents": [0.1715749069434111, 0.08199101686477675, 0.6795299109776181], "rotate_angle": 42.31, "rotate_angle_pred": 40.463230825675936}