{"centroid": [0.31370970786017593, -0.18400120735168454, 0.06577679798561337], "extents": [0.47549257817336954, 0.1648706197738649, 0.4422145910309835], "rotate_angle": 38.1, "rotate_angle_pred": 38.95234674012363}