{"centroid": [0.3077744233116451, -0.2980024069547654, 0.09575530630537425], "extents": [0.5056006884755515, 0.217556267976761, 0.423755226536339], "rotate_angle": -36.13, "rotate_angle_pred": -32.68469950483518}