{"centroid": [0.0030294814874033335, 0.07428827881813047, 0.05572276222177728], "extents": [0.9831509864365731, 0.24750597774982463, 0.6867439342354298], "rotate_angle": -4.39, "rotate_angle_pred": -2.2761909718376785}