{"centroid": [-0.0027995705096090576, 0.06650035083293915, 0.056707080072591835], "extents": [0.9312702659980516, 0.2429195642471316, 0.713919777395142], "rotate_angle": -37.63, "rotate_angle_pred": -37.81247755593229}