{"centroid": [-0.5903195663383708, -0.0631991475820542, 0.07377504813322666], "extents": [0.3331502079163066, 0.35412794351577775, 0.6064738033744566], "rotate_angle": 20.17, "rotate_angle_pred": 21.217037478837028}