{"centroid": [-0.6424368883265746, -0.11496114730834953, 0.06295454940237152], "extents": [0.37493616909360244, 0.2709665298461915, 0.6662135224922425], "rotate_angle": -28.84, "rotate_angle_pred": -27.865657312874603}