{"centroid": [0.5679844370776708, 0.0364635065197945, 0.054624573846212804], "extents": [0.3548926393463578, 0.16041837632656114, 0.6044293012623612], "rotate_angle": 17.17, "rotate_angle_pred": 16.165647252789526}