{"centroid": [-0.3229561205748558, 0.12494514882564543, 0.00713645041517565], "extents": [0.665131866729574, 0.20412489771842965, 0.45975953326543967], "rotate_angle": -5.53, "rotate_angle_pred": -6.318137744208087}