{"centroid": [0.3728588192901311, 0.12453832477331155, 0.02136998883096884], "extents": [0.6685375536327495, 0.20626313984394085, 0.4486954784795976], "rotate_angle": -21.54, "rotate_angle_pred": -21.387571237844}