{"centroid": [-0.28438674290711574, 0.09036079049110415, -0.010805442355657505], "extents": [0.6724112006671497, 0.17709080874919905, 0.44467395364356993], "rotate_angle": -13.57, "rotate_angle_pred": -14.802523337457487}