{"centroid": [0.4123165459064536, 0.0586638785898686, 0.031861387319281995], "extents": [0.6823315555030086, 0.2133253067731859, 0.429669405872509], "rotate_angle": 33.83, "rotate_angle_pred": 36.03577913343422}