{"centroid": [0.4140771274819932, 0.12968248128890983, 0.1800362342911844], "extents": [0.24841591562513288, 0.16139012575149547, 0.43907817927245485], "rotate_angle": -35.89, "rotate_angle_pred": -36.202112686502645}