{"centroid": [-0.013373225035461678, 0.12982320785522458, 0.10000999403692928], "extents": [0.4672884990459394, 0.15515732765197768, 0.43755597338322005], "rotate_angle": -21.11, "rotate_angle_pred": -22.473843753444044}