{"centroid": [0.5632561463955755, 0.10472708195447919, 0.07048420178539638], "extents": [0.24499113317049437, 0.1540609002113343, 0.43744175660769236], "rotate_angle": 1.68, "rotate_angle_pred": 0.4586912793885176}