{"centroid": [-0.35783627612363017, 0.11945119500160221, 0.05024667942157525], "extents": [0.2518385064385794, 0.1462683975696565, 0.4154228587384903], "rotate_angle": -18.88, "rotate_angle_pred": -16.53284120605734}