{"centroid": [0.08571845359358572, 0.025084115564823116, 0.1502628941091311], "extents": [0.5770625973555449, 0.1577874422073366, 0.540633550367952], "rotate_angle": -38.8, "rotate_angle_pred": -29.940886680187127}