{"centroid": [-0.020552685018591116, 0.0696718282997608, 0.07450486099946187], "extents": [0.5591990372751432, 0.06028311699628846, 0.5339828153707238], "rotate_angle": -23.31, "rotate_angle_pred": -24.26024862696906}