{"centroid": [0.07393852631073317, 0.014639966189861341, -0.19510385703936442], "extents": [0.4882390958249101, 0.06105408072471628, 0.3041210870961961], "rotate_angle": 18.7, "rotate_angle_pred": 20.836934944004923}