{"centroid": [-0.008605496449207016, 0.06953956186771393, 0.030456755454270668], "extents": [0.599137382157222, 0.1587661802768709, 0.4904323950046262], "rotate_angle": -40.2, "rotate_angle_pred": -36.81236695436672}