{"centroid": [-0.004987519267362954, 0.13740400969982147, 0.01804287945976658], "extents": [0.6290420318782002, 0.1897086501121522, 0.48333117557727656], "rotate_angle": 6.96, "rotate_angle_pred": 10.395346663124698}