{"centroid": [0.06703545722779114, -0.012494303286075571, -0.07333380248991662], "extents": [0.3922638284033314, 0.05685399472713478, 0.2718446841734436], "rotate_angle": 3.75, "rotate_angle_pred": 7.995342034891962}