{"centroid": [-0.12291398395537292, -0.029217738658189774, 0.07983625041850882], "extents": [0.34109968075132796, 0.09559031575918206, 0.2632741639966676], "rotate_angle": -28.45, "rotate_angle_pred": -27.340644310659215}