{"centroid": [0.163234365704108, -0.008872870355844463, -0.07068954951587424], "extents": [0.3878015817446735, 0.07988493889570246, 0.30505579250854703], "rotate_angle": 40.24, "rotate_angle_pred": 41.77424543356841}