{"centroid": [0.042591012420210905, 0.00613589212298394, -0.06068510162604821], "extents": [0.3660724398534496, 0.05521509796381005, 0.23297486801264655], "rotate_angle": -30.23, "rotate_angle_pred": -27.608148710729793}