{"centroid": [0.05538286771628883, -0.005028724670410139, -0.08030349721558525], "extents": [0.3920275380568451, 0.04763726890087134, 0.25782299762743993], "rotate_angle": -5.46, "rotate_angle_pred": -1.9205537116644678}