{"centroid": [0.25058873739431664, -0.02089288458228114, 0.023995895435588582], "extents": [0.546522495703386, 0.08113628625869768, 0.5376421189270328], "rotate_angle": -33.59, "rotate_angle_pred": -29.03954742223926}