{"centroid": [0.1156046858052363, -0.03382430598139763, 0.04851905838444619], "extents": [0.5656740192379897, 0.08883080631494539, 0.5501987457691974], "rotate_angle": 15.97, "rotate_angle_pred": 19.214062769189155}