{"centroid": [-0.3011027250136968, -0.001257382333278649, 0.06056240134947261], "extents": [0.5973070435730182, 0.09761331975460069, 0.5760724114236274], "rotate_angle": -17.88, "rotate_angle_pred": -18.37945678161539}