{"centroid": [0.002014987917736133, 0.11250030994415283, 0.06569561235586081], "extents": [1.077380776164166, 0.34518688917160056, 0.6311816571730127], "rotate_angle": -27.25, "rotate_angle_pred": -22.9092794202424}