{"centroid": [-0.007966154198799064, 0.012059789150953286, 0.04799698588865386], "extents": [0.7219578093058852, 0.13114170730114, 0.5451350857475661], "rotate_angle": -25.44, "rotate_angle_pred": -21.51295449128854}