{"centroid": [-0.016163905591984974, 0.14415591955184937, 0.022623227823488565], "extents": [0.8382570747304979, 0.29186278581619285, 0.8125212196164637], "rotate_angle": 26.92, "rotate_angle_pred": 30.184897723126817}