{"centroid": [0.007206104495758162, 0.12611375749111173, 0.035162158085345355], "extents": [0.9759136415910614, 0.2783085405826572, 1.1882561417890336], "rotate_angle": 10.95, "rotate_angle_pred": 10.215941516341303}