{"centroid": [-0.06972016951882579, 0.4795075282454492, -0.5046232642508303], "extents": [0.9140112418191471, 0.20839421451091789, 0.5921825778313974], "rotate_angle": -20.89, "rotate_angle_pred": -19.807911927793583}