{"centroid": [0.3408896722485724, -0.08177404105663308, 0.3896714287983867], "extents": [0.5691721514066574, 0.17406663298606884, 0.5353123615907501], "rotate_angle": -12.75, "rotate_angle_pred": -9.185518400640646}