{"centroid": [-0.3521489204339046, -0.03721056133508686, 0.388721224891231], "extents": [0.5441861203793177, 0.1717550456523897, 0.5020750808218634], "rotate_angle": -28.12, "rotate_angle_pred": -25.375956460965284}