{"centroid": [0.030548951482557138, 0.05555877089500424, 0.15234467664461793], "extents": [0.5885629614571528, 0.10308071225881595, 0.6911807610066623], "rotate_angle": -20.56, "rotate_angle_pred": -13.255555972829598}