{"centroid": [-0.2731103356572568, -0.1387700140476227, 0.23532933064384415], "extents": [0.38796990230009065, 0.2057090401649476, 0.4212561750246856], "rotate_angle": -1.83, "rotate_angle_pred": 5.140855909027152}