{"centroid": [0.30794010802906713, 0.07360861822962758, 0.022074611502000612], "extents": [0.5551509379465444, 0.15810459852218642, 0.48452670414896604], "rotate_angle": -28.6, "rotate_angle_pred": -25.90058233791781}