{"centroid": [0.06887270846887823, 0.049091603606939274, 0.20220531714505763], "extents": [0.4608043079445273, 0.15349695086479195, 0.44412940212731483], "rotate_angle": -5.89, "rotate_angle_pred": 0.46216373765849994}