{"centroid": [-0.004514786894685437, 0.21914136409759516, 0.011452888729591715], "extents": [0.7680609073056821, 0.29119247198104875, 0.772468789908208], "rotate_angle": 11.8, "rotate_angle_pred": 10.848681844736802}