{"centroid": [0.29494289352454717, 0.015166491270065268, 0.08227377435952359], "extents": [0.6056559644728162, 0.07139712572097795, 0.5423964824772607], "rotate_angle": -20.17, "rotate_angle_pred": -18.822876573880365}