{"centroid": [-0.32188374719924673, 0.010240584611892686, 0.0686846560768886], "extents": [0.6015816842871802, 0.06497283279895796, 0.5491709036362225], "rotate_angle": -2.68, "rotate_angle_pred": -3.3617205573515605}