{"centroid": [-0.23484287336569665, 0.0032425597310066006, 0.07103553450398144], "extents": [0.5819403015906641, 0.09320300817489638, 0.5494460541687197], "rotate_angle": 5.05, "rotate_angle_pred": 7.261695951378897}