{"centroid": [0.0024163925598865363, 0.07738745957612991, 0.05691756484288236], "extents": [0.4360120900020907, 0.147954896092415, 0.46582454523065325], "rotate_angle": -43.66, "rotate_angle_pred": -39.77158520797937}