{"centroid": [-0.5598585120462317, 0.31986335664987553, 0.15842261987404865], "extents": [0.4556934279940233, 0.10670812427997606, 0.6196943579240789], "rotate_angle": 32.45, "rotate_angle_pred": 32.527819871296686}