{"centroid": [0.637914721731969, -0.11876523494720453, 0.07331434266750375], "extents": [0.37737098583101164, 0.18431210517883315, 0.6132851879187524], "rotate_angle": 37.09, "rotate_angle_pred": 35.18070837573629}