{"centroid": [0.620169348653955, 0.0657899267971516, 0.08793357507107305], "extents": [0.37352489662499544, 0.17021541297435777, 0.6403977144147363], "rotate_angle": 18.53, "rotate_angle_pred": 18.138054737602687}