{"centroid": [-0.577330215752717, -0.135931819677353, 0.09528786051151453], "extents": [0.372280740089594, 0.18807071447372453, 0.6427532320360947], "rotate_angle": 27.87, "rotate_angle_pred": 30.749704382219576}