{"centroid": [-0.3752152216441897, -0.009714089334011087, 0.11375509336633485], "extents": [0.25872868239497726, 0.2077516019344331, 0.48271572477956076], "rotate_angle": -8.5, "rotate_angle_pred": -7.450638358748776}