{"centroid": [-0.5423300002747065, -0.18817930668592445, 0.12282296659428771], "extents": [0.3660959029023139, 0.21759624779224412, 0.6597157163353837], "rotate_angle": -36.38, "rotate_angle_pred": -37.238035078371766}