{"centroid": [-0.4097590417859197, -0.3243668973445893, 0.15346858033862634], "extents": [0.29040157403290634, 0.25657206773757946, 0.4886883729352461], "rotate_angle": 35.38, "rotate_angle_pred": 33.05398070043769}