{"centroid": [-0.06342337213876317, 0.3335815072059631, 0.08344863161610006], "extents": [0.7598143837168947, 0.07226729393005388, 0.5605050341013961], "rotate_angle": 13.41, "rotate_angle_pred": 15.954244521371322}