{"centroid": [-0.09310688390415965, 0.2316429764032364, -0.06581151294216966], "extents": [0.5080655681910363, 0.08515462279319783, 0.6081186375809269], "rotate_angle": 13.15, "rotate_angle_pred": 17.292657225421024}