{"centroid": [0.6113987435504926, 0.10176724009215829, -0.23545405197797115], "extents": [0.3848912640487098, 0.03691281005740177, 0.4008848290562624], "rotate_angle": -35.95, "rotate_angle_pred": -31.980363263040132}