{"centroid": [0.21516578796287752, 0.01961630955338481, 0.026928096793549065], "extents": [0.42922067345124615, 0.10653016716241853, 0.6942789506541073], "rotate_angle": 41.08, "rotate_angle_pred": 41.45877148624672}