{"centroid": [0.008618923976405117, 0.02632754296064376, 0.04168929452223366], "extents": [0.43753710679640867, 0.11247979104518908, 0.706350510041848], "rotate_angle": 43.54, "rotate_angle_pred": 43.32769354027994}