{"centroid": [0.3178370807619258, 0.002136372029781312, 0.059698455428884536], "extents": [0.4350971884547244, 0.1301054358482362, 0.5405502924044568], "rotate_angle": -15.36, "rotate_angle_pred": -17.448278170638773}