{"centroid": [-0.4678042685953008, 0.3944806605577469, -0.01568305217286303], "extents": [0.49102340642745, 0.23747345805168169, 0.4464841945948206], "rotate_angle": -19.95, "rotate_angle_pred": -17.94487227136534}