{"centroid": [-0.3891107579510332, 0.359426960349083, 0.006226092429577772], "extents": [0.5702638547924158, 0.22408947348594682, 0.47389599031261476], "rotate_angle": -4.5, "rotate_angle_pred": -2.969514123269448}