{"centroid": [0.023814662458412135, -0.14297899603843697, 0.11744950531772141], "extents": [0.7960250521725704, 0.6388226747512821, 0.5789674625278495], "rotate_angle": 13.93, "rotate_angle_pred": 12.032903439503315}