{"centroid": [0.005232475662163789, 0.29557962715625763, 0.13243928050830128], "extents": [0.6424316796859124, 0.14963325858116167, 0.6022248895091004], "rotate_angle": 36.71, "rotate_angle_pred": 37.61390988405488}