{"centroid": [-0.03210406974274242, 0.3029173016548157, 0.11139374788426792], "extents": [0.7185840682201841, 0.19771152734756486, 0.5958363476424178], "rotate_angle": -6.35, "rotate_angle_pred": -6.860131654270603}