{"centroid": [0.5751715188521108, -0.001992486417293538, 0.08651799763442256], "extents": [0.4028974102771324, 0.16338096559047713, 0.5422576568056132], "rotate_angle": 11.84, "rotate_angle_pred": 13.987850251340646}