{"centroid": [-0.5865173038673237, 0.10369153693318373, 0.03736518499121357], "extents": [0.3922161072925486, 0.18468558788299574, 0.5215959430626345], "rotate_angle": -36.42, "rotate_angle_pred": -35.8127169645302}