{"centroid": [-0.5504263334639498, -0.23971818387508392, 0.10281306191500994], "extents": [0.40019358170070024, 0.22023788094520577, 0.5375315080644731], "rotate_angle": -0.27, "rotate_angle_pred": -1.0425652876705271}