{"centroid": [0.3739006213285521, 0.18423800915479657, 0.043330870405974026], "extents": [0.4672170925807177, 0.15409368276596086, 0.5568448362755749], "rotate_angle": -27.42, "rotate_angle_pred": -26.37756998966985}