{"centroid": [0.3344776478156404, -0.01623914390802392, 0.2814752202120318], "extents": [0.41883699996236273, 0.12560886144638078, 0.5936757171652505], "rotate_angle": -28.7, "rotate_angle_pred": -28.03802903029235}