{"centroid": [0.39362848429821085, 0.04288372956216333, 0.20680994631036598], "extents": [0.44842293647523535, 0.11065809428691879, 0.6075016827607658], "rotate_angle": 21.6, "rotate_angle_pred": 19.170354026339268}