{"centroid": [0.33787048760347466, -0.2529852092266084, 0.2589689418078208], "extents": [0.49776903085467716, 0.15181875228881853, 0.5937258635854217], "rotate_angle": -16.69, "rotate_angle_pred": -17.63990251208041}