{"centroid": [0.34274323587864153, -0.10231612622737891, 0.26182738566624986], "extents": [0.48727733265419454, 0.15723362565040605, 0.5931159898803168], "rotate_angle": -18.39, "rotate_angle_pred": -19.102349469393914}