{"centroid": [0.27233711901935903, -0.17816263437271118, 0.06599731897047781], "extents": [0.5128989151241428, 0.15257847309112565, 0.5042337111915856], "rotate_angle": -26.01, "rotate_angle_pred": -23.799998087586275}