{"centroid": [0.2736763253102474, -0.1308554857969284, 0.07821347828812304], "extents": [0.49458712112862757, 0.13380488753318798, 0.49893411765450846], "rotate_angle": 12.13, "rotate_angle_pred": 13.57707125767277}