{"centroid": [0.27734268704661885, -0.2336171269416809, 0.08505113704580619], "extents": [0.521745084703153, 0.1450392603874208, 0.490374146939818], "rotate_angle": -28.42, "rotate_angle_pred": -25.65545247601156}