{"centroid": [0.2699760616466269, -0.2649661526083946, 0.07562246254256515], "extents": [0.492482184460631, 0.1378584057092668, 0.5012980690346129], "rotate_angle": 21.5, "rotate_angle_pred": 22.84652352834574}