{"centroid": [0.27155165292159256, -0.015622869133949266, 0.07242498688112767], "extents": [0.4882463774295271, 0.15165930986404433, 0.5002356728175421], "rotate_angle": 26.67, "rotate_angle_pred": 28.263727968797085}