{"centroid": [0.0068585029233911125, -0.07401859015226366, 0.0569607269259281], "extents": [0.4281734998862782, 0.16718681156635296, 0.30776464052560637], "rotate_angle": 25.78, "rotate_angle_pred": 27.641879821104425}