{"centroid": [-0.02085017832799363, -0.19263597577810287, 0.04712809510143039], "extents": [0.43230115654584034, 0.20498813688755047, 0.32522671878562476], "rotate_angle": 44.42, "rotate_angle_pred": 38.50970843820008}