{"centroid": [0.2322753123047937, 0.02524723485112189, 0.21230955909307578], "extents": [0.36893332534678946, 0.12374193966388713, 0.48046124671865614], "rotate_angle": 37.62, "rotate_angle_pred": 34.52349126519178}