{"centroid": [0.228439222989755, 0.03520646318793302, -0.3326558999881813], "extents": [0.4103842129166621, 0.11783953011035933, 0.4808158336492492], "rotate_angle": -24.64, "rotate_angle_pred": -19.64763597945172}