{"centroid": [0.24002575091427747, 0.03640241548418998, 0.21631566487848783], "extents": [0.3542692682656528, 0.12202931195497525, 0.4879131346571803], "rotate_angle": 42.22, "rotate_angle_pred": 38.19047795399618}