{"centroid": [0.18953101237690873, 0.04061456397175788, 0.040987907702419044], "extents": [0.6231025464737194, 0.11715028434991856, 0.6367260225182427], "rotate_angle": -17.49, "rotate_angle_pred": -12.5135782089653}