{"centroid": [-0.32376260900339415, 0.05718470364809039, 0.05572139201158315], "extents": [0.6466526811232801, 0.09393133223056811, 0.6328852602480193], "rotate_angle": -28.12, "rotate_angle_pred": -27.432301060505324}