{"centroid": [0.09587531270758864, 0.0423501431941986, 0.03899030244706775], "extents": [0.6010992679652243, 0.09860566258430496, 0.628150896288134], "rotate_angle": 9.88, "rotate_angle_pred": 13.568259718257934}