{"centroid": [0.26341117044288614, -0.11142256110906597, 0.016663488782138157], "extents": [0.4262618394509669, 0.18267621099948894, 0.4680687754404005], "rotate_angle": 30.5, "rotate_angle_pred": 32.51195606842842}