{"centroid": [0.26715496644714576, 0.21512945741415018, 0.045125803880883865], "extents": [0.44221724349293473, 0.19195760786533367, 0.4527310851920953], "rotate_angle": -40.72, "rotate_angle_pred": -40.19973786710631}