{"centroid": [0.2834012995266978, 0.06548787280917168, -0.005719297309649964], "extents": [0.46988958973093775, 0.17482912540435802, 0.4543051504088837], "rotate_angle": 5.38, "rotate_angle_pred": 6.453828877406508}