{"centroid": [0.3059461367139446, 0.16103224456310275, 0.016160782984119777], "extents": [0.45851691066538747, 0.16982883214950575, 0.45056699189861443], "rotate_angle": 37.99, "rotate_angle_pred": 37.04787831267021}