{"centroid": [0.2594007568343271, 0.0609485656023025, 0.03479453140775976], "extents": [0.4369616401571372, 0.17160731554031383, 0.44477542146581817], "rotate_angle": -36.54, "rotate_angle_pred": -36.417840972593964}