{"centroid": [0.2572546943260441, -0.2922764718532562, 0.048327632914381746], "extents": [0.42851581695250945, 0.18855899572372445, 0.43766390792906285], "rotate_angle": -11.32, "rotate_angle_pred": -9.605349554077222}