{"centroid": [0.38639287115302623, -0.022769115865230574, 0.014162604047935647], "extents": [0.4701718432405586, 0.11470024287700666, 0.4599993270412258], "rotate_angle": -18.81, "rotate_angle_pred": -14.235140074494083}