{"centroid": [-0.23000144129043532, 0.009309865534305545, 0.06538305715340767], "extents": [0.49466860241962657, 0.0992405116558076, 0.37981209118679937], "rotate_angle": 13.38, "rotate_angle_pred": 12.655663453815635}