{"centroid": [0.02132170656912146, 0.11414277553558362, -0.7070827130579785], "extents": [0.6084082099869397, 0.1300222724676134, 0.5371011471977115], "rotate_angle": -25.58, "rotate_angle_pred": -31.945482810405103}