{"centroid": [-0.00527769007671431, 0.15351457148790348, 0.5428482517581847], "extents": [0.5034701788414784, 0.11799438297748577, 0.3250828362254731], "rotate_angle": 8.34, "rotate_angle_pred": 13.78611224517364}