{"centroid": [0.5676851210775685, -0.2457157820463181, 0.16189066803589508], "extents": [0.3275086913544208, 0.12985908985137956, 0.8394702759630377], "rotate_angle": -3.56, "rotate_angle_pred": -1.9344339266244504}