{"centroid": [0.5678093545555972, -0.09775962680578226, 0.04748403461538786], "extents": [0.29808073603162727, 0.1418705731630327, 0.8191388075513889], "rotate_angle": 18.58, "rotate_angle_pred": 19.954515712269952}