{"centroid": [-0.6412476040895634, -0.07250851392745979, 0.05797959728769823], "extents": [0.3543582876719836, 0.2597289085388186, 0.8546844173188524], "rotate_angle": 22.54, "rotate_angle_pred": 23.255092380777256}