{"centroid": [0.5286283774110561, -0.052479676902294235, -0.016922625342766305], "extents": [0.3385569857162123, 0.12762221693992634, 0.832646395978974], "rotate_angle": -42.57, "rotate_angle_pred": -42.35370975178739}