{"centroid": [0.638075576602483, -0.22013219445943843, 0.05006941906825349], "extents": [0.28132912475964855, 0.1363149434328081, 0.8126447785085515], "rotate_angle": -34.91, "rotate_angle_pred": -37.25561636874544}