{"centroid": [-0.3598873195419371, 0.19302797317504883, 0.008299917644752783], "extents": [0.18139682406343055, 0.2812274098396303, 0.7282659885497063], "rotate_angle": 1.5, "rotate_angle_pred": 3.423181086566032}