{"centroid": [-0.20500051521094026, 0.25973791629076, -0.011609527041053912], "extents": [0.1757815193568774, 0.28269612789154064, 0.744143669645859], "rotate_angle": 34.9, "rotate_angle_pred": 34.135857001596335}