{"centroid": [0.3656035274249563, 0.19465669989585876, 0.015047291110847912], "extents": [0.18491740288470576, 0.28047281503677385, 0.7307206894958892], "rotate_angle": 18.7, "rotate_angle_pred": 18.83545664556013}