{"centroid": [-0.17807855234376727, 0.060709456913173185, -0.013398383866348063], "extents": [0.5782133242343477, 0.13670951128005995, 0.4808258928411694], "rotate_angle": 27.02, "rotate_angle_pred": 30.26500953430373}