{"centroid": [0.2837712855224628, -0.01549158990383148, 0.02592680680533671], "extents": [0.4355283792282681, 0.1282608807086946, 0.5842261468259191], "rotate_angle": 3.32, "rotate_angle_pred": 7.510824921872896}