{"centroid": [0.22537951329543765, -0.06719797104597092, 0.009123370796011374], "extents": [0.4467454874155643, 0.1290317177772523, 0.5758426219690216], "rotate_angle": -17.94, "rotate_angle_pred": -17.831182073405884}