{"centroid": [-0.049052701145513314, 0.10625153034925461, 0.061984083949861435], "extents": [0.22583803634128163, 0.13103142380714433, 0.6275948909787079], "rotate_angle": 25.26, "rotate_angle_pred": 26.819044236881467}