{"centroid": [0.44089364425526184, 0.037902228534221594, 0.02245139006094165], "extents": [0.45953006650732375, 0.13064952194690715, 0.47224904235532844], "rotate_angle": -30.08, "rotate_angle_pred": -27.16881315441163}