{"centroid": [-0.26890280427083585, 0.06446742080152038, -0.0013132717658566814], "extents": [0.3114048229189304, 0.14251762628555315, 0.6123545143520202], "rotate_angle": -44.18, "rotate_angle_pred": -34.304856753003975}