{"centroid": [0.28250159628007193, 0.0914250314235687, 0.02586567820652925], "extents": [0.5136214626798836, 0.10527753829956069, 0.4565420566193963], "rotate_angle": -9.63, "rotate_angle_pred": -9.632136420970241}