{"centroid": [0.291444737586491, 0.08189434558153154, 0.013987608753699005], "extents": [0.3298179241390299, 0.13334427773952498, 0.5735878404276592], "rotate_angle": 17.38, "rotate_angle_pred": 17.93386937199918}