{"centroid": [-0.20450277579461196, 0.07984109222888948, 0.024918878396560037], "extents": [0.5473794366140707, 0.09504252672195448, 0.4653469941457157], "rotate_angle": -31.06, "rotate_angle_pred": -28.121722460763152}