{"centroid": [-0.2723002228492427, -0.007737904787063564, -0.025648828790938633], "extents": [0.4074378310657754, 0.1610097140073778, 0.600747763966613], "rotate_angle": -39.54, "rotate_angle_pred": -33.1048327862456}