{"centroid": [-0.019212167179904725, 0.09206178784370422, 0.013427836219732966], "extents": [0.17786068034588393, 0.14342308044433605, 0.5795422297516278], "rotate_angle": 0.95, "rotate_angle_pred": 1.057453337919469}