{"centroid": [-0.42186106446653315, 0.4781768098473548, 0.09660406889337195], "extents": [0.6123570725215011, 0.24862839281559007, 0.7090679916769905], "rotate_angle": 28.95, "rotate_angle_pred": 33.011856028853785}