{"centroid": [-0.6023732532833836, 0.40448367595672596, -0.03553134998042391], "extents": [0.49125364014528283, 0.2072269916534425, 0.46047028516506305], "rotate_angle": 39.48, "rotate_angle_pred": 43.64371803150502}