{"centroid": [-0.5658475442406884, 0.3565702959895134, 0.051406579576185614], "extents": [0.48325887276446156, 0.1948208361864091, 0.4166442449897074], "rotate_angle": 27.91, "rotate_angle_pred": 29.23430499316401}