{"centroid": [0.684476851709916, 0.3548053875565528, 0.02767168542883772], "extents": [0.49055670012608277, 0.1855681091547014, 0.4365523275276689], "rotate_angle": -30.19, "rotate_angle_pred": -28.175677285994418}