{"centroid": [0.5714545004005425, -0.2511074692010879, 0.013279311253300286], "extents": [0.4481753991948081, 0.16954705119133012, 0.5612246973915661], "rotate_angle": 16.23, "rotate_angle_pred": 16.716450048615954}