{"centroid": [0.40042583031340373, 0.4842136427760124, 0.05250002042038648], "extents": [0.6265510384866891, 0.2356525510549547, 0.7442792134258216], "rotate_angle": 40.82, "rotate_angle_pred": 39.72388513907964}