{"centroid": [-0.33494452014307596, 0.4231312945485116, 0.06426229688656152], "extents": [0.6211314280743487, 0.21622119843959836, 0.7364629601194164], "rotate_angle": -26.01, "rotate_angle_pred": -25.08697516815907}