{"centroid": [0.012279890546765995, 0.4800628051161766, 0.1100685104104967], "extents": [1.3980357681849402, 0.24089978635311154, 0.5639303936733864], "rotate_angle": 40.29, "rotate_angle_pred": 42.1416717205656}