{"centroid": [-0.011722030568848352, 0.5494772791862488, 0.08829102696045754], "extents": [1.00673058022177, 0.2857177257537844, 0.6318159252344534], "rotate_angle": 5.82, "rotate_angle_pred": 9.43284754978292}