{"centroid": [0.003033693256680632, 0.5042508244514464, 0.08248400460556371], "extents": [1.0025183932345918, 0.2939103841781618, 0.6342594483009667], "rotate_angle": -6.72, "rotate_angle_pred": -6.396955907958528}