{"centroid": [-0.0038423691003504346, 0.2418379634618759, 0.07511229190687514], "extents": [1.0008481982273785, 0.24690194427967088, 0.6356513653480438], "rotate_angle": -6.42, "rotate_angle_pred": -4.571807070076801}