{"centroid": [-0.018550799797641515, -0.4046391546726227, 0.07118270837408093], "extents": [1.0280675671906436, 0.41907051205635093, 0.6303433047323288], "rotate_angle": -39.01, "rotate_angle_pred": -40.45151331965914}