{"centroid": [-0.011776629726057072, -0.0743750035762787, 0.08859796894085833], "extents": [1.0000623426955468, 0.26449626684188865, 0.6251273727737474], "rotate_angle": 21.69, "rotate_angle_pred": 24.633045023744444}