{"centroid": [0.006508772370040029, 0.23336775600910187, 0.08148114755681579], "extents": [0.9969390886537313, 0.24264404177665727, 0.6353657408671282], "rotate_angle": -4.26, "rotate_angle_pred": -4.008801413424109}