{"centroid": [0.022122974209288097, 0.15743739902973172, 0.0637699940456109], "extents": [0.8690352327243024, 0.4620053768157962, 0.9192615032258062], "rotate_angle": 42.7, "rotate_angle_pred": 40.876537038661326}