{"centroid": [-0.0014668737439691576, 0.5799513459205627, 0.06222395900725377], "extents": [0.8680805026673815, 0.30093413591384915, 0.9213927450595534], "rotate_angle": 38.26, "rotate_angle_pred": 37.05197440188442}