{"centroid": [0.004436279129830689, 0.576796382665634, 0.12492684746466654], "extents": [0.8922953095512558, 0.30364495515823386, 0.9264180749440176], "rotate_angle": 20.3, "rotate_angle_pred": 21.121723963875084}