{"centroid": [-0.006547487392283287, -0.29719727858901024, 0.1076892808095252], "extents": [0.8988387933773855, 0.5470659136772157, 0.916285370447016], "rotate_angle": -23.89, "rotate_angle_pred": -24.573062670339127}