{"centroid": [-0.03382915270486617, -0.3452484011650085, 0.08161718524056892], "extents": [0.8846148333291097, 0.5617254972457887, 0.923756786678132], "rotate_angle": 9.39, "rotate_angle_pred": 11.249206098529001}