{"centroid": [-0.020063023026697796, 0.5500107407569884, 0.07222225984723928], "extents": [0.8587176901108449, 0.2992023229599002, 0.9188527573297247], "rotate_angle": 20.86, "rotate_angle_pred": 21.403731497146097}