{"centroid": [-0.029330108686192256, -0.36044639348983765, 0.08824248486899072], "extents": [0.8388408497573292, 0.4877018928527834, 0.8836110909418582], "rotate_angle": -28.49, "rotate_angle_pred": -27.15864552729132}