{"centroid": [-0.025103678614162114, -0.3281874805688858, 0.11525015196492777], "extents": [0.8909682804244056, 0.5021996498107912, 0.9054905351729906], "rotate_angle": -25.56, "rotate_angle_pred": -24.538529659889335}