{"centroid": [-0.017425334110993382, 0.5382845699787139, 0.10857084005605444], "extents": [0.8800879161318356, 0.29725950956344627, 0.9159730714978966], "rotate_angle": -22.07, "rotate_angle_pred": -20.764477874856752}