{"centroid": [-0.026473618563994668, 0.1466006264090538, 0.10740634728634153], "extents": [0.8825456091266773, 0.4440674185752871, 0.8967111896999194], "rotate_angle": -10.71, "rotate_angle_pred": -9.318891752791274}