{"centroid": [-0.013906808804116447, -0.3967240899801254, 0.07520037227312228], "extents": [0.7866211933993238, 0.42903658747673046, 0.9194752941378536], "rotate_angle": -20.08, "rotate_angle_pred": -18.352795548883634}