{"centroid": [-0.027855222473103985, 0.5721346139907837, 0.10375432908459903], "extents": [0.9647481275017795, 0.30312138795852683, 0.8720009772505999], "rotate_angle": -1.94, "rotate_angle_pred": 0.7971416229578949}