{"centroid": [-0.007063074694684687, 0.1478346884250641, 0.058055149343567564], "extents": [1.1828168462986377, 0.4780897498130801, 0.6542750504284675], "rotate_angle": -39.96, "rotate_angle_pred": -40.940744547159056}