{"centroid": [-0.011415080320471678, 0.5274618119001389, 0.09137826018386153], "extents": [0.9552219877074561, 0.2760268747806551, 0.876551607094179], "rotate_angle": 1.33, "rotate_angle_pred": 1.493392549850384}