{"centroid": [0.007482213301160605, 0.1771861761808395, 0.06663442220632088], "extents": [0.9602383460490297, 0.4545979499816896, 0.8645895796351731], "rotate_angle": 4.43, "rotate_angle_pred": 4.661618420418961}