{"centroid": [-0.007420545593568473, -0.36415767669677734, 0.06957430381662685], "extents": [1.1673597289681799, 0.516601085662842, 0.6307488783781444], "rotate_angle": 33.79, "rotate_angle_pred": 35.55196133549411}