{"centroid": [-0.022349800910955335, -0.34268057346343994, 0.10453255814768889], "extents": [0.9409988056512817, 0.5110270977020266, 0.8358496543035889], "rotate_angle": -41.17, "rotate_angle_pred": -39.13237234967098}