{"centroid": [-0.021041355967299405, 0.5792392194271088, 0.08972440690495898], "extents": [1.1624255100674246, 0.27852946519851696, 0.6273754792121995], "rotate_angle": -5.67, "rotate_angle_pred": -2.297963400921404}