{"centroid": [-0.030441690480253775, 0.4995787441730499, 0.07989656306982967], "extents": [0.751644133087219, 0.3100119233131411, 0.8914568407214334], "rotate_angle": -27.28, "rotate_angle_pred": -24.19352743158997}