{"centroid": [-0.01417947018625624, 0.5181308835744858, 0.07207836193600593], "extents": [0.749580914659778, 0.28753426671028165, 0.9037342010252217], "rotate_angle": -40.42, "rotate_angle_pred": -41.358310161821606}