{"centroid": [-0.006370445735214905, 0.543215423822403, 0.08239815071535068], "extents": [0.8872404762583286, 0.2868592143058779, 0.6565036227970341], "rotate_angle": -42.8, "rotate_angle_pred": -41.36404251882641}