{"centroid": [-0.030175403638770665, 0.47820593416690826, 0.07324644256225156], "extents": [0.7333891523847271, 0.3003678619861605, 0.8758421698011116], "rotate_angle": -36.18, "rotate_angle_pred": -33.312468972152914}