{"centroid": [0.012753934806224707, 0.49850070476531977, 0.08871744821783167], "extents": [0.7236563774773274, 0.28679919242858903, 0.8727344529502545], "rotate_angle": -3.9, "rotate_angle_pred": -1.5985690426424668}