{"centroid": [-0.01907762982472124, 0.550265997648239, 0.08868123372117637], "extents": [0.8988618755732656, 0.29058015346527116, 0.6431481770270133], "rotate_angle": -22.1, "rotate_angle_pred": -18.526207145640115}