{"centroid": [-0.33345135218985267, 0.43196727335453033, 0.05580699336386161], "extents": [0.6549503336858908, 0.23123833537101762, 0.7355336096455667], "rotate_angle": -30.59, "rotate_angle_pred": -30.15542856958082}