{"centroid": [0.3367844769085523, 0.42714908719062805, 0.07201234618362407], "extents": [0.6663903726482577, 0.2481757998466494, 0.7386762050597395], "rotate_angle": -17.66, "rotate_angle_pred": -16.420128191447603}