{"centroid": [-0.3421750645560044, 0.45103710889816284, 0.04559615179564266], "extents": [0.6539359059025552, 0.2551213502883913, 0.7702927549735648], "rotate_angle": -37.64, "rotate_angle_pred": -36.74873409715078}