{"centroid": [-0.3274976664191753, 0.43940260261297226, 0.07060821437793455], "extents": [0.6615541500172092, 0.23755188286304496, 0.7341433677869766], "rotate_angle": 12.01, "rotate_angle_pred": 13.295649185178746}