{"centroid": [0.39141335126103205, 0.47510485351085663, 0.011885926096811453], "extents": [0.6382014809549256, 0.23759064078331016, 0.7498793074227664], "rotate_angle": 0.77, "rotate_angle_pred": -1.5374983998667062}