{"centroid": [0.07493682641954458, -0.2699458673596382, 0.033158035099546145], "extents": [0.5848974198265563, 0.08751611411571528, 0.9683203446799649], "rotate_angle": 36.92, "rotate_angle_pred": 35.76603326161329}