{"centroid": [0.3520760956701038, 0.4469955191016197, 0.08639145738841122], "extents": [0.6682539097416681, 0.24590916931629198, 0.7397389535033416], "rotate_angle": -27.69, "rotate_angle_pred": -25.852927861770056}