{"centroid": [-0.0044780538796399955, 0.5397619158029555, 0.059303287515384884], "extents": [0.7595277892215718, 0.31772831082344083, 0.9410236313742183], "rotate_angle": 26.73, "rotate_angle_pred": 26.58010554422492}