{"centroid": [-0.33073721048128335, 0.45898307114839554, 0.05902036232860173], "extents": [0.6544312333571559, 0.24695320427417777, 0.7769660466303796], "rotate_angle": 1.08, "rotate_angle_pred": 2.7652171411579047}