{"centroid": [0.3705297577967398, 0.467142254114151, 0.052224098921653084], "extents": [0.6531014520864653, 0.23556333780288718, 0.7617259117037558], "rotate_angle": -18.49, "rotate_angle_pred": -17.073162593625156}