{"centroid": [0.00035944194641443494, 0.29007425904273987, 0.09081761598233268], "extents": [1.1089094941452915, 0.2619970440864565, 0.6991618912172849], "rotate_angle": 18.02, "rotate_angle_pred": 18.885133983996568}