{"centroid": [-0.0053217636550066255, -0.02227638661861421, 0.08559557169146234], "extents": [1.1055783198857472, 0.27665275335311906, 0.6974407538858665], "rotate_angle": -6.15, "rotate_angle_pred": -6.312339920031604}