{"centroid": [0.11317516272387715, 0.5040032267570496, 0.11385784152291778], "extents": [0.7493808361371715, 0.3021037578582766, 0.4744992314336189], "rotate_angle": 41.68, "rotate_angle_pred": 46.552512082389256}