{"centroid": [0.02275487257226927, -0.4090711921453476, 0.038903545008714], "extents": [1.1690418833256624, 0.3523578643798832, 1.092311392853074], "rotate_angle": 24.7, "rotate_angle_pred": 26.91414144803357}