{"centroid": [0.01881772833929217, 0.04488925635814665, 0.029270650471837703], "extents": [1.1593364467737528, 0.1744467318058017, 1.0936439028436715], "rotate_angle": -34.93, "rotate_angle_pred": -34.484694787818185}