{"centroid": [0.009517018108271713, -0.12603884562849998, 0.024122319986625132], "extents": [1.162529089238233, 0.1802544593811038, 1.0946540628469112], "rotate_angle": -8.4, "rotate_angle_pred": -8.497283788672036}