{"centroid": [0.20232510139178833, 0.14342032000422478, 0.06274338865207606], "extents": [0.7175490673688046, 0.30448588728904735, 0.4504723136304626], "rotate_angle": 7.78, "rotate_angle_pred": 9.600902391467173}