{"centroid": [0.01613267729590183, 0.4330718070268631, 0.03987842699443436], "extents": [1.1424637963599658, 0.15901264548301725, 1.0990343027193399], "rotate_angle": -20.52, "rotate_angle_pred": -19.499865062771136}