{"centroid": [0.0033843190041509402, -0.2237209007143974, -0.015788635951480917], "extents": [1.1453977631486172, 0.22524483501911188, 1.1340105343735116], "rotate_angle": 4.69, "rotate_angle_pred": 5.756658921760732}