{"centroid": [0.08181929492148082, -0.2023598551750183, 0.10100707368515474], "extents": [0.7755265216306735, 0.2747119069099428, 0.44274863488867805], "rotate_angle": -25.48, "rotate_angle_pred": -22.50576813845548}