{"centroid": [0.025418274230162533, 0.2691754251718521, -0.009587339160152142], "extents": [1.2051950289523972, 0.17387232184410126, 1.1410355185811922], "rotate_angle": 21.85, "rotate_angle_pred": 23.087509565390818}