{"centroid": [0.6084823093476649, 0.34654692560434336, 0.058869892396695836], "extents": [0.4802737914047194, 0.18674241006374376, 0.41349045147962515], "rotate_angle": -32.07, "rotate_angle_pred": -32.18501805094549}