{"centroid": [-0.02101773603894682, 0.5495818257331848, 0.0898320557234561], "extents": [0.850176915439878, 0.3114210963249209, 0.9138207274511481], "rotate_angle": 3.38, "rotate_angle_pred": 6.3972647335507276}