{"centroid": [-0.015576600303420167, -0.3502243459224701, 0.09072579531470405], "extents": [0.8843304567387276, 0.4907295405864718, 0.8933340364087281], "rotate_angle": -44.5, "rotate_angle_pred": -43.43763898089088}