{"centroid": [-0.03348311797928766, -0.37835457921028137, 0.082097135602355], "extents": [0.8305525632807406, 0.4785875678062441, 0.8896543226227083], "rotate_angle": -34.67, "rotate_angle_pred": -32.1520256680266}