{"centroid": [-0.013915842410837466, 0.5192687511444092, 0.08476723574598899], "extents": [0.8741923702496608, 0.29437136650085477, 0.8902412787253859], "rotate_angle": -41.15, "rotate_angle_pred": -41.0755201073915}