{"centroid": [1.7463798043300394e-05, 0.13621580600738525, 0.07707239431798077], "extents": [0.8617097046031429, 0.47182494401931785, 0.8964419267840451], "rotate_angle": -21.89, "rotate_angle_pred": -21.086845979529244}