{"centroid": [-0.05393345272383917, -0.20323432981967926, -0.023504670166654522], "extents": [0.5942332814785467, 0.09624907374382041, 0.8174858189817975], "rotate_angle": -33.75, "rotate_angle_pred": -32.50643571840867}