{"centroid": [-0.00011829543820479627, -0.20359608530998227, 0.0016833788656027415], "extents": [0.5891689657430554, 0.08177405595779441, 0.840995550050806], "rotate_angle": -7.28, "rotate_angle_pred": -6.740812362195541}