{"centroid": [0.0052453626250204, 0.25665237009525294, 0.08773482316073881], "extents": [1.0024367621540287, 0.24019756913185136, 0.624275270279267], "rotate_angle": -15.78, "rotate_angle_pred": -15.672861540093592}