{"centroid": [-0.022150035983550115, -0.41719871759414673, 0.07746744012486068], "extents": [0.9926326289254924, 0.4466905593872072, 0.6021199235104023], "rotate_angle": 8.31, "rotate_angle_pred": 10.488205821829482}