{"centroid": [-0.01051962210465994, 0.25276973843574524, 0.07925283614147356], "extents": [0.9792661792759434, 0.2392799854278567, 0.6123362858336048], "rotate_angle": -43.01, "rotate_angle_pred": -40.554417373075836}