{"centroid": [-0.015297781688452888, 0.537549763917923, 0.09118452023118159], "extents": [0.9898268200558002, 0.2800400257110598, 0.6253803508959596], "rotate_angle": -37.31, "rotate_angle_pred": -32.70737930446358}