{"centroid": [-0.015495836082534506, 0.5233829319477081, 0.08229593818456253], "extents": [1.0305115782014478, 0.2977280020713809, 0.6341734881758148], "rotate_angle": -43.03, "rotate_angle_pred": -42.328444909535335}