{"centroid": [-0.011768291483207946, -0.07467329502105712, 0.09106685184726226], "extents": [0.9903514324908863, 0.2707427740097048, 0.624209638608708], "rotate_angle": 37.51, "rotate_angle_pred": 40.04331291593675}