{"centroid": [0.018959263070725152, 0.5249474048614502, 0.1015259142410482], "extents": [0.8662575659632551, 0.3417067527770999, 0.9257933089810233], "rotate_angle": 31.89, "rotate_angle_pred": 31.261784288444254}