{"centroid": [0.013471907083591354, -0.26066537201404577, 0.11129099200435978], "extents": [0.8868438949085159, 0.5047827959060671, 0.9292991497043643], "rotate_angle": -15.42, "rotate_angle_pred": -14.923009548964146}