{"centroid": [-0.008809662534974526, 0.5599299073219299, 0.10289010550705158], "extents": [0.8447923657149841, 0.3625124692916873, 0.9578541513710516], "rotate_angle": -25.2, "rotate_angle_pred": -21.97129074690652}