{"centroid": [-0.02435224348591484, 0.5389247834682465, 0.07754283980895972], "extents": [0.7741099644789619, 0.3201559185981753, 0.9517918289062444], "rotate_angle": -17.63, "rotate_angle_pred": -16.01373711995919}