{"centroid": [-0.014305874165650406, 0.5403513759374619, 0.09696426232858603], "extents": [0.7689131534556986, 0.3119430840015414, 0.9430720850545898], "rotate_angle": 12.6, "rotate_angle_pred": 13.383900072150269}