{"centroid": [-0.612944752255851, 0.3790257275104523, 0.03873245440027338], "extents": [0.4649381598409325, 0.2023395895957948, 0.4267744386009714], "rotate_angle": -29.52, "rotate_angle_pred": -27.946583947618613}