{"centroid": [-0.6004707646796654, 0.3421129509806633, 0.028782965071356435], "extents": [0.4879110448479978, 0.18124945461750047, 0.4134325975180689], "rotate_angle": -44.48, "rotate_angle_pred": -41.60287051492995}