{"centroid": [0.6079965143370057, 0.35176322609186167, 0.03851044628740566], "extents": [0.47639453478936944, 0.1780513375997545, 0.41507864057516874], "rotate_angle": -40.32, "rotate_angle_pred": -40.76917804348071}