{"centroid": [0.6771243517725891, 0.3520752564072608, -0.014883472276387633], "extents": [0.4796200465160755, 0.177252307534218, 0.43704733895223463], "rotate_angle": -41.62, "rotate_angle_pred": -42.612400124184454}