{"centroid": [-0.012491430438564377, 0.5167042016983032, 0.05456798746026059], "extents": [1.2668092151213628, 0.24343609809875516, 0.7727039395609089], "rotate_angle": 25.69, "rotate_angle_pred": 28.135549483024406}