{"centroid": [0.005135716403212337, 0.45686274766922, 0.07590902351525425], "extents": [1.2683208060304538, 0.22605693340301547, 0.7643026156636222], "rotate_angle": 28.35, "rotate_angle_pred": 28.608432271412603}