{"centroid": [-0.360669821572645, 0.4310547113418579, 0.045024706029809125], "extents": [0.648385882008475, 0.23324775695800798, 0.7098749275934315], "rotate_angle": -38.44, "rotate_angle_pred": -37.24356491798433}