{"centroid": [0.012226834314560397, 0.46383151412010193, 0.06018542048420131], "extents": [1.3822852755925994, 0.2685275673866275, 0.5699492850786151], "rotate_angle": -41.5, "rotate_angle_pred": -42.90348552628879}