{"centroid": [0.3348753263450389, 0.42902417480945587, 0.07466254497522008], "extents": [0.6410118426826589, 0.2312115132808688, 0.7173922157474446], "rotate_angle": -25.09, "rotate_angle_pred": -23.50990853178378}