{"centroid": [0.04201339898873236, 0.31375417113304144, 0.0008595498348169597], "extents": [0.7690107894371088, 0.2590013146400455, 0.7690222931336581], "rotate_angle": 44.55, "rotate_angle_pred": 42.22117015971696}