{"centroid": [-0.010029503750810617, 0.551495522260666, 0.020752621096043367], "extents": [0.8211199110665593, 0.2885670065879824, 0.7536042392749175], "rotate_angle": -28.8, "rotate_angle_pred": -28.458780750007143}