{"centroid": [-0.04501365082695419, -0.42692664265632635, 0.1009463996082007], "extents": [0.9537936455797762, 0.44926208257675193, 0.5974311236792889], "rotate_angle": -27.76, "rotate_angle_pred": -23.533438832406503}