{"centroid": [-0.007022414535985337, 0.22339902818202972, 0.06950475474295581], "extents": [0.9837118341894638, 0.23174741864204423, 0.6195374698701986], "rotate_angle": 17.46, "rotate_angle_pred": 17.020923670927445}