{"centroid": [-0.02543771337706069, 0.5236348807811737, 0.09959115689165564], "extents": [0.9750520235166138, 0.27384918928146385, 0.6239754713911949], "rotate_angle": -27.01, "rotate_angle_pred": -21.568820126263248}