{"centroid": [-0.00974291084415041, -0.08079881966114046, 0.08585341788567545], "extents": [0.9577156122143501, 0.24928441643714924, 0.6131461741481026], "rotate_angle": 21.78, "rotate_angle_pred": 24.836340781201386}