{"centroid": [-0.40240408919779247, 0.46283644437789917, 0.0736564489184481], "extents": [0.6028895422787284, 0.25160139799118064, 0.7175664954905522], "rotate_angle": -1.2, "rotate_angle_pred": 1.1097915641983462}