{"centroid": [-0.3590607054827224, 0.4219473898410797, 0.06213657775351384], "extents": [0.5825200573704397, 0.23621267080307023, 0.7045833343595818], "rotate_angle": -34.16, "rotate_angle_pred": -33.2127047692037}