{"centroid": [-0.3974268152117453, 0.49097611755132664, 0.09728296805433366], "extents": [0.6468947884593446, 0.2481412738561632, 0.7275190082080663], "rotate_angle": 41.42, "rotate_angle_pred": 42.63594799504875}