{"centroid": [0.013281610081413368, 0.5565657317638396, 0.09215587439401784], "extents": [0.9042141179395714, 0.30731612443923967, 0.6696362304254793], "rotate_angle": -6.56, "rotate_angle_pred": -6.127544091300464}