{"centroid": [0.017118050015917492, 0.5180668234825134, 0.09791691114785621], "extents": [0.6790696506045759, 0.2515145540237429, 0.9152004885256035], "rotate_angle": -3.7, "rotate_angle_pred": -3.073280151036599}