{"centroid": [0.016733871691724085, -0.03958092629909517, 0.10089892360998298], "extents": [0.6781426925601932, 0.24473017454147364, 0.9168497075995594], "rotate_angle": -29.89, "rotate_angle_pred": -29.282117168430048}