{"centroid": [-0.01148854506401642, 0.272272527217865, 0.07304631205669976], "extents": [0.7366995705654836, 0.268979609012604, 0.9320811495426347], "rotate_angle": 11.13, "rotate_angle_pred": 13.757318365129308}