{"centroid": [-0.010896467796616571, 0.5376631617546082, 0.08008032785312494], "extents": [0.743270516504221, 0.34458631277084373, 0.9551956654991287], "rotate_angle": -2.87, "rotate_angle_pred": 0.4000750983063739}