{"centroid": [-0.0017814563672357564, -0.3921508938074112, 0.10714793248116072], "extents": [0.6971426018709364, 0.3896167278289797, 0.9125871073507067], "rotate_angle": -39.26, "rotate_angle_pred": -38.80279797963365}