{"centroid": [-0.0006831630869154892, -0.04575291275978092, 0.0813065662396299], "extents": [0.7215451111158298, 0.2728036642074588, 0.9183367033497755], "rotate_angle": 12.48, "rotate_angle_pred": 13.73399861939383}