{"centroid": [0.016767181911490764, -0.5757929682731628, -0.029527137007262283], "extents": [0.570785155358589, 0.16178154945373552, 0.3631054102707151], "rotate_angle": 30.0, "rotate_angle_pred": 33.19243634609482}