{"centroid": [-0.08569507224746208, -0.6550102531909942, -0.022053056352719487], "extents": [0.5754548415241192, 0.14298421144485474, 0.3389226855499724], "rotate_angle": 6.39, "rotate_angle_pred": 11.142833353115265}