{"centroid": [0.007569452118792931, -0.6295875012874603, -0.03794239980877279], "extents": [0.5799735638282842, 0.1571052670478823, 0.35772435955175513], "rotate_angle": 31.43, "rotate_angle_pred": 34.87460507184535}