{"centroid": [-0.02293143415157596, -0.23402452468872073, -0.01048898613312993], "extents": [1.254675759952847, 0.8049613237380984, 1.1895046366752684], "rotate_angle": 15.41, "rotate_angle_pred": 15.032957294541191}