{"centroid": [0.002950613785533837, -0.19031383097171786, 0.05566463414165082], "extents": [1.2097519730404729, 0.7675446271896366, 1.1494156211757454], "rotate_angle": -17.26, "rotate_angle_pred": -15.305800649907653}