{"centroid": [0.007098880641194599, 0.5311043113470078, 0.07961260656051486], "extents": [1.1554056561696464, 0.2929961979389193, 0.6479430882017486], "rotate_angle": 21.61, "rotate_angle_pred": 21.67173836774353}