{"centroid": [-0.003399033857214462, 0.14479702711105347, 0.07156773794490853], "extents": [1.1669951574669848, 0.46445596218109153, 0.641498440821718], "rotate_angle": 15.92, "rotate_angle_pred": 15.836144713511572}