{"centroid": [-0.006874657322960012, -0.3467351943254471, 0.09894452523069683], "extents": [1.1607607357403298, 0.5044166445732119, 0.646793411394067], "rotate_angle": -16.15, "rotate_angle_pred": -15.878386923030646}