{"centroid": [-0.007508186080746729, 0.1462048888206482, 0.07276749611197145], "extents": [1.1647981803290268, 0.4597727060317996, 0.6410841564856816], "rotate_angle": -42.11, "rotate_angle_pred": -42.787532454219104}