{"centroid": [0.015386663416277216, 0.42080266773700714, -0.022348430871435745], "extents": [0.5908588742060563, 0.22743061184883134, 0.5718097066535707], "rotate_angle": 3.68, "rotate_angle_pred": 6.206649238658329}