{"centroid": [0.002522245895012598, 0.2998708188533783, 0.011701769161927389], "extents": [0.5727359077276271, 0.14448779821395885, 0.5536373277746799], "rotate_angle": 0.01, "rotate_angle_pred": -1.6487771537109381}