{"centroid": [0.012251040454172635, 0.5443962812423705, 0.09277471990698227], "extents": [0.9222954518846229, 0.3015024662017824, 0.6844635611158212], "rotate_angle": -18.09, "rotate_angle_pred": -18.21955436064458}