{"centroid": [-0.00021795987987967974, 0.5540120750665665, 0.08255696626681765], "extents": [0.9282642547544323, 0.2891877591609957, 0.6657047232015469], "rotate_angle": -19.94, "rotate_angle_pred": -17.30573042402021}