{"centroid": [-0.01193991836860124, 0.564963936805725, 0.11607863491101544], "extents": [0.9264272449369676, 0.3478299379348757, 0.9178796408548268], "rotate_angle": -22.14, "rotate_angle_pred": -19.680181226359323}