{"centroid": [0.02585455360297391, 0.5155450999736786, 0.10692742633253897], "extents": [0.8930246150481903, 0.3267660737037661, 0.9607366829731219], "rotate_angle": -3.81, "rotate_angle_pred": -2.7558998348641524}