{"centroid": [0.038837888173358905, -0.004010930657386787, 0.0852010717468269], "extents": [1.0073224545717276, 0.24934735894203203, 0.6407509598558848], "rotate_angle": 12.57, "rotate_angle_pred": 13.58177606245279}