{"centroid": [-0.004376065293723738, 0.2667148262262344, 0.08027415764737184], "extents": [1.0148447533287208, 0.24625363945961015, 0.6425756077566145], "rotate_angle": 6.37, "rotate_angle_pred": 8.931834222336064}