{"centroid": [0.012916438140873322, -0.4156910479068756, 0.07783589690317123], "extents": [0.9955736453648822, 0.42796033620834373, 0.5973610910962811], "rotate_angle": 40.63, "rotate_angle_pred": 42.72466462383832}