{"centroid": [-0.004488806881713034, -0.05288907885551457, 0.08082687403041286], "extents": [1.0096779888021397, 0.2630439400672914, 0.6284073483123962], "rotate_angle": -7.37, "rotate_angle_pred": -5.113957681826236}