{"centroid": [0.030270308495298, 0.26082442700862885, 0.08398684567750515], "extents": [0.9966962335348932, 0.24358156323432947, 0.6327359674999391], "rotate_angle": -26.57, "rotate_angle_pred": -26.926246879403863}