{"centroid": [0.03298874838743936, 0.5336747765541076, 0.07331016128332088], "extents": [1.0070587344513928, 0.28930890560150163, 0.644219454769825], "rotate_angle": -15.0, "rotate_angle_pred": -15.038838180537553}