{"centroid": [0.020047776830495703, -0.3661839962005615, 0.07117322909004183], "extents": [1.0145499585841697, 0.4042021632194521, 0.6313856765188479], "rotate_angle": -21.75, "rotate_angle_pred": -22.808529564570094}