{"centroid": [0.01765792351457375, 0.003901973366737338, 0.04268652569197422], "extents": [1.1805025433686644, 0.3497980833053592, 1.1250205130093893], "rotate_angle": -30.77, "rotate_angle_pred": -29.40960868286257}