{"centroid": [-0.0161636723268416, 0.4680864214897156, 0.06563845908865457], "extents": [1.3830041499641443, 0.2508734464645388, 0.5741439897619667], "rotate_angle": 10.56, "rotate_angle_pred": 11.465758573684866}