{"centroid": [0.6471930314050586, 0.34559667110443115, 0.0021561151861805745], "extents": [0.48868778510289496, 0.18701159954071056, 0.42063236376287716], "rotate_angle": 8.56, "rotate_angle_pred": 10.958135678694333}