{"centroid": [-0.01570336862972585, 0.4847978353500366, 0.094267629686908], "extents": [1.3174445944140971, 0.2585568428039553, 0.5597471132608112], "rotate_angle": -18.0, "rotate_angle_pred": -13.270850789173409}