{"centroid": [-0.00029130568087019915, 0.5894310772418976, 0.09857856532764978], "extents": [0.940489531972537, 0.3014533519744876, 0.6571779856991907], "rotate_angle": 37.73, "rotate_angle_pred": 38.60761799526614}