{"centroid": [0.0016752030304576365, -0.09985277056694028, -0.009700861646327719], "extents": [1.2269796389681749, 0.3669270873069766, 1.1808398016917536], "rotate_angle": 23.01, "rotate_angle_pred": 25.054714235246124}