{"centroid": [0.0012731037997981143, 0.2566263675689697, 0.036477711902418664], "extents": [1.1920426951188845, 0.19548028707504306, 1.1405291430269775], "rotate_angle": -28.14, "rotate_angle_pred": -26.171042744180127}