{"centroid": [-0.010241467151639871, -0.03882525861263276, 0.010627803581962775], "extents": [1.2091994491810625, 0.40087649226188693, 1.1461273627248234], "rotate_angle": -33.98, "rotate_angle_pred": -34.08658636859734}