{"centroid": [-0.01750520022785966, -0.4312242567539215, 0.004535723475695239], "extents": [1.2006367772117845, 0.36113029718399087, 1.148371727760731], "rotate_angle": 22.9, "rotate_angle_pred": 25.419576921213206}