{"centroid": [-0.008276171419031628, -0.41070282459259033, 0.026354874146581442], "extents": [1.2174778979291472, 0.3758597075939181, 1.1479399018109546], "rotate_angle": -16.45, "rotate_angle_pred": -15.75195163715756}