{"centroid": [0.009835568521491853, 0.5366096347570419, 0.09248294857121075], "extents": [0.7653502097094385, 0.31043770909309415, 0.9288326345556512], "rotate_angle": -13.93, "rotate_angle_pred": -11.902091973236551}