{"centroid": [-0.01006832674696033, 0.2780137360095978, 0.06847379424430514], "extents": [0.7406321598234757, 0.2755076289176943, 0.9461787131265206], "rotate_angle": 11.61, "rotate_angle_pred": 13.848497252477657}