{"centroid": [0.010007539417504333, -0.02177445590496065, 0.09559013520031007], "extents": [0.7626203469810118, 0.25987452268600486, 0.9243598191872895], "rotate_angle": 11.82, "rotate_angle_pred": 12.907821720236598}