{"centroid": [-0.007222711374200129, 0.5514553785324096, 0.0554417090407142], "extents": [0.7358592893299996, 0.34589898586273216, 0.9673454355623136], "rotate_angle": 28.27, "rotate_angle_pred": 29.262824505554363}