{"centroid": [-0.011323832660428211, -0.45577707886695856, 0.04381415409297699], "extents": [0.7261132119630012, 0.4757301211357118, 0.9288005979480246], "rotate_angle": 35.79, "rotate_angle_pred": 36.52391982970033}