{"centroid": [0.012682583432831677, 0.2562777251005173, 0.08744282260158173], "extents": [0.7553943610953356, 0.2513365447521212, 0.924057510015015], "rotate_angle": -2.61, "rotate_angle_pred": -1.5026519295285112}