{"centroid": [0.010848465945794313, -0.37985897064208995, 0.09658014216173182], "extents": [0.7672458906463155, 0.42156589031219516, 0.9220062517546568], "rotate_angle": 12.15, "rotate_angle_pred": 14.576649225833961}