{"centroid": [0.35834704242892307, 0.46274897456169123, 0.05338792179504912], "extents": [0.6388433587860886, 0.232961177825928, 0.7477426543246246], "rotate_angle": -29.71, "rotate_angle_pred": -28.147975514026605}