{"centroid": [-0.33509696123577853, 0.4389718323945999, 0.0643743689060092], "extents": [0.6631069135211849, 0.23334774374961875, 0.7385177558692533], "rotate_angle": -20.67, "rotate_angle_pred": -20.218991092477523}