{"centroid": [0.3352016219372654, 0.43382236361503596, 0.06561467286569994], "extents": [0.6689228960301542, 0.2545431256294252, 0.7464101257375677], "rotate_angle": -43.76, "rotate_angle_pred": -44.05732843606319}