{"centroid": [-0.009677149796937193, 0.3615483194589615, 0.005782495639027871], "extents": [1.0470129435063265, 0.15105256438255343, 1.0604707188582618], "rotate_angle": 24.42, "rotate_angle_pred": 26.16770863093474}