{"centroid": [0.007135672040246704, 0.029572255909442898, 0.031185796310710133], "extents": [1.0402255143888808, 0.1525067538022998, 0.995190509402504], "rotate_angle": -27.16, "rotate_angle_pred": -27.468072592510737}