{"centroid": [-0.022952181244319747, 0.3448560759425163, 0.02624886950416646], "extents": [1.0493088890403621, 0.15778847038745913, 0.9908233814667942], "rotate_angle": -39.04, "rotate_angle_pred": -39.03908557620326}