{"centroid": [0.014877175013358751, -0.43377870321273804, -0.029376750852875284], "extents": [1.0432229203193955, 0.643081068992615, 1.009588257171686], "rotate_angle": 32.83, "rotate_angle_pred": 30.532435521130523}