{"centroid": [-0.011458781929942582, 0.1839751899242401, 0.09346324618467577], "extents": [1.1221976164613179, 0.5137831568717959, 0.6597772172674115], "rotate_angle": -26.59, "rotate_angle_pred": -26.97109789836972}