{"centroid": [-0.005957981369255107, -0.1574481539428234, 0.0012454731858206614], "extents": [0.5686969867049732, 0.0817652717232706, 0.8304394644149409], "rotate_angle": -3.99, "rotate_angle_pred": -2.812878082192597}