{"centroid": [-0.030457750449863916, -0.33740907907485956, 0.10139020915413], "extents": [1.160281795435149, 0.5240541696548463, 0.6078603362248909], "rotate_angle": -15.89, "rotate_angle_pred": -14.77382833131341}