{"centroid": [-0.006060039874724296, 0.5476270616054534, 0.07052168619178277], "extents": [1.1213542052985086, 0.27361893653869646, 0.6192952896649904], "rotate_angle": -33.55, "rotate_angle_pred": -30.730175189771423}