{"centroid": [-0.0277299085308286, -0.357992798089981, 0.09805665610667849], "extents": [1.1375190193506417, 0.5161779522895814, 0.5977790447068189], "rotate_angle": -20.14, "rotate_angle_pred": -18.79061244787765}