{"centroid": [-0.0017299748356189026, -0.34283145517110825, 0.07335069817346637], "extents": [1.1464179667191279, 0.4921994507312777, 0.6352964591415436], "rotate_angle": -38.23, "rotate_angle_pred": -38.63559797977098}