{"centroid": [-0.0028588623059808554, 0.5189386457204819, 0.07288229342935332], "extents": [1.1307123745636605, 0.29907825589180015, 0.6352499040967975], "rotate_angle": -15.61, "rotate_angle_pred": -15.84745307435611}