{"centroid": [-0.0032142772753441934, 0.13887516409158704, 0.07658126041883685], "extents": [1.1601768319686299, 0.4751150012016299, 0.6315264477367315], "rotate_angle": 36.22, "rotate_angle_pred": 36.2540936711454}