{"centroid": [0.6788779998860065, 0.3305611088871957, 0.10946995877109394], "extents": [0.5004458533964737, 0.17961306869983687, 0.39249656439914066], "rotate_angle": 44.58, "rotate_angle_pred": 45.725849233131584}