{"centroid": [-0.5986871349108959, 0.3880929872393608, 0.028800313407360407], "extents": [0.4689788463435427, 0.21255443990230577, 0.432735765690442], "rotate_angle": -17.79, "rotate_angle_pred": -14.862220916062313}