{"centroid": [0.6183535188192001, 0.35013191401958466, 0.03287217000746294], "extents": [0.44927273423177017, 0.1700268089771272, 0.41482640441598984], "rotate_angle": 17.21, "rotate_angle_pred": 17.284301137815802}