{"centroid": [0.04361874754273688, -0.4390363842248916, 0.020012766920999216], "extents": [0.8636222903198252, 0.16436311602592485, 0.8158051206664545], "rotate_angle": 14.37, "rotate_angle_pred": 13.937959463784892}