{"centroid": [0.017087294978074104, -0.5045346915721893, 0.03745221422249486], "extents": [0.8952732288521845, 0.12871772050857566, 0.8349058816778889], "rotate_angle": -14.33, "rotate_angle_pred": -15.143779419948515}