{"centroid": [0.045767440673943574, 0.019500538706779473, 0.026447164135755076], "extents": [0.8592598570922002, 0.1329271942377093, 0.8574419750031298], "rotate_angle": 34.62, "rotate_angle_pred": 33.03657903180506}