{"centroid": [0.014011012680322121, -0.23234035074710846, 0.032092123501466216], "extents": [0.88605106251558, 0.12628012895584126, 0.8343522583953175], "rotate_angle": -3.63, "rotate_angle_pred": -3.3832759103108287}