{"centroid": [0.019929584649580397, 0.20645678788423538, 0.03789155001230411], "extents": [0.8797913611057511, 0.1167712658643725, 0.8385778495221714], "rotate_angle": -15.84, "rotate_angle_pred": -16.048728453187692}