{"centroid": [0.02827446863555559, -0.2319735437631607, 0.042909588460166494], "extents": [0.8682451387207937, 0.14411750435829182, 0.7725500588153971], "rotate_angle": 6.22, "rotate_angle_pred": 8.197027631124485}