{"centroid": [0.024435388490244625, -0.3653693199157715, 0.03158315146899595], "extents": [0.8770034129250674, 0.13178837299346946, 0.8385394635746823], "rotate_angle": 10.05, "rotate_angle_pred": 10.02808527984132}