{"centroid": [0.05154683275684809, 0.2800918221473694, -0.019357294807033812], "extents": [0.8356518865453573, 0.1540542244911196, 0.8612397436824574], "rotate_angle": 29.87, "rotate_angle_pred": 27.985183626240982}