{"centroid": [0.0430699719913798, 0.678990364074707, -0.02169661336812371], "extents": [0.860159893841156, 0.18213832378387473, 0.8339842750645318], "rotate_angle": 17.58, "rotate_angle_pred": 14.816143998807092}