{"centroid": [0.040717702064921646, -0.6110301315784453, -0.0056632484191087365], "extents": [0.8667646670035003, 0.18118697404861472, 0.8086699269318145], "rotate_angle": 32.79, "rotate_angle_pred": 31.522563460109225}