{"centroid": [0.01994647285957133, -0.7151345461606979, 0.040868196643205526], "extents": [0.8849752016572214, 0.2752386033535006, 0.8166120114403663], "rotate_angle": -32.79, "rotate_angle_pred": -31.905108265000692}