{"centroid": [-0.008252339535176678, 0.5324343740940094, 0.09740035443851962], "extents": [0.9101436048907098, 0.33035039901733426, 0.9145054131479575], "rotate_angle": -44.68, "rotate_angle_pred": -40.67421313036153}