{"centroid": [0.002754024322998462, 0.5603327751159668, 0.10810225579660747], "extents": [0.8773678553045845, 0.3306696414947512, 0.9464409364145147], "rotate_angle": -3.86, "rotate_angle_pred": -2.142290417352683}