{"centroid": [-0.3523651549099903, 0.17505766078829768, 0.031536267947185705], "extents": [0.5140493036387772, 0.0814852938055994, 0.7660228193231304], "rotate_angle": -31.46, "rotate_angle_pred": -33.71755838636323}