{"centroid": [0.005526638944012056, 0.19163236021995544, 0.09960074455571716], "extents": [0.7659752700244822, 0.48392552137374906, 0.9535488302695121], "rotate_angle": -44.27, "rotate_angle_pred": -42.985669444987934}