{"centroid": [-0.004633904490380078, 0.5945588052272797, 0.07679452413450491], "extents": [0.7551806003015897, 0.3078641295433047, 0.9652196803242519], "rotate_angle": 11.14, "rotate_angle_pred": 11.694014477547242}