{"centroid": [-0.0069218668288551916, -0.3099222779273987, 0.10093007448868603], "extents": [0.7833938619569869, 0.5085114240646363, 0.9515197302499497], "rotate_angle": -26.68, "rotate_angle_pred": -26.75122653738383}