{"centroid": [-0.04061608132978689, -0.44425007700920105, 0.021169167039958976], "extents": [0.46833035689418256, 0.11341601610183727, 0.5534673969344748], "rotate_angle": -5.48, "rotate_angle_pred": -5.930491449146629}