{"centroid": [-0.010309021161534072, 0.6084320992231369, 0.10728186284040507], "extents": [0.776101614184987, 0.3012489378452304, 0.945976705006985], "rotate_angle": -35.96, "rotate_angle_pred": -35.17503757265632}