{"centroid": [0.0021692703732249033, 0.14381332695484153, 0.08010827811976307], "extents": [0.6580895281093859, 0.24665096402168293, 0.8886731992149943], "rotate_angle": -13.88, "rotate_angle_pred": -13.50889780716706}