{"centroid": [-0.01729381790230637, -0.24594387412071228, 0.1040799187603309], "extents": [0.6705453302619948, 0.41936570405960105, 0.897242414398208], "rotate_angle": -26.83, "rotate_angle_pred": -24.330931417238148}