{"centroid": [-0.0032520471070727683, 0.18536614626646036, 0.07457322319605003], "extents": [0.6617388624255511, 0.23545084893703483, 0.8710923061898777], "rotate_angle": -34.19, "rotate_angle_pred": -30.21108363419699}