{"centroid": [-0.016629163274826886, -0.360723152756691, 0.04191003121181909], "extents": [1.0684269684422825, 0.7003175020217898, 1.0110826509107915], "rotate_angle": 18.16, "rotate_angle_pred": 19.335723892655082}