{"centroid": [-0.014182653112940424, 0.39417507499456406, 0.005738851826837407], "extents": [1.0358432733081648, 0.19094698131084475, 1.0335123740241856], "rotate_angle": -17.65, "rotate_angle_pred": -16.435283216356765}