{"centroid": [-0.025102940503383936, 0.37429622560739517, 0.04728528401730742], "extents": [1.0661520716420343, 0.16530357301235232, 0.9962625277846405], "rotate_angle": -42.78, "rotate_angle_pred": -42.63944285341728}