{"centroid": [-0.0009570378333219054, -0.3923075199127197, -0.026053294944678777], "extents": [1.0806540408459546, 0.724047899246216, 1.0275936276648137], "rotate_angle": 27.01, "rotate_angle_pred": 23.964531854053448}