{"centroid": [-0.011093794878708874, 0.06296822428703308, 0.00048697438047842767], "extents": [1.0342665742520998, 0.32884258031845115, 1.0372608731383406], "rotate_angle": 12.27, "rotate_angle_pred": 12.373771416471513}