{"centroid": [-0.018583816329931432, 0.5421823784708977, 0.050343582865142567], "extents": [1.0569905192656264, 0.15536488592624692, 1.0002124451489807], "rotate_angle": -22.29, "rotate_angle_pred": -21.632318086893235}