{"centroid": [-0.01499272964528578, 0.11158415675163268, 0.032727594226421707], "extents": [1.076511599113013, 0.33832222223281894, 1.0045785695251133], "rotate_angle": -42.26, "rotate_angle_pred": -42.97857254009878}