{"centroid": [-0.012279922577006983, 0.4752477705478667, -0.0021950296282796378], "extents": [1.039372946702764, 0.18078619241714494, 1.0231374755293294], "rotate_angle": -12.11, "rotate_angle_pred": -11.813603194129442}