{"centroid": [-0.029494435135717326, -0.43787342309951793, 0.08157666272391109], "extents": [0.9692868254086517, 0.4459309577941897, 0.5984730284870012], "rotate_angle": -9.06, "rotate_angle_pred": -5.4145891748026855}