{"centroid": [0.005123263210769349, -0.037030413746833815, 0.08886960447334592], "extents": [0.939305647708577, 0.24422237277030967, 0.634906519970732], "rotate_angle": -28.7, "rotate_angle_pred": -28.551447986506446}