{"centroid": [0.00862677698386817, 0.24293943494558334, 0.07435613342612268], "extents": [0.9299557036539323, 0.23588158190250413, 0.6331372143621662], "rotate_angle": -6.76, "rotate_angle_pred": -7.170931430704613}