{"centroid": [-0.006638416823804498, -0.38246700167655945, 0.09059415177391286], "extents": [0.9489581582832953, 0.39004486799240135, 0.6413357256425486], "rotate_angle": -34.57, "rotate_angle_pred": -34.75623149868895}