{"centroid": [-0.001998576424988331, 0.4927668273448944, 0.06668913564771331], "extents": [0.9350919463089041, 0.25586825609207176, 0.631516915853511], "rotate_angle": -21.86, "rotate_angle_pred": -22.69222320525789}