{"centroid": [-0.002620754966270261, 0.24067027866840357, 0.07147527397795717], "extents": [1.006887453311165, 0.2389224022626879, 0.6310816516248717], "rotate_angle": 31.76, "rotate_angle_pred": 34.95209512026307}