{"centroid": [-0.00629227714118058, 0.5338712334632874, 0.09381573632977064], "extents": [0.8601186156738514, 0.29469573497772245, 0.8886646505695236], "rotate_angle": -15.94, "rotate_angle_pred": -14.763425936380642}