{"centroid": [-0.01753965449562364, 0.5501015186309814, 0.0803121984233762], "extents": [0.9933059135306015, 0.28505176305770896, 0.6485949702321212], "rotate_angle": -2.56, "rotate_angle_pred": 1.1192271384122847}