{"centroid": [-0.01873282111053723, 0.47280818223953247, 0.04784890735720936], "extents": [1.064639557673491, 0.34082543849945096, 1.0238888161227235], "rotate_angle": -42.96, "rotate_angle_pred": -42.63760846447374}