{"centroid": [0.0050573499132924304, 0.46131280064582825, 0.006001317274295301], "extents": [1.0428090277543305, 0.2903754711151125, 1.018617170947782], "rotate_angle": -10.16, "rotate_angle_pred": -9.490826420600555}