{"centroid": [-0.009338792046645977, -0.40984237194061274, 0.0824164312199385], "extents": [1.0438108632441914, 0.45620763301849376, 0.619494806970465], "rotate_angle": 29.24, "rotate_angle_pred": 32.18011945288079}