{"centroid": [-0.0011982429193273803, 0.28932431340217585, 0.09832699442615206], "extents": [1.0623729353453293, 0.2513089776039126, 0.6617537814431432], "rotate_angle": -27.28, "rotate_angle_pred": -26.879476266181513}