{"centroid": [-0.00686793376073222, -0.347987100481987, 0.07148112590085778], "extents": [1.1592573037931129, 0.49998801946640037, 0.6423922242337761], "rotate_angle": -40.77, "rotate_angle_pred": -42.47092707874151}