{"centroid": [-0.008942883607875735, 0.5785991847515105, 0.09344461731971049], "extents": [1.0236448254218677, 0.3004907965660097, 0.6544332039077125], "rotate_angle": -11.28, "rotate_angle_pred": -8.018226651426389}