{"centroid": [0.005741053196783419, -0.06621451675891878, 0.10211996392775247], "extents": [1.0424728363152294, 0.280523091554642, 0.6434589605639247], "rotate_angle": 44.92, "rotate_angle_pred": 47.6392822739507}