{"centroid": [0.01730074201297928, 0.13810184597969052, 0.08584549146330125], "extents": [1.1591661041576613, 0.47302043437957786, 0.6441527641270135], "rotate_angle": 20.52, "rotate_angle_pred": 21.33443978202527}