{"centroid": [-0.004020128535114673, 0.3052769601345061, 0.10680632657398637], "extents": [1.0689258799506174, 0.2531033754348757, 0.6533225315667108], "rotate_angle": 37.46, "rotate_angle_pred": 41.34015732184477}