{"centroid": [0.006037256145135325, 0.15010850131511688, 0.08812553009249328], "extents": [1.1706591558878339, 0.47212979197502153, 0.6464071116058543], "rotate_angle": -9.06, "rotate_angle_pred": -9.218755307795192}