{"centroid": [-0.013795968647867307, -0.37369206547737116, 0.06716489890215466], "extents": [1.1557216452245678, 0.5106577277183534, 0.6243386164871987], "rotate_angle": 18.51, "rotate_angle_pred": 19.475734967252436}