{"centroid": [0.008389686224350046, 0.14808326959609983, 0.10008977860887619], "extents": [1.1681057065118885, 0.4660311937332156, 0.6293247261501959], "rotate_angle": 41.42, "rotate_angle_pred": 41.844749627349415}