{"centroid": [0.007765641656979239, 0.5323292464017868, 0.08908768748645948], "extents": [1.1659137979739342, 0.2892502844333651, 0.6615435354581414], "rotate_angle": -18.86, "rotate_angle_pred": -19.243743695145724}