{"centroid": [0.00041897824938295913, -0.3381155282258988, 0.09444613032326613], "extents": [1.168721422555477, 0.5042349100112917, 0.6490971959337466], "rotate_angle": -8.24, "rotate_angle_pred": -8.511003610644707}