{"centroid": [-0.006705407532935914, -0.3897537589073181, 0.06021269726027143], "extents": [0.8644335296309367, 0.5245045423507693, 0.8783397105319886], "rotate_angle": 37.0, "rotate_angle_pred": 37.58902547791759}