{"centroid": [-0.0017855437261915519, 0.5653198063373565, 0.05845270104316724], "extents": [0.7462396687816426, 0.36341351270675687, 0.9842375604088978], "rotate_angle": 26.83, "rotate_angle_pred": 28.358860379864666}