{"centroid": [-0.005713484766976751, 0.5410698354244232, 0.09005069220299039], "extents": [0.8744026170681697, 0.3031001687049868, 0.908628914414702], "rotate_angle": 3.66, "rotate_angle_pred": 4.698258789277531}