{"centroid": [0.00707340251073936, 0.15326264500617978, 0.09131319790863135], "extents": [0.8680533608252465, 0.4567994475364688, 0.9033526017235495], "rotate_angle": 25.49, "rotate_angle_pred": 27.073091174526276}