{"centroid": [-0.02275438297825879, -0.4258215725421905, 0.06677880789765589], "extents": [0.7631354414792184, 0.4602875113487245, 0.9338085156696125], "rotate_angle": 13.09, "rotate_angle_pred": 14.963927638575996}