{"centroid": [-0.010535840386754931, -0.3165958747267723, 0.0998511665575238], "extents": [0.8818256978222683, 0.4911644756793978, 0.9042692310795826], "rotate_angle": -28.24, "rotate_angle_pred": -27.14139556208552}