{"centroid": [0.0340304214513079, 0.5452003180980682, -0.027772144712855114], "extents": [0.5106545661960622, 0.32316738367080705, 0.4808732843923793], "rotate_angle": -9.76, "rotate_angle_pred": -10.970199525353323}