{"centroid": [0.005371732523552497, 0.14810118079185483, 0.07323442970461613], "extents": [0.9023620042305691, 0.459112882614136, 0.9254574335634755], "rotate_angle": 24.7, "rotate_angle_pred": 26.202612252893267}