{"centroid": [-0.021505714745886757, -0.3744135797023773, 0.0928543803684679], "extents": [0.8619868696845512, 0.4973140358924868, 0.8957739411601341], "rotate_angle": -44.65, "rotate_angle_pred": -42.99263319143661}