{"centroid": [-0.018285953047998425, -0.3591068685054779, 0.05865895389117135], "extents": [0.904653558369857, 0.4994137287139895, 0.9197559449976436], "rotate_angle": -23.49, "rotate_angle_pred": -22.63239098955181}