{"centroid": [0.0025612985477581687, 0.5414302051067352, 0.06132623779048596], "extents": [0.9006522812281805, 0.30670362710952787, 0.9225801145865831], "rotate_angle": 23.02, "rotate_angle_pred": 24.134911005905806}