{"centroid": [-0.0074062374811101825, 0.5581544935703278, 0.08295819921221716], "extents": [0.871338224434017, 0.31440114974975614, 0.9110291351188955], "rotate_angle": 32.09, "rotate_angle_pred": 33.59871133347929}