{"centroid": [0.011148382592267032, -0.011766463518142707, 0.027264943636493122], "extents": [0.8567880620158519, 0.5464616417884829, 0.7825507133904235], "rotate_angle": -32.0, "rotate_angle_pred": -31.926394937466824}