{"centroid": [-0.013812599973996378, -0.5282299518585205, 0.022295237694897267], "extents": [0.8500787761909407, 0.5480204820632937, 0.7907422916923669], "rotate_angle": -43.02, "rotate_angle_pred": -42.42245667406695}