{"centroid": [0.00755776825123463, 0.5587530434131622, -0.018776673284959], "extents": [0.8588464104641864, 0.513867497444153, 0.8129952998820874], "rotate_angle": -11.37, "rotate_angle_pred": -11.289444495700522}