{"centroid": [-0.006479081395217981, -0.3883129879832268, -0.004016052662627237], "extents": [1.2871595914523746, 0.22973550856113456, 0.6762910639431716], "rotate_angle": 17.51, "rotate_angle_pred": 16.45112482721632}