{"centroid": [-0.018009856266211613, -0.3522774949669838, 0.04485557398633257], "extents": [1.303723238414976, 0.22071941196918507, 0.6660369748850056], "rotate_angle": -19.01, "rotate_angle_pred": -18.63058281118282}