{"centroid": [0.019603170728865367, 0.6099515855312347, 0.10117733926099579], "extents": [0.7547415292021821, 0.3061133027076724, 0.9413355335853936], "rotate_angle": 11.98, "rotate_angle_pred": 13.098022116785586}