{"centroid": [-0.024361325030369516, -0.4120611846446991, 0.09054719878342476], "extents": [1.037908645117938, 0.46700936555862443, 0.6179115604548145], "rotate_angle": -10.34, "rotate_angle_pred": -8.582074742893056}