{"centroid": [-0.006798378598887461, 0.5635303258895874, 0.08571940078832035], "extents": [1.0356308555523026, 0.30269515514373807, 0.6438395588434931], "rotate_angle": -39.4, "rotate_angle_pred": -36.38317799161411}