{"centroid": [-0.004211475561346545, -0.07837799191474913, 0.09940360166446047], "extents": [1.0546778348016959, 0.27387392520904563, 0.642881864633941], "rotate_angle": 31.78, "rotate_angle_pred": 35.09694360564528}