{"centroid": [0.00184581115903093, -0.38621287047863007, 0.08619460589524945], "extents": [1.0773625155537403, 0.4550943970680239, 0.6721670491394682], "rotate_angle": -37.23, "rotate_angle_pred": -37.57000127529659}