{"centroid": [0.02386877989459965, 0.6085407733917236, 0.05252630429911898], "extents": [0.5675444734899009, 0.2635309100151064, 0.9483518224873477], "rotate_angle": 28.72, "rotate_angle_pred": 29.840873902270403}