{"centroid": [-0.3286196180424841, 0.43188779056072235, 0.049958636468240426], "extents": [0.6456696297274864, 0.23021569848060625, 0.7313245428618413], "rotate_angle": -27.01, "rotate_angle_pred": -26.265589024801187}