{"centroid": [0.0013992151685965973, 0.5190399885177612, 0.08711744053711538], "extents": [0.8489225653201922, 0.2745461463928225, 0.6720419642011762], "rotate_angle": -41.62, "rotate_angle_pred": -40.82169968512085}