{"centroid": [0.3524197391754143, 0.4410860612988472, 0.06232640186789951], "extents": [0.6582626704144129, 0.23745654523372672, 0.7342010740640056], "rotate_angle": 14.67, "rotate_angle_pred": 15.599853137800679}