{"centroid": [-0.34545296189540187, 0.45099324733018875, 0.06456806289615442], "extents": [0.6558386017076123, 0.24103136360645322, 0.7520405569479306], "rotate_angle": 13.33, "rotate_angle_pred": 16.733347403348574}