{"centroid": [0.3854021203591654, 0.4723852202296258, 0.007336733381364355], "extents": [0.63611789361992, 0.23718468844890622, 0.7435187312268094], "rotate_angle": 3.29, "rotate_angle_pred": 1.2565504849846292}