{"centroid": [0.04102320006049208, -0.3176783621311188, 0.02856031614743647], "extents": [0.5568232018443928, 0.17859476804733285, 0.3018318457063395], "rotate_angle": 9.38, "rotate_angle_pred": 9.84427052292763}