{"centroid": [-0.002240749077469212, 0.4909951686859131, 0.07101858677774217], "extents": [1.2866414603832017, 0.23597812652587918, 0.7824569830157468], "rotate_angle": -18.84, "rotate_angle_pred": -18.443622963255777}