{"centroid": [-0.004913049826505492, 0.5275802463293076, 0.02824015028082113], "extents": [1.3369781057136945, 0.25680777430534385, 0.8068097401685626], "rotate_angle": -35.21, "rotate_angle_pred": -33.8083065311912}