{"centroid": [-0.0025464900135352755, 0.5509855151176453, 0.05701824171027048], "extents": [0.7583354518064191, 0.3690440654754641, 0.9847675310668595], "rotate_angle": 10.84, "rotate_angle_pred": 12.387212577460758}