{"centroid": [0.021782433795147514, 0.27440074831247335, 0.030341531733702222], "extents": [0.7643779465682061, 0.3001999855041507, 0.9774618680223752], "rotate_angle": 36.98, "rotate_angle_pred": 37.01778848204593}