{"centroid": [-0.016182995730723397, 0.5352301001548767, 0.06926377816576977], "extents": [0.7948655017496373, 0.30769908428192166, 0.9476573619186774], "rotate_angle": -36.35, "rotate_angle_pred": -36.25528154125965}