{"centroid": [0.00046342529483406336, -0.44326451420783997, 0.07617228287408816], "extents": [0.7994740523635325, 0.43798455595970176, 0.9452602766691108], "rotate_angle": 12.44, "rotate_angle_pred": 13.772619393213972}