{"centroid": [0.004445092793688085, 0.4487816393375397, 0.05703511963682249], "extents": [1.3773426647447515, 0.2699276804924014, 0.5776710358370933], "rotate_angle": -39.23, "rotate_angle_pred": -40.559215410327056}