{"centroid": [0.011352545490561389, 0.5714073777198792, 0.1146262956686605], "extents": [0.7096614851363319, 0.26652705669403104, 0.9251824635268439], "rotate_angle": -42.23, "rotate_angle_pred": -40.95892059830348}