{"centroid": [-0.0008106368234214872, 0.5520107001066208, 0.0886043104101344], "extents": [1.02438006388049, 0.29258552193641685, 0.6425958721464624], "rotate_angle": -26.31, "rotate_angle_pred": -22.926105825748834}