{"centroid": [-0.010060991706572445, -0.39498439431190485, 0.07083723875845571], "extents": [1.0518565369849604, 0.49168413877487194, 0.6113124601330348], "rotate_angle": 13.0, "rotate_angle_pred": 14.219593131387256}