{"centroid": [0.01699921901499797, 0.24049313366413116, 0.0650488806773852], "extents": [1.0227917276681722, 0.2503039538860322, 0.6498787303919125], "rotate_angle": 1.84, "rotate_angle_pred": 1.3884307628403008}