{"centroid": [0.006688283909275075, -0.012434154748916636, 0.07581872153467273], "extents": [1.020902740824995, 0.3064168691635134, 0.6389074250141447], "rotate_angle": -15.08, "rotate_angle_pred": -13.827438883900825}