{"centroid": [0.0026270812552029454, -0.0029715448617935146, 0.07120791620654848], "extents": [1.0471150569715264, 0.291575610637665, 0.6514935899516803], "rotate_angle": -43.64, "rotate_angle_pred": -43.49491522397909}