{"centroid": [0.009914807839629863, 0.48827940970659256, 0.04957897234802978], "extents": [1.3249446054566678, 0.2389663606882098, 0.8091539680057136], "rotate_angle": 33.73, "rotate_angle_pred": 35.21469823773964}