{"centroid": [0.014445612785638398, 0.5168277621269226, 0.06854214707013132], "extents": [1.0258817889895735, 0.29922235012054466, 0.6574295898370608], "rotate_angle": 0.07, "rotate_angle_pred": 0.19011152335065162}