{"centroid": [-0.027098541125482177, -0.3411065936088562, 0.06720719590448337], "extents": [0.7580965698962085, 0.5404437780380251, 0.9158937264448876], "rotate_angle": 18.63, "rotate_angle_pred": 19.70196091598075}