{"centroid": [-0.0036585260528763514, 0.5824215859174728, 0.08471314866683166], "extents": [0.7546994142360385, 0.2913550436496737, 0.940799004396204], "rotate_angle": -10.91, "rotate_angle_pred": -10.032564917960187}