{"centroid": [-0.012281021856975223, 0.1861892193555832, 0.08588140309939432], "extents": [0.7623918087009527, 0.4669823944568637, 0.94105387110749], "rotate_angle": -33.1, "rotate_angle_pred": -32.3295238168314}