{"centroid": [-0.010308558250952317, 0.18819434568285937, 0.05520301603633304], "extents": [0.7620807749121328, 0.4537008404731752, 0.9265426826801748], "rotate_angle": 6.71, "rotate_angle_pred": 6.673081415224871}