{"centroid": [0.012886375851064419, -0.3688034415245056, 0.07873037370475107], "extents": [1.1229484014439044, 0.5005431175231936, 0.6093486511206341], "rotate_angle": 35.41, "rotate_angle_pred": 37.230837966896814}