{"centroid": [-0.012663713184169409, -0.32505254447460175, 0.06994465301558463], "extents": [1.1447027740969014, 0.4800110459327699, 0.6272604366462633], "rotate_angle": -40.43, "rotate_angle_pred": -42.24777635360604}