{"centroid": [0.023695787805507733, 0.5235572159290315, 0.06997469924994795], "extents": [0.9005125406716, 0.29704564809799217, 0.6512987788510278], "rotate_angle": 22.65, "rotate_angle_pred": 24.068555273778557}