{"centroid": [-0.0005260746291354812, 0.5333699285984039, 0.07921240929017448], "extents": [1.1339167424180738, 0.3007563948631289, 0.6353687681933435], "rotate_angle": 15.14, "rotate_angle_pred": 14.990963105463024}