{"centroid": [0.011944872527555106, 0.1647375375032425, 0.08188545868584787], "extents": [1.1378793809675183, 0.4553863108158113, 0.632680004059216], "rotate_angle": -3.48, "rotate_angle_pred": -3.6833994128458443}