{"centroid": [-0.017040001233761412, 0.5688246190547942, 0.09963328333898261], "extents": [1.122911361000543, 0.2741904258728029, 0.6114042548120986], "rotate_angle": -18.21, "rotate_angle_pred": -15.7554692057778}