{"centroid": [-0.019659512026592392, 0.5400318205356598, 0.08520385289475227], "extents": [0.9108399086569245, 0.28902143239975, 0.6325808121490882], "rotate_angle": -23.16, "rotate_angle_pred": -19.146044627589276}