{"centroid": [0.007329693507762344, 0.25959226489067067, 0.1066703579103985], "extents": [1.0108709262235296, 0.24618941545486472, 0.6184421136961809], "rotate_angle": 37.66, "rotate_angle_pred": 41.451312271494544}