{"centroid": [-0.003514161583502304, 0.5501520633697509, 0.08291769150932471], "extents": [0.9903647938738578, 0.28890651464462297, 0.6457116629351377], "rotate_angle": -1.08, "rotate_angle_pred": 2.431404464252225}