{"centroid": [-0.024534981493345168, -0.4155590832233429, 0.09040070541874833], "extents": [0.9876418398483104, 0.44885903596878074, 0.6007726961746372], "rotate_angle": -16.43, "rotate_angle_pred": -13.418680131891989}