{"centroid": [0.022083474524013, -0.024712160229682936, 0.08274973863621317], "extents": [0.9893629566925768, 0.25158050656318676, 0.6208893070720176], "rotate_angle": 0.6, "rotate_angle_pred": 0.27341705824946416}