{"centroid": [-0.002519811803463043, 0.1447586789727211, 0.07288447017349041], "extents": [1.0753952231474302, 0.44797992706298845, 0.6197917442196584], "rotate_angle": -8.41, "rotate_angle_pred": -7.330074334404102}