{"centroid": [0.130328159314821, 0.37240222841501225, 0.05812313221484502], "extents": [0.8431020790531483, 0.21152193844318407, 0.5490147947277846], "rotate_angle": -30.16, "rotate_angle_pred": -27.24409432153253}