{"centroid": [-0.3141056341760839, 0.056968629360198926, 0.005539696807928922], "extents": [0.8343993200813608, 0.3306786417961123, 0.5413239452591765], "rotate_angle": 32.54, "rotate_angle_pred": 34.27422433794844}