{"centroid": [0.45803888772588963, -0.26190257072448725, 0.01119473965803739], "extents": [0.8215865761463248, 0.33729326725006126, 0.5538037794673658], "rotate_angle": 36.08, "rotate_angle_pred": 35.23070656705869}