{"centroid": [-0.011061966426319708, 0.1411371082067489, 0.0856742952568334], "extents": [1.0953168997761231, 0.4419752657413484, 0.6128665876898829], "rotate_angle": -16.45, "rotate_angle_pred": -16.29468049963414}