{"centroid": [-0.016363084317394527, 0.5123550891876221, 0.08358845128669884], "extents": [1.0891657859828117, 0.29396343231201194, 0.6071194294450984], "rotate_angle": -23.62, "rotate_angle_pred": -23.04695512343369}