{"centroid": [-0.3930637856372192, 0.31159989535808563, 0.016796599228415914], "extents": [0.8420573626781334, 0.20977988839149497, 0.5558915835826572], "rotate_angle": -39.07, "rotate_angle_pred": -37.310963508745644}