{"centroid": [0.46529118259522584, 0.03173309564590455, -0.07280638537616713], "extents": [0.8361885611860576, 0.37320232391357433, 0.5637016935727719], "rotate_angle": 4.01, "rotate_angle_pred": 0.7883589001159805}