{"centroid": [-0.44905697662741006, -0.3122337758541107, 0.010412340251424956], "extents": [0.8415991076007687, 0.38302665948867803, 0.5726425653261533], "rotate_angle": 31.88, "rotate_angle_pred": 32.34554219412736}