{"centroid": [0.4155443333335588, -0.2705398723483085, 0.02836100435053486], "extents": [0.8448458714731546, 0.32721817493438743, 0.5525014272790613], "rotate_angle": 24.96, "rotate_angle_pred": 26.59178004868778}