{"centroid": [0.009092683625083697, 0.527357429265976, 0.06153061311216965], "extents": [1.0660535213207316, 0.27287173271179227, 0.6126162476491666], "rotate_angle": -43.54, "rotate_angle_pred": -40.16436859151705}