{"centroid": [0.012255841328707856, 0.5126662105321883, 0.10125190415850702], "extents": [0.8267133116530796, 0.2639680206775667, 0.6651102208398039], "rotate_angle": -7.46, "rotate_angle_pred": -7.408190196630741}