{"centroid": [-0.007160066456188427, 0.45740970969200123, 0.05717701948948986], "extents": [1.3686669210887614, 0.26636129617691057, 0.5791878247266601], "rotate_angle": -3.52, "rotate_angle_pred": -3.904719928354197}