{"centroid": [-0.0022875847432776916, 0.5244687795639038, 0.0707485905169833], "extents": [0.8984008885001452, 0.27891659736633323, 0.6589951410686081], "rotate_angle": -31.42, "rotate_angle_pred": -29.102753162718358}