{"centroid": [-0.02280572823566017, 0.47629506886005396, 0.07148564507124704], "extents": [1.3728608654750465, 0.24778988957405107, 0.5706360757295114], "rotate_angle": -26.34, "rotate_angle_pred": -23.752805808024434}