{"centroid": [-0.001413589692229024, 0.18270012736320485, 0.11507101299238044], "extents": [0.7574835962597923, 0.2786024808883669, 1.0157452750522769], "rotate_angle": -5.06, "rotate_angle_pred": -3.5373368732143717}