{"centroid": [-0.01961165380060023, -0.2297047674655914, 0.11436885236670596], "extents": [0.7567223210645448, 0.4682508707046511, 1.0046691761997517], "rotate_angle": -40.27, "rotate_angle_pred": -35.830608234443964}