{"centroid": [-0.003372462105248518, 0.5646624267101287, 0.0962503400542783], "extents": [0.7916869070580963, 0.30867129564285306, 1.0077629274549587], "rotate_angle": 20.06, "rotate_angle_pred": 22.41913289967792}