{"centroid": [-0.0009980167011008137, 0.5156120359897614, 0.10379391651302614], "extents": [0.7526737315321033, 0.2827333807945254, 1.0199961477675392], "rotate_angle": -26.25, "rotate_angle_pred": -25.464994582915352}