{"centroid": [0.0013772973930449503, 0.19949245452880854, 0.08458714222619487], "extents": [0.7641803018432465, 0.30470362305641197, 0.9994838227604028], "rotate_angle": 15.05, "rotate_angle_pred": 17.417077483872788}