{"centroid": [-0.010387451827025461, 0.17078746110200882, 0.07461402637782269], "extents": [0.8953471270221671, 0.47148072719573997, 0.9322242826821674], "rotate_angle": 9.9, "rotate_angle_pred": 11.70620865517806}