{"centroid": [-0.002110522401017237, -0.3294561356306076, 0.09326318273229176], "extents": [0.9208335931951982, 0.5093586444854739, 0.9326936062747815], "rotate_angle": 30.65, "rotate_angle_pred": 32.60551372467455}