{"centroid": [-0.017198909433577395, 0.18013964593410492, 0.09662689967707314], "extents": [0.9094304960043953, 0.4672034680843356, 0.9449808516091462], "rotate_angle": -42.57, "rotate_angle_pred": -41.023244986228804}