{"centroid": [-0.019316813751288228, 0.5660056769847869, 0.08664282441506042], "extents": [0.7491727001637419, 0.3136866092681887, 0.9193716204227054], "rotate_angle": -35.74, "rotate_angle_pred": -33.27287508106983}