{"centroid": [0.00416228198870696, 0.5705241858959198, 0.10007006816112199], "extents": [0.7341754232707606, 0.28076320886611966, 0.9291299323628808], "rotate_angle": -18.32, "rotate_angle_pred": -17.51356463786641}