{"centroid": [-0.01673367530178317, -0.3301079347729683, 0.045715894274908485], "extents": [1.0835890653318068, 0.683018207550049, 1.0283285268717755], "rotate_angle": -7.42, "rotate_angle_pred": -5.966992276338303}