{"centroid": [0.02153460774890227, 0.348752299323678, 0.029968741451036778], "extents": [1.0430741062099775, 0.7105977535247805, 0.985208547531113], "rotate_angle": -32.78, "rotate_angle_pred": -32.133133956650056}