{"centroid": [0.009382537072890593, 0.2705472111701966, 0.07714458236134121], "extents": [1.0112008832677326, 0.26002347469329856, 0.6482487778613764], "rotate_angle": -2.33, "rotate_angle_pred": -0.07033724053955837}