{"centroid": [0.0060018843222943985, -0.004138946533203132, 0.08604530948778177], "extents": [0.9855233711663721, 0.3174150586128237, 0.6303288520165661], "rotate_angle": -23.46, "rotate_angle_pred": -22.378938779123274}