{"centroid": [0.033837049215713975, -0.019496634602546695, 0.07770076199365838], "extents": [0.9672354242484722, 0.3332600593566897, 0.6453108642575266], "rotate_angle": -38.78, "rotate_angle_pred": -39.551246099631584}