{"centroid": [-0.011006051616684595, -0.4318908154964447, 0.07588493418752146], "extents": [1.006993394102551, 0.4342243075370791, 0.6081092243688577], "rotate_angle": 7.87, "rotate_angle_pred": 11.04807721866905}