{"centroid": [-0.2176647543147184, 0.15618315339088432, 0.28116224760989], "extents": [0.17605477789695206, 0.09085725247859969, 0.5659636925272729], "rotate_angle": 6.73, "rotate_angle_pred": 8.921150167811007}