{"centroid": [-0.5138080937187917, 0.13338376395404347, -0.4075313680272443], "extents": [0.5393737647951978, 0.24925048649311074, 0.268544022918885], "rotate_angle": 6.69, "rotate_angle_pred": 7.582848253642638}