{"centroid": [0.5167046982820841, -0.06366520375013346, 0.08536664124296224], "extents": [0.5705813015871183, 0.22645892202854173, 0.5049415690860399], "rotate_angle": 22.26, "rotate_angle_pred": 21.66375956665317}