{"centroid": [-0.003478888975000302, -0.10631062090396873, -0.4245322181695043], "extents": [1.5678057245878523, 0.2264342010021212, 0.25610827705867173], "rotate_angle": -30.76, "rotate_angle_pred": -32.28396739215303}