{"centroid": [-0.025017480047241664, 0.13498450070619578, 0.1911757561906631], "extents": [0.20989642111156587, 0.09307296574115766, 0.5734771644179933], "rotate_angle": -5.2, "rotate_angle_pred": 0.38636497458556107}