{"centroid": [0.11197054350483404, 0.041597917675972054, -0.3825809305342957], "extents": [1.2317416902810747, 0.22131465375423448, 0.23025219581489414], "rotate_angle": -24.82, "rotate_angle_pred": -22.97959208941785}