{"centroid": [-0.6072281602160222, -0.0978183075785638, 0.01912542403049004], "extents": [0.5083211597017945, 0.1606127172708513, 0.5093754466454388], "rotate_angle": 44.82, "rotate_angle_pred": 39.01004631487373}