{"centroid": [0.009360008778650397, 0.4870661497116089, -0.002959528263739769], "extents": [1.0742435456749937, 0.29116111993789695, 1.0370569230504225], "rotate_angle": 4.59, "rotate_angle_pred": 6.335801904904045}