{"centroid": [0.01961199494978666, -0.3649956583976745, -0.022717248684116266], "extents": [1.1234646960245969, 0.7352265119552615, 1.0342926909693082], "rotate_angle": 31.13, "rotate_angle_pred": 28.785190359945034}