{"centroid": [0.017657274283067098, 0.11645815521478653, -0.002230462895353294], "extents": [1.0718081268279867, 0.35254240036010775, 1.0353801512066365], "rotate_angle": 13.51, "rotate_angle_pred": 14.29200125757555}