{"centroid": [-0.5587598897038142, 0.35306745767593384, 0.056555729083768436], "extents": [0.4740830551225955, 0.18889421224594127, 0.41482498291220327], "rotate_angle": 20.21, "rotate_angle_pred": 21.214372873047083}