{"centroid": [0.6007002009043939, 0.34937090426683426, 0.06998674431157777], "extents": [0.49525915166366685, 0.18666474521160148, 0.41149161570551973], "rotate_angle": -35.33, "rotate_angle_pred": -35.433693191371205}