{"centroid": [0.6629606268839702, 0.35788112878799433, 0.030922142751803838], "extents": [0.4948284795754479, 0.19069164991378795, 0.42388163898260134], "rotate_angle": -18.44, "rotate_angle_pred": -15.668632318048765}