{"centroid": [-0.6377504613028586, 0.36835662275552755, 0.05219397091035801], "extents": [0.47133592507957556, 0.19829602539539354, 0.42893869355321546], "rotate_angle": -44.48, "rotate_angle_pred": -42.39729009615243}