{"centroid": [0.0036046588113957667, 0.49153828620910645, 0.10015566899728026], "extents": [1.362396776159235, 0.25053292512893705, 0.5845760445117658], "rotate_angle": 43.95, "rotate_angle_pred": 44.66097427525358}