{"centroid": [-0.009361352404261086, 0.14942969381809235, 0.09458214636353926], "extents": [0.8804744314396451, 0.46426108479499856, 0.9174764577698792], "rotate_angle": -13.73, "rotate_angle_pred": -13.14185048008595}