{"centroid": [-0.02400798174445671, -0.36544865369796753, 0.08948403454665638], "extents": [0.8553269001639439, 0.5017900466918948, 0.8885265088477196], "rotate_angle": -18.94, "rotate_angle_pred": -16.72507029271752}