{"centroid": [-0.013031080211783744, 0.536257892847061, 0.09752918036253977], "extents": [0.8825737497259165, 0.29788368940353416, 0.9216281446417725], "rotate_angle": -24.66, "rotate_angle_pred": -23.529670429141063}