{"centroid": [-0.01542268607529644, -0.3368541821837425, 0.10877700601819502], "extents": [0.8963973518200639, 0.48921561241149925, 0.9093010421524611], "rotate_angle": -44.98, "rotate_angle_pred": -43.857320194950205}