{"centroid": [-0.02296118881279953, 0.5551948249340056, 0.09287348176904019], "extents": [0.8711839963385422, 0.30988472700119046, 0.9146832875266679], "rotate_angle": 14.61, "rotate_angle_pred": 16.950925544138144}