{"centroid": [-0.0009808143807911729, 0.4153413027524948, 0.02023347253033693], "extents": [1.0528602755664114, 0.21790352463722257, 1.042533174660038], "rotate_angle": -26.97, "rotate_angle_pred": -24.77293962046933}