{"centroid": [-0.0059421061978539025, 0.49923618137836445, 0.01932276998672009], "extents": [1.061479118904638, 0.19150808453559898, 1.0283882882055733], "rotate_angle": -17.66, "rotate_angle_pred": -15.559779521710425}