{"centroid": [0.02192167395805722, -0.1812690943479538, 0.042295340209379764], "extents": [1.0721804815919562, 0.3431735932826999, 1.0298378198854805], "rotate_angle": -21.31, "rotate_angle_pred": -20.56796087307552}