{"centroid": [-0.02187246845707197, 0.5185427367687225, 0.061154044905747315], "extents": [1.3543022899764923, 0.2537389993667605, 0.577431620393029], "rotate_angle": 10.16, "rotate_angle_pred": 11.955266423569796}