{"centroid": [0.01653294309411573, -0.02555245161056519, 0.04462967263152445], "extents": [0.952203880285928, 0.3456054925918582, 0.8583561872416006], "rotate_angle": -39.31, "rotate_angle_pred": -36.40901268903728}