{"centroid": [0.003752345568257598, -0.3623799681663513, 0.044778975261434706], "extents": [0.8736595099831354, 0.3585280179977419, 0.7889195251123421], "rotate_angle": 23.68, "rotate_angle_pred": 25.15321591090934}