{"centroid": [0.016991449533581372, 0.6512943506240845, -0.010753750738175], "extents": [0.8907726762592667, 0.3152520656585695, 0.8341938628035028], "rotate_angle": 2.97, "rotate_angle_pred": 2.7496924025607115}