{"centroid": [0.01889697364032881, -0.695465713739395, 0.03304084180321362], "extents": [0.9410514711282898, 0.30918031930923484, 0.8417336237151019], "rotate_angle": -2.75, "rotate_angle_pred": -2.6977500700483574}