{"centroid": [0.0365335591117885, -0.09364138543605804, 0.026077911214150026], "extents": [0.8349472228087134, 0.3163261711597445, 0.820260698039609], "rotate_angle": 41.04, "rotate_angle_pred": 38.09084334028964}