{"centroid": [0.017124780505307337, 0.3422003984451294, 0.030491229248188888], "extents": [0.9459740960608354, 0.3112357258796694, 0.8384907108281321], "rotate_angle": -19.88, "rotate_angle_pred": -19.49187155013348}