{"centroid": [-0.013145800510780042, -0.05461511015892031, 0.08590897456030014], "extents": [1.0128069168318128, 0.2530158758163454, 0.6352571402281693], "rotate_angle": -10.97, "rotate_angle_pred": -8.035519324063031}