{"centroid": [-0.003825774292793044, 0.5791378021240234, 0.0862158356388609], "extents": [1.0822550934122201, 0.2841482162475588, 0.6286935622511702], "rotate_angle": 21.89, "rotate_angle_pred": 23.790913881268565}