{"centroid": [-0.007736330094639587, 0.5310835242271423, 0.09853555948485422], "extents": [1.0719422990766692, 0.2593144178390505, 0.6398235378428644], "rotate_angle": 2.73, "rotate_angle_pred": 3.724548173597583}