{"centroid": [-0.005989803944978431, 0.16573771834373474, 0.09657283837137874], "extents": [1.0727509563919142, 0.4527841806411745, 0.6296243845876046], "rotate_angle": -5.34, "rotate_angle_pred": -5.333604939854851}