{"centroid": [-0.013752028851988063, 0.24738793075084692, 0.08163182407902166], "extents": [1.03029670014701, 0.24432453513145466, 0.6521228062378206], "rotate_angle": 9.65, "rotate_angle_pred": 11.83033702906404}