{"centroid": [0.003135232679066277, 0.5176607221364975, 0.07278684198838525], "extents": [1.0219545548393691, 0.29944661259651206, 0.6553992747062833], "rotate_angle": -4.15, "rotate_angle_pred": -4.079830009563551}