{"centroid": [0.0003893359069419289, 0.2536603361368179, 0.0750596556297647], "extents": [1.0236355005057838, 0.2445771396160127, 0.647796507774478], "rotate_angle": 12.49, "rotate_angle_pred": 12.827536165277252}