{"centroid": [0.0002057202828303073, -0.3591471016407013, 0.07028549231282605], "extents": [1.1135790050345, 0.5061237215995791, 0.6094465688852245], "rotate_angle": 27.54, "rotate_angle_pred": 29.204625720246597}