{"centroid": [-0.009865342275522007, -0.020436048507690433, 0.07012247473801098], "extents": [1.0387349298294462, 0.2548452913761141, 0.6445781693780428], "rotate_angle": -22.14, "rotate_angle_pred": -23.309060253480723}