{"centroid": [-0.04026304066968239, -0.42411267757415766, 0.10269984102817586], "extents": [0.9889866368312217, 0.45436060428619396, 0.6114207663611658], "rotate_angle": -23.13, "rotate_angle_pred": -20.44299453602659}