{"centroid": [-0.01014364608805958, 0.6288185119628906, 0.030510555828810168], "extents": [0.8493626148884512, 0.258633613586426, 0.7975426345537308], "rotate_angle": -44.59, "rotate_angle_pred": -44.29925492540346}