{"centroid": [0.010331007028363148, -0.5693643093109131, 0.009253439141612876], "extents": [0.858017765499861, 0.5310901403427126, 0.8014171933127534], "rotate_angle": 20.59, "rotate_angle_pred": 20.328828622179984}