{"centroid": [-0.02016195444569921, -0.5708590149879456, 0.06432016404541283], "extents": [0.8198424783860874, 0.4791601896286013, 0.760775048788818], "rotate_angle": -40.95, "rotate_angle_pred": -36.2817165177486}