{"centroid": [0.002168389115734644, 0.3604642897844314, 0.009954154188139476], "extents": [0.8462415210912493, 0.260263115167618, 0.7908128381630232], "rotate_angle": -15.83, "rotate_angle_pred": -16.413040346604234}