{"centroid": [0.013905155761235757, -0.03581100702285767, 0.02689084328990138], "extents": [0.8464795521918431, 0.5415707826614382, 0.8138679430282206], "rotate_angle": -18.09, "rotate_angle_pred": -17.309936583762735}