{"centroid": [0.022108925980331727, -0.035125553607940674, -0.004392916039290165], "extents": [0.8290839154538654, 0.5424626469612124, 0.805001076083143], "rotate_angle": 5.13, "rotate_angle_pred": 1.3767074779024426}