{"centroid": [-0.01568143107645992, -0.520305410027504, 0.03779925647642111], "extents": [0.30084916158579716, 0.15977558493614197, 0.3119589008358183], "rotate_angle": -2.2, "rotate_angle_pred": 0.5243492161736611}