{"centroid": [-0.017342664487605138, -0.5248709619045258, 0.03346663239058144], "extents": [0.2983781072698305, 0.16017013788223272, 0.31262623984839777], "rotate_angle": 1.26, "rotate_angle_pred": 3.942622107611186}