{"centroid": [0.003386737530812825, -0.2230856567621231, 0.05582239498658604], "extents": [1.167780265853976, 0.7823970317840578, 1.1100880964153022], "rotate_angle": -14.16, "rotate_angle_pred": -13.740248084822127}