{"centroid": [-0.009720549726532069, -0.5148497894406319, 0.05088530850383991], "extents": [0.299533239457644, 0.14991746842861176, 0.30715214335546137], "rotate_angle": -19.68, "rotate_angle_pred": -16.931487388034597}