{"centroid": [-0.0031073699722697253, -0.5107046067714691, 0.04924050146111114], "extents": [0.29542458329415733, 0.1406071782112122, 0.298186900977062], "rotate_angle": -31.0, "rotate_angle_pred": -27.526920249662155}