{"centroid": [-0.012329177355054996, 0.22159242630004883, 0.00930026734026737], "extents": [1.151611348617485, 0.2213123291730884, 1.1267223558650246], "rotate_angle": -24.54, "rotate_angle_pred": -21.891936882193775}