{"centroid": [-0.005625813864907889, 0.4398133009672165, -0.017232409753081393], "extents": [1.148959730716912, 0.19198015332222024, 1.1588775857623086], "rotate_angle": -27.93, "rotate_angle_pred": -25.002627524350515}