{"centroid": [-0.016127580259025245, -0.5205357074737549, 0.040329828606879545], "extents": [0.2992456168368572, 0.15652906894683838, 0.31181784537158586], "rotate_angle": -6.28, "rotate_angle_pred": -3.6709053197907195}