{"centroid": [-0.012995871547714827, -0.5172592997550964, 0.03638473587170645], "extents": [0.301210734100937, 0.15816712379455566, 0.3148201733635371], "rotate_angle": -6.33, "rotate_angle_pred": -3.4609748733566192}