{"centroid": [-0.0025106229552922903, -0.5114781260490419, 0.04826400558107469], "extents": [0.29565173034442305, 0.13913333415985113, 0.29795127751239503], "rotate_angle": -32.15, "rotate_angle_pred": -28.5299693351835}