{"centroid": [-0.37017426747177573, 0.42979041486978525, 0.07333385759316108], "extents": [0.5830600221769681, 0.23045007884502428, 0.717134172775005], "rotate_angle": -13.4, "rotate_angle_pred": -13.08815264543037}