{"centroid": [0.04041645362594472, -0.3983039855957031, 0.010976689871308565], "extents": [1.3821039108300304, 0.43969202041626004, 0.7246642660788033], "rotate_angle": 40.72, "rotate_angle_pred": 36.47519633078359}