{"centroid": [0.009163897898911588, 0.0763990581035614, 0.02702853045402042], "extents": [1.4128471945333683, 0.4393770098686221, 0.7677843751347395], "rotate_angle": -2.13, "rotate_angle_pred": -1.9282751214500706}