{"centroid": [0.000714720638307409, 0.4486173987388611, 0.019332246519189522], "extents": [1.4141987444479662, 0.29797542095184354, 0.7531245884203654], "rotate_angle": -38.09, "rotate_angle_pred": -38.56294631290774}