{"centroid": [0.055833775166586164, 0.04468002915382385, 0.0607089576433154], "extents": [1.428820521567004, 0.4659324884414676, 0.7900632193731696], "rotate_angle": 33.5, "rotate_angle_pred": 35.592973482164666}