{"centroid": [0.0063980508362078276, -0.3684235066175461, 0.03891743242316006], "extents": [1.4084074564842326, 0.4460600018501284, 0.7631312645357771], "rotate_angle": -23.66, "rotate_angle_pred": -21.372743379270617}