{"centroid": [-0.4072193253281601, 0.45334941148757935, 0.06006476078710859], "extents": [0.6002517912686953, 0.24972152709960954, 0.7123175828683845], "rotate_angle": -25.74, "rotate_angle_pred": -22.34704278018843}