{"centroid": [0.02090672314775746, 0.5433306992053986, 0.08707896953057263], "extents": [1.1549046974998665, 0.2895359396934512, 0.6592990013460366], "rotate_angle": -31.72, "rotate_angle_pred": -31.585420066076992}