{"centroid": [0.026011055148993947, 0.1680460423231124, 0.08860088958557334], "extents": [1.1558089378965832, 0.4542402327060701, 0.6507068345472291], "rotate_angle": -18.51, "rotate_angle_pred": -18.725128235956447}