{"centroid": [0.02346123061778449, -0.3174246698617936, 0.0903393429412074], "extents": [1.1656913473149257, 0.5067980289459231, 0.6424200378209901], "rotate_angle": -5.28, "rotate_angle_pred": -5.0353842934939195}