{"centroid": [-0.0156741742360383, -0.3553847372531891, 0.0761008275531207], "extents": [1.149129289545015, 0.5146626830101015, 0.6074572896941848], "rotate_angle": 5.16, "rotate_angle_pred": 6.442576260365215}