{"centroid": [-0.009336501756102289, 0.5705187171697617, 0.09114140678600438], "extents": [1.1350346500828126, 0.2770213782787325, 0.6241019797702352], "rotate_angle": -26.3, "rotate_angle_pred": -23.251991305699022}