{"centroid": [-0.011049571842012287, 0.5295356884598732, 0.05634896558419637], "extents": [1.2794336934900532, 0.24490727484226255, 0.7999416378569217], "rotate_angle": 26.46, "rotate_angle_pred": 28.302710939812172}