{"centroid": [-0.00018113531320396864, 0.5434930622577667, 0.08378491166025936], "extents": [0.9289555735390134, 0.3099164366722109, 0.6829954522339948], "rotate_angle": -16.93, "rotate_angle_pred": -17.04367530190318}