{"centroid": [-0.022644136136985252, -0.3476213216781616, 0.07743486167373873], "extents": [1.1226749374691605, 0.48197078704834, 0.6227858041332645], "rotate_angle": 11.15, "rotate_angle_pred": 10.725299752805512}