{"centroid": [-0.009232729850767438, 0.12313556671142578, 0.08147629375441136], "extents": [1.108054389193172, 0.4530136585235597, 0.6192516030938471], "rotate_angle": 0.17, "rotate_angle_pred": 0.6329899379867356}