{"centroid": [-0.00575514794157006, 0.12288110703229904, 0.06345810575770033], "extents": [1.1272775045057415, 0.45389223098754905, 0.6270767511683556], "rotate_angle": 26.2, "rotate_angle_pred": 26.189746204633195}