{"centroid": [-0.007400394128633539, 0.5756599754095078, 0.09902977327301868], "extents": [0.9223911718898449, 0.301085561513901, 0.6527683108176643], "rotate_angle": 18.7, "rotate_angle_pred": 22.138726842844747}