{"centroid": [0.004226770058458021, 0.5265626311302185, 0.0498273641117311], "extents": [1.0787448707532654, 0.27549874782562284, 0.6188753742609477], "rotate_angle": -43.32, "rotate_angle_pred": -40.246816937251225}