{"centroid": [-0.004833704262841909, -0.5244348049163817, 0.05444015025971851], "extents": [1.0946878145585397, 0.3236491084098819, 1.0165710403507775], "rotate_angle": -37.37, "rotate_angle_pred": -37.33177506845776}