{"centroid": [0.012236010257511046, -0.19635744765400887, 0.059004236367026196], "extents": [1.0885868224529287, 0.34727671742439303, 1.032737031099875], "rotate_angle": -36.49, "rotate_angle_pred": -35.19593943903671}