{"centroid": [-0.00873381987972209, 0.4924928545951843, 0.016176201744837318], "extents": [1.0539448169177716, 0.301112234592438, 1.060933223038049], "rotate_angle": -28.56, "rotate_angle_pred": -26.14199931201928}