{"centroid": [0.0010015175477718075, -0.242191344499588, 0.016288728081945092], "extents": [1.0888606369234055, 0.37052649259567294, 1.06586289986722], "rotate_angle": -37.58, "rotate_angle_pred": -35.1375161778047}