{"centroid": [0.001709484628883734, 0.4962844550609588, 0.053805241145994914], "extents": [1.078067810969085, 0.34031516313552884, 1.031183272859133], "rotate_angle": -27.36, "rotate_angle_pred": -26.497539422924717}