{"centroid": [-0.20820213904420842, 0.04002875089645386, 0.3594959363150854], "extents": [0.37482485262050064, 1.6084545850753784, 0.08295820672675608], "rotate_angle": -23.77, "rotate_angle_pred": -30.130154872456238}