{"centroid": [-0.017170757201691436, 0.05049321055412284, 0.4586943924811119], "extents": [0.8150268634899382, 0.8772072792053223, 0.02866011802353946], "rotate_angle": 22.91, "rotate_angle_pred": 25.01957431458888}