{"centroid": [0.016943418647979713, -0.04351243376731883, 0.44769712307202625], "extents": [1.1208627432241203, 0.7481577396392824, 0.05305401706930035], "rotate_angle": 31.59, "rotate_angle_pred": 36.618333461921736}