{"centroid": [-0.0005047051295324137, -0.022862583398819053, 0.3776009667710496], "extents": [0.9531841629036686, 0.7118161916732788, 0.037517360378249154], "rotate_angle": 10.72, "rotate_angle_pred": 7.763531038018456}