{"centroid": [0.026456387932401987, -0.08986622095108043, 0.4276190711088915], "extents": [1.3053324279271044, 0.7324060797691347, 0.06528668879022381], "rotate_angle": 28.32, "rotate_angle_pred": 28.252664106799827}