{"centroid": [-0.3125207569089923, -0.05358770489692693, 0.3532886446650378], "extents": [0.907463292268141, 0.6187139153480532, 0.05297056842030484], "rotate_angle": -35.46, "rotate_angle_pred": -38.628485780601494}