{"centroid": [-0.607354678477288, -0.11454010009765632, 0.3272615290266117], "extents": [0.39494818474659893, 0.6466861963272095, 0.018842438248115267], "rotate_angle": 9.98, "rotate_angle_pred": 8.262891677930199}