{"centroid": [-0.010872209946886105, -0.1409327387809754, 0.43122854570502495], "extents": [1.2739454162688488, 0.7760863304138184, 0.10119099640879442], "rotate_angle": -1.43, "rotate_angle_pred": -4.334610263632129}