{"centroid": [0.022771584455611477, -0.13103669881820684, 0.46969974233434575], "extents": [0.6256981358506692, 0.9532204866409302, 0.03812916122958493], "rotate_angle": -10.77, "rotate_angle_pred": -12.43152034696385}