{"centroid": [-0.018016911398874652, 0.13661056756973272, -0.38512607791056763], "extents": [0.6624977995630146, 1.3433786630630498, 1.2131231677026608], "rotate_angle": -33.42, "rotate_angle_pred": -33.24041343524084}