{"centroid": [-0.6239674888237408, -0.08733811974525446, 0.39880602366436435], "extents": [0.1946445424529737, 0.7087606191635132, 0.24178308485111133], "rotate_angle": -39.6, "rotate_angle_pred": -45.619446611715404}