{"centroid": [-0.01691889595834925, 0.002648055553436196, 0.5721706108914326], "extents": [1.0506429588570723, 1.0796878337860107, 0.02915329462914784], "rotate_angle": 13.41, "rotate_angle_pred": 14.4144911786274}