{"centroid": [0.01970728750449044, 0.5715548396110535, 0.33478912539025946], "extents": [0.6527234466422482, 0.5125791430473329, 0.10374677420535294], "rotate_angle": 41.87, "rotate_angle_pred": 41.81262910704123}