{"centroid": [-0.007428290465841189, -0.2880992293357849, 0.31565725358584884], "extents": [0.6891758437377029, 1.221207857131958, 0.11044061176641273], "rotate_angle": 41.52, "rotate_angle_pred": 38.495573060838524}