{"centroid": [-0.01959431134888178, 0.5959158241748809, 0.3472423212120364], "extents": [0.7758413012571119, 0.548684298992157, 0.13428369260318773], "rotate_angle": 29.37, "rotate_angle_pred": 35.774625141095214}