{"centroid": [-0.018737385977212605, -0.2938382029533386, 0.28604580048657363], "extents": [0.8075344646400715, 1.153563141822815, 0.09707319092242517], "rotate_angle": 5.76, "rotate_angle_pred": 6.805045128089205}