{"centroid": [-0.21062248274952552, 0.007966279983520508, 0.2657120945991608], "extents": [0.3623302603352003, 1.678074836730957, 0.09773196345887086], "rotate_angle": -36.3, "rotate_angle_pred": -33.55305542803714}