{"centroid": [-0.1878786183939123, 0.003042459487915039, -0.16279524262205003], "extents": [0.6506099606901641, 1.692771315574646, 0.00031643360407179744], "rotate_angle": 10.8, "rotate_angle_pred": -169.5951811516962}