{"centroid": [0.013606066981030084, -0.20671069622039798, 0.2667365372961243], "extents": [0.7388579653699261, 1.3061836957931519, 0.026555191036401693], "rotate_angle": 28.31, "rotate_angle_pred": 23.475626757157684}