{"centroid": [0.16574953747622817, -0.021593689918518066, 0.1836731587466], "extents": [0.5116960990013917, 1.5532182455062866, 0.04073822488500478], "rotate_angle": -4.32, "rotate_angle_pred": -2.6853996011402472}