{"centroid": [-0.24248615056016296, -0.001485288143157959, 0.15543643491844403], "extents": [0.37150985779623996, 1.5243834257125854, 0.09712740982089464], "rotate_angle": -23.26, "rotate_angle_pred": -29.40803819898477}