{"centroid": [0.012638309007000179, -0.283084511756897, 0.34356490656454536], "extents": [0.6252771493375564, 1.2274866104125977, 0.0495545072077449], "rotate_angle": 14.94, "rotate_angle_pred": 14.884052626403644}