{"centroid": [-0.013531930634872825, 0.599292755126953, 0.3392441425467878], "extents": [0.6812723463015895, 0.4954902529716493, 0.12223753663264192], "rotate_angle": 13.28, "rotate_angle_pred": 14.657742203294077}