{"centroid": [0.00865145850147584, -0.22136920690536516, 0.29799413353151816], "extents": [0.6532570145762127, 1.2746752500534062, 0.06831042491646805], "rotate_angle": 30.52, "rotate_angle_pred": 34.421407339745215}