{"centroid": [-0.02307297704613772, -0.4606991708278656, 0.29886438999921694], "extents": [0.6638020181065116, 0.7435516715049745, 0.036993514211655976], "rotate_angle": -37.77, "rotate_angle_pred": -38.87245306008471}