{"centroid": [0.00610184175018641, -0.012503325939178522, 0.31307192955502433], "extents": [0.6769809732193823, 1.7360193729400635, 0.07751970748814335], "rotate_angle": -35.29, "rotate_angle_pred": -32.943242922994465}