{"centroid": [-0.031707629031203347, 0.10521984100341794, 0.5165784420148325], "extents": [1.024978022052363, 1.2498092651367192, 0.07168385994473297], "rotate_angle": -33.83, "rotate_angle_pred": -30.211992691053716}