{"centroid": [-0.10114453073660308, 0.03650093078613269, 0.5621905040279637], "extents": [1.4859817268545061, 0.8768543004989623, 0.02371978798155161], "rotate_angle": -14.09, "rotate_angle_pred": -2.5163162342011276}