{"centroid": [-0.02411988711201804, 0.35859561525285233, 0.5579513078089897], "extents": [1.0868108017058444, 0.7039917111396792, 0.030482082842448244], "rotate_angle": 40.08, "rotate_angle_pred": 42.15329900232416}