{"centroid": [-0.5105213932340262, 0.15090996026992787, 0.14368202690440243], "extents": [0.4350342265097578, 0.4088495671749116, 0.048310996330094336], "rotate_angle": 44.63, "rotate_angle_pred": 46.083331213530215}