{"centroid": [0.27956944530330713, -0.15751513838767994, -0.24691195185188003], "extents": [0.16775462088880205, 0.8235980868339536, 0.032327659538957804], "rotate_angle": 28.42, "rotate_angle_pred": 25.91182840807558}