{"centroid": [-0.18909595741604107, -0.04635682702064517, 0.2492027730560109], "extents": [0.5553835125743977, 0.7228341698646547, 0.033364754719107714], "rotate_angle": 44.34, "rotate_angle_pred": 51.39215106410484}