{"centroid": [0.36899772072136294, -0.11105573177337649, 0.279738653242351], "extents": [0.43396640775638806, 0.48500776290893555, 0.018969137637588007], "rotate_angle": 5.76, "rotate_angle_pred": 4.393663479932357}