{"centroid": [-0.26513037161274555, -0.27385675907135015, 0.38431813747364607], "extents": [0.46797542632488703, 0.5100727081298828, 0.03246250297606762], "rotate_angle": 10.61, "rotate_angle_pred": 12.28717256903144}