{"centroid": [0.07165100366712646, 0.25930980965495104, 0.2605731693204709], "extents": [0.05312425039468876, 0.009323321282863617, 0.034246717559372475], "rotate_angle": -10.68, "rotate_angle_pred": -10.636013673271336}