{"centroid": [-0.04156710957541928, 0.13235366344451893, 0.574799991825316], "extents": [0.45144223244469617, 1.109035134315491, 0.05687511223574737], "rotate_angle": -11.14, "rotate_angle_pred": -4.601158379339381}