{"centroid": [-0.34632293282549953, -0.08972999453544617, 0.42136119092404467], "extents": [0.6365427302676299, 0.7543465495109558, 0.0325133387038718], "rotate_angle": -38.38, "rotate_angle_pred": -39.12856092690802}