{"centroid": [-0.2327355278776901, -0.3651120066642761, 0.2444628196537888], "extents": [0.47791554417601334, 0.9514731168746949, 0.016059290245967944], "rotate_angle": -2.12, "rotate_angle_pred": -6.507605353605385}