{"centroid": [0.3168224733720095, -0.08489891886711132, 0.4234312417430237], "extents": [0.634927987453719, 0.7910417318344117, 0.011088030402338966], "rotate_angle": -40.23, "rotate_angle_pred": -41.273482783237675}