{"centroid": [0.014494790545855112, -0.06978464126586917, 0.5077722733159646], "extents": [0.7426956298681259, 0.9899442195892335, 0.030250899504749962], "rotate_angle": 43.01, "rotate_angle_pred": 43.21957325860211}