{"centroid": [-0.3534294343770169, -0.0024770796298981407, 0.3977872722686363], "extents": [0.6961063008564563, 0.7560774087905884, 0.037789515401646934], "rotate_angle": -14.47, "rotate_angle_pred": -15.773498416401296}