{"centroid": [-0.35182509248753463, 0.07029396295547478, 0.4254395996922084], "extents": [0.6398403661419197, 1.070347547531128, 0.0167740472103034], "rotate_angle": -22.54, "rotate_angle_pred": -25.51311994638766}