{"centroid": [0.05495828905218314, -0.04032021760940562, 0.4387318833469644], "extents": [1.6268409255217675, 0.7956694364547732, 0.030169337551420428], "rotate_angle": -44.65, "rotate_angle_pred": -41.91260577690338}