{"centroid": [0.0029838815423771405, 0.056915581226348794, 0.5544108385966556], "extents": [0.4112785515547117, 1.4002472162246704, 0.059861660833041896], "rotate_angle": -11.18, "rotate_angle_pred": -11.94308013248559}