{"centroid": [-0.2394619779520324, -0.4060268700122833, 0.21649913645764443], "extents": [0.44283044306607333, 0.8951159119606018, 0.014165271063469431], "rotate_angle": -13.28, "rotate_angle_pred": -13.275574882055693}