{"centroid": [-0.22812077598173974, 0.4382557775825261, -0.23471177761588552], "extents": [0.46970641823269843, 0.8735097646713257, 0.004750056213545406], "rotate_angle": -7.73, "rotate_angle_pred": -185.1473102539366}