{"centroid": [0.3349759370295595, -0.09173434972763073, 0.4278578577707002], "extents": [0.6388194015398159, 0.8046141862869264, 0.01718984557849984], "rotate_angle": -41.21, "rotate_angle_pred": -41.8645328580175}