{"centroid": [0.32914168756584483, -0.07799005508422852, 0.41305308609413277], "extents": [0.6656490729517784, 0.8171945810317994, 0.024441540847724486], "rotate_angle": 38.64, "rotate_angle_pred": 42.88234140442148}