{"centroid": [0.022267085512638774, 0.06183648109436024, 0.5445556267336316], "extents": [0.37056485364598923, 1.3730034828186033, 0.06392489467896822], "rotate_angle": -13.93, "rotate_angle_pred": -18.68534467734949}