{"centroid": [-0.3583766950451794, -0.09701398015022278, 0.42719939956757036], "extents": [0.684563986161907, 0.7931389808654786, 0.018942150990489903], "rotate_angle": -43.28, "rotate_angle_pred": -46.435381689805176}