{"centroid": [-0.20121523995277057, -0.057032942771911656, 0.23059923305110422], "extents": [0.35003069883610816, 0.6512172818183899, 0.015343767027914845], "rotate_angle": 3.13, "rotate_angle_pred": -5.207947115274976}