{"centroid": [-0.3295208221610384, 0.12126529216766348, 0.43816696525076476], "extents": [0.6071244610894847, 1.0884579420089722, 0.03523559572803958], "rotate_angle": -3.53, "rotate_angle_pred": -3.2126835645515968}