{"centroid": [0.31746136906869155, 0.13234412670135484, 0.4533810653301734], "extents": [0.6204531745904679, 1.0437318086624146, 0.014677410843767114], "rotate_angle": -30.48, "rotate_angle_pred": -32.4774059566108}