{"centroid": [0.2821510124346934, 0.06985998153686514, 0.4658783994049648], "extents": [0.6419814914072318, 1.066814661026001, 0.02872346008907628], "rotate_angle": -38.14, "rotate_angle_pred": -35.667435869476634}