{"centroid": [-0.33657156178608016, 0.061449289321899345, 0.423051734883504], "extents": [0.62072883297214, 1.0509182214736938, 0.01643636962911066], "rotate_angle": -16.18, "rotate_angle_pred": -17.167818420917555}