{"centroid": [0.010757812041603858, -0.025112211704254234, 0.5100682188504018], "extents": [0.800759532747234, 0.9003515839576721, 0.024612724130584074], "rotate_angle": -12.01, "rotate_angle_pred": -10.602565978148007}