{"centroid": [-0.24764926233325313, -0.3402809500694275, 0.24260825971411473], "extents": [0.4950677745522953, 0.9725888967514038, 0.010459745288066591], "rotate_angle": 36.49, "rotate_angle_pred": 36.198290937778324}