{"centroid": [0.3567347509323342, 0.07943144440650932, 0.472869912643252], "extents": [0.6600142577974272, 1.1114834547042847, 0.016924257964103684], "rotate_angle": 18.17, "rotate_angle_pred": 20.422767331575926}