{"centroid": [-0.2972278272327626, 0.062446504831313934, 0.45184224347885765], "extents": [0.6701950549879001, 1.105642557144165, 0.034921359890922765], "rotate_angle": 24.54, "rotate_angle_pred": 25.544573260881535}