{"centroid": [0.3111501755305574, 0.13725110888481132, 0.39934788340691313], "extents": [0.6246909515578525, 1.0636223554611206, 0.018419897232163862], "rotate_angle": 19.5, "rotate_angle_pred": 15.336792828273047}