{"centroid": [0.27311577082477156, 0.25658658146858215, 0.23205691511179566], "extents": [0.5270739796420357, 1.0569547414779663, 0.014610651887834614], "rotate_angle": 9.17, "rotate_angle_pred": 11.298988172473699}