{"centroid": [0.2408298471909366, 0.04834842681884756, 0.39115789056755096], "extents": [1.0016397088130817, 1.1213045120239258, 0.037109251511003305], "rotate_angle": -9.14, "rotate_angle_pred": 0.6397256173145962}