{"centroid": [0.41478735860343974, -0.021579205989837653, 0.2899281879837987], "extents": [0.8226888151485645, 0.8059638738632203, 0.029454458403617767], "rotate_angle": 42.81, "rotate_angle_pred": 42.735102474246816}