{"centroid": [0.38816477795351345, -0.002804100513458342, 0.3646115843784482], "extents": [0.6595123939734875, 0.7541439533233643, 0.023192371939093848], "rotate_angle": -9.47, "rotate_angle_pred": -14.119894192586642}