{"centroid": [-0.3205637473686705, 0.0007829070091246865, 0.37669854123268814], "extents": [0.6884466214695337, 0.7522243857383728, 0.026418610659029673], "rotate_angle": -13.3, "rotate_angle_pred": -15.074551939071583}