{"centroid": [-0.561135962355543, -0.054323285818099976, 0.24156216997502342], "extents": [0.4865020390441418, 0.672904372215271, 0.03462428139461876], "rotate_angle": -7.02, "rotate_angle_pred": -10.304876632482106}