{"centroid": [-0.6163441658927784, 0.3587888851761818, 0.2676299380287629], "extents": [0.183514889902458, 0.020393565297126826, 0.03868434511726554], "rotate_angle": -32.23, "rotate_angle_pred": -31.592050984850076}