{"centroid": [0.2997020585639158, 0.010445296764373765, 0.3387689999278788], "extents": [0.8698463546037932, 1.04047691822052, 0.036357108947034145], "rotate_angle": -36.47, "rotate_angle_pred": -35.74555245691018}