{"centroid": [0.26106806269646354, -0.05141085386276259, 0.4750718184895101], "extents": [0.6194902623403534, 0.8039533495903015, 0.024651408055985535], "rotate_angle": -34.88, "rotate_angle_pred": -28.82818249810778}