{"centroid": [0.25657234884611124, -0.057855397462844856, 0.3884563044261075], "extents": [0.6647461688029208, 0.8514779210090638, 0.01691203945908809], "rotate_angle": 41.48, "rotate_angle_pred": 47.74464435737204}