{"centroid": [-0.04597137215694658, -0.08170098066329962, 0.4072391792167246], "extents": [0.9500146231526545, 1.0388553142547607, 0.043320576329953675], "rotate_angle": -31.62, "rotate_angle_pred": -31.94792666756478}