{"centroid": [-0.3483560205032298, -0.06798127293586739, 0.3247227629121924], "extents": [0.7032607022838536, 0.793982744216919, 0.037781420155391265], "rotate_angle": 23.08, "rotate_angle_pred": 23.581158582549264}