{"centroid": [-0.23668832389674818, -0.3125361800193786, 0.22508292080988782], "extents": [0.445104289513046, 1.1858552694320676, 0.015080693720831956], "rotate_angle": -25.08, "rotate_angle_pred": -26.611791960460295}