{"centroid": [-0.23241010546747845, 0.5628584325313568, 0.22440441408594144], "extents": [0.4755345025436955, 0.5801694989204407, 0.002639679259593297], "rotate_angle": 14.53, "rotate_angle_pred": 13.831715336324919}