{"centroid": [0.2893818815137484, 0.018037855625152588, 0.25337426762527354], "extents": [0.5778913629775511, 1.5673061609268188, 0.03198891206055446], "rotate_angle": -42.78, "rotate_angle_pred": -42.306595838954266}