{"centroid": [-0.28182931427128577, -0.2997632920742035, 0.2602864820013535], "extents": [0.5746725341581942, 0.9840484261512756, 0.014834242302897038], "rotate_angle": 15.83, "rotate_angle_pred": 13.09514101233404}