{"centroid": [-0.3035578118177332, 0.4901992976665496, 0.26002177168615426], "extents": [0.6031357105590655, 0.5980662703514099, 0.012100957445692062], "rotate_angle": -10.04, "rotate_angle_pred": -9.601200791881823}