{"centroid": [0.022870439979198326, -0.06890961527824405, 0.25348974430907545], "extents": [0.579082410893399, 0.5211254954338074, 0.019345048196472425], "rotate_angle": 29.12, "rotate_angle_pred": 28.771390339427413}