{"centroid": [-0.02548640308402967, -0.04353192448616033, 0.5465720150181207], "extents": [0.7556532709028825, 0.9568158984184265, 0.01943028368241062], "rotate_angle": 34.8, "rotate_angle_pred": 36.60671450825768}