{"centroid": [-0.002919839743455513, 0.004923880100250216, 0.23202646377773084], "extents": [0.5186609225362075, 1.3326518535614014, 0.07483050509358502], "rotate_angle": 37.89, "rotate_angle_pred": 35.73415341533335}