{"centroid": [-0.16408393636341745, -0.07201805710792544, 0.23872043950997382], "extents": [0.33606343870101196, 0.6349593997001648, 0.020380910127358987], "rotate_angle": -8.34, "rotate_angle_pred": -8.786075649191815}