{"centroid": [-0.5475919689333546, 0.4470333606004715, 0.2673580987938885], "extents": [0.17020267471009543, 0.0415275394916535, 0.05590536146050237], "rotate_angle": -37.95, "rotate_angle_pred": -37.0152940859094}