{"centroid": [-0.332111948323521, -0.10178261995315559, 0.3375652393763569], "extents": [0.6926715386488067, 0.8488637208938599, 0.027584932794264383], "rotate_angle": 7.25, "rotate_angle_pred": 10.600755511619312}