{"centroid": [-0.5729778871369385, -0.05502399802207947, 0.23381798096155643], "extents": [0.4868256853126106, 0.6320805549621582, 0.02328639900438431], "rotate_angle": -14.48, "rotate_angle_pred": -17.58212420554777}