{"centroid": [0.013824292896197965, -0.1182920932769776, 0.3804517595756378], "extents": [0.9444753712658306, 1.0179829597473145, 0.02657171390849028], "rotate_angle": 22.29, "rotate_angle_pred": 20.651191817367035}