{"centroid": [0.28801694147716883, -0.32583191990852356, 0.2379428365412877], "extents": [0.6168326345430479, 0.8408699631690979, 0.005351647913361207], "rotate_angle": 37.47, "rotate_angle_pred": 35.51438440881378}