{"centroid": [-0.29900864534043087, 0.43894712999463076, 0.27963388050398563], "extents": [0.6046032826577304, 0.7756199836730957, 0.011270847024281438], "rotate_angle": 4.66, "rotate_angle_pred": 2.5045047528801376}