{"centroid": [-0.2742270101857344, 0.10234880447387695, 0.27167268796572014], "extents": [0.5681250245017943, 1.3099836111068726, 0.045107034291875625], "rotate_angle": -8.35, "rotate_angle_pred": -7.761429019421314}