{"centroid": [-0.35600741412657405, -0.04702126979827884, 0.3204307402993799], "extents": [0.7053558435522075, 0.8403362035751343, 0.02406345005276056], "rotate_angle": -5.71, "rotate_angle_pred": -9.698814071238303}