{"centroid": [0.32011357258755596, -0.09426686167716992, 0.4028907152350708], "extents": [0.6578188943449432, 0.7946542501449585, 0.01212232524694462], "rotate_angle": -28.68, "rotate_angle_pred": -31.072620008007}