{"centroid": [-0.33219408353586183, -0.06270107626914995, 0.4108650722571213], "extents": [0.6241104514362746, 0.7634273767471315, 0.02405246313101045], "rotate_angle": 27.31, "rotate_angle_pred": 29.791500174150897}