{"centroid": [-0.044590940727718575, 0.14053541421890248, 0.5528538450611841], "extents": [0.9157905587206884, 1.2680033445358276, 0.02048375086918408], "rotate_angle": -22.71, "rotate_angle_pred": -15.789136144445877}