{"centroid": [-0.28399915984216906, 0.32767274975776667, 0.3410410197681373], "extents": [0.6974776509511622, 0.7538337707519531, 0.02817289208100826], "rotate_angle": 16.47, "rotate_angle_pred": 19.511007182941057}