{"centroid": [-0.28035517595890713, -0.37198826670646673, 0.3365098622586061], "extents": [0.6355559302769271, 0.6703913807868958, 0.028789192768431893], "rotate_angle": -5.59, "rotate_angle_pred": -3.571342282818563}