{"centroid": [0.35796697397181176, 0.16073577105998985, 0.43437465892466537], "extents": [0.6604156618168465, 0.7803729772567749, 0.034372896601575165], "rotate_angle": 42.42, "rotate_angle_pred": 40.854940630713}