{"centroid": [0.3324522860384198, 0.050626695156097315, 0.46066655461100825], "extents": [0.6966324904718327, 1.165520429611206, 0.019519269074370127], "rotate_angle": 11.98, "rotate_angle_pred": 12.820331794326819}