{"centroid": [0.18092454568740357, -0.049829781055450446, 0.2369079549779613], "extents": [0.3012496481603022, 0.6031486988067627, 0.009360711868070054], "rotate_angle": 18.64, "rotate_angle_pred": 20.17871427059353}