{"centroid": [0.41956747434454345, 0.008919686079025255, 0.30810987287037145], "extents": [0.7555948589442041, 0.6845428943634033, 0.04384477863371766], "rotate_angle": 23.46, "rotate_angle_pred": 24.24260643748974}