{"centroid": [-0.00647698055278749, -0.047258108854293886, 0.5430740102885581], "extents": [0.8705881560192958, 0.9071742892265321, 0.02373180463769542], "rotate_angle": -39.77, "rotate_angle_pred": -39.89696550085122}