{"centroid": [0.3240339845776634, 0.037512212991714394, 0.41771572272988655], "extents": [0.606578938183053, 0.7873525023460388, 0.018723204487153866], "rotate_angle": 7.92, "rotate_angle_pred": 8.810481040625874}