{"centroid": [-0.004621894438173707, 0.08660596609115599, 0.5204853456001569], "extents": [0.8432936600200116, 1.2385207414627075, 0.017542097575666715], "rotate_angle": -32.49, "rotate_angle_pred": -35.88020182289422}