{"centroid": [0.0008905243625170062, -0.22597557306289673, 0.2854826014565595], "extents": [1.2617843302365657, 0.8526202440261842, 0.022534705968660473], "rotate_angle": -34.59, "rotate_angle_pred": -36.74635513894346}