{"centroid": [-0.32871465963839147, 0.006463199853896984, 0.4448038444816229], "extents": [0.6329404572225531, 0.8058801889419558, 0.02896727185183512], "rotate_angle": 9.31, "rotate_angle_pred": 12.607495939776427}