{"centroid": [-0.01392357930852084, -0.10471969842910768, 0.233956517679285], "extents": [0.47700136053941, 0.725373864173889, 0.016550402794794417], "rotate_angle": -12.65, "rotate_angle_pred": -8.542395550160535}