{"centroid": [-0.37332642613243294, -0.07665884494781502, 0.32494906121948947], "extents": [0.7187331796901173, 0.850042462348938, 0.032444610659079665], "rotate_angle": 21.27, "rotate_angle_pred": 18.718346086972346}