{"centroid": [0.02027277113216222, -0.04082363843917856, 0.5597578385907822], "extents": [0.764023206067831, 0.984121561050415, 0.02908561087243422], "rotate_angle": 8.37, "rotate_angle_pred": 10.11177427568164}