{"centroid": [-0.32761772778700793, 0.10973948240280142, 0.45156301960793666], "extents": [0.6463329772457834, 1.1507112979888916, 0.010414063898988801], "rotate_angle": -6.77, "rotate_angle_pred": -5.527402675361941}