{"centroid": [-0.030802359248944998, 0.12867474555969227, 0.502855297524266], "extents": [0.6909985125324012, 1.358587384223938, 0.053979834077927724], "rotate_angle": 8.42, "rotate_angle_pred": 11.257016118009801}