{"centroid": [0.2937557715850664, -0.025967299938202043, 0.4848627750877662], "extents": [0.6273283515834973, 0.8068397045135498, 0.02307083886669664], "rotate_angle": -35.04, "rotate_angle_pred": -32.36479692544169}