{"centroid": [-0.3299955641472282, -0.04613888263702401, 0.4298621372034192], "extents": [0.6499795347317164, 0.8000048398971558, 0.018684532578637947], "rotate_angle": -4.81, "rotate_angle_pred": -6.704903725028686}