{"centroid": [-0.13058505683828925, -0.4609726667404175, 0.29264905198400004], "extents": [0.3862828304112642, 1.071126461029053, 0.04824507223751723], "rotate_angle": -18.72, "rotate_angle_pred": -49.21346774243182}