{"centroid": [0.23430802674344212, -0.2632824182510376, 0.24421533345443933], "extents": [0.5065261801836543, 1.263639211654663, 0.018209006925736432], "rotate_angle": -34.68, "rotate_angle_pred": -33.88622443640807}