{"centroid": [0.27204684962429104, 0.632544919848442, 0.2738961262550976], "extents": [0.5009015646758748, 0.4457944929599762, 0.013025244303170647], "rotate_angle": 30.15, "rotate_angle_pred": 34.849116901490774}