{"centroid": [-0.31791608418472844, -0.1354880928993225, 0.4167775850844337], "extents": [0.6331447850967505, 0.85158109664917, 0.02050666476086055], "rotate_angle": -23.21, "rotate_angle_pred": -28.233638333020572}