{"centroid": [0.3160457964308638, -0.1061508655548097, 0.4447864004862711], "extents": [0.6550469493701829, 0.863832950592041, 0.026984647308579635], "rotate_angle": -30.07, "rotate_angle_pred": -27.278208540200758}