{"centroid": [0.029154982427892072, -0.13007628917694092, 0.3500932511237878], "extents": [0.91646990958335, 1.000234842300415, 0.02544551281590557], "rotate_angle": 18.94, "rotate_angle_pred": 18.327333585554953}