{"centroid": [0.2686946774610782, 0.5060612857341766, 0.2996207759879286], "extents": [0.5702947359967023, 0.5502551198005676, 0.004381880150168993], "rotate_angle": 40.71, "rotate_angle_pred": 41.21362560538381}