{"centroid": [-0.38258362115529143, -0.06111404299736023, 0.32587712954018316], "extents": [0.7339095894755703, 0.8638918399810791, 0.024326737391436815], "rotate_angle": -18.39, "rotate_angle_pred": -20.72911164447096}