{"centroid": [-0.23976392828996862, -0.014244407415390046, 0.222802823622357], "extents": [0.5002178110093376, 0.48133111000061035, 0.009653237018756311], "rotate_angle": 40.67, "rotate_angle_pred": 41.0717683685518}