{"centroid": [0.22016255172767582, 0.5004637986421585, 0.22405549241674924], "extents": [0.5126144808634474, 0.6378850340843201, 0.008302852386075643], "rotate_angle": 17.07, "rotate_angle_pred": 17.96705248086205}