{"centroid": [0.21950557117015745, -0.05134594440460206, 0.22280042773108716], "extents": [0.48587403344983093, 0.47879785299301153, 0.010670077197033112], "rotate_angle": 30.3, "rotate_angle_pred": 30.42016813848649}