{"centroid": [0.005355225693042226, -0.1082460880279541, 0.38398525936182737], "extents": [0.8329822926452417, 1.0349228382110596, 0.02345637579062615], "rotate_angle": -37.57, "rotate_angle_pred": -43.36826997224365}