{"centroid": [0.2416747974277895, 0.4699057713150978, 0.2893853189513497], "extents": [0.5576423956277939, 0.7085468769073487, 0.04108564148952426], "rotate_angle": 21.66, "rotate_angle_pred": 26.705765433791356}