{"centroid": [0.2560791030164432, -0.3625739812850952, 0.2462617807107241], "extents": [0.5335815610856093, 0.8790354728698732, 0.027029496000159664], "rotate_angle": 15.0, "rotate_angle_pred": 10.663451167128372}