{"centroid": [-0.02103108269639737, 0.5965397655963898, 0.27291126227526524], "extents": [0.5582313018913367, 0.6730445623397828, 0.009603854401885437], "rotate_angle": 35.07, "rotate_angle_pred": 38.36274426441159}