{"centroid": [0.031872261120889034, -0.3527647852897644, 0.2328590514683367], "extents": [0.5364310856192477, 1.1546814441680908, 0.03408090470630759], "rotate_angle": 6.04, "rotate_angle_pred": 1.6078300410593158}