{"centroid": [0.006733627782926046, 0.3438118100166321, 0.22197530954203645], "extents": [0.512705215242244, 1.204015970230103, 0.012704502067277385], "rotate_angle": -5.64, "rotate_angle_pred": -5.997154552792978}