{"centroid": [-0.016880486562655464, -0.5767253041267395, 0.2417991656108383], "extents": [0.49888668207301023, 0.6504089832305908, 0.020310666714623615], "rotate_angle": -3.65, "rotate_angle_pred": -2.1250665836801232}