{"centroid": [-0.5800049615310321, -0.07928159832954407, 0.27966303740751275], "extents": [0.5008458990921469, 0.6543149352073669, 0.027508787260100365], "rotate_angle": -15.88, "rotate_angle_pred": -17.66814034864383}