{"centroid": [0.34417407535260425, -0.11066019535064703, 0.29890263273218787], "extents": [0.6802425783210997, 0.8735572099685669, 0.02514295207033518], "rotate_angle": -6.99, "rotate_angle_pred": -11.876793363682452}