{"centroid": [0.20736492953381114, 0.52131749689579, 0.2980705684023699], "extents": [0.5675312857751021, 0.5596230030059814, 0.02818344151503771], "rotate_angle": 14.32, "rotate_angle_pred": 19.57440334957799}