{"centroid": [-0.28237034280241063, -0.3100256323814392, 0.24674987737902382], "extents": [0.5289870474792187, 1.0710288286209106, 0.017503542740303274], "rotate_angle": 5.53, "rotate_angle_pred": 3.4011590413462898}