{"centroid": [0.2981686548668645, -0.29279643297195435, 0.2538377524032603], "extents": [0.5298809332293297, 1.082168459892273, 0.02333379875555508], "rotate_angle": -31.06, "rotate_angle_pred": -38.144673911495325}