{"centroid": [0.22602819382271674, -0.313121497631073, 0.23962194552978164], "extents": [0.4763997463034911, 1.0628652572631836, 0.02009207369243446], "rotate_angle": -30.11, "rotate_angle_pred": -28.637567092193144}