{"centroid": [0.3001261661830567, -0.0809838473796845, 0.33065059524299245], "extents": [0.6463714390920858, 0.8320072889328003, 0.02804946591517893], "rotate_angle": -16.95, "rotate_angle_pred": -17.892400905897986}