{"centroid": [0.25375758775839996, 0.0965944528579711, 0.4689348902990225], "extents": [0.6292286509830888, 1.0911167860031128, 0.031354617300518695], "rotate_angle": -32.69, "rotate_angle_pred": -27.073805959334898}