{"centroid": [0.201860655684714, 0.5123987048864364, 0.2753498767266973], "extents": [0.5713345286356637, 0.6791115999221802, 0.035786110143114724], "rotate_angle": -1.61, "rotate_angle_pred": 1.6950796585110908}