{"centroid": [0.27075711757903453, -0.3221684992313385, 0.2602008691817395], "extents": [0.5083570476093342, 0.9851447939872742, 0.01367059348870242], "rotate_angle": -40.37, "rotate_angle_pred": -45.501092214716564}