{"centroid": [0.36981819377219327, 0.06349182128906247, 0.44629703569656903], "extents": [0.6920291774913805, 1.1447467803955078, 0.032724663584434655], "rotate_angle": 29.66, "rotate_angle_pred": 28.134253855198736}