{"centroid": [-0.2099977684265732, 0.07125751674175257, 0.20599326764364623], "extents": [0.48201534828706233, 0.6040371656417847, 0.002777427473912214], "rotate_angle": 9.91, "rotate_angle_pred": 11.178313584754562}