{"centroid": [-0.23905283943188513, 0.6383192688226699, 0.21628393139943827], "extents": [0.5053731886937183, 0.47273650765419006, 0.006590087081259799], "rotate_angle": -23.72, "rotate_angle_pred": -22.90063885632594}