{"centroid": [0.23891291337228165, 0.6144751310348511, 0.23330571963931346], "extents": [0.5039527482292158, 0.47756034135818504, 0.006785947918443641], "rotate_angle": -23.41, "rotate_angle_pred": -24.49836108213816}