{"centroid": [-0.3857485368613853, -0.009371489286422813, 0.32483300596775694], "extents": [0.7847869861791507, 0.8880522847175598, 0.018595304030997795], "rotate_angle": 8.96, "rotate_angle_pred": 12.82957914992619}