{"centroid": [0.005519118857904598, -0.08423429727554324, 0.2278598394527016], "extents": [0.48757336672452634, 0.7828025221824645, 0.013742222768831969], "rotate_angle": -11.18, "rotate_angle_pred": -14.131586233938563}