{"centroid": [-0.012923038223181055, -0.7087882459163666, 0.25124085204953284], "extents": [0.4905731004976686, 0.49250692129135143, 0.025812688809865397], "rotate_angle": -28.11, "rotate_angle_pred": -28.958196973114894}