{"centroid": [0.33384560944685043, -0.035395413637161345, 0.4287776753088847], "extents": [0.5973527931717616, 0.7553102374076845, 0.02300242670237196], "rotate_angle": 11.31, "rotate_angle_pred": 12.625946625187012}