{"centroid": [-0.22226078148741107, -0.401865005493164, 0.244451515813836], "extents": [0.5064527937071559, 0.893692374229431, 0.013590616036214143], "rotate_angle": -19.87, "rotate_angle_pred": -19.60228245747858}