{"centroid": [0.1989228562704614, -0.36634156107902527, 0.22044808157951035], "extents": [0.5119307029878996, 0.9831301569938659, 0.012165877941246767], "rotate_angle": -12.55, "rotate_angle_pred": -15.05007473561237}