{"centroid": [-0.3975323898138666, -0.03274005651474002, 0.24406853858641087], "extents": [0.7383847265597742, 1.2714909315109253, 0.039493054306454556], "rotate_angle": 21.46, "rotate_angle_pred": 17.230964190601696}