{"centroid": [0.22864402688243027, 0.5640666782855988, 0.23248876650824543], "extents": [0.4594907094657327, 0.5755990147590637, 0.005282299512716887], "rotate_angle": -4.03, "rotate_angle_pred": -2.4659101179015295}