{"centroid": [0.2066486438157505, -0.04128813743591313, 0.21201839952906804], "extents": [0.46590824187441876, 0.573243737220764, 0.012361381535204052], "rotate_angle": -0.62, "rotate_angle_pred": -3.404986746870435}