{"centroid": [-0.34560849582225545, 0.060063362121581934, 0.4478371977236893], "extents": [0.6522456520192594, 1.1582189798355103, 0.04633096313025953], "rotate_angle": -8.83, "rotate_angle_pred": -9.966840075846122}