{"centroid": [0.03594568980174816, -0.438754677772522, 0.39807090826474073], "extents": [0.836472557214657, 0.7950190305709839, 0.020448997282302428], "rotate_angle": 30.14, "rotate_angle_pred": 27.165031432826964}