{"centroid": [0.2135485439986496, -0.034699916839599616, 0.2797228046288677], "extents": [0.49138462175405573, 0.5179949402809144, 0.022887859322049564], "rotate_angle": 43.57, "rotate_angle_pred": 49.061511716685686}