{"centroid": [-0.0712290737698223, 0.06087812036275859, 0.20052847852321862], "extents": [0.008657455688254073, 0.29545074701309204, 0.029133473412454813], "rotate_angle": 41.82, "rotate_angle_pred": 40.407023580311886}