{"centroid": [0.23665932870904444, -0.6085783839225768, 0.2060217847369234], "extents": [0.48324321443887236, 0.4459351301193237, 0.017427425378379435], "rotate_angle": 14.73, "rotate_angle_pred": 11.08017820806856}