{"centroid": [-0.2191896914554723, -0.026125609874725425, 0.24684800275934368], "extents": [0.49035336740545044, 0.620163083076477, 0.005857486179061955], "rotate_angle": 42.29, "rotate_angle_pred": 42.455901665374085}