{"centroid": [-0.22738161358600154, -0.5706349909305573, 0.2670989832623484], "extents": [0.5193374229291006, 0.5547977089881897, 0.033404387998958396], "rotate_angle": -44.96, "rotate_angle_pred": -50.88562340641247}