{"centroid": [-0.002301975014120883, -0.3861724734306336, 0.3784171165785139], "extents": [1.0358536515817955, 0.8225383758544922, 0.022670210003923885], "rotate_angle": 3.35, "rotate_angle_pred": 1.1600211099376025}