{"centroid": [-0.006782649599626114, 0.2938898503780364, 0.47148050067659536], "extents": [1.1225257917956453, 0.4621385335922242, 0.020132880309974344], "rotate_angle": 35.16, "rotate_angle_pred": 37.857861083901}