{"centroid": [-0.15113324431350442, -0.022379904985427926, 0.4490138883778313], "extents": [1.1926229150065775, 0.8625475764274597, 0.08003807168520294], "rotate_angle": -17.64, "rotate_angle_pred": -22.661916587109644}