{"centroid": [-0.021209123038602604, -0.3860897421836853, 0.40079760452032753], "extents": [1.061331140515211, 0.8136558532714845, 0.027671947751973403], "rotate_angle": 26.89, "rotate_angle_pred": 26.88747932729011}