{"centroid": [-0.04428699281634389, 0.34222222864627827, 0.4608201368560599], "extents": [1.0213922248887528, 0.4969472885131836, 0.012414960174487844], "rotate_angle": 19.03, "rotate_angle_pred": 18.53768430579065}