{"centroid": [-0.038627362786288616, 0.34787718206644047, 0.4107579754497849], "extents": [1.0560787928502047, 0.48146450519561773, 0.019064873479196942], "rotate_angle": -39.95, "rotate_angle_pred": -39.04578190879072}