{"centroid": [-0.14834359350866738, -0.06174632906913763, 0.34470775103252527], "extents": [1.3284405492894078, 0.6611358523368837, 0.04064072303059674], "rotate_angle": -27.16, "rotate_angle_pred": -29.85347023066487}