{"centroid": [-0.05857195429032972, -0.0312173366546631, -0.03789228223905393], "extents": [0.6634665832431748, 1.819899082183838, 0.13418232116491874], "rotate_angle": 41.52, "rotate_angle_pred": 35.64115900162224}