{"centroid": [-0.021365516844908686, -0.2532077431678772, 0.3576370405431497], "extents": [0.8621510498255205, 1.0535609722137451, 0.07593205029562572], "rotate_angle": 9.04, "rotate_angle_pred": 9.372436496580377}