{"centroid": [0.001984283913422938, -0.01654666662216195, 0.38268882405584687], "extents": [0.9556884823221639, 0.7092162370681763, 0.03734736167050923], "rotate_angle": 19.34, "rotate_angle_pred": 17.14824927135261}