{"centroid": [0.003916510364859287, 0.04793995618820182, 0.44437470310745314], "extents": [0.819817570514027, 0.8887432813644409, 0.031224335251768154], "rotate_angle": 31.61, "rotate_angle_pred": 33.69445674353176}