{"centroid": [-0.2926915356145175, -0.06544095277786259, 0.3422190052659691], "extents": [0.9304617213175902, 0.6014496684074403, 0.054879811639377496], "rotate_angle": -18.17, "rotate_angle_pred": -21.49312952618415}