{"centroid": [-0.5791407115081465, 0.2230354659259319, 0.36795531487858824], "extents": [0.33588176065807374, 0.06943216174840933, 0.051393187159222975], "rotate_angle": -15.97, "rotate_angle_pred": -16.252530307531984}