{"centroid": [0.0034116046088762952, -0.08262196183204659, 0.382746582320999], "extents": [1.1468838365216887, 0.6558766365051272, 0.05080794131480465], "rotate_angle": 37.3, "rotate_angle_pred": 37.0480169733292}