{"centroid": [0.0065540019541271005, -0.1714340746402741, 0.47224210105145636], "extents": [1.2959280101085646, 0.7383002638816836, 0.09494333778020497], "rotate_angle": 39.12, "rotate_angle_pred": 37.72185921318675}