{"centroid": [-0.023030595714234096, 0.11494344472885143, -0.38255401736333655], "extents": [0.6622322952988671, 1.325360417366028, 1.2061066910188631], "rotate_angle": -7.06, "rotate_angle_pred": -5.538221579763615}