{"centroid": [-0.002464638920903428, -0.14835926890373236, 0.43087199420335054], "extents": [0.7413976264209081, 0.9420018792152404, 0.04227826040166832], "rotate_angle": 21.47, "rotate_angle_pred": 21.605705444188885}