{"centroid": [-0.6458846394065685, -0.11953964829444894, 0.30275769142678277], "extents": [0.16642284326995682, 0.6425362229347231, 0.2756926704388406], "rotate_angle": -14.78, "rotate_angle_pred": -17.773285236986624}