{"centroid": [-0.2847353036168973, -0.13753426074981684, 0.2926470463227814], "extents": [0.3807668324949827, 0.865350008010864, 0.047238628530479165], "rotate_angle": -38.18, "rotate_angle_pred": -34.434338337391154}