{"centroid": [-0.015817580953561124, -0.14097759127616882, 0.43379235868452415], "extents": [0.8687581109139277, 0.9055635333061219, 0.05473726049971622], "rotate_angle": -33.44, "rotate_angle_pred": -36.56783523858913}