{"centroid": [0.005431905160867334, 0.022030353546142536, 0.535252629835511], "extents": [1.0457404777728307, 1.0702755451202395, 0.0311947425477066], "rotate_angle": 38.18, "rotate_angle_pred": 38.964765378528455}