{"centroid": [0.0035374747159736264, -0.3043125867843628, 0.3213604061589213], "extents": [0.6600807205469095, 1.1468760967254639, 0.12575712602494077], "rotate_angle": 27.41, "rotate_angle_pred": 29.986384853119134}