{"centroid": [-0.26481057466501595, 0.039728283882141086, 0.14737392811921288], "extents": [0.3776938363887576, 1.6973791122436523, 0.07382601586894014], "rotate_angle": 20.24, "rotate_angle_pred": 40.64481036340524}