{"centroid": [0.016830193137739542, -0.299055814743042, 0.30316347555898754], "extents": [0.7870963778823987, 1.127441167831421, 0.09866306144293502], "rotate_angle": 28.15, "rotate_angle_pred": 28.748381774336252}