{"centroid": [0.20943300608385265, 0.010174572467803955, 0.15443315833720755], "extents": [0.6336403395467098, 1.631768822669983, 0.004854220825224104], "rotate_angle": -10.8, "rotate_angle_pred": -14.93393590308196}