{"centroid": [0.18142170606728458, 0.010776698589325034, 0.17947881393613158], "extents": [0.5045799570183835, 1.503050804138184, 0.04209785872739347], "rotate_angle": 43.18, "rotate_angle_pred": 40.69603750152169}