{"centroid": [-0.00044064815733691615, -0.28494369983673096, 0.3554493999683573], "extents": [0.6408872520064628, 1.203446626663208, 0.035700950301943646], "rotate_angle": -38.72, "rotate_angle_pred": -42.33759987889314}