{"centroid": [0.29257089404501047, 0.06815493106842031, 0.348188459423252], "extents": [0.5659226253139461, 1.4074898958206177, 0.008899901178655079], "rotate_angle": 3.92, "rotate_angle_pred": 5.642371091226806}