{"centroid": [0.0015061582550609728, 0.6062082946300507, 0.3494543120957731], "extents": [0.6874759178628207, 0.5020903944969178, 0.11806590823166463], "rotate_angle": -44.02, "rotate_angle_pred": -41.82950814232375}