{"centroid": [0.03614155849806013, -0.2629099488258362, 0.36045063966890256], "extents": [0.6868038276670938, 1.2222063541412354, 0.10795106149638911], "rotate_angle": -39.19, "rotate_angle_pred": -42.450535507647}