{"centroid": [0.04465716648130673, -0.2066301703453064, 0.37109745319266596], "extents": [0.6865047253070995, 1.3308720588684082, 0.023412760472141525], "rotate_angle": -39.39, "rotate_angle_pred": -43.78979196370287}