{"centroid": [-0.042202913945480265, -0.46323853731155396, 0.2477312068756804], "extents": [0.6451127375340603, 0.7164266109466554, 0.055755274903676294], "rotate_angle": -15.69, "rotate_angle_pred": -13.778295665787695}