{"centroid": [0.027134572816288546, -0.00570130348205572, 0.29941138351308055], "extents": [0.6861837403963018, 1.7856625318527222, 0.06229251157727311], "rotate_angle": -27.56, "rotate_angle_pred": -31.407202151786663}