{"centroid": [-0.023473705216715386, -0.00516736507415777, 0.29016372796881607], "extents": [0.5862257316525621, 1.8802940845489498, 0.027325681577156535], "rotate_angle": -32.5, "rotate_angle_pred": -34.96460192291226}