{"centroid": [0.005833198753264469, -0.26981645822525024, 0.3244468712769378], "extents": [0.6369535303674598, 1.178789734840393, 0.06786754702555409], "rotate_angle": 30.96, "rotate_angle_pred": 30.147960916654057}