{"centroid": [-0.007616401906625603, -0.036115348339080894, 0.5140481410167757], "extents": [1.585717882131455, 0.8112486600875854, 0.0004455884823776346], "rotate_angle": -3.95, "rotate_angle_pred": 0.5251238857533593}