{"centroid": [-0.030984052458865083, 0.37465917877852906, 0.5551315376665981], "extents": [1.0995690825977005, 0.7047318220138552, 0.03925862537039648], "rotate_angle": 33.04, "rotate_angle_pred": 34.854109513754494}