{"centroid": [-0.00449009339809868, -0.14083641767501834, 0.39154195082104626], "extents": [1.1235402463645607, 1.1214622259140015, 0.04234707965304718], "rotate_angle": -37.44, "rotate_angle_pred": -43.074377627647436}