{"centroid": [-0.002191005144472652, 0.13764959573745722, 0.5045508531789813], "extents": [0.9919709082375152, 1.1642013788223269, 0.0766979613864015], "rotate_angle": -34.2, "rotate_angle_pred": -33.33428195128686}