{"centroid": [0.2837712800757204, -0.1609275639057159, 0.21859847046687614], "extents": [0.11776488830258924, 0.7713126540184019, 0.010564721951089706], "rotate_angle": 17.37, "rotate_angle_pred": 16.965451854154608}