{"centroid": [-0.30713629014190547, 0.029996186494827326, 0.1719050008454403], "extents": [0.5495433687784061, 0.8220192193984985, 0.021269816442397227], "rotate_angle": -41.87, "rotate_angle_pred": -41.31542433887386}