{"centroid": [0.37135632580925365, -0.1150102466344834, 0.29525338713892335], "extents": [0.43035658340201555, 0.45468297600746155, 0.009702440158765757], "rotate_angle": -14.52, "rotate_angle_pred": -18.273432163069316}