{"centroid": [-0.21596161495338045, -0.28433939814567566, 0.3622822665683955], "extents": [0.4607308369570364, 0.4686020016670228, 0.01142533834479581], "rotate_angle": -22.91, "rotate_angle_pred": -32.48875467833097}