{"centroid": [-0.14668995438287621, -0.047640502452850376, 0.23450095727636877], "extents": [0.3216169409970317, 0.6331251859664917, 0.00963066870911053], "rotate_angle": -4.48, "rotate_angle_pred": -7.898754343161158}