{"centroid": [0.14787033605703717, -0.06504327058792117, 0.2351623212637239], "extents": [0.32467001976226934, 0.6107394695281981, 0.027321983380965698], "rotate_angle": -24.48, "rotate_angle_pred": -25.008117112042896}