{"centroid": [0.20397906517419634, -0.3190177381038666, 0.2232847239857386], "extents": [0.46055165628875855, 0.8940470814704895, 0.025709748656478987], "rotate_angle": -41.54, "rotate_angle_pred": -36.73134575955194}