{"centroid": [-0.3703050861506989, -0.08434107899665833, 0.4004333976585337], "extents": [0.6481160537198735, 0.7869144082069397, 0.01953576882443231], "rotate_angle": -25.35, "rotate_angle_pred": -29.1320142211939}