{"centroid": [-0.25875683124729143, 0.40460445173084725, 0.2483175468747353], "extents": [0.5280296863301746, 0.7721740007400513, 0.016120732016163236], "rotate_angle": 12.26, "rotate_angle_pred": 12.720596399986974}