{"centroid": [0.0017593380201014752, -0.06624436378479015, 0.5063573990860999], "extents": [0.761556566752246, 0.9770255088806152, 0.016211943722001798], "rotate_angle": -24.88, "rotate_angle_pred": -28.43038715763138}