{"centroid": [-0.3109272904477289, -0.0013154745101929682, 0.4084206025442161], "extents": [0.6551275083435377, 0.7250915169715881, 0.023016515522475023], "rotate_angle": -2.32, "rotate_angle_pred": 0.06118151941515748}