{"centroid": [0.014570167933344487, 0.0444090962409972, 0.5317301003915835], "extents": [0.3690518054743869, 1.3926309347152708, 0.043089854457620924], "rotate_angle": -28.45, "rotate_angle_pred": -28.47118758992574}