{"centroid": [-0.009361465633960904, -0.1371773481369019, 0.5117212189903306], "extents": [0.7468162775605726, 0.9715399742126465, 0.034783549609437026], "rotate_angle": 0.46, "rotate_angle_pred": 2.8391771068678224}