{"centroid": [-0.32083084160915387, 0.0643413066864013, 0.4507214414087321], "extents": [0.6324529598049979, 1.0485494136810303, 0.0298173984028563], "rotate_angle": -28.46, "rotate_angle_pred": -30.270220754953222}