{"centroid": [-0.12232191884485805, 0.20774755626916877, 0.6562334209673157], "extents": [1.5864266213978842, 0.5753924250602725, 0.16950678886098824], "rotate_angle": 34.88, "rotate_angle_pred": 70.02016831827513}