{"centroid": [-0.022729438973473924, -0.11014193296432495, 0.4449973879068825], "extents": [0.7697340401125826, 1.0222340822219849, 0.038198039685548246], "rotate_angle": -26.06, "rotate_angle_pred": -26.60929638742674}