{"centroid": [-0.21890268310351574, -0.44656822085380554, 0.23554071159532153], "extents": [0.4695395593422635, 0.846771776676178, 0.023413274757082686], "rotate_angle": 37.63, "rotate_angle_pred": 35.10997500868041}