{"centroid": [0.3275490814276268, -0.11322200298309328, 0.4103059639724841], "extents": [0.680110939038772, 0.8055570125579834, 0.022936593998917343], "rotate_angle": 17.86, "rotate_angle_pred": 20.223736496230273}