{"centroid": [0.35088864850940477, -0.099525272846222, 0.38873879389764243], "extents": [0.6612581192385473, 0.810112476348877, 0.014276892330569502], "rotate_angle": -4.72, "rotate_angle_pred": -8.986653211971145}