{"centroid": [0.00035495969037640726, 0.06822937726974478, 0.5531234015569552], "extents": [0.37522908100620245, 1.3701509237289429, 0.05599618189633504], "rotate_angle": 2.53, "rotate_angle_pred": 1.922703544139594}