{"centroid": [-0.3395462670132626, -0.10331135988235479, 0.41383272694784323], "extents": [0.6749652026445867, 0.7926288843154907, 0.02718041836555929], "rotate_angle": -18.25, "rotate_angle_pred": -18.574268157302484}