{"centroid": [-0.6459927434913768, -0.05695798993110656, 0.24981816494018572], "extents": [0.49440015705465706, 0.6256179213523865, 0.015280239699154985], "rotate_angle": -26.72, "rotate_angle_pred": -32.73191281326}