{"centroid": [-0.18172514383055227, -0.05304777622222904, 0.2239472727700786], "extents": [0.34303343034541506, 0.6501151919364929, 0.014533977844781276], "rotate_angle": 7.47, "rotate_angle_pred": -0.6258483830946773}