{"centroid": [0.18331798636623114, -0.07049021124839783, 0.19724934240482742], "extents": [0.3246354997670241, 0.6376680731773376, 0.021118193480415548], "rotate_angle": 41.58, "rotate_angle_pred": 34.555502757404184}