{"centroid": [-0.3140294144167817, 0.13679027557373036, 0.4254878878795736], "extents": [0.6335980936472974, 1.0983059406280518, 0.021019045410463733], "rotate_angle": 14.34, "rotate_angle_pred": 14.941359866407424}