{"centroid": [0.3383895340332359, 0.1610448360443115, 0.499965333537569], "extents": [0.6659279554011939, 0.834206521511078, 0.03444828511277559], "rotate_angle": 33.09, "rotate_angle_pred": 40.169382728413325}