{"centroid": [-0.361233545076675, 0.08238488435745239, 0.4631790368087182], "extents": [0.6653407888542704, 0.8025107979774475, 0.017511477895061356], "rotate_angle": -36.26, "rotate_angle_pred": -40.04112179297854}