{"centroid": [0.3003029956592235, 0.12625938653945915, 0.4506684335767866], "extents": [0.6356384820511934, 1.0626007318496706, 0.013128224897293705], "rotate_angle": 7.88, "rotate_angle_pred": 9.742960683652171}