{"centroid": [0.3188397653642084, 0.07223191857337943, 0.3986703330186426], "extents": [0.6131371307878266, 1.0153839588165283, 0.02539059539723304], "rotate_angle": 20.65, "rotate_angle_pred": 18.91391769628123}