{"centroid": [-0.23700595221981785, -0.3803233206272125, 0.2563275585006505], "extents": [0.5146704173704683, 0.9312086701393126, 0.013596287552246178], "rotate_angle": 16.14, "rotate_angle_pred": 16.806527458500213}