{"centroid": [0.25198729395718467, -0.31669434905052185, 0.21841620196284137], "extents": [0.5048198761147108, 0.9870750308036804, 0.02755614030983214], "rotate_angle": 9.21, "rotate_angle_pred": 3.8365122315472036}