{"centroid": [-0.010648606672181253, -0.0429211556911469, 0.5109902149241179], "extents": [0.8155465306073084, 0.9402241110801697, 0.031801310138588224], "rotate_angle": 28.14, "rotate_angle_pred": 29.81408940985689}