{"centroid": [-0.3295561732679864, 0.055490255355834864, 0.4488732346831354], "extents": [0.6698885577153054, 1.1165133714675903, 0.017731087327610806], "rotate_angle": -9.35, "rotate_angle_pred": -8.873208595510292}