{"centroid": [0.29586583446872217, 0.26854407787323, 0.2736632420516423], "extents": [0.573687569822246, 1.097130298614502, 0.03341169378404013], "rotate_angle": 11.01, "rotate_angle_pred": 19.289032793085013}