{"centroid": [-0.003970034139221756, -0.2333863079547882, 0.2556476721832863], "extents": [1.4908424458612841, 0.736661970615387, 0.026259775927849366], "rotate_angle": -10.31, "rotate_angle_pred": -11.39087475595602}