{"centroid": [-0.32947530980070205, 0.11557734012603743, 0.42814592429127235], "extents": [0.6208426808915285, 1.0378185510635376, 0.026932671043862544], "rotate_angle": 21.14, "rotate_angle_pred": 21.780394137498007}