{"centroid": [0.31639038659169055, 0.12924543023109422, 0.4175141153040708], "extents": [0.612310298715392, 1.0637747049331663, 0.025039214983493152], "rotate_angle": 0.43, "rotate_angle_pred": -3.0400360144020055}