{"centroid": [-0.008308594762529514, 0.08264261484146107, 0.5188156830632803], "extents": [0.885709004299295, 1.284946799278259, 0.019225679698013143], "rotate_angle": 11.24, "rotate_angle_pred": 12.608382535312145}