{"centroid": [0.27530625025353467, 0.005685985088348361, 0.2894968805647522], "extents": [0.986252295499003, 1.1209216117858887, 0.022240359056675152], "rotate_angle": 11.43, "rotate_angle_pred": 11.717390501433542}