{"centroid": [0.41581057892241535, 0.005212813615798936, 0.39155285451470556], "extents": [0.6879777852267693, 0.7990505099296571, 0.02212995272724927], "rotate_angle": 39.83, "rotate_angle_pred": 42.61248949617169}