{"centroid": [-0.3494967599723216, 0.006450861692428533, 0.4032126186277546], "extents": [0.7168034214836553, 0.7685825228691101, 0.038749094510425575], "rotate_angle": -25.75, "rotate_angle_pred": -24.928123899281104}