{"centroid": [0.03661398303683106, -0.36242663860321045, 0.3174972435008111], "extents": [0.6100048526220022, 0.9826526641845704, 0.030100245538988935], "rotate_angle": -30.03, "rotate_angle_pred": -36.05499173467898}