{"centroid": [-0.6072168021703602, 0.40276556834578514, 0.2606422270520139], "extents": [0.17141552373276658, 0.016407243907451685, 0.044215139269397796], "rotate_angle": -31.02, "rotate_angle_pred": -30.546266235824483}