{"centroid": [-0.49984636211001754, -0.04915931820869454, 0.23899762999847857], "extents": [0.4566929700242847, 0.6732646822929382, 0.03944221564906025], "rotate_angle": 20.46, "rotate_angle_pred": 18.91781644215409}