{"centroid": [0.18423827154762754, -0.08439531922340401, -0.21299858595233306], "extents": [0.31484407081686683, 0.6026393771171572, 0.004514825515321119], "rotate_angle": 31.26, "rotate_angle_pred": -151.69133761120275}