{"centroid": [0.3058563618638457, -0.000565230846405057, 0.2798994471235368], "extents": [0.8968564582934836, 1.0142560005187988, 0.02967501162080277], "rotate_angle": 32.27, "rotate_angle_pred": 33.21087004885902}