{"centroid": [0.26083922228687684, -0.04325187206268319, 0.4739579207622979], "extents": [0.6307253366646458, 0.8222180604934692, 0.03258697008159528], "rotate_angle": 13.71, "rotate_angle_pred": 21.444291174104194}