{"centroid": [-0.3742250785861356, -0.10261520743370063, 0.39849226287823947], "extents": [0.6816625721477413, 0.7860720753669739, 0.034653586046660245], "rotate_angle": 1.39, "rotate_angle_pred": -1.0353907078834936}