{"centroid": [-0.3912418665801455, -0.0406154692173005, 0.3114477139073052], "extents": [0.7411511557956026, 0.8552834987640381, 0.01539959203372454], "rotate_angle": 10.87, "rotate_angle_pred": 6.342824000544738}