{"centroid": [0.012576758975980373, -0.21197038888931277, 0.24508388248222712], "extents": [1.4585324329641658, 0.7313448190689088, 0.03107337611839464], "rotate_angle": 31.1, "rotate_angle_pred": 29.345086061723194}