{"centroid": [-0.3813760501046, -0.04382169246673589, 0.29717017391053874], "extents": [0.6974071147979588, 0.8154370188713074, 0.016995574995613494], "rotate_angle": 11.4, "rotate_angle_pred": 13.730711111837124}