{"centroid": [-0.22830661358625298, -0.31124281883239746, 0.2293136272203269], "extents": [0.4394765194010411, 1.1771478652954102, 0.010839538638315549], "rotate_angle": -44.16, "rotate_angle_pred": -44.699472214352674}