{"centroid": [-0.23716149925183522, 0.5737974643707275, 0.21966183160501995], "extents": [0.47932602107245753, 0.5792194008827212, 0.00591304539700635], "rotate_angle": -5.61, "rotate_angle_pred": -9.461601602253026}