{"centroid": [-0.275359311787686, -0.007921814918518122, 0.2338084694482999], "extents": [0.5648517680037621, 1.5539982318878178, 0.019931294275914863], "rotate_angle": 23.61, "rotate_angle_pred": 17.477459329058533}