{"centroid": [-0.2571933034114833, 0.4834056198596954, 0.28097171104769153], "extents": [0.6064364209586723, 0.5673714876174927, 0.021085153901857], "rotate_angle": 9.26, "rotate_angle_pred": 7.175007218494628}