{"centroid": [-0.2979241801260458, -0.29075440764427185, 0.2722098091488543], "extents": [0.5741806165310204, 0.9962561726570128, 0.015790123863837047], "rotate_angle": -1.3, "rotate_angle_pred": -4.729503916064303}