{"centroid": [-0.00501553401595977, -0.041794627904891996, 0.28501333585502786], "extents": [0.579163028811509, 0.553087592124939, 0.02469383612033188], "rotate_angle": 35.29, "rotate_angle_pred": 39.761378729066905}