{"centroid": [-0.028817438350195825, 0.014629125595092773, 0.26952341531345386], "extents": [0.5094265216935218, 1.3735322952270508, 0.08696234013145188], "rotate_angle": -29.49, "rotate_angle_pred": -33.40818561367973}