{"centroid": [-0.38018159235665705, -0.10575965046882635, 0.3459124224359355], "extents": [0.6874814046781805, 0.8811054825782775, 0.03314569226346503], "rotate_angle": 6.77, "rotate_angle_pred": 4.401932379044865}