{"centroid": [-0.32801678340119594, -0.11534401774406433, 0.32571969831226455], "extents": [0.64721040392273, 0.8159909844398501, 0.02396946716435261], "rotate_angle": -33.7, "rotate_angle_pred": -37.56330173255035}