{"centroid": [-0.15518021357736586, -0.07606109976768496, 0.23154705039500278], "extents": [0.3270814139156504, 0.6352662444114685, 0.02072949346632247], "rotate_angle": 7.21, "rotate_angle_pred": 7.364793754034835}