{"centroid": [-0.5865416926719305, 0.41312084347009653, 0.24250992549676903], "extents": [0.2171133252718493, 0.013331785798072815, 0.04243177064349543], "rotate_angle": -7.31, "rotate_angle_pred": -4.365632276441588}