{"centroid": [0.294265298973668, -0.06743004918098457, 0.3761781557048881], "extents": [0.7011439126551708, 0.9070354104042053, 0.03083243186892115], "rotate_angle": -8.59, "rotate_angle_pred": -4.256197076660413}