{"centroid": [-0.5287252569000918, -0.0519086718559266, 0.24744941580051638], "extents": [0.4961807441017422, 0.6258589625358582, 0.015777174419100704], "rotate_angle": 36.33, "rotate_angle_pred": 30.516942550283986}