{"centroid": [0.4014591262488837, -0.025174796581268415, 0.280607386860974], "extents": [0.8465610631151028, 0.8335056900978092, 0.017249881994195304], "rotate_angle": -38.07, "rotate_angle_pred": -35.934833281912226}