{"centroid": [0.01033526682057525, -0.11799114942550666, 0.3713309870894966], "extents": [0.9321458764868675, 1.0227018594741821, 0.028879880375763056], "rotate_angle": 5.94, "rotate_angle_pred": 4.329100880364109}