{"centroid": [-0.3338490728776744, -0.38271674513816833, 0.3072764123961074], "extents": [0.6319667062761477, 0.7988001704216005, 0.03442883470735397], "rotate_angle": -22.23, "rotate_angle_pred": -23.6379511306164}