{"centroid": [0.2529546015638938, -0.3382219672203064, 0.2913063528890729], "extents": [0.5961875292011822, 0.7407674789428711, 0.026117902128761694], "rotate_angle": -26.29, "rotate_angle_pred": -23.44849009239057}