{"centroid": [0.2676536726031784, 0.09964537620544432, 0.24250691002856584], "extents": [0.5773752377955748, 1.3020464181900024, 0.026116792321671273], "rotate_angle": -16.79, "rotate_angle_pred": -19.278491904178537}