{"centroid": [-0.2817040556021113, 0.10004228353500358, 0.2769524782966821], "extents": [0.5707436724753024, 1.3059604167938232, 0.04670241413530307], "rotate_angle": -0.42, "rotate_angle_pred": -0.9821367843288868}