{"centroid": [0.2889588413569606, -0.05573517084121718, 0.4611116243939693], "extents": [0.6788489082720588, 0.8088952898979187, 0.023521702252199073], "rotate_angle": -22.7, "rotate_angle_pred": -18.416454177346836}