{"centroid": [-0.005840270319129419, 0.12305945158004754, 0.48092950509487103], "extents": [0.9528795932882896, 1.2167614698410036, 0.028032511049396747], "rotate_angle": -43.11, "rotate_angle_pred": -45.44482461036368}