{"centroid": [-0.27772831921091096, -0.34605029225349426, 0.35613182709028923], "extents": [0.7059254068373025, 0.738820493221283, 0.0033109095032741176], "rotate_angle": -43.81, "rotate_angle_pred": -37.744331040328824}