{"centroid": [0.2966880431600412, 0.18776489794254292, 0.49556004348800636], "extents": [0.6740825875975703, 0.8227420449256897, 0.03352313540288576], "rotate_angle": -5.92, "rotate_angle_pred": -3.0433845311648042}