{"centroid": [0.1731586064824167, -0.06102594733238229, 0.2776037038194728], "extents": [0.3145613169032538, 0.6019174456596375, 0.02257894420074752], "rotate_angle": -43.64, "rotate_angle_pred": -47.16433615160018}