{"centroid": [0.3241003039752358, 0.12718129158020008, 0.413799071130624], "extents": [0.6295031292474786, 0.7703053951263428, 0.029411006641073878], "rotate_angle": 4.8, "rotate_angle_pred": 3.7831491916160047}