{"centroid": [0.3254965631744398, 0.026750117540359372, 0.4113102728857047], "extents": [0.5973643219281104, 0.7844989895820617, 0.02925436274512233], "rotate_angle": 3.18, "rotate_angle_pred": 1.3129018689348584}