{"centroid": [-0.017452741818855887, 0.08802002668380726, 0.5255724291956554], "extents": [0.8583956319904489, 1.2646625041961668, 0.021988913312062097], "rotate_angle": 19.87, "rotate_angle_pred": 21.823531456570166}