{"centroid": [0.288688450375439, 0.3133398443460464, 0.3157730333170231], "extents": [0.6997684268868398, 0.3131845891475678, 0.02148463213262114], "rotate_angle": -13.53, "rotate_angle_pred": -10.563917851021813}