{"centroid": [0.263259377771218, -0.009923577308654799, 0.2624820777092054], "extents": [0.5441622818694046, 1.4625316858291626, 0.03395092167604549], "rotate_angle": -2.65, "rotate_angle_pred": 1.4974052061320435}