{"centroid": [-0.3513123185276199, -0.059647321701049874, 0.3127549743703033], "extents": [0.6975442330181347, 0.8745157122612, 0.029790428215184905], "rotate_angle": 6.54, "rotate_angle_pred": 4.167879254058306}