{"centroid": [0.008216620934805088, -0.5424176156520845, 0.31152421729895535], "extents": [0.6137053806989926, 0.5887814164161682, 0.026185273443461277], "rotate_angle": -2.86, "rotate_angle_pred": -6.678835216202259}