{"centroid": [-0.0007102440931800458, 0.3219118416309356, 0.30475719337611795], "extents": [0.631428378742448, 1.199544906616211, 0.014885588037461484], "rotate_angle": 1.68, "rotate_angle_pred": -1.4190621941761918}