{"centroid": [0.011749876445382376, -0.03713250160217291, 0.5121553216027865], "extents": [0.7467144498988026, 1.0041611194610596, 0.02584574292410774], "rotate_angle": 31.64, "rotate_angle_pred": 31.94518995122857}