{"centroid": [0.02144802963366514, 0.08419048786163322, 0.5459383031766628], "extents": [0.6279114395892891, 1.3737833499908447, 0.025192606837531106], "rotate_angle": -44.4, "rotate_angle_pred": -45.175314993974546}