{"centroid": [0.31621245786507607, -0.03772377967834481, 0.43571507054777037], "extents": [0.6233304656456137, 0.8185459971427917, 0.01882664461835848], "rotate_angle": 4.59, "rotate_angle_pred": 6.114773438780773}