{"centroid": [-0.24608709189930775, -0.25380098819732666, 0.2428228087110364], "extents": [0.47669147051569777, 1.2774771451950073, 0.00946277352326616], "rotate_angle": -40.93, "rotate_angle_pred": -41.83600423208408}