{"centroid": [0.24165525629629714, 0.6258482784032822, 0.24632028737039188], "extents": [0.49020813633767035, 0.4679600298404694, 0.010098033324718092], "rotate_angle": -14.05, "rotate_angle_pred": -11.774106850069444}