{"centroid": [-0.331700243407817, -0.1128520965576173, 0.39797348424995044], "extents": [0.6389589907942619, 0.8746622800827029, 0.01835281402505773], "rotate_angle": 5.36, "rotate_angle_pred": 3.5612850296234484}