{"centroid": [0.300647762032067, -0.04392176866531377, 0.4422741990095536], "extents": [0.6370437689805752, 0.8885306119918823, 0.0367607359598095], "rotate_angle": 12.19, "rotate_angle_pred": 16.980907167907333}