{"centroid": [0.24512759285705005, -0.2833814620971679, 0.23365392638487598], "extents": [0.5815557073881528, 1.073492646217346, 0.010219597894554844], "rotate_angle": 7.07, "rotate_angle_pred": 3.3914513144976723}