{"centroid": [0.22517586734588646, 0.5199101567268372, 0.2690887322444782], "extents": [0.5155207537686272, 0.6459160447120669, 0.01721263312006971], "rotate_angle": -37.95, "rotate_angle_pred": -32.52103572857598}