{"centroid": [0.20106025513556666, 0.005355194211006151, 0.2956235291796018], "extents": [0.48103751815448637, 0.4956261515617371, 0.0207186946219432], "rotate_angle": 37.48, "rotate_angle_pred": 43.74943078561208}