{"centroid": [-0.27483842757619714, -0.0659509748220444, 0.21299142249509137], "extents": [0.5332127230730656, 0.4868018925189972, 0.02463250615222487], "rotate_angle": 40.12, "rotate_angle_pred": 39.92258186608893}