{"centroid": [-0.022009175460163795, -0.11787462234497076, 0.40868203562362526], "extents": [0.8046841426584941, 1.02339506149292, 0.037110186214848184], "rotate_angle": 13.03, "rotate_angle_pred": 14.137253353039725}