{"centroid": [-0.017782038046406115, 0.0006017684936522744, 0.28509334998622277], "extents": [1.515654160988067, 0.7055807113647463, 0.037791534129080484], "rotate_angle": 18.03, "rotate_angle_pred": 17.55275323523003}