{"centroid": [0.2786890332891133, 0.43432524055242533, 0.27679073073127825], "extents": [0.5435263545849698, 0.7011060714721681, 0.009090628527356814], "rotate_angle": -34.41, "rotate_angle_pred": -34.86174628605383}