{"centroid": [0.1837856193169709, -0.6125066578388214, 0.2017964289386937], "extents": [0.4657778480043762, 0.453570544719696, 0.012674329906174564], "rotate_angle": 6.27, "rotate_angle_pred": 5.159479167868909}