{"centroid": [-0.05918161584950657, 0.42605511844158167, 0.2440191262462183], "extents": [0.027930550866529298, 0.2947131097316742, 0.025441937685360932], "rotate_angle": -12.62, "rotate_angle_pred": -9.782961168817593}