{"centroid": [-0.27798645071654726, -0.4132363200187683, 0.27478119219560987], "extents": [0.557436452307035, 0.8620452880859374, 0.019360091054136275], "rotate_angle": 1.37, "rotate_angle_pred": -1.242157095241751}