{"centroid": [-0.040017973431116224, -0.35311222076416016, 0.2745280850728328], "extents": [0.5453509035305125, 1.2328256368637085, 0.03456391357995858], "rotate_angle": 13.25, "rotate_angle_pred": 12.489357987822842}