{"centroid": [0.023223896534405684, -0.6474329233169556, 0.20276612959157764], "extents": [0.45623248474058914, 0.5416585206985475, 0.024479485864999734], "rotate_angle": -19.14, "rotate_angle_pred": -23.408618833508896}