{"centroid": [0.02659113606752766, 0.6349957585334778, 0.21273589075273802], "extents": [0.46816930317506106, 0.6050304770469666, 0.012721511574117383], "rotate_angle": 5.79, "rotate_angle_pred": 4.103271260053688}