{"centroid": [0.039576501031362704, -0.5902891755104065, 0.23502731666908602], "extents": [0.47053697728463967, 0.5908451080322266, 0.01529652626076397], "rotate_angle": -30.58, "rotate_angle_pred": -35.65855463720013}