{"centroid": [-0.5933073361066621, -0.06269150972366339, 0.2684173683361142], "extents": [0.4976683240091887, 0.6131768822669983, 0.012389367399221807], "rotate_angle": 7.34, "rotate_angle_pred": 4.463172772621959}