{"centroid": [0.2847727237985973, -0.08382681012153637, 0.4186090258138404], "extents": [0.6883574004969168, 0.8703884482383728, 0.020051531134841427], "rotate_angle": -30.72, "rotate_angle_pred": -23.957077068868784}