{"centroid": [0.2995858758641681, -0.28526413440704346, 0.23579499260230274], "extents": [0.5315364196442762, 1.0555270910263062, 0.025948782463601577], "rotate_angle": 43.62, "rotate_angle_pred": 40.36134614473045}