{"centroid": [-0.24020108596862866, -0.35598355531692505, 0.2699989737842122], "extents": [0.5515342530958958, 0.9899159669876099, 0.024277881563392834], "rotate_angle": 33.6, "rotate_angle_pred": 31.156154630878802}