{"centroid": [-0.2792959233206685, 0.5908126533031464, 0.20292122757266587], "extents": [0.5236384949519512, 0.6319577097892761, 0.014123780871083763], "rotate_angle": -23.69, "rotate_angle_pred": -19.306339848567177}