{"centroid": [0.2144669136662715, -0.31152164936065674, 0.16852905672479193], "extents": [0.5150069585224963, 1.084458351135254, 0.007893621907505727], "rotate_angle": 13.66, "rotate_angle_pred": 10.176527854200074}