{"centroid": [0.31933950359696844, 0.08855617046356194, 0.4105735604244803], "extents": [0.6132478746941737, 1.0422202348709106, 0.024902258202134375], "rotate_angle": 22.68, "rotate_angle_pred": 23.073689788857507}