{"centroid": [0.2512857536597386, -0.31745707988739014, 0.2388490174036783], "extents": [0.5045443712638902, 0.9768474102020264, 0.017137083950339943], "rotate_angle": -23.65, "rotate_angle_pred": -28.838938388351423}