{"centroid": [0.28054423351492186, 0.5161233246326447, 0.25625772419156767], "extents": [0.5163798290439908, 0.617577075958252, 0.010595804925974561], "rotate_angle": 44.26, "rotate_angle_pred": 42.73120186508271}