{"centroid": [0.3705011147403302, 0.059424817562103174, 0.4109826679024745], "extents": [0.6757543704540557, 1.1431405544281006, 0.025993265294241563], "rotate_angle": 13.43, "rotate_angle_pred": 9.902522353496678}