{"centroid": [0.006545848862451006, -0.23068135976791382, 0.2602868052006179], "extents": [1.6442448349572776, 0.6796456575393678, 0.01694212155094632], "rotate_angle": -23.2, "rotate_angle_pred": -24.63680126095865}