{"centroid": [-0.4028688059041826, -0.07284125685691833, 0.42304043002906005], "extents": [0.5990851560694271, 0.7529171109199525, 0.010653704474545722], "rotate_angle": -42.73, "rotate_angle_pred": -43.04634470634164}