{"centroid": [0.2565265104902686, 0.6059240251779556, 0.20958877092841155], "extents": [0.5047081800444732, 0.47348818182945257, 0.0036667325267771833], "rotate_angle": 13.21, "rotate_angle_pred": 13.560365918817936}