{"centroid": [-0.24104510361645892, 0.032281965017318726, 0.20491772559800484], "extents": [0.49544133816144686, 0.6006742119789124, 0.028359479675631627], "rotate_angle": -44.82, "rotate_angle_pred": -38.711317428058685}