{"centroid": [-0.36721630157346086, -0.0801568329334259, 0.3412980048433986], "extents": [0.7184270497694613, 0.8499597907066347, 0.040475773865387144], "rotate_angle": -39.46, "rotate_angle_pred": -37.714477721939744}