{"centroid": [0.34379898574145445, -0.054939359426498524, 0.3187766151338774], "extents": [0.7099705859903361, 0.8501853346824646, 0.027899373029491692], "rotate_angle": -26.14, "rotate_angle_pred": -29.433751381423903}