{"centroid": [-0.3230301523168038, -0.04016318917274475, 0.41523506325064985], "extents": [0.6178127677272209, 0.7883515954017639, 0.018680917552783005], "rotate_angle": -39.81, "rotate_angle_pred": -44.609882567047656}