{"centroid": [0.24932762815676648, -0.35470104217529297, 0.22782979099872144], "extents": [0.47910224206351104, 0.9305893182754518, 0.021523918424135757], "rotate_angle": -10.37, "rotate_angle_pred": -16.261606809579447}