{"centroid": [-0.2805331942217161, -0.387481689453125, 0.24431154469459418], "extents": [0.49769412821569325, 0.9481991529464723, 0.029084793843658308], "rotate_angle": 35.58, "rotate_angle_pred": 28.189744593143104}