{"centroid": [0.21945501334113848, 0.4784848392009734, 0.2611790522811525], "extents": [0.5307536715183232, 0.7748835682868958, 0.021104972785512432], "rotate_angle": -40.18, "rotate_angle_pred": -38.014317978281895}