{"centroid": [0.2332623475070109, -0.04870653152465822, 0.19976890380503362], "extents": [0.4718770176626305, 0.5903691649436951, 0.013589171951513573], "rotate_angle": 23.94, "rotate_angle_pred": 20.93868477503979}