{"centroid": [0.2595958670136744, 0.5599257946014404, 0.22040066049159565], "extents": [0.450539904036122, 0.5259618759155273, 0.0067699991871218446], "rotate_angle": 44.54, "rotate_angle_pred": 42.08799441046946}