{"centroid": [-0.2509538323289681, -0.635880321264267, 0.22410872628717343], "extents": [0.4965764085557384, 0.5301746726036072, 0.009220160175212821], "rotate_angle": 31.37, "rotate_angle_pred": 36.17235073265881}