{"centroid": [0.3067913437771762, 0.08743798732757566, 0.49553554848793135], "extents": [0.6589049055666385, 1.1686283349990845, 0.04056172045057027], "rotate_angle": 24.06, "rotate_angle_pred": 30.744581956609025}