{"centroid": [-0.28240020066465943, -0.06354862451553353, 0.23223140508037876], "extents": [0.5009042157749046, 0.6253330707550049, 0.021014419011527508], "rotate_angle": 34.89, "rotate_angle_pred": 35.01710318684846}