{"centroid": [-0.25360472696586067, -0.6000911891460419, 0.22774723493259041], "extents": [0.48127676692692095, 0.44962733983993536, 0.004878138987095881], "rotate_angle": 13.35, "rotate_angle_pred": 11.97667154704206}