{"centroid": [0.21925626364887976, -0.5753911882638931, 0.20304176694975318], "extents": [0.5020354835554217, 0.4706439673900604, 0.007638491460964958], "rotate_angle": 36.08, "rotate_angle_pred": 35.95893398471709}