{"centroid": [-0.01700508578713336, 0.34030016511678685, 0.4166624326513118], "extents": [1.0629305796651045, 0.5487460494041442, 0.025338053601073995], "rotate_angle": -0.23, "rotate_angle_pred": 5.9927945135247}