{"centroid": [-0.16563877015536677, -0.01664060354232797, 0.4716400534005961], "extents": [1.2852711410724207, 0.8880122303962709, 0.09790339862705166], "rotate_angle": -16.27, "rotate_angle_pred": -15.717924113728401}