{"centroid": [0.0015994736031730364, -0.3989117741584778, 0.3633527564678347], "extents": [0.9829966902782797, 0.8453152179718019, 0.016235384893307503], "rotate_angle": 20.61, "rotate_angle_pred": 18.390851312319597}