{"centroid": [0.01670835982585568, 0.30271692574024195, 0.3729916932880868], "extents": [1.0364741458560054, 0.45330563187599193, 0.016882656747398528], "rotate_angle": 31.25, "rotate_angle_pred": 31.917812287978094}