{"centroid": [0.240945641604162, -0.009149909019470187, -0.17554466127973914], "extents": [0.5063829912239497, 1.570048928260803, 0.16899391655684376], "rotate_angle": -23.55, "rotate_angle_pred": -26.84086315243792}