{"centroid": [0.8284524803095251, 0.24071440100669872, 0.018015564738539123], "extents": [0.18054672748179879, 0.20305800437927257, 0.29056393573131484], "rotate_angle": 22.41, "rotate_angle_pred": 24.89822418771682}