{"centroid": [0.8028599403145807, 0.14530210196971888, -0.02432911442265608], "extents": [0.29283083044516267, 0.12202546000480664, 0.4851380679287238], "rotate_angle": -16.05, "rotate_angle_pred": -17.014101747199078}