{"centroid": [0.002011757346578859, 0.8007941618561745, -0.005805662263453017], "extents": [0.5316758218055264, 0.18400819599628448, 0.12254935646449697], "rotate_angle": 28.61, "rotate_angle_pred": 31.213934540231534}