{"centroid": [0.7424715479223071, 0.20695876330137242, 0.004276273295234351], "extents": [0.2632965149438923, 0.29803138971328746, 0.34508153821669885], "rotate_angle": -34.32, "rotate_angle_pred": -35.24443610411512}