{"centroid": [-0.9788693854744961, 0.31918984651565535, -0.08935188946106971], "extents": [0.3238522906898538, 0.019265890121460127, 0.6536670722319029], "rotate_angle": 43.05, "rotate_angle_pred": 47.47122608681184}