{"centroid": [-0.8341828755735663, 0.22612272948026665, -0.018310417925679525], "extents": [0.3702374037188042, 0.2610390186309816, 0.534154525178958], "rotate_angle": -23.23, "rotate_angle_pred": -21.096809505103934}