{"centroid": [-0.9510905663248856, 0.28464932739734644, -0.06860101114747474], "extents": [0.2670824275635527, 0.16511514782905592, 0.4274949802939874], "rotate_angle": 21.0, "rotate_angle_pred": 24.89894237040498}