{"centroid": [-0.7993537388911394, 0.2214162796735764, -0.028371587484747836], "extents": [0.3394608410512716, 0.2669539451599122, 0.4706036923766491], "rotate_angle": -12.89, "rotate_angle_pred": -11.28391097788699}