{"centroid": [0.9101870618860535, 0.1834833174943925, 0.03306921469873501], "extents": [0.2870853524615986, 0.10323318839073195, 0.525534507195594], "rotate_angle": 23.61, "rotate_angle_pred": 27.773774187986618}