{"centroid": [0.9512042165406216, 0.2395267970860004, -0.042380811211826866], "extents": [0.2610021787407564, 0.013651348650455586, 0.44214018464513827], "rotate_angle": -25.88, "rotate_angle_pred": -28.59854305009072}