{"centroid": [-0.7740889620586761, 0.2612371668219568, 0.00714529007182629], "extents": [0.26677251126253143, 0.23727925121784232, 0.5000004817876645], "rotate_angle": -38.2, "rotate_angle_pred": -34.369664825082154}