{"centroid": [-0.9463177795673647, 0.14360883831977828, -0.1031071003942125], "extents": [0.4169716164614192, 0.19761294126510637, 0.7703896623551809], "rotate_angle": 39.82, "rotate_angle_pred": 44.242972587333014}