{"centroid": [-0.8936167101868375, 0.2645592726767063, 0.002552016751215337], "extents": [0.2977719962225388, 0.10010699182748806, 0.4035725971869232], "rotate_angle": -3.58, "rotate_angle_pred": -0.826931199943985}