{"centroid": [0.8511494844333999, 0.24305354431271545, 0.0029814558001567473], "extents": [0.25336938488070704, 0.0634588971734048, 0.5437388289544656], "rotate_angle": -22.75, "rotate_angle_pred": -24.751841999360693}