{"centroid": [0.8449199367926581, 0.20425469428300852, -0.04130733288847672], "extents": [0.30770739513083856, 0.2211674749851228, 0.5915477198969622], "rotate_angle": -5.5, "rotate_angle_pred": -7.558261492540041}