{"centroid": [0.034555737568912, 0.728479266166687, 0.014353960076402047], "extents": [0.6460269589860288, 0.2159215211868286, 0.15272782507276295], "rotate_angle": 20.48, "rotate_angle_pred": 20.077339041786047}