{"centroid": [-0.9755133373438767, 0.32173911482095713, -0.11343556018942698], "extents": [0.3294609810430881, 0.00738294422626512, 0.7194714005518092], "rotate_angle": 20.28, "rotate_angle_pred": 27.676659160831548}