{"centroid": [0.6998690214632723, 0.24781007319688791, -0.0063779991884310855], "extents": [0.23525626910073905, 0.25491124391555786, 0.3549008362303826], "rotate_angle": -8.33, "rotate_angle_pred": -9.633065890546035}