{"centroid": [-0.8831396864713428, 0.1646096110343934, -0.049562710193610464], "extents": [0.3532914838214166, 0.07421150803565996, 0.6266127265772204], "rotate_angle": -25.28, "rotate_angle_pred": -21.141048355511955}