{"centroid": [-0.9091373057497717, 0.18130839616060251, -0.07144798848361572], "extents": [0.4423571594045226, 0.20880168676376365, 0.7932471753177218], "rotate_angle": 16.87, "rotate_angle_pred": 21.988474220367593}