{"centroid": [0.03551768153926293, 0.4618561267852784, -0.012726944688199406], "extents": [0.5641940932392991, 0.2034152746200562, 0.0756223140683673], "rotate_angle": -1.45, "rotate_angle_pred": -5.641227444665674}