{"centroid": [0.7745992868191174, 0.24163699895143514, -0.037829236599761784], "extents": [0.2576025739566806, 0.26422956585884105, 0.36834001757846957], "rotate_angle": 12.96, "rotate_angle_pred": 11.515997154151236}