{"centroid": [0.059405856883963964, 0.5552753806114197, -0.027291301488413917], "extents": [0.9010372192960169, 0.3611639142036439, 0.17977863612228068], "rotate_angle": 29.66, "rotate_angle_pred": 31.38554469305059}