{"centroid": [0.7125425099154763, 0.2018330991268158, -0.0045304341535935405], "extents": [0.30176108464675144, 0.2643595337867738, 0.4714217984611354], "rotate_angle": 4.31, "rotate_angle_pred": 1.8017514712599336}