{"centroid": [0.020057601930416915, -0.09092956408858305, 0.09836286611956235], "extents": [0.04847351368091608, 0.03660096973180779, 0.3461566798633472], "rotate_angle": -25.26, "rotate_angle_pred": -28.253318104931175}