{"centroid": [-0.004632791445057575, -0.14109830558300018, 0.09099977117424138], "extents": [0.04861621680762403, 0.03571876883506782, 0.3340128446063753], "rotate_angle": 11.09, "rotate_angle_pred": 8.432154156339877}