{"centroid": [0.05678009713466256, 0.6530279368162155, -0.0053300674819191105], "extents": [0.6378999891226491, 0.19912371039390564, 0.12147948036793679], "rotate_angle": -28.6, "rotate_angle_pred": -31.542381057573913}