{"centroid": [-0.0811808301922031, 0.34871087595820416, 0.46948947688722004], "extents": [0.060480505010226136, 0.6281391978263855, 0.026061382050831527], "rotate_angle": 3.18, "rotate_angle_pred": 3.3291338659471137}