{"centroid": [-0.11751738774560534, 0.35278498008847226, 0.4746579692036335], "extents": [0.07962214934468106, 0.6179543733596802, 0.033504106052706706], "rotate_angle": 14.49, "rotate_angle_pred": 14.833196647906988}