{"centroid": [0.8544211975867386, 0.24893030524253845, -0.017930292461664655], "extents": [0.21443695434150312, 0.1360654830932618, 0.4631515275801972], "rotate_angle": 4.8, "rotate_angle_pred": 3.559660906480673}