{"centroid": [-0.010469964362310147, 0.784425564110279, 0.6502884863192341], "extents": [0.15973148912758722, 0.027366384863853455, 0.061879741622803186], "rotate_angle": -15.89, "rotate_angle_pred": -18.690028465146185}