{"centroid": [-0.2211967340191432, 0.31039597466588015, 0.4375153601867804], "extents": [0.09971147533444216, 0.039536215364933014, 0.0547029623512576], "rotate_angle": -3.31, "rotate_angle_pred": -0.5194878929837898}