{"centroid": [-0.24602155658999172, 0.36415933817625035, 0.4388883267909933], "extents": [0.11912266841550292, 0.00878201425075531, 0.046139918002304936], "rotate_angle": 41.69, "rotate_angle_pred": 43.58401546147286}