{"centroid": [-0.19340741650711557, -0.02960894256830223, 0.27456417501103425], "extents": [0.014648496687342721, 0.13142782449722296, 0.03830732296056916], "rotate_angle": 8.94, "rotate_angle_pred": 10.078986009318285}