{"centroid": [-0.025963678078235325, 0.2528601251542567, 0.5222270948747777], "extents": [1.1498132064248505, 0.0370197817683221, 0.09836565225209709], "rotate_angle": -13.16, "rotate_angle_pred": -14.8630948121057}