{"centroid": [0.4130622286778634, 0.21173377335071558, 0.3449614047352625], "extents": [0.7012605627070253, 0.08099380135536197, 0.08226215792412012], "rotate_angle": -2.62, "rotate_angle_pred": -3.307597180718602}