{"centroid": [0.022680604829742934, 0.2180735990405082, 0.4652494315855299], "extents": [1.1169694880650383, 0.049090579152107405, 0.08360251202850788], "rotate_angle": 43.01, "rotate_angle_pred": 38.18218731349367}