{"centroid": [-0.01618337656258103, 0.5661720298230647, 0.5918141482099785], "extents": [0.9099669620600284, 0.008423499763012043, 0.11601589829355485], "rotate_angle": -26.01, "rotate_angle_pred": -26.643457005537144}