{"centroid": [-0.0350044570814137, 0.29672324657440174, 0.46385177990402615], "extents": [0.9579808842686112, 0.05619060993194597, 0.06499284594502686], "rotate_angle": -38.07, "rotate_angle_pred": -37.676875648193615}