{"centroid": [0.029485750342943776, 0.20362761616706837, 0.34000392057708456], "extents": [0.8312718718519956, 0.03394550085067752, 0.06603810072201188], "rotate_angle": 4.31, "rotate_angle_pred": 1.1817898917626763}