{"centroid": [-0.42702997802059167, 0.2714847177267074, 0.38119858428544634], "extents": [0.906812319294269, 0.07254040241241466, 0.08138510666282384], "rotate_angle": -36.91, "rotate_angle_pred": -35.96646798110582}