{"centroid": [0.003458973285371661, 0.19414304569363583, 0.41206291375279563], "extents": [1.108475690809687, 0.04823962599039083, 0.08242818755500458], "rotate_angle": -4.54, "rotate_angle_pred": -7.180265246589144}