{"centroid": [-0.938885309940062, 0.2928942218422889, -0.08614705520333171], "extents": [0.3594172018873991, 0.004650965332985091, 0.7144925630090485], "rotate_angle": 22.4, "rotate_angle_pred": 29.320611868315652}