{"centroid": [0.030973021025087755, 0.6992971897125243, -0.05665443444632793], "extents": [0.9265588746669011, 0.38580751419067383, 0.08897303260575912], "rotate_angle": 4.45, "rotate_angle_pred": 4.18017332708348}