{"centroid": [-0.006008910439179296, 0.33619797974824894, 0.5501487855554035], "extents": [0.4941868008270956, 0.013842865824699513, 0.08134256501318171], "rotate_angle": -27.29, "rotate_angle_pred": -28.952190982115262}