{"centroid": [-0.008018400602949352, 0.5117103904485701, 0.5566090102105061], "extents": [0.484682066418266, 0.0017627179622650146, 0.0743524079735014], "rotate_angle": 1.03, "rotate_angle_pred": -1.637031298598842}