{"centroid": [0.02438383768444265, 0.48811828345060343, 0.5053668410337812], "extents": [0.31793093978409154, 0.032416269183158875, 0.07836927546773098], "rotate_angle": -15.12, "rotate_angle_pred": -18.29540378013516}