{"centroid": [0.00971780307545039, 0.18775461986660952, 0.5112173520042489], "extents": [0.2967383336279808, 0.028842546045780237, 0.06543170071758164], "rotate_angle": -44.64, "rotate_angle_pred": -44.21568491278219}