{"centroid": [0.08361643407684567, 0.05674160644412034, 0.36007451182071487], "extents": [0.021232098024258197, 0.0903749018907547, 0.020807094561607897], "rotate_angle": 28.26, "rotate_angle_pred": 30.483613695154844}