{"centroid": [0.014938468106316192, 0.9730671793222426, 0.26012451277963416], "extents": [0.3310359756489426, 0.034020334482193104, 0.054981291959682016], "rotate_angle": 42.56, "rotate_angle_pred": 39.215349737623825}