{"centroid": [-0.022027052408473274, 0.5551471300423144, 0.4094559784122599], "extents": [0.4118527560730353, 0.026572979986667633, 0.04930969433899013], "rotate_angle": -9.37, "rotate_angle_pred": -12.876719325422144}