{"centroid": [0.22992981621074954, 0.7816132679581641, 0.2889886925980649], "extents": [0.04683114499521601, 0.051528289914131165, 0.10339553458272521], "rotate_angle": -26.33, "rotate_angle_pred": -25.09860764660995}