{"centroid": [0.0012152547810042498, 0.16276157647371278, 0.5299545010328687], "extents": [0.30849745154472974, 0.009769633412361173, 0.06026524538164835], "rotate_angle": 7.96, "rotate_angle_pred": 6.308902529615395}