{"centroid": [-0.023671679450873652, 0.47433150932192797, 0.5012320579846707], "extents": [0.36000573958422255, 0.03003021329641342, 0.07690219650192998], "rotate_angle": 18.46, "rotate_angle_pred": 18.329218101147376}