{"centroid": [-0.05660067483463151, 0.12366768717765803, 0.2761208559456632], "extents": [0.013904496884107907, 0.08505888283252716, 0.030937645265524782], "rotate_angle": -31.93, "rotate_angle_pred": -29.75932339844735}