{"centroid": [-0.007806983996855005, 0.5440181680023669, 0.6337390098664708], "extents": [0.46544409949214655, 0.02338806539773941, 0.08660769676757685], "rotate_angle": 37.73, "rotate_angle_pred": 39.1494694224487}