{"centroid": [-0.05975280100900633, 0.2823067232966422, 0.6309774637421941], "extents": [0.5942644962845396, 0.02145905792713171, 0.07850909087649771], "rotate_angle": -13.12, "rotate_angle_pred": -11.918572874717228}