{"centroid": [-0.3124958026718119, 0.7454157471656798, 0.28774079191690527], "extents": [0.029925883375776285, 0.021428823471069336, 0.12766954541464787], "rotate_angle": 10.02, "rotate_angle_pred": 11.499173304580026}