{"centroid": [0.12790926698071128, 0.08290844410657873, 0.41252782514262804], "extents": [0.02469083583656173, 0.0776079148054123, 0.024347479566605212], "rotate_angle": -32.2, "rotate_angle_pred": -30.987117121122324}