{"centroid": [-0.23530326031954518, 0.7692499905824661, 0.29118581455859605], "extents": [0.0409501788574726, 0.020965129137039185, 0.13601547399062205], "rotate_angle": -43.5, "rotate_angle_pred": -40.503596952055545}