{"centroid": [0.23748728329633265, 0.778087805956602, 0.2695971684247548], "extents": [0.04836855120060343, 0.04981639236211777, 0.12111350985009589], "rotate_angle": -36.07, "rotate_angle_pred": -34.52333402292055}