{"centroid": [-0.3639973328974796, 0.06763094663619984, 0.6678828927787962], "extents": [0.11910117659796682, 0.8610803484916687, 0.1862961389759581], "rotate_angle": -20.37, "rotate_angle_pred": -18.84329886795973}