{"centroid": [0.0005570726282668539, 0.4490813054144382, 0.579300846769152], "extents": [0.31002675372522986, 0.012851901352405548, 0.07370188567348557], "rotate_angle": -30.96, "rotate_angle_pred": -30.443498664526174}