{"centroid": [-0.04505033117724641, 0.46114996075630177, 0.7832166575953209], "extents": [0.3831361588261363, 0.011391520500183161, 0.08241997779780896], "rotate_angle": 26.73, "rotate_angle_pred": 26.000592648793173}