{"centroid": [0.35125557605334984, 0.33158864825963974, -0.01362851253373324], "extents": [0.17624708785600685, 0.5141182541847229, 0.06516563064291105], "rotate_angle": -17.2, "rotate_angle_pred": -22.535627405487546}