{"centroid": [0.40491920353049804, 0.4208058565855026, -0.003575769666742187], "extents": [0.2334903335665799, 0.5734375715255738, 0.09616452480458466], "rotate_angle": 24.51, "rotate_angle_pred": 25.442334719764162}