{"centroid": [-0.01128553334866576, 0.46821977570652956, 0.559150481050396], "extents": [0.30443537227054895, 0.02325759083032608, 0.0671971738157362], "rotate_angle": -1.97, "rotate_angle_pred": -0.7922873325690318}