{"centroid": [0.2252113925045598, 0.6160489916801452, 0.04455603537869578], "extents": [0.15221531488695264, 0.2961437106132507, 0.043010543465397996], "rotate_angle": 27.66, "rotate_angle_pred": 22.131456630171968}