{"centroid": [-0.016917608193952834, 0.7407649345695971, 0.4212880372407167], "extents": [0.5942950118213203, 0.05449441820383072, 0.061483437707911315], "rotate_angle": -0.05, "rotate_angle_pred": -0.562541776071356}