{"centroid": [-0.023762359024129577, 0.6356328725814819, -0.03153402382733248], "extents": [0.1431802053723338, 0.291353702545166, 0.037531260126904414], "rotate_angle": -33.06, "rotate_angle_pred": -33.75352933341653}