{"centroid": [-0.4863138265811249, 0.17595437169075012, 0.02263111978325626], "extents": [0.3531242880424885, 1.0679253339767456, 0.15537261845753708], "rotate_angle": 8.86, "rotate_angle_pred": 9.191285552948017}