{"centroid": [0.046522738885648784, 0.6759420819580555, -0.0006693954331673593], "extents": [0.40879823088947886, 0.04374650865793228, 0.16221371813520744], "rotate_angle": -29.74, "rotate_angle_pred": -36.918104442127984}