{"centroid": [0.2973823043520983, 0.4799296259880066, -0.0539915116234846], "extents": [0.22185237290098364, 0.5523384809494019, 0.053672260530647276], "rotate_angle": 10.83, "rotate_angle_pred": 6.349671954738241}