{"centroid": [0.3397204050817696, 0.7250839248299599, 0.2175733186143538], "extents": [0.07630332053014549, 0.060436323285102844, 0.16138956455666473], "rotate_angle": 33.14, "rotate_angle_pred": 31.847076010853925}