{"centroid": [-0.19240432715029582, 0.44270018488168705, 0.41063687381765385], "extents": [0.10534182285238758, 0.24414528906345362, 0.023133766113280607], "rotate_angle": 20.0, "rotate_angle_pred": 20.407596825986488}