{"centroid": [-0.16939617782500246, 0.13273864984512324, 0.4060207302702109], "extents": [0.03157571058287531, 0.33393019437789917, 0.03751885264902777], "rotate_angle": -20.8, "rotate_angle_pred": -22.728967299920285}