{"centroid": [-0.08711689392980562, 0.6053368449211121, 0.3598384697448453], "extents": [0.42774374877150567, 0.010087966918945424, 0.10383362729227469], "rotate_angle": -40.5, "rotate_angle_pred": -42.725145468558516}