{"centroid": [-0.07778275566536719, 0.06859403848648063, 0.3143887483559591], "extents": [0.029837876372087693, 2.0154521465301514, 0.09256982745572556], "rotate_angle": -0.99, "rotate_angle_pred": 1.4453539854736164}