{"centroid": [-0.06682485233430176, 0.06464463472366327, 0.3098246437652892], "extents": [0.05577367402790614, 2.0311005115509033, 0.0904637477711609], "rotate_angle": -7.24, "rotate_angle_pred": -3.288343925895589}