{"centroid": [-0.13533847583216085, 0.047973513603210366, 0.2765489833428048], "extents": [0.06339570303091649, 1.7252212762832642, 0.04409856838769549], "rotate_angle": 14.51, "rotate_angle_pred": 16.80069022344928}