{"centroid": [-0.20099650706650626, 0.06028366088867186, 0.25277766819306224], "extents": [0.036913410717192674, 1.6189823150634766, 0.03368184051482251], "rotate_angle": -6.98, "rotate_angle_pred": -4.571892720211039}