{"centroid": [-0.3067977050831322, 0.12259670626372085, 0.32212514342525617], "extents": [0.0001736730375088702, 0.2719615697860717, 0.0451246435368432], "rotate_angle": 23.84, "rotate_angle_pred": 24.740907382342655}