{"centroid": [-0.3618146217732942, 0.27149005234241474, 0.5372675861614619], "extents": [0.03045182005308883, 0.8415908217430115, 0.0982810581172951], "rotate_angle": -19.14, "rotate_angle_pred": -15.640343402563389}