{"centroid": [-0.5420896080154517, 0.4267079681158065, 0.5063478441983471], "extents": [0.05645514356886283, 0.546150803565979, 0.07081484891556244], "rotate_angle": -26.65, "rotate_angle_pred": -22.505895287154445}