{"centroid": [-0.018092826268689483, 0.12525919079780573, 0.2618195555645082], "extents": [0.006903395052880821, 0.5856863856315613, 0.04252374914901072], "rotate_angle": 14.6, "rotate_angle_pred": 10.268548367590014}