{"centroid": [-0.03690628079694965, 0.13540861010551447, 0.276851221509179], "extents": [0.041259079469181795, 0.6170986294746398, 0.04481629578468932], "rotate_angle": 10.0, "rotate_angle_pred": 8.30441373787896}