{"centroid": [-0.23827163951754643, 0.07592603564262382, 0.3488999655035581], "extents": [0.011855542845939343, 0.25851941108703613, 0.0462312780130239], "rotate_angle": 9.49, "rotate_angle_pred": 12.146617652841798}