{"centroid": [-0.06292203826792545, 0.7043142095208168, 0.09063773754421085], "extents": [0.565266965367746, 0.0696299821138382, 0.021861497256628004], "rotate_angle": 14.22, "rotate_angle_pred": 13.388957883200447}