{"centroid": [-0.07406901895988313, 0.19835464656352983, 0.43733049353419107], "extents": [0.0473069240410383, 0.25339773297309875, 0.08331206261764557], "rotate_angle": 30.85, "rotate_angle_pred": 33.31555587303791}