{"centroid": [0.056390886112834895, 0.20701213926076883, 0.3566036636757467], "extents": [0.039029620653170484, 0.22954632341861728, 0.07913808537858175], "rotate_angle": -22.73, "rotate_angle_pred": -21.281659578255358}