{"centroid": [-0.17624855399446995, 0.5702484548091888, 0.3893541204155964], "extents": [0.057868250757352774, 0.2815359234809876, 0.034514818962611826], "rotate_angle": -25.11, "rotate_angle_pred": -26.740619544971914}