{"centroid": [-0.11079005874119009, 0.13682853430509556, 0.409267657895458], "extents": [0.04579990413256968, 0.31656938791275024, 0.028783843273805787], "rotate_angle": -4.91, "rotate_angle_pred": -6.683638468268001}