{"centroid": [-0.03614298310701164, 0.6339289993047713, 0.5612321780259977], "extents": [0.9363108977717108, 0.006416946649551392, 0.1069454413650327], "rotate_angle": -16.52, "rotate_angle_pred": -18.832318771817256}