{"centroid": [-0.0024336762197063183, 0.3960087373852729, 0.4788926290038733], "extents": [1.0714086086775978, 0.056165888905525374, 0.10367434271157844], "rotate_angle": 36.89, "rotate_angle_pred": 34.268384687856454}