{"centroid": [-0.19003808644815962, 0.1682503074407577, 0.3570608685428202], "extents": [0.036011771278719074, 0.18854460120201114, 0.05664768213300991], "rotate_angle": -7.54, "rotate_angle_pred": -9.493314152832099}