{"centroid": [-0.18403146233159717, 0.6762848049402236, 0.37219700999930366], "extents": [0.040682658052988346, 0.19607511162757874, 0.04550586584891858], "rotate_angle": 1.7, "rotate_angle_pred": 0.7203084811064997}