{"centroid": [-0.4003012510260994, 0.5178148634731768, 0.06087044636811027], "extents": [0.07316722570352446, 0.02277979999780655, 0.15136634992128448], "rotate_angle": 7.46, "rotate_angle_pred": 6.87234303348616}