{"centroid": [0.4091300032030913, 0.5116510428488255, 0.06473516364978521], "extents": [0.05921868392583024, 0.032778449356555994, 0.15040877861999516], "rotate_angle": 36.29, "rotate_angle_pred": 38.6038322896911}