{"centroid": [0.02551505073567023, 0.6261450350284575, 0.49967108398986193], "extents": [0.9172853068541018, 0.03787142038345337, 0.09877554896904678], "rotate_angle": 6.42, "rotate_angle_pred": 3.269184379721125}