{"centroid": [0.04929389719339927, -0.11316724866628652, 0.2625643852551911], "extents": [0.5573124908605894, 0.06015895307064063, 0.022338006737817218], "rotate_angle": -34.77, "rotate_angle_pred": -33.156008353503076}