{"centroid": [0.01687462233828323, -0.11800158023834237, 0.3445320371430363], "extents": [0.01617953164648183, 0.2510340213775635, 0.020238719672701466], "rotate_angle": 36.09, "rotate_angle_pred": 33.37134466830847}