{"centroid": [-0.15608214885947003, 0.49810233712196345, 0.291838620120911], "extents": [0.17517806139302994, 0.04857271909713751, 0.06752529566757776], "rotate_angle": -11.35, "rotate_angle_pred": -14.658837289558278}