{"centroid": [-0.08526791763681868, 0.39693455770611763, 0.3652354723631529], "extents": [0.36590915873548624, 0.008727528154850062, 0.03263609852371202], "rotate_angle": -42.81, "rotate_angle_pred": -41.14336910493446}