{"centroid": [-0.06015653022251467, 0.3661653101444244, 0.3657392296178808], "extents": [0.39727098021581725, 0.011104702949523981, 0.025531761522974206], "rotate_angle": -17.67, "rotate_angle_pred": -19.959292883743146}