{"centroid": [-0.023176713287761407, 0.6180358007550238, 0.5648275127963658], "extents": [0.9305913569587435, 0.02334190905094158, 0.10208545758224596], "rotate_angle": 26.72, "rotate_angle_pred": 25.52240429611402}