{"centroid": [0.10785985550024811, 0.28644528239965433, 0.2582222829980334], "extents": [0.26030319632932547, 0.02061764895915985, 0.04158370894560648], "rotate_angle": 0.89, "rotate_angle_pred": 1.5312050369696948}