{"centroid": [-0.6367497024845555, 0.13731655478477459, 0.47155690911606524], "extents": [0.011420875855730817, 1.1164764165878296, 0.09553335663928869], "rotate_angle": 27.23, "rotate_angle_pred": 28.332138468786795}