{"centroid": [-0.0605288125946373, -0.04960014298558253, 0.9349789748233951], "extents": [0.9603753019357966, 0.019580446183681606, 0.0878856622677382], "rotate_angle": 27.25, "rotate_angle_pred": 28.19969117861612}