{"centroid": [0.0066413918589660545, -0.18604069575667392, 0.5217814695483494], "extents": [0.9942622409640571, 0.02467352896928801, 0.10067440797111216], "rotate_angle": -28.9, "rotate_angle_pred": -33.5503256587227}