{"centroid": [0.03886275004917428, 0.6717002168297768, 0.5929628029337843], "extents": [0.9443470305252508, 0.03438849747180961, 0.09311229055249248], "rotate_angle": 40.1, "rotate_angle_pred": 40.672023951050846}