{"centroid": [0.005058087319076206, 0.6239349469542502, 0.5168460755757794], "extents": [0.9615504678719362, 0.03130321204662323, 0.10331129960136737], "rotate_angle": -18.12, "rotate_angle_pred": -20.998154674349166}