{"centroid": [-0.02444383974501163, 0.6294627264142035, 0.518493683477709], "extents": [1.0279334713829962, 0.016918674111366272, 0.12868754478427813], "rotate_angle": -14.29, "rotate_angle_pred": -15.747399003505706}