{"centroid": [-0.026203007456136816, 0.38733887672424305, 0.5493030546456172], "extents": [0.8580324484225603, 0.01424163579940807, 0.08465072349265623], "rotate_angle": -15.86, "rotate_angle_pred": -18.481926015431952}