{"centroid": [-0.03339791553635485, 0.28631541877984995, 0.45054070515745476], "extents": [1.0887128358039844, 0.03609909117221838, 0.08199303780475475], "rotate_angle": 14.88, "rotate_angle_pred": 12.281855907930208}