{"centroid": [-0.07383088061491014, 0.40564528852701176, 0.6630488647685443], "extents": [0.7955915986418007, 0.022526398301124628, 0.08870410239390347], "rotate_angle": 9.88, "rotate_angle_pred": 8.170441960099751}