{"centroid": [0.05809500852149561, 0.6256816238164902, 0.49499554583004757], "extents": [0.9452216407640215, 0.05330106616020214, 0.11011537656041614], "rotate_angle": 41.25, "rotate_angle_pred": 36.05275458821181}