{"centroid": [-0.004077100949343736, 0.5950090810656546, 0.4830367792763465], "extents": [0.9222893799301766, 0.04950951039791107, 0.10116472932883108], "rotate_angle": 19.65, "rotate_angle_pred": 16.2269049390663}