{"centroid": [-0.041006222300010886, 0.7167460173368453, 0.5930006372390763], "extents": [0.8787926644216357, 0.02483174204826366, 0.11204612521247448], "rotate_angle": 14.15, "rotate_angle_pred": 14.949719098383596}