{"centroid": [0.003416048647447864, 0.604217231273651, 0.5397912534427557], "extents": [0.9790511142217091, 0.02304816246032737, 0.0993893445647745], "rotate_angle": -42.38, "rotate_angle_pred": -42.87442008998361}