{"centroid": [-0.0031059883112464076, 0.6050854958593844, 0.470567079188587], "extents": [0.9212704997458376, 0.041981108486652374, 0.09333175522607212], "rotate_angle": 1.9, "rotate_angle_pred": -1.5476512038903678}