{"centroid": [-0.11533043955535047, 0.46956143155694, 0.4839606830717133], "extents": [0.9131952746288741, 0.02709913998842245, 0.08364901150064913], "rotate_angle": -21.48, "rotate_angle_pred": -22.168997154418193}