{"centroid": [0.03318388217018311, 0.6247886829078197, 0.49230401912889116], "extents": [0.9205925405982778, 0.05519744008779537, 0.10582527450855289], "rotate_angle": 33.87, "rotate_angle_pred": 31.202715081867183}