{"centroid": [-0.1037930388911681, 0.19443777948617919, 0.6313911472649427], "extents": [0.3402070746682353, 0.0065809637308121005, 0.04321395663674088], "rotate_angle": 12.8, "rotate_angle_pred": 13.517593474204872}