{"centroid": [0.12263145531304012, 0.018551185727119376, 0.27302241614888295], "extents": [0.09075724863134756, 0.0015217214822769373, 0.03758463174289772], "rotate_angle": -41.54, "rotate_angle_pred": -33.62575136345866}