{"centroid": [0.11544567590055231, 0.005878680385649141, 0.26469885439740715], "extents": [0.08806803180039226, 0.006555587053298964, 0.035253636949609674], "rotate_angle": -28.05, "rotate_angle_pred": -24.218200149770666}