{"centroid": [0.09557411683405762, -0.015978473238647033, 0.2330602137011732], "extents": [0.08300500185341556, 0.007915809750556954, 0.03182032636204457], "rotate_angle": 5.79, "rotate_angle_pred": 7.039285016867197}