{"centroid": [0.11764970430031915, 0.010524262674152785, 0.2644505912366235], "extents": [0.09259703069297702, 0.0027239918708801443, 0.036074165484595466], "rotate_angle": -35.52, "rotate_angle_pred": -29.395723990198817}