{"centroid": [0.11006488952467552, 0.004633595235645708, 0.2688085437859493], "extents": [0.08942859516215718, 0.008026510477066054, 0.03508286137453981], "rotate_angle": -25.46, "rotate_angle_pred": -22.10807547694789}