{"centroid": [-0.20262231190433483, 0.11373889818787586, -0.4409994082531603], "extents": [0.14344520971051972, 0.01750668138265611, 0.006436232524172025], "rotate_angle": -39.92, "rotate_angle_pred": -38.330608488495216}