{"centroid": [-0.18833269799378644, 0.2243277840316295, 0.26251079377542774], "extents": [0.08484557118138406, 0.06606873124837873, 0.016761876340707582], "rotate_angle": -16.51, "rotate_angle_pred": -16.25757085071615}