{"centroid": [0.2076658785987308, 0.22800979018211365, 0.24772275501894003], "extents": [0.11038547935344437, 0.06798967719078064, 0.03487171289897706], "rotate_angle": 10.5, "rotate_angle_pred": 13.747844367090806}