{"centroid": [-0.025379669981021688, 0.24797505140304565, 0.2585113646863129], "extents": [0.08593797149378457, 0.06806513667106628, 0.03482122804669846], "rotate_angle": -2.38, "rotate_angle_pred": 0.9931591082538631}