{"centroid": [-0.12836385488637883, 0.17947398126125333, 0.2501727507536333], "extents": [0.1112690737135928, 0.0450718700885773, 0.024340641194387086], "rotate_angle": -16.78, "rotate_angle_pred": -17.098003968449405}