{"centroid": [0.10968927822100442, -0.051468096673488686, 0.40023098796841317], "extents": [0.165923935125828, 0.005103975534439101, 0.028813182781592728], "rotate_angle": 18.08, "rotate_angle_pred": 18.328312020548296}