{"centroid": [0.021838581571067613, 0.16128506883978835, 0.2998855735836736], "extents": [0.10658395603603385, 0.053239040076732635, 0.014930088511780237], "rotate_angle": -1.65, "rotate_angle_pred": -2.5920468847917135}