{"centroid": [0.05879329286560943, 0.0704995766282081, 0.2612819813274985], "extents": [0.08801733047993364, 0.002374768257141141, 0.022720638896528145], "rotate_angle": -34.01, "rotate_angle_pred": -34.30148270707094}