{"centroid": [0.05860288130394021, 0.04700265079736703, 0.2866803702169245], "extents": [0.09472009229678202, 0.0007381290197372575, 0.02606018547380945], "rotate_angle": -17.46, "rotate_angle_pred": -16.67424346454952}