{"centroid": [-0.0943007076551872, 0.16569261997938153, 0.25927770445397036], "extents": [0.04567070293943559, 0.10254460573196413, 0.02052227775098525], "rotate_angle": -32.03, "rotate_angle_pred": -31.389773448988493}