{"centroid": [-0.06542504928337738, 0.16250254586338994, 0.2478713255701534], "extents": [0.03878728217841242, 0.10011088103055954, 0.03492565378773552], "rotate_angle": -14.04, "rotate_angle_pred": -13.90056493232484}