{"centroid": [-0.18566477278176358, 0.27836962789297104, 0.2804974602293943], "extents": [0.06075748958043614, 0.09497477114200595, 0.01639282000650738], "rotate_angle": -33.78, "rotate_angle_pred": -33.435917373705244}