{"centroid": [0.04491720191238296, 0.035835064947605064, 0.45072864150817055], "extents": [0.21420774622715907, 0.03515626490116123, 0.05001592465380361], "rotate_angle": 38.67, "rotate_angle_pred": 38.1331813730699}