{"centroid": [-0.021653026700577734, 0.1235403567552566, 0.2601990505706917], "extents": [0.013855040406273, 0.1261104792356491, 0.030678898833169266], "rotate_angle": 23.91, "rotate_angle_pred": 24.183712408223656}