{"centroid": [-0.00765153119912323, 0.13980056345462796, 0.23792727459735014], "extents": [0.01581211397868543, 0.136083796620369, 0.028406316589766778], "rotate_angle": -6.77, "rotate_angle_pred": -9.015175743585019}