{"centroid": [0.37164023723566164, -0.03978256136178976, 0.608159767685944], "extents": [0.13365307153153966, 0.018599212169647234, 0.023699160138389685], "rotate_angle": 34.63, "rotate_angle_pred": 35.82785383839382}