{"centroid": [0.345328369972322, -0.0005287239328028266, 0.6090626447991442], "extents": [0.16566467402325302, 0.021766446530818953, 0.007929761018810266], "rotate_angle": -14.9, "rotate_angle_pred": -13.458277471457365}