{"centroid": [0.23241370289492955, 0.06717418879270545, 0.27578369768973365], "extents": [0.1457695640243595, 0.03269070386886599, 0.0331113631330206], "rotate_angle": -40.79, "rotate_angle_pred": -37.8179219970251}