{"centroid": [0.265508915192874, 0.05879411101341241, 0.2676472036029688], "extents": [0.12977300500224034, 0.029009059071540846, 0.035792849726007436], "rotate_angle": -17.44, "rotate_angle_pred": -19.01352985744286}