{"centroid": [0.2805171058220413, 0.03286919742822645, 0.2656011518162933], "extents": [0.09524361061454092, 0.0007093548774719446, 0.03926855332825663], "rotate_angle": 40.28, "rotate_angle_pred": 37.31552007159827}