{"centroid": [0.025387051621669435, -0.05984688922762876, 0.49682697102211715], "extents": [0.13530731224798515, 0.038391880691051504, 0.02936017145872838], "rotate_angle": 41.04, "rotate_angle_pred": 41.845129378197186}