{"centroid": [0.02621725572848941, -0.05723942071199427, 0.48057336603837225], "extents": [0.14009856907106016, 0.02262659370899202, 0.026932343320347274], "rotate_angle": 26.38, "rotate_angle_pred": 27.5981098025634}