{"centroid": [0.027279118538298158, -0.05972946807742129, 0.47549076852592165], "extents": [0.14204141253736882, 0.018817566335201284, 0.024472921666533087], "rotate_angle": 21.17, "rotate_angle_pred": 21.514896962172287}