{"centroid": [0.019363577142719402, -0.06061363965272914, 0.47147058585810936], "extents": [0.14375169231890414, 0.00014699995517730713, 0.020877018072291698], "rotate_angle": 2.34, "rotate_angle_pred": 1.5751512733389745}