{"centroid": [0.024537492857605335, 0.05054437089711418, 0.4647463734351239], "extents": [0.04973989053191677, 0.09813387691974641, 0.05070092231079337], "rotate_angle": 19.68, "rotate_angle_pred": 21.193190243341107}