{"centroid": [-0.020277914218473185, 0.057603386230766676, 0.4710982605823415], "extents": [0.04852589890921685, 0.10721085965633392, 0.05404087073708552], "rotate_angle": -31.89, "rotate_angle_pred": -33.20714938319997}