{"centroid": [-0.37300482881363345, 0.484498880803585, 0.4316959259328743], "extents": [0.23706659875809794, 0.027690157294273432, 0.04518133067680874], "rotate_angle": -34.08, "rotate_angle_pred": -35.92150102120532}