{"centroid": [-0.7347630967663338, 0.18247857689857463, 0.40394412496197585], "extents": [0.11854693095680524, 0.12186245620250702, 0.06377053154350781], "rotate_angle": 34.27, "rotate_angle_pred": 36.53939593091212}