{"centroid": [-0.12864910321300774, 0.24581843614578244, 0.2990763073886454], "extents": [0.06109461949759187, 0.043100178241729736, 0.050026402011567606], "rotate_angle": -8.53, "rotate_angle_pred": -8.090318522787413}