{"centroid": [-0.5830674063790874, 0.4989384822547436, 0.23741753574687224], "extents": [0.13625410533289883, 0.00683190673589712, 0.04021710256015448], "rotate_angle": -9.89, "rotate_angle_pred": -6.381912161986904}