{"centroid": [-0.06863172062825537, 0.6586550548672675, 0.6385005594022448], "extents": [0.2591043159775123, 0.016630664467811584, 0.05744761328584114], "rotate_angle": -6.06, "rotate_angle_pred": -5.2175281217122915}