{"centroid": [0.03615626025006673, -0.023986682295799304, 0.23382058995527064], "extents": [0.0053398609597687385, 0.29263898730278015, 0.02337427456404148], "rotate_angle": -12.12, "rotate_angle_pred": -14.418623562922264}