{"centroid": [0.0036901351349713147, 0.4301132261753082, 0.2257996405171933], "extents": [0.0038448126183799882, 0.2768580913543702, 0.025817920234194186], "rotate_angle": -41.37, "rotate_angle_pred": -42.39106065206646}