{"centroid": [0.053440107258390296, -0.0291666835546494, 0.2357373788654067], "extents": [5.343556547336009e-05, 0.2979319393634796, 0.0230793437587003], "rotate_angle": -18.84, "rotate_angle_pred": -19.552613303244726}