{"centroid": [0.04335120941973082, 0.19197963550686833, 0.2618598106029526], "extents": [0.01592361968183699, 0.29644715785980225, 0.027427916192529628], "rotate_angle": 5.62, "rotate_angle_pred": 4.452649634490001}