{"centroid": [0.2646567687352806, 0.5272149443626403, 0.430008664606059], "extents": [0.3076197408639641, 0.02359163761138916, 0.06280257356141838], "rotate_angle": -26.24, "rotate_angle_pred": -26.83186739423651}