{"centroid": [-0.32819911348675485, 0.2787821143865585, 0.44957076366247795], "extents": [0.34100425531059453, 0.0179080069065094, 0.0499098901190842], "rotate_angle": 2.48, "rotate_angle_pred": -0.8261754877506036}