{"centroid": [0.32901345984147823, 0.27638247236609437, 0.44613137620781673], "extents": [0.3072677575904943, 0.038048617541790064, 0.0513571504656698], "rotate_angle": -24.91, "rotate_angle_pred": -25.4899823052572}