{"centroid": [0.027503496390932105, -0.03710660338401799, 0.25414557860809384], "extents": [0.016692176134229256, 0.27696648240089417, 0.03465095467041379], "rotate_angle": 20.97, "rotate_angle_pred": 17.77532970366117}