{"centroid": [0.011386027817170904, 0.5569416470825671, 0.526407501705705], "extents": [0.31098216944598167, 0.01539389044046402, 0.05975176799662352], "rotate_angle": 37.12, "rotate_angle_pred": 34.73006889132458}