{"centroid": [0.06913395720573423, 0.02351149916648857, 0.3337548416227644], "extents": [0.0294078588073318, 0.46694135665893555, 0.06236696979598172], "rotate_angle": -31.69, "rotate_angle_pred": -32.611457362956024}