{"centroid": [-0.06977232466977523, 0.5695022121071814, 0.3882116285429355], "extents": [0.6660128880774295, 0.009468272328376881, 0.08646655146202264], "rotate_angle": -9.2, "rotate_angle_pred": -12.69154485386214}