{"centroid": [0.06546044624181174, -0.41436813399195677, 0.4092613152558434], "extents": [0.272079760519344, 0.02189693599939352, 0.0463417908501455], "rotate_angle": 26.4, "rotate_angle_pred": 22.939989179814347}