{"centroid": [0.021796033537422748, 0.02574833482503882, 0.4032161368549774], "extents": [0.1888088428343517, 0.015208452939987193, 0.03960114331130199], "rotate_angle": 12.61, "rotate_angle_pred": 9.119642775447502}