{"centroid": [0.016912436749949206, 0.6027830094099044, 0.5980842454566329], "extents": [0.23251605933929528, 0.0027427375316619873, 0.05807066561435992], "rotate_angle": 40.46, "rotate_angle_pred": 38.38790313017719}