{"centroid": [-0.011754588671096198, -0.3541803248226643, 0.588153287750703], "extents": [0.1933165817875635, 0.014812968671321869, 0.04415779627561067], "rotate_angle": -33.43, "rotate_angle_pred": -34.81950788033372}