{"centroid": [0.008928606314758702, -0.4129865728318692, 0.5743668192353033], "extents": [0.20933216910791874, 0.013517923653125763, 0.03398895280000569], "rotate_angle": 22.73, "rotate_angle_pred": 22.093073409493044}