{"centroid": [-0.02265488670563283, 0.11444419622421254, 0.576354618482475], "extents": [0.18491335066778303, 0.06888321042060855, 0.057229503536102344], "rotate_angle": 9.43, "rotate_angle_pred": 10.099578813930123}