{"centroid": [0.0015335334559603044, 0.5960616245865821, 0.5655030259501965], "extents": [0.23246878178940977, 0.02305944263935089, 0.0719505393071076], "rotate_angle": -43.02, "rotate_angle_pred": -42.57088374839117}