{"centroid": [0.3710592039943478, 0.39800804108381266, 0.41428574099786697], "extents": [0.25604415632304434, 0.014452740550041199, 0.045393855607247235], "rotate_angle": -5.68, "rotate_angle_pred": -7.732496941157962}