{"centroid": [-0.3738821305727039, 0.34366124868392933, 0.4513652308745223], "extents": [0.27337884738992346, 0.007017552852630671, 0.039493515850665906], "rotate_angle": 34.06, "rotate_angle_pred": 34.664008268920256}