{"centroid": [0.6332676635107239, -0.3238440454006196, 0.38148456693889243], "extents": [0.12873363381209324, 0.3091855049133301, 0.06548427732584872], "rotate_angle": -42.23, "rotate_angle_pred": -37.39083720861335}