{"centroid": [0.7483430537422736, -0.3897073864936829, 0.28655751630834886], "extents": [0.1172809060287866, 0.11945736408233643, 0.04999858804996987], "rotate_angle": -16.04, "rotate_angle_pred": -15.179013923666645}