{"centroid": [0.023276187793173614, -0.0542740374803544, 0.5235656004236091], "extents": [0.28777956199548754, 0.014870017766952556, 0.05129439247740075], "rotate_angle": 34.52, "rotate_angle_pred": 31.014807090722428}