{"centroid": [0.0026539214599282657, -0.3882365301251412, 0.5441125306977337], "extents": [0.2936271097670143, 0.006318971514701843, 0.046741373305813516], "rotate_angle": 16.35, "rotate_angle_pred": 15.39611134910993}