{"centroid": [-0.4429890037790371, -0.5464674904942513, 0.41753692291255007], "extents": [0.17147025891919448, 0.002281770110130421, 0.05188093090786322], "rotate_angle": -14.91, "rotate_angle_pred": -16.300147247010003}