{"centroid": [-0.034963577669536894, 0.539830271154642, 0.506116248582768], "extents": [0.35934090730025997, 0.014050014317035675, 0.06148657967577287], "rotate_angle": 44.34, "rotate_angle_pred": 41.233308235510634}