{"centroid": [-0.011130622285810604, 0.1998895145952701, 0.5171452533306766], "extents": [0.3000611417983595, 0.020460851490497617, 0.06328293793221562], "rotate_angle": 32.27, "rotate_angle_pred": 30.55576745110828}