{"centroid": [-0.005766034693945342, 0.3555196449160576, 0.4277613548018906], "extents": [0.7957070936194699, 0.01160366833209997, 0.07982691992333768], "rotate_angle": -6.99, "rotate_angle_pred": -8.575943400472312}