{"centroid": [0.054678817613825356, 0.6428143456578254, 0.5862250588026237], "extents": [0.17918569046003469, 0.08575870096683502, 0.06554354054065037], "rotate_angle": 1.19, "rotate_angle_pred": 2.8098743299174345}