{"centroid": [-0.042306554830935546, -0.1852970868349076, 0.42139848189878615], "extents": [0.7959870010614318, 0.03328236937522902, 0.07024627100005254], "rotate_angle": -36.12, "rotate_angle_pred": -37.18900846931229}