{"centroid": [0.7375732759986025, -0.3881648108363152, 0.2478372689032397], "extents": [0.2586668982749075, 0.07444490492343908, 0.045250876949790325], "rotate_angle": -29.61, "rotate_angle_pred": -29.63486909494803}