{"centroid": [0.008736956229448305, 0.6831352077424526, 0.3872789767945835], "extents": [0.8119400717466485, 0.018419377505779377, 0.09010061597027047], "rotate_angle": 17.23, "rotate_angle_pred": 16.299740305341572}