{"centroid": [0.03863515918231384, 0.5613134279847144, 0.5437899874414172], "extents": [0.30050956854266453, 0.0255555659532547, 0.047409995840302366], "rotate_angle": -33.18, "rotate_angle_pred": -33.71049813061861}