{"centroid": [0.1948334250846361, -0.00429391115903866, 0.5250354350851049], "extents": [0.1591469918743676, 0.12840351462364197, 0.05851991010981922], "rotate_angle": -4.24, "rotate_angle_pred": -5.95195763261863}