{"centroid": [-0.3127730645272939, 0.564659185707569, 0.4859174894844197], "extents": [0.5377597942197396, 0.02344559133052826, 0.05800401563245844], "rotate_angle": 14.24, "rotate_angle_pred": 15.374120114665558}