{"centroid": [-0.008083906432882355, 0.820838190615177, 0.5435807065172225], "extents": [0.20106429260625422, 0.012321516871452332, 0.06160003441626494], "rotate_angle": 25.3, "rotate_angle_pred": 23.93294081879249}