{"centroid": [0.02386831083637196, 0.5578939281404017, 0.5229559390712802], "extents": [0.24658322374480854, 0.038322918117046356, 0.06102207685522387], "rotate_angle": 37.72, "rotate_angle_pred": 37.76410952669298}