{"centroid": [-0.007347552854228209, 0.32164102047681803, 0.4731308177640852], "extents": [0.6068477593358912, 0.027991279959678705, 0.05961972810978544], "rotate_angle": 19.45, "rotate_angle_pred": 18.6499501829408}