{"centroid": [-0.3164551713650229, -0.10271522402763374, 0.5151840198379726], "extents": [0.0029635429909689592, 0.6422625184059143, 0.06994811569947496], "rotate_angle": -21.06, "rotate_angle_pred": -22.77367494806016}