{"centroid": [0.5164383258875571, -0.5104582235217094, 0.3500292549335699], "extents": [0.14044930248656678, 0.11404241621494288, 0.06144515888415175], "rotate_angle": 12.74, "rotate_angle_pred": 16.851136095415384}