{"centroid": [0.7685656079590858, -0.47355462610721594, 0.2983820691008867], "extents": [0.08578705873583814, 0.09058889746665955, 0.06401179795007], "rotate_angle": -26.53, "rotate_angle_pred": -25.370337922278978}