{"centroid": [0.0018960943318759066, -0.20853108167648318, 0.2703443720223231], "extents": [0.013123422991795919, 0.2710949182510376, 0.02217499561340258], "rotate_angle": 35.37, "rotate_angle_pred": 30.860325287732593}