{"centroid": [0.0018392896828931548, 0.3244380950927734, 0.2740935021880314], "extents": [0.01740226133863604, 0.29531627893447876, 0.024541266041189058], "rotate_angle": -44.1, "rotate_angle_pred": -46.84461867112092}