{"centroid": [0.015831757389822895, -0.17995798587799075, 0.22399934432125224], "extents": [0.003173068217303952, 0.2832452058792114, 0.027573092357025902], "rotate_angle": -11.19, "rotate_angle_pred": -15.173633129254284}