{"centroid": [-0.05772078856299289, 0.03125783801078788, 0.40771792808535245], "extents": [0.03361734847134235, 0.3908224105834961, 0.05531891226172231], "rotate_angle": -25.66, "rotate_angle_pred": -27.102518415231856}