{"centroid": [0.3072555945000172, 0.49822878837585444, 0.45233931213974077], "extents": [0.46562559288754507, 0.003292798995971735, 0.05750713233086768], "rotate_angle": -21.8, "rotate_angle_pred": -22.4568643682896}