{"centroid": [0.044322093829762745, 0.03318394720554345, 0.462730526216456], "extents": [0.030833228345424256, 0.3736642599105835, 0.04837120155390606], "rotate_angle": 40.99, "rotate_angle_pred": 42.6737138693193}