{"centroid": [0.34947949751765656, 0.5196851417422295, 0.38415090305484456], "extents": [0.09310258205130562, 0.0313558429479599, 0.05199192478439668], "rotate_angle": 35.17, "rotate_angle_pred": 32.516499696139036}