{"centroid": [-0.36185105317150085, 0.5447245016694068, 0.4267024780585089], "extents": [0.1415434633407267, 0.011592194437980652, 0.05761453528389482], "rotate_angle": -13.97, "rotate_angle_pred": -14.491215322390502}