{"centroid": [0.2801163832105358, 0.173028990626335, 0.54737064352097], "extents": [0.11188538654729496, 0.1293108612298966, 0.0730424914306399], "rotate_angle": -30.3, "rotate_angle_pred": -29.91767316564698}