{"centroid": [0.019002756841121363, 0.06991817057132715, 0.3872415015340422], "extents": [0.01256224571337615, 0.4021567106246948, 0.05598864591606012], "rotate_angle": -43.64, "rotate_angle_pred": -40.70388631613001}