{"centroid": [-0.2199457791461329, 0.03134503960609425, 0.4794243878120995], "extents": [0.24379914046196685, 0.21710218489170074, 0.05476223425557303], "rotate_angle": 12.15, "rotate_angle_pred": 7.8179685846287725}