{"centroid": [-0.06390427159282805, 0.2792245298624038, 0.47949152904240777], "extents": [0.408505007481873, 0.0006372630596161444, 0.05272811841725278], "rotate_angle": 32.12, "rotate_angle_pred": 33.71501237455121}