{"centroid": [0.018234142570459654, 0.6000619530677794, 0.4385098270698334], "extents": [0.5025994764267417, 0.004503726959228516, 0.08539351053100153], "rotate_angle": -13.71, "rotate_angle_pred": -17.29448812657536}