{"centroid": [0.04351728411158989, 0.705390527844429, 0.5629186698285225], "extents": [0.49061030563964636, 0.10545757412910473, 0.0760118818744685], "rotate_angle": 43.51, "rotate_angle_pred": 38.81004620388617}