{"centroid": [-0.06517460890933102, -0.052316054701805226, 0.4793861919869394], "extents": [0.3795599988328765, 0.0004633516073227206, 0.0586592637416673], "rotate_angle": -9.03, "rotate_angle_pred": -9.120467548499334}