{"centroid": [-0.04792003644252454, -0.36835919693112373, 0.45004853509394765], "extents": [0.3904513753456056, 0.02910896390676504, 0.06486991108929929], "rotate_angle": -38.09, "rotate_angle_pred": -38.28111710054133}