{"centroid": [-0.6642620838038973, -0.5385223180055619, 0.35134572981010304], "extents": [0.14684675986310403, 0.00636926293373119, 0.07164285503893131], "rotate_angle": 42.23, "rotate_angle_pred": 37.61918185753167}