{"centroid": [0.0752980777281948, 0.6309937015175818, 0.6051588570249278], "extents": [0.16471077984774563, 0.09966261684894562, 0.053355747535815956], "rotate_angle": 31.49, "rotate_angle_pred": 30.370937824063233}