{"centroid": [-0.0029086279154346695, -0.08851928263902675, 0.6127080409981625], "extents": [1.0620769356533024, 0.01481536030769362, 0.07829788396676929], "rotate_angle": -30.48, "rotate_angle_pred": -34.03905129633017}