{"centroid": [0.014170858599422284, -0.14207837730646145, 0.5717072883722939], "extents": [1.0645668657085987, 0.031852737069130055, 0.09111321101220227], "rotate_angle": 29.07, "rotate_angle_pred": 29.010500823393514}