{"centroid": [0.011525449180557298, 0.35445399582386017, 0.6175486321019074], "extents": [1.0312798692475935, 0.026675492525100875, 0.0928317559385069], "rotate_angle": 41.83, "rotate_angle_pred": 42.661690059885814}