{"centroid": [-0.6331835811971841, 0.27835539728403086, 0.32071548309362335], "extents": [0.48548444185557527, 0.0019086748361587524, 0.05394556271130713], "rotate_angle": 17.68, "rotate_angle_pred": 16.308507949363218}