{"centroid": [0.06894223230599546, 0.26077780872583384, 0.23364672275315013], "extents": [0.16526460915755214, 0.089479461312294, 0.051056210780120126], "rotate_angle": -32.55, "rotate_angle_pred": -33.415507388173324}