{"centroid": [0.48039038789686395, 0.3034822419285774, 0.3369637235940769], "extents": [0.5345528051966615, 0.031249597668647877, 0.06756525393432222], "rotate_angle": 32.91, "rotate_angle_pred": 33.53182343877232}