{"centroid": [-0.020551751438744745, -0.35916069895029074, 0.5371072277705211], "extents": [0.44549143754530585, 0.02129589021205902, 0.05930625705904158], "rotate_angle": 2.92, "rotate_angle_pred": 3.148845502276572}