{"centroid": [0.8789251357126744, -0.2707885503768921, 0.19284487284479052], "extents": [0.11005958375205038, 0.16188865900039673, 0.04010897577195768], "rotate_angle": 7.87, "rotate_angle_pred": 7.496202690703498}