{"centroid": [-0.396710192001845, 0.6604760140180588, 0.5285520139669544], "extents": [0.2609499339279325, 0.003063708543777577, 0.05872653299580427], "rotate_angle": -36.11, "rotate_angle_pred": -34.76675365400501}