{"centroid": [0.6629005787145127, -0.4500586017966271, 0.2859031024551839], "extents": [0.10638905874768312, 0.1406296044588089, 0.06049298016264404], "rotate_angle": -12.09, "rotate_angle_pred": -12.89632535185416}