{"centroid": [-0.35637872535395954, 0.4860415533185004, 0.5217590879831114], "extents": [0.4104309687467656, 0.003038123250007685, 0.04891579981908534], "rotate_angle": 33.13, "rotate_angle_pred": 33.074713753092155}