{"centroid": [0.34686406176456325, 0.4954938516020774, 0.5056863585745409], "extents": [0.3996818158518315, 0.00531627237796789, 0.04972625266826669], "rotate_angle": -11.52, "rotate_angle_pred": -14.800283442076292}