{"centroid": [-0.012939298991200943, 0.37629652023315424, 0.4849695654705632], "extents": [0.014653280406497125, 0.28844231367111206, 0.03189567855376191], "rotate_angle": 19.67, "rotate_angle_pred": 18.57163091698726}