{"centroid": [0.015374955450713212, 0.1611426658928393, 0.4282469897438011], "extents": [0.1868509662177612, 0.028853870928287534, 0.040817156695043155], "rotate_angle": 16.32, "rotate_angle_pred": 14.607827230111027}