{"centroid": [0.28524996907027383, 0.575375061482191, 0.4698032167462788], "extents": [0.4409460532985656, 0.012464605271816254, 0.06224586594018161], "rotate_angle": -8.34, "rotate_angle_pred": -9.082776905112823}