{"centroid": [0.009135457429705673, -0.33068064227700233, 0.4342256942896367], "extents": [0.25316100700254707, 0.04537975043058401, 0.03947964960205014], "rotate_angle": -12.67, "rotate_angle_pred": -14.54737237579657}