{"centroid": [-0.3606110513685927, 0.5630283579230307, 0.4712232266319698], "extents": [0.4942231930006786, 0.0005191117525101818, 0.06698529229351624], "rotate_angle": -32.4, "rotate_angle_pred": -34.38581632714276}