{"centroid": [0.014007254147281217, -0.08959408849477778, 0.4258953430221589], "extents": [0.22578216674290436, 0.02769163250923158, 0.053107215978360545], "rotate_angle": 12.58, "rotate_angle_pred": 10.064030411719784}