{"centroid": [0.812898230813287, -0.3370514586567879, 0.2898546965353019], "extents": [0.0868112987112789, 0.14728252589702606, 0.04839170839512158], "rotate_angle": 20.1, "rotate_angle_pred": 22.47385452610024}