{"centroid": [-0.3458515413913997, 0.32241981476545334, 0.5474881133323931], "extents": [0.057064765438977094, 0.18090693652629858, 0.059568205277309216], "rotate_angle": -11.65, "rotate_angle_pred": -8.925644964214158}