{"centroid": [0.032986993058438004, -0.015279412269592334, 0.26818963669193413], "extents": [0.015560269234779728, 0.3018864393234253, 0.029911661288012092], "rotate_angle": 3.91, "rotate_angle_pred": 2.2574896608967094}