{"centroid": [0.043618688935015235, 0.31189104914665217, 0.3080952546397206], "extents": [0.026513501659474924, 0.3028374910354614, 0.03156661946552397], "rotate_angle": 41.84, "rotate_angle_pred": 41.65458192898927}