{"centroid": [0.6937990925584413, -0.406640723347664, 0.2729551181280648], "extents": [0.11464432443454164, 0.09445825219154369, 0.045786983531949266], "rotate_angle": -6.46, "rotate_angle_pred": -6.483579133799452}