{"centroid": [0.3368867204430255, -0.42533087730407715, 0.39631522594372415], "extents": [0.49082624546124476, 0.10755419731140142, 0.08095887988018219], "rotate_angle": 28.69, "rotate_angle_pred": 31.319789034168565}