{"centroid": [-0.19404912026593685, -0.29874338209629064, 0.2697448234699341], "extents": [0.013486504410929384, 0.2869255244731903, 0.029488430975329327], "rotate_angle": -28.3, "rotate_angle_pred": -28.967111843313674}