{"centroid": [-0.01933535369382479, 0.19237841293215743, 0.6053203585725837], "extents": [0.17614346475611137, 0.022426985204219874, 0.05591165562153244], "rotate_angle": -17.94, "rotate_angle_pred": -18.01448683257341}