{"centroid": [0.05102191812171275, 0.2892729714512824, 0.5222651483792298], "extents": [0.03438998667775908, 0.4370976686477661, 0.0475706743524848], "rotate_angle": 0.42, "rotate_angle_pred": -1.4132699960786965}