{"centroid": [-0.05715117851578965, 0.30946514755487436, 0.49540540055131344], "extents": [0.0008731037215152782, 0.4586554169654846, 0.060420001659214406], "rotate_angle": -36.02, "rotate_angle_pred": -35.699891649802375}