{"centroid": [0.4866356949961814, -0.26687958836555487, 0.35563121880901605], "extents": [0.1365156200289716, 0.40191495418548595, 0.058408909683366594], "rotate_angle": 35.74, "rotate_angle_pred": 35.28803596566}