{"centroid": [-0.05031503134420702, 0.3134950473904609, 0.4928383822320522], "extents": [0.37187605679317093, 0.06699825823307043, 0.0526646593268742], "rotate_angle": 41.95, "rotate_angle_pred": 39.48031406267802}