{"centroid": [-0.3569246699976285, 0.5739813968539237, 0.49250027613143543], "extents": [0.46341356047919713, 0.0034698396921157837, 0.053632813757589715], "rotate_angle": 25.04, "rotate_angle_pred": 28.424158714169906}