{"centroid": [0.5697952855434673, -0.41759086400270456, 0.3411846838837256], "extents": [0.04965781993259666, 0.10754971206188207, 0.06543750833953754], "rotate_angle": 37.98, "rotate_angle_pred": 39.64899534120275}