{"centroid": [-0.05535730676578081, 0.8095065429806708, 0.6153926655706281], "extents": [0.5777388755446308, 0.04380546510219574, 0.07741620317016795], "rotate_angle": 7.15, "rotate_angle_pred": 8.461457932058224}