{"centroid": [0.4749801012151318, -0.4224795214831829, 0.3706196778643167], "extents": [0.4033045790789045, 0.1090101376175881, 0.09118685176162344], "rotate_angle": 33.99, "rotate_angle_pred": 33.71739073654106}