{"centroid": [0.74986875138715, -0.2808249592781068, 0.3625796290780423], "extents": [0.01457032569217065, 0.29685139656066906, 0.06654970384032416], "rotate_angle": 2.15, "rotate_angle_pred": 4.908881275507653}