{"centroid": [0.2695897662821325, -0.028392314910888783, 0.6171118965847132], "extents": [0.010539844575015334, 0.5148186683654785, 0.06497333163565622], "rotate_angle": 17.46, "rotate_angle_pred": 21.72389806604575}