{"centroid": [-0.25302285757550885, -0.12345981597900393, 0.2857570343081597], "extents": [0.00033730268837062205, 0.3809243440628052, 0.040142674425912794], "rotate_angle": -30.62, "rotate_angle_pred": -25.991694293757718}