{"centroid": [-0.4174289436713902, 0.11775532737374297, 0.2938119337259538], "extents": [0.04883290784155159, 0.15410621464252472, 0.03037026870256032], "rotate_angle": 5.35, "rotate_angle_pred": 5.998350127787106}