{"centroid": [-0.21705761779872196, 0.12225209176540372, 0.2533922445568574], "extents": [0.048445664610543615, 0.17119383811950684, 0.05055100125833553], "rotate_angle": -24.98, "rotate_angle_pred": -22.99268189387996}