{"centroid": [-0.6001335722440586, 0.4620825983583927, 0.2259301174640017], "extents": [0.12616412347655293, 0.00760854035615921, 0.04280049355894042], "rotate_angle": -26.53, "rotate_angle_pred": -20.693734278949364}