{"centroid": [0.5435908796385783, 0.37199008837342257, 0.25712960506845406], "extents": [0.12504953331017554, 0.07290411740541458, 0.03904267085745866], "rotate_angle": -4.3, "rotate_angle_pred": -2.420688938959273}