{"centroid": [-0.09312092890546321, 0.08290505036711687, 0.27799709823688196], "extents": [0.011911437205946507, 0.19807946681976318, 0.03830845747454387], "rotate_angle": 38.71, "rotate_angle_pred": 38.84678604889493}