{"centroid": [0.2857052734620168, 0.507239080965519, 0.3854392513035262], "extents": [0.28636121568054085, 0.055337861180305536, 0.060865841419470046], "rotate_angle": 34.24, "rotate_angle_pred": 31.796961648972115}