{"centroid": [-0.3195437020326925, 0.4857448786497116, 0.44874990508941537], "extents": [0.276102429761409, 0.02597740292549139, 0.046931256644557606], "rotate_angle": -33.68, "rotate_angle_pred": -34.08456977916111}