{"centroid": [0.009982194309986302, 0.11231877002865066, 0.4412094816181158], "extents": [0.007978245483351677, 0.23215343058109286, 0.03172471321543219], "rotate_angle": -9.72, "rotate_angle_pred": -9.862480642210471}