{"centroid": [-0.294831533649208, 0.32495978474617, 0.5321285066442866], "extents": [0.03222230039561513, 0.22134813666343692, 0.06300923155465554], "rotate_angle": 2.89, "rotate_angle_pred": 6.675964039598483}