{"centroid": [-0.3278989178315191, 0.4370440691709518, 0.4413844363845148], "extents": [0.21234511286414032, 0.007804960012435913, 0.03647807317348445], "rotate_angle": 34.32, "rotate_angle_pred": 34.15747509772896}