{"centroid": [0.4123912831980399, 0.4938852190971374, 0.3139163142793637], "extents": [0.13532706029345448, 0.03858429193496704, 0.059892961770682096], "rotate_angle": 21.93, "rotate_angle_pred": 21.559994031264083}