{"centroid": [-0.3690912082244093, 0.5289688110351562, 0.33511068750909656], "extents": [0.15130086235420198, 0.002355217933654785, 0.050174940351831565], "rotate_angle": -39.65, "rotate_angle_pred": -35.350755939737724}