{"centroid": [0.30401379086457736, 0.3395196795463561, 0.3648355087399342], "extents": [0.5961446810395876, 0.08154547214508068, 0.06370886466872289], "rotate_angle": -41.89, "rotate_angle_pred": -42.621236393427694}