{"centroid": [0.03271316685696679, 0.6715050488710402, 0.3929731348351584], "extents": [0.6159403203065505, 0.04880872368812572, 0.04935721210982458], "rotate_angle": -34.72, "rotate_angle_pred": -40.27373539308807}