{"centroid": [-0.3903436283679089, -0.4994464293122292, 0.3546306373009671], "extents": [0.3202677598023421, 0.000766262412071228, 0.07024436292448544], "rotate_angle": -14.26, "rotate_angle_pred": -12.751987217102496}