{"centroid": [0.019685412958008346, 0.3889889791607857, 0.3898521180748822], "extents": [0.8323972263937849, 0.003914132714271601, 0.061413735437176376], "rotate_angle": 7.64, "rotate_angle_pred": 5.840701892132074}