{"centroid": [-0.4680312345409905, 0.3739230707287788, 0.3803351614793342], "extents": [0.6127265756885649, 0.014672473073005732, 0.07043220177651516], "rotate_angle": -2.42, "rotate_angle_pred": -2.9901689364267696}