{"centroid": [0.32679469300788033, -0.08965334296226501, 0.3811630891436556], "extents": [0.11286968003987491, 0.5080152750015259, 0.03753841672093944], "rotate_angle": 40.93, "rotate_angle_pred": 35.76553384375491}