{"centroid": [-0.002672795584386989, 0.0034522311761974477, 0.36540320036582846], "extents": [0.6350379624706174, 0.019247792661190064, 0.07346010997708352], "rotate_angle": -4.96, "rotate_angle_pred": -5.8373457894757905}