{"centroid": [-0.0066896305442731285, 0.27826589718461026, 0.38730577872016647], "extents": [0.6420136590718004, 0.012596197426319178, 0.07269146925890368], "rotate_angle": -26.45, "rotate_angle_pred": -29.084527222248546}