{"centroid": [0.5812968548912942, -0.4247464612126351, 0.27798665245770293], "extents": [0.16333351351319364, 0.09106861054897314, 0.05741219356754271], "rotate_angle": -36.71, "rotate_angle_pred": -36.65112273093946}