{"centroid": [0.013469945333945028, -0.27256341278553015, 0.37437239751117285], "extents": [0.6759880701537729, 0.035610646009445246, 0.06866766431498877], "rotate_angle": 20.32, "rotate_angle_pred": 18.48560053861229}