{"centroid": [0.04403478273467211, 0.5870918333530425, 0.44410169902159874], "extents": [0.27325757857669775, 0.03390687704086304, 0.05917474150954366], "rotate_angle": 27.69, "rotate_angle_pred": 24.65553303713976}