{"centroid": [-0.7311268237407922, 0.15534006059169753, 0.4360786759228483], "extents": [0.08902919379924268, 0.15802115201950076, 0.06935188242388401], "rotate_angle": 18.64, "rotate_angle_pred": 23.06245562090818}