{"centroid": [0.005298284712166595, -0.05370806157588962, 0.26206485144315306], "extents": [0.033926739435834755, 0.2698402404785156, 0.025889459346568777], "rotate_angle": 31.33, "rotate_angle_pred": 26.56401873798373}