{"centroid": [-0.4115177572159076, 0.2736957520246505, 0.4602641498214312], "extents": [0.14147054835340472, 0.022472769021987915, 0.05461880443562045], "rotate_angle": 11.86, "rotate_angle_pred": 14.934278860628254}