{"centroid": [0.0263469099616058, 0.39631757140159607, 0.2444804216838933], "extents": [0.025269895563570337, 0.26178008317947393, 0.029446355732324236], "rotate_angle": 13.44, "rotate_angle_pred": 11.579098015430105}