{"centroid": [0.03218469433665708, -0.020830050110817004, 0.26095147889148546], "extents": [0.037797316547180985, 0.2684522867202759, 0.025073185323180203], "rotate_angle": 27.54, "rotate_angle_pred": 24.378003528043223}