{"centroid": [0.044976793962402534, 0.6532611288130282, 0.4329221729102818], "extents": [0.16419580202308398, 0.0371786430478096, 0.058503004312164986], "rotate_angle": -10.82, "rotate_angle_pred": -13.431361820788695}