{"centroid": [-0.027072096177995414, 0.631912812590599, 0.5921778335383726], "extents": [0.43160620942004146, 0.004104524850845337, 0.06426252515576536], "rotate_angle": -30.36, "rotate_angle_pred": -30.158446307557497}