{"centroid": [-0.030454300584617622, -0.29577682167291647, 0.5596867601351732], "extents": [0.4341447111843433, 0.007876649498939514, 0.06128229280598463], "rotate_angle": 8.45, "rotate_angle_pred": 9.457088762918133}