{"centroid": [-0.018573367224068268, 0.02378917858004561, 0.5572475386970981], "extents": [0.4018942274437062, 0.010998323559761117, 0.05652942728934096], "rotate_angle": -41.67, "rotate_angle_pred": -42.17054052654798}