{"centroid": [-0.38960019125602885, -0.6911303475499154, 0.42021922574202797], "extents": [0.27482530891343626, 0.0022830814123153687, 0.05715702188247801], "rotate_angle": 43.99, "rotate_angle_pred": 38.59532484783327}