{"centroid": [0.08250536336851388, 0.4429784417152404, 0.33023275127237167], "extents": [0.01106481279965904, 0.33158582448959345, 0.046565556124584295], "rotate_angle": 13.34, "rotate_angle_pred": 14.228155956516247}