{"centroid": [-0.014577657411318303, -0.07212729752063755, 0.3189343685199006], "extents": [0.014063477467787333, 0.36070379614830017, 0.03921934576249747], "rotate_angle": 37.28, "rotate_angle_pred": 37.44669774135984}