{"centroid": [-0.027127048236423583, 0.4185641705989837, 0.31089908087060486], "extents": [0.045394853453221626, 0.333387017250061, 0.028075825853320968], "rotate_angle": -14.56, "rotate_angle_pred": -13.864163464235176}