{"centroid": [0.038000129816163165, -0.034058794379234356, 0.32379468058117533], "extents": [0.009934708134161509, 0.36824947595596313, 0.039886175213459774], "rotate_angle": 36.05, "rotate_angle_pred": 38.69538471383518}