{"centroid": [-0.06713869656231959, 0.10867924988269796, 0.6377495145418822], "extents": [1.1559768049913899, 0.012252181768417456, 0.09278507793021462], "rotate_angle": -17.98, "rotate_angle_pred": -18.805303806710825}