{"centroid": [0.16042372618995815, -0.010021798312664124, 0.4102972282818184], "extents": [0.18800577586458092, 0.022781871259212504, 0.04813886450517346], "rotate_angle": -4.71, "rotate_angle_pred": -4.624446097939838}