{"centroid": [-0.23092658226051915, -0.30775853991508484, 0.3096532149075753], "extents": [0.0036605297902910783, 0.33114427328109736, 0.03797824616871531], "rotate_angle": 8.75, "rotate_angle_pred": 6.417065325185618}