{"centroid": [-0.2884211037206495, -0.34156533330678945, 0.44266381442993485], "extents": [0.20247671418975607, 0.03954567015171051, 0.043747425967068154], "rotate_angle": -29.93, "rotate_angle_pred": -29.85447371598815}