{"centroid": [-0.26089521089440026, -0.4491920471191406, 0.31646858938954314], "extents": [0.006372407050706519, 0.30225610733032227, 0.04377035404855745], "rotate_angle": 9.49, "rotate_angle_pred": 7.483826832390363}