{"centroid": [0.318474004855566, 0.565083049237728, 0.41237876331511786], "extents": [0.1977318417087579, 0.034999534487724304, 0.06356893610943576], "rotate_angle": -0.38, "rotate_angle_pred": -1.7592905557157508}