{"centroid": [0.05192342091936613, 0.6378657110035418, 0.468155736322328], "extents": [0.18477629542213375, 0.04051325470209122, 0.05546483150155446], "rotate_angle": 0.87, "rotate_angle_pred": -0.24499687850855878}