{"centroid": [-0.0587972160625584, 0.05722251534461967, 0.35903316275210917], "extents": [0.07149978635030828, 0.4477306008338928, 0.06306331523511505], "rotate_angle": 7.05, "rotate_angle_pred": 8.416614610208285}