{"centroid": [0.008417004669598674, 0.059148371219634954, 0.3951235046539945], "extents": [0.056269116183350135, 0.4357675313949585, 0.05954317321378633], "rotate_angle": 41.67, "rotate_angle_pred": 39.40698835423973}