{"centroid": [0.010780399088950288, 0.5378332287073134, 0.4323573976867463], "extents": [0.18587814041784906, 0.026153236627578735, 0.05788871946931007], "rotate_angle": -36.75, "rotate_angle_pred": -33.310153062735495}