{"centroid": [0.10045911513776071, -0.08015760406851775, 0.39635412329692254], "extents": [0.27918983155182026, 0.025489248335361522, 0.05772629141966046], "rotate_angle": 42.93, "rotate_angle_pred": 33.66934992746529}