{"centroid": [0.008333843218050044, -0.2610950767993928, 0.6260643099328134], "extents": [1.0800018270972416, 0.018077254295349288, 0.08111117005429003], "rotate_angle": -40.99, "rotate_angle_pred": -44.90113895749463}