{"centroid": [-0.00940219874521342, 0.46351216733455647, 0.6016840087450166], "extents": [1.1218128114239376, 0.01627758145332342, 0.08970501946875609], "rotate_angle": -2.21, "rotate_angle_pred": -4.534269566596933}