{"centroid": [0.7583626345269507, -0.12987029552459736, 0.3784411047003828], "extents": [0.029011592948273157, 0.39852386713027954, 0.05797523395870141], "rotate_angle": -41.32, "rotate_angle_pred": -39.383109966815155}