{"centroid": [0.8051608966121476, 0.02721014618873579, 0.42235250788956025], "extents": [0.03336393921437286, 0.4925342798233032, 0.05580698101359444], "rotate_angle": -21.29, "rotate_angle_pred": -21.278228604880184}