{"centroid": [0.5882405251571285, -0.3378045558929444, 0.36772820240969306], "extents": [0.07116654604031247, 0.5101258754730225, 0.06121528597532949], "rotate_angle": -18.05, "rotate_angle_pred": -13.131880905089702}