{"centroid": [0.6978240729653018, -0.15442657470703142, 0.3859086559648999], "extents": [0.07031159198015902, 0.30002206563949585, 0.09645678233431704], "rotate_angle": -26.96, "rotate_angle_pred": -23.77539690935737}