{"centroid": [0.5925076294907845, -0.5826450437307357, 0.33208907255073483], "extents": [0.09678203983390654, 0.11142542958259583, 0.04401469432986416], "rotate_angle": 31.41, "rotate_angle_pred": 31.420376356966997}