{"centroid": [-0.35202020208765944, -0.11499571800231949, 0.46956052588057334], "extents": [0.08642288288325461, 0.4940271973609925, 0.06738695495193936], "rotate_angle": 37.73, "rotate_angle_pred": 38.14654924610653}