{"centroid": [0.30324896091673936, 0.3186331540346145, 0.36452795398830545], "extents": [0.6348465563511286, 0.05118551850318914, 0.06666333104898581], "rotate_angle": -19.52, "rotate_angle_pred": -20.59703673326642}