{"centroid": [-0.6427203527555612, 0.4454772248864173, 0.3043012112490777], "extents": [0.2150625163506258, 0.01950384676456457, 0.03172092547695421], "rotate_angle": 35.08, "rotate_angle_pred": 33.80711498139519}