{"centroid": [-0.05154579800101759, 0.033160164952278054, 0.37862650205572146], "extents": [0.04956913814227833, 0.38241177797317505, 0.05755199951335488], "rotate_angle": 13.96, "rotate_angle_pred": 12.405946945048512}