{"centroid": [-0.3573286535831429, 0.037210442125797216, 0.2936548126823373], "extents": [0.03454323210137955, 0.3208494782447815, 0.05289309620638838], "rotate_angle": -1.09, "rotate_angle_pred": -2.392976367188595}