{"centroid": [0.39511708375028654, -0.0014506578445434778, 0.22325212401996805], "extents": [0.059811189955091104, 0.3737140297889709, 0.051540501574624364], "rotate_angle": 14.16, "rotate_angle_pred": 15.08705441756409}