{"centroid": [-0.4264157778300795, 0.3176632598042487, 0.36594926046207404], "extents": [0.676012975423456, 0.004536375403404291, 0.06334724858933533], "rotate_angle": 2.19, "rotate_angle_pred": -0.5840231054303757}