{"centroid": [0.6408168652661242, 0.3902247585356235, 0.21445610867726725], "extents": [0.21191649660332235, 0.03650224953889847, 0.043091976212738914], "rotate_angle": 6.09, "rotate_angle_pred": 2.50767818205604}