{"centroid": [-0.12430475156050441, 0.00823393464088432, 0.30862151764227863], "extents": [0.03782664187871086, 0.3167102336883545, 0.055828186854069095], "rotate_angle": 3.71, "rotate_angle_pred": 5.350379540152943}