{"centroid": [-0.4018105964153531, 0.04103456437587734, 0.44960302716058115], "extents": [0.02466510231527641, 0.36242836713790894, 0.055323660267467656], "rotate_angle": -34.96, "rotate_angle_pred": -31.38054047816108}