{"centroid": [-0.019130437413629367, -0.258151188492775, 0.3257183056210761], "extents": [0.012239396649318009, 0.33484551310539246, 0.04075573782999187], "rotate_angle": 5.7, "rotate_angle_pred": 6.989575750603223}