{"centroid": [0.06293045015685914, 0.2973144724965095, 0.29434468277353876], "extents": [0.016392424891152738, 0.3541887104511261, 0.0408711661628135], "rotate_angle": -13.74, "rotate_angle_pred": -14.643601796271255}