{"centroid": [-0.00042962407161938054, 0.05220665410161006, 0.5778594869674022], "extents": [1.115282551480475, 0.010241597890853965, 0.07178749246598026], "rotate_angle": 18.57, "rotate_angle_pred": 15.730028850742045}