{"centroid": [-0.26334861590420733, 0.5235847756266593, 0.3588352999891464], "extents": [0.36008437396704013, 0.011613383889198303, 0.03665833066121388], "rotate_angle": 40.04, "rotate_angle_pred": 35.506906576789234}