{"centroid": [-0.03680331415525301, -0.2927300110459329, 0.613065938281099], "extents": [1.0561704575482733, 0.01752726733684551, 0.07751823917596712], "rotate_angle": -18.49, "rotate_angle_pred": -18.530356309908782}