{"centroid": [0.29057957551020336, 0.6406377553939818, 0.30389014116593455], "extents": [0.38139259634775186, 0.012826800346374512, 0.04613175593842905], "rotate_angle": -2.84, "rotate_angle_pred": -5.465004201484149}