{"centroid": [-0.02783728385050059, 0.027390748262405305, 0.3940310174998865], "extents": [0.029861912352924874, 0.4160153865814209, 0.058815118361892404], "rotate_angle": 13.1, "rotate_angle_pred": 14.531354422911804}