{"centroid": [0.038237875329381166, 0.5515649877488612, 0.41622767284615914], "extents": [0.2588156465753868, 0.024043552577495575, 0.05515726291798584], "rotate_angle": 24.21, "rotate_angle_pred": 21.38989457224315}