{"centroid": [-0.3660460742394374, 0.05745041742920863, 0.42772506003969457], "extents": [0.09073583293319504, 0.17470377683639524, 0.04904715110517166], "rotate_angle": 6.75, "rotate_angle_pred": 8.238200037337236}