{"centroid": [0.7772594870929148, -0.4008218869566918, 0.3119348913965691], "extents": [0.11207101769976813, 0.12707914412021637, 0.053707139026089146], "rotate_angle": -13.56, "rotate_angle_pred": -11.196763205577597}