{"centroid": [-0.8270140561762683, -0.5347963497042657, 0.2590803745646832], "extents": [0.039624862537382066, 0.05266846716403961, 0.0635378065362906], "rotate_angle": 31.51, "rotate_angle_pred": 33.60685327770619}