{"centroid": [-0.013285999447349366, 0.22149912267923344, 0.5382885581112211], "extents": [0.7212811498194807, 0.023087784647941673, 0.0721923389848218], "rotate_angle": 38.38, "rotate_angle_pred": 36.62241179466277}