{"centroid": [-0.03764076204352295, -0.4122022986412049, 0.5400674621586234], "extents": [0.6821845615412554, 0.005824863910675104, 0.07007717927564261], "rotate_angle": -15.59, "rotate_angle_pred": -16.360296539245823}