{"centroid": [-0.0440771980444892, 0.6128313615918158, 0.5916579559420581], "extents": [0.6654703752116142, 0.003051772713661194, 0.07616226529631964], "rotate_angle": -7.4, "rotate_angle_pred": -7.621133251103359}