{"centroid": [-0.1335835304490463, 0.17584858089685437, 0.3988815026359207], "extents": [0.05465874114571556, 0.15077103674411774, 0.05716373066825753], "rotate_angle": -30.32, "rotate_angle_pred": -29.364831132332704}