{"centroid": [0.3342199958512046, 0.4545777924358845, 0.40036214008395055], "extents": [0.1928447987687535, 0.054146803915500696, 0.054211301431752124], "rotate_angle": 37.41, "rotate_angle_pred": 35.44992402571346}