{"centroid": [-0.3454096054241894, 0.4707158878445625, 0.3985121030300926], "extents": [0.2308955437843941, 0.00803886353969574, 0.04832973220809772], "rotate_angle": 2.2, "rotate_angle_pred": 2.0947683199788543}