{"centroid": [-0.021842005626679865, -0.008814141154289317, 0.376615570899978], "extents": [0.47300841124045423, 0.02530775964260108, 0.03855447739313145], "rotate_angle": 39.0, "rotate_angle_pred": 35.483215395537556}