{"centroid": [-0.0037190428066385395, 0.02204127889126529, 0.47565396993159287], "extents": [0.9571948326711412, 0.033179409801960096, 0.08651078741180623], "rotate_angle": 28.22, "rotate_angle_pred": 26.46298169499464}