{"centroid": [0.7889381635832927, -0.39618524536490446, 0.18487104494740264], "extents": [0.3006583429239188, 0.060421533882618006, 0.05133840402455234], "rotate_angle": -29.34, "rotate_angle_pred": -30.578221342711856}