{"centroid": [-0.007196641238812307, 0.08174548298120489, 0.486263153628538], "extents": [0.9602509623978428, 0.03341704607009899, 0.08480679889030518], "rotate_angle": 27.31, "rotate_angle_pred": 25.835814879085603}