{"centroid": [-0.0061064897470378895, 0.524774096906185, 0.5253200625587726], "extents": [0.9659510951396664, 0.0023042410612106323, 0.08038899386113274], "rotate_angle": -13.35, "rotate_angle_pred": -16.4086573952316}