{"centroid": [-0.17008482936212638, -0.012485671788454092, 0.33906811838446693], "extents": [0.45380300067626367, 0.021349601447582307, 0.05701807114189211], "rotate_angle": -35.17, "rotate_angle_pred": -34.886514578198046}