{"centroid": [0.579084281275443, -0.5134655162692071, 0.38831830139627116], "extents": [0.12068611235590676, 0.13361407816410065, 0.06258207482918932], "rotate_angle": -41.1, "rotate_angle_pred": -34.93299456192355}