{"centroid": [-0.018799653774909178, 0.25852104276418675, 0.4881566822832547], "extents": [0.003823384612014445, 0.4297969937324524, 0.06184620360727694], "rotate_angle": -17.81, "rotate_angle_pred": -16.6035105144702}