{"centroid": [-0.013726136607315087, -0.1295634955167771, 0.4734088946887782], "extents": [0.5749993286381652, 0.02868422865867626, 0.08558414820052634], "rotate_angle": -39.32, "rotate_angle_pred": -39.0188893949321}