{"centroid": [0.8890269811555368, -0.29689483344554896, 0.3020970869559247], "extents": [0.11508691143242678, 0.13991650938987737, 0.05756824007220812], "rotate_angle": 43.36, "rotate_angle_pred": 43.46169228169603}