{"centroid": [-0.020506422826750824, 0.7087726555764675, 0.4447166821143102], "extents": [0.5973538127582732, 0.013113729655742756, 0.08555889827801338], "rotate_angle": -24.2, "rotate_angle_pred": -26.97510404488964}