{"centroid": [0.29879874227127545, -0.39285718649625784, 0.367744064110396], "extents": [0.20414750785687275, 0.05159647762775427, 0.05517056349031996], "rotate_angle": 0.26, "rotate_angle_pred": -3.7830695130308953}