{"centroid": [-0.29071115025831107, 0.5904932171106339, 0.35065473201774033], "extents": [0.2152842261013842, 0.020472317934036255, 0.04620949131207858], "rotate_angle": -41.67, "rotate_angle_pred": -38.854672185276726}