{"centroid": [-0.040905321431166174, 0.4383575320243835, 0.48672835448299206], "extents": [0.018686592565745834, 0.25449836254119873, 0.04055984315403838], "rotate_angle": -29.89, "rotate_angle_pred": -28.30026460174882}