{"centroid": [-0.22636255981888315, -0.36292414367198944, 0.4458367456953977], "extents": [0.20488872770053473, 0.054954916238784846, 0.04734168864931665], "rotate_angle": -39.48, "rotate_angle_pred": -38.938689650555915}