{"centroid": [0.020512722650731407, 0.42410373687744135, 0.4804962678998947], "extents": [0.058400070909359926, 0.21347463130950928, 0.041504136331045605], "rotate_angle": 22.54, "rotate_angle_pred": 22.23735731923044}