{"centroid": [0.4695482733815996, -0.4710834473371506, 0.32748161228556993], "extents": [0.23532020315766028, 0.21238937973976135, 0.056378541472930976], "rotate_angle": 31.47, "rotate_angle_pred": 31.464469317500885}