{"centroid": [-0.2518442514448525, -0.1398129686713219, 0.4139161602675596], "extents": [0.1967097342736497, 0.022713080048561124, 0.04325773503012198], "rotate_angle": -24.26, "rotate_angle_pred": -25.7508386463697}