{"centroid": [0.5810234553825877, 0.38440992683172226, 0.2080888470969952], "extents": [0.15852561458604697, 0.07052080333232885, 0.04359917678213909], "rotate_angle": 10.68, "rotate_angle_pred": 8.035261778307614}