{"centroid": [-0.14559372563720555, 0.05111572146415705, 0.27662531815645164], "extents": [0.031599967802012685, 0.3061491847038269, 0.04642325511945172], "rotate_angle": -5.81, "rotate_angle_pred": -4.044552432805105}