{"centroid": [0.3982638062493493, 0.03046873956918709, 0.2238435243958808], "extents": [0.03482487834148801, 0.3077780604362488, 0.04236745506119488], "rotate_angle": -8.11, "rotate_angle_pred": -9.385737819579049}