{"centroid": [-0.06557997335468026, 0.05131626874208445, 0.262781516839602], "extents": [0.018119379509949123, 0.3259240686893463, 0.04364340291172647], "rotate_angle": -16.39, "rotate_angle_pred": -14.582233767180085}