{"centroid": [0.4475824591577562, -0.32519990205764776, 0.3789952117070169], "extents": [0.4408939835938825, 0.07451182603836065, 0.08001425966000297], "rotate_angle": -3.04, "rotate_angle_pred": -2.8536339262373502}