{"centroid": [-0.41646301135157826, -0.34211880713701254, 0.3808102539484257], "extents": [0.4298074792846427, 0.009705260396003779, 0.09317760809089926], "rotate_angle": -2.08, "rotate_angle_pred": -0.5195698518858052}