{"centroid": [-0.03430970594761473, -0.037502229213714676, 0.46460256249458737], "extents": [0.7657250186743033, 0.009128727018833271, 0.05497763320839294], "rotate_angle": -36.31, "rotate_angle_pred": -36.86009427530701}