{"centroid": [-0.027676673346384115, 0.08399813622236242, 0.4580086188539792], "extents": [0.8188752125951526, 0.016033336520195077, 0.05130167797027002], "rotate_angle": -16.38, "rotate_angle_pred": -18.63210176537102}