{"centroid": [0.011066274484682087, 0.07877562940120687, 0.4718693105346643], "extents": [0.8296050896489964, 0.019610732793808094, 0.05174158433152237], "rotate_angle": 36.45, "rotate_angle_pred": 37.09207674660577}