{"centroid": [-0.019789350020676305, 0.18174071609973894, 0.46112701871015105], "extents": [0.8327581762997864, 0.013230949640274076, 0.04207895263261924], "rotate_angle": 2.94, "rotate_angle_pred": 2.285569304355292}