{"centroid": [-0.03711943472782498, -0.14366299659013754, 0.4680284236768782], "extents": [0.7504665833844079, 0.01481361687183394, 0.052924759560824375], "rotate_angle": -42.32, "rotate_angle_pred": -41.37125560036494}