{"centroid": [-0.03616589178685373, -0.15441491454839712, 0.4633467834960723], "extents": [0.7663098797784786, 0.012134149670601002, 0.05408278265803129], "rotate_angle": -39.62, "rotate_angle_pred": -39.40805617946227}