{"centroid": [-0.02809745339363063, -0.05397485196590433, 0.4570479848816711], "extents": [0.8072141646878348, 0.0014945119619369923, 0.04476841671117049], "rotate_angle": -10.43, "rotate_angle_pred": -11.915609012632189}