{"centroid": [0.007974659410787455, 0.5618265569210051, 0.45869481298824005], "extents": [0.8083089650965507, 0.005925357341766357, 0.06861627153589367], "rotate_angle": 1.46, "rotate_angle_pred": -1.7301020009106196}