{"centroid": [-0.008608066605308912, 0.09106478095054617, 0.4578761849430943], "extents": [0.8296444425449019, 0.014909610152244623, 0.052252039372536974], "rotate_angle": -10.76, "rotate_angle_pred": -12.227419702754233}