{"centroid": [-0.40391136815729944, 0.47281049937009806, 0.5029031503173178], "extents": [0.577374627530855, 0.001389577984809931, 0.0596222085282172], "rotate_angle": -5.81, "rotate_angle_pred": -8.02215257512377}