{"centroid": [0.22775628655028943, 0.47142783552408213, 0.51712942369747], "extents": [0.5419638310809877, 0.01326532661914831, 0.07426190587187315], "rotate_angle": -17.48, "rotate_angle_pred": -16.83010895461115}