{"centroid": [-0.18913504216436408, -0.28037907183170324, 0.28998292832529177], "extents": [0.0028205365378005665, 0.24901208281517026, 0.021455925289242783], "rotate_angle": 14.88, "rotate_angle_pred": 15.766104209845878}