{"centroid": [0.024677238204959234, -0.38766530528664594, 0.5996265197693014], "extents": [0.2633212572677715, 0.008799426257610377, 0.0372963668800218], "rotate_angle": 42.87, "rotate_angle_pred": 40.131270622345255}