{"centroid": [-0.04218128384578573, -0.46153574436903005, 0.2645758749162203], "extents": [0.1756102341449155, 0.030573740601539612, 0.034289495088601685], "rotate_angle": -25.37, "rotate_angle_pred": -26.48682098631835}