{"centroid": [-0.06955090168767161, 0.3059214502573013, 0.4669298236890609], "extents": [0.030954807767670067, 0.2023007869720459, 0.039293847687322636], "rotate_angle": -10.37, "rotate_angle_pred": -10.234754452596746}