{"centroid": [0.0053353741379766235, 0.03032414987683287, 0.5461848986815259], "extents": [0.4126667501723501, 0.026243768632412023, 0.0717536902673207], "rotate_angle": 41.33, "rotate_angle_pred": 38.59367253510132}