{"centroid": [-0.007026313147639851, 0.22049099579453457, 0.556835385592824], "extents": [0.9412089645970363, 0.019914574921131273, 0.07639022965019127], "rotate_angle": 40.66, "rotate_angle_pred": 39.992806635396505}