{"centroid": [-0.028338842867428493, -0.045935019850731014, 0.5334149633306269], "extents": [0.9696061856262854, 0.017189219594001895, 0.06998976496941423], "rotate_angle": 30.41, "rotate_angle_pred": 29.82343000799213}