{"centroid": [0.06134074356286329, 0.6020272858440876, 0.524176673181988], "extents": [0.922363393930888, 0.009654738008976094, 0.07879058215879342], "rotate_angle": 43.01, "rotate_angle_pred": 37.770922801304195}