{"centroid": [0.012657631323812792, 0.7350170612335204, 0.565529836076573], "extents": [0.5787882132739219, 0.031005382537841797, 0.08557750172175438], "rotate_angle": 10.64, "rotate_angle_pred": 11.128925985237004}