{"centroid": [0.5758227230091043, -0.5650254786014558, 0.3591038201427891], "extents": [0.1336152105777505, 0.06327611207962036, 0.0635934024694152], "rotate_angle": -6.24, "rotate_angle_pred": -2.8709893566031184}