{"centroid": [-0.007053922953054216, 0.3224905058741569, 0.41778467114553064], "extents": [0.6126624219270367, 0.03106276690959936, 0.08134883474218951], "rotate_angle": -2.14, "rotate_angle_pred": -4.1837441118187115}