{"centroid": [-0.004321643534376973, 0.6053222753107547, 0.5724744632142322], "extents": [0.681587839234862, 0.01301223784685146, 0.07045064369039422], "rotate_angle": -37.54, "rotate_angle_pred": -39.87435748283165}