{"centroid": [-0.0400581375768963, -0.3395018577575684, 0.5488014138228702], "extents": [0.6913701184336619, 0.01326286792755138, 0.06740710030548858], "rotate_angle": -23.11, "rotate_angle_pred": -23.7721230428578}