{"centroid": [-0.02123663992116727, 0.6285401470959185, 0.42856329997457254], "extents": [0.5757786041377189, 0.02126333862543106, 0.08158548929620962], "rotate_angle": 15.75, "rotate_angle_pred": 16.35382560641547}