{"centroid": [-0.012392421495369482, 0.15768554434180249, 0.53032250170666], "extents": [0.7353356855263997, 0.007266037166118733, 0.0664777139677013], "rotate_angle": 42.63, "rotate_angle_pred": 38.417310111013734}