{"centroid": [-0.1461010290658692, -0.10716810822486886, 0.28785135993639294], "extents": [0.008872821942636694, 0.2887686491012573, 0.038573265143354796], "rotate_angle": 42.98, "rotate_angle_pred": 40.11200518407864}