{"centroid": [0.3793972784735873, -0.10692682862281819, 0.5958403038088064], "extents": [0.031293078588139844, 0.7729159593582153, 0.1017689683142482], "rotate_angle": -36.78, "rotate_angle_pred": -32.66106370112399}