{"centroid": [-0.17071457228381837, -0.43321171402931213, 0.2930201184976956], "extents": [0.0070817619654947594, 0.26426821947097784, 0.014253560472331006], "rotate_angle": -13.73, "rotate_angle_pred": -12.720919501742287}