{"centroid": [0.010247100674616922, -0.3308082111179829, 0.44939054048648086], "extents": [0.2639609282481116, 0.03341903537511831, 0.05423484753392943], "rotate_angle": -17.35, "rotate_angle_pred": -18.613447192136547}