{"centroid": [-0.26554264639549474, 0.5545538775622845, 0.38030713209428324], "extents": [0.19613962090928383, 0.019117139279842488, 0.03617630566168756], "rotate_angle": -27.7, "rotate_angle_pred": -26.86332966615815}