{"centroid": [-0.24623918393495942, -0.036114327609539136, 0.4269550379226289], "extents": [0.20144095600103162, 0.021183311939239533, 0.04149483058430625], "rotate_angle": 31.29, "rotate_angle_pred": 31.071634885011434}