{"centroid": [0.0037399046300642877, 0.5709228925406932, 0.44333002882465533], "extents": [0.2610185670536974, 0.007692299783229828, 0.06256335056485807], "rotate_angle": 29.03, "rotate_angle_pred": 25.658580708413012}