{"centroid": [-0.04752094068719122, 0.3030304759740829, 0.4668127688986431], "extents": [0.02074727390041413, 0.17789617180824277, 0.026255663155341724], "rotate_angle": 33.24, "rotate_angle_pred": 33.138119159542825}