{"centroid": [0.28508472344742253, 0.14422593638300893, 0.2510063882125443], "extents": [0.6124513186321263, 0.043387837707996396, 0.05856245419056763], "rotate_angle": 13.36, "rotate_angle_pred": 14.59212472654849}