{"centroid": [-0.4235276880574309, 0.18871523439884172, 0.3448008703819983], "extents": [0.6336085177977242, 0.004161357879638727, 0.056356884340488855], "rotate_angle": 28.47, "rotate_angle_pred": 22.785306020596593}