{"centroid": [-0.12220954421353979, 0.31711931526660914, 0.48515499306400356], "extents": [0.015692680628809658, 0.19509956240653994, 0.040358654009391814], "rotate_angle": -35.07, "rotate_angle_pred": -32.5796055418282}