{"centroid": [-0.047629377447468854, 0.1546568619087338, 0.2964126369674811], "extents": [0.042149744847474135, 0.3104293644428253, 0.04787056883978019], "rotate_angle": 10.9, "rotate_angle_pred": 12.646619282589072}