{"centroid": [0.012545230711940311, 0.18883624300360674, 0.2875164435953539], "extents": [0.036200634771085274, 0.31995290517807007, 0.045112471573820756], "rotate_angle": 23.07, "rotate_angle_pred": 24.865271202758052}