{"centroid": [0.2760150422429973, 0.46114420890808094, 0.41618982102605945], "extents": [0.2153316126899219, 0.06426495313644409, 0.05623056332372356], "rotate_angle": -19.39, "rotate_angle_pred": -19.673963053438612}