{"centroid": [-0.32136369157194306, -0.19724689424037953, 0.4575213025245747], "extents": [0.2302304381778947, 0.004244983196258573, 0.05550029187823319], "rotate_angle": 10.12, "rotate_angle_pred": 13.507888086395411}