{"centroid": [-0.25123236358973455, 0.4914913848042487, 0.4160781018092986], "extents": [0.2060384200058663, 0.03164835274219513, 0.03458859103216022], "rotate_angle": -34.79, "rotate_angle_pred": -33.196120073879456}