{"centroid": [-0.012600732338667476, -0.1735189370810986, 0.5610451090427593], "extents": [0.34268266685139864, 0.015357382595539149, 0.05804288509680822], "rotate_angle": 37.68, "rotate_angle_pred": 35.7530001634468}