{"centroid": [0.004393207175344596, 0.25678201764822, 0.5653497137191323], "extents": [0.2840175968329267, 0.013389036059379578, 0.06343445274857074], "rotate_angle": 18.74, "rotate_angle_pred": 18.342452340858458}