{"centroid": [0.0036893409431466486, 0.581346571445465, 0.5689321042754351], "extents": [0.255967174002472, 0.005432486534118652, 0.04527522694332964], "rotate_angle": 12.6, "rotate_angle_pred": 11.790040511814183}