{"centroid": [0.0016629825402584113, 0.6107253804802893, 0.5873547907172612], "extents": [0.27474114692921625, 0.001490756869316101, 0.06473475787514849], "rotate_angle": -41.89, "rotate_angle_pred": -40.959390294331776}