{"centroid": [-0.013189404580299574, -0.38403036072850233, 0.566126258394289], "extents": [0.3479265483042797, 0.009599469602108002, 0.0611822142694326], "rotate_angle": -13.85, "rotate_angle_pred": -15.024612792917083}