{"centroid": [-0.14050874530090723, 0.11640611290931696, 0.260350241220108], "extents": [0.21664306296260608, 0.09283928573131563, 0.020868252745946114], "rotate_angle": 10.47, "rotate_angle_pred": 8.66938292477397}