{"centroid": [-0.08997123306037663, -0.1052509844303132, 0.32518110950325807], "extents": [0.000574246051368521, 0.26818329095840454, 0.02746866468841641], "rotate_angle": 4.12, "rotate_angle_pred": 5.668426643064905}