{"centroid": [0.008024817792627162, -0.4357850700616837, 0.5092072241618412], "extents": [0.7219613867012347, 0.013594537973404042, 0.07282139438067492], "rotate_angle": 40.57, "rotate_angle_pred": 37.69442213582859}