{"centroid": [-0.013569709462591478, 0.5953192710876464, 0.5364498395362148], "extents": [0.749661206685512, 0.00202786922454834, 0.08317510777974096], "rotate_angle": -12.71, "rotate_angle_pred": -14.525757518161242}