{"centroid": [0.0566058298513646, 0.24771049618721003, 0.3904676176329096], "extents": [0.830383190358285, 0.024915426969528254, 0.03805119584529848], "rotate_angle": 11.3, "rotate_angle_pred": 7.4742306281341655}