{"centroid": [0.012404616518240333, 0.7577799484133719, 0.4380695266877629], "extents": [0.7446348541191758, 0.010476931929588318, 0.06974532337233563], "rotate_angle": 14.38, "rotate_angle_pred": 12.586592623383012}