{"centroid": [-0.011936635989099241, -0.3820479288697244, 0.44082615686445525], "extents": [0.7773075073309901, 0.02214135229587566, 0.043746098704630865], "rotate_angle": -25.51, "rotate_angle_pred": -27.822815711137956}