{"centroid": [-0.3586369980250438, 0.3239068612456321, 0.35983754039367943], "extents": [0.5998091673805546, 0.014776572585105952, 0.05213191339473788], "rotate_angle": 1.14, "rotate_angle_pred": -1.398148497210812}