{"centroid": [-0.27226074518129223, -0.2630245983600617, 0.3620486757593214], "extents": [0.0018380135489842742, 0.329745352268219, 0.019740674850991735], "rotate_angle": 21.72, "rotate_angle_pred": 24.306678008405015}