{"centroid": [-0.22429144197293993, -0.030958622694015597, 0.33211756521223457], "extents": [0.01452019826217496, 0.34713006019592285, 0.03903570067939077], "rotate_angle": 13.36, "rotate_angle_pred": 15.348836685942047}