{"centroid": [0.22478252733075035, 0.035960219800472114, 0.5728406994455673], "extents": [0.08893799814669695, 0.17757149040699005, 0.055609055068977065], "rotate_angle": -23.33, "rotate_angle_pred": -21.424149606207294}