{"centroid": [-0.6642287097029226, 0.02167391777038566, 0.19624448604888237], "extents": [0.028462932005213326, 1.7225924730300903, 0.10001851790977004], "rotate_angle": 12.28, "rotate_angle_pred": 21.71585428373932}