{"centroid": [0.019034663037993522, 0.5909523144364356, 0.4266235211083519], "extents": [0.2658187090334331, 0.003686264157295227, 0.06077279756949605], "rotate_angle": 12.97, "rotate_angle_pred": 9.591910093075768}