{"centroid": [0.8714517019054661, 0.05997228622436507, 0.3680588630457215], "extents": [0.026115686103818647, 0.4401511549949647, 0.059642230148311326], "rotate_angle": -39.27, "rotate_angle_pred": -38.68806237402844}