{"centroid": [-0.36399127529240183, 0.3573360443115234, 0.37531781501091194], "extents": [0.5862603284839433, 0.018083691596984974, 0.07423844311635902], "rotate_angle": -40.97, "rotate_angle_pred": -40.87168041183391}