{"centroid": [0.32924990616423205, 0.29886614531278605, 0.37668064581812727], "extents": [0.5224051470851774, 0.03873853385448467, 0.06268478924389076], "rotate_angle": -39.48, "rotate_angle_pred": -40.1574204316246}