{"centroid": [0.3143251966041586, 0.5245319753885268, 0.3969997593043225], "extents": [0.31498265355965693, 0.012766271829605103, 0.06017138453542953], "rotate_angle": -13.75, "rotate_angle_pred": -16.192343211536198}