{"centroid": [-0.35833872270677136, 0.031012639403343152, 0.5194620709516296], "extents": [0.10341827416997701, 0.47077280282974243, 0.0544977850526569], "rotate_angle": -42.78, "rotate_angle_pred": -36.98883796423343}