{"centroid": [0.021426768288956004, 0.5749511048197745, 0.42758445099292586], "extents": [0.5847014027258877, 0.019889459013938904, 0.06512670039050061], "rotate_angle": -15.07, "rotate_angle_pred": -18.951235636377135}