{"centroid": [-0.3527398482468226, 0.27089750394225104, 0.4333051602361983], "extents": [0.3022380993025344, 0.023062877357006073, 0.03772712406219275], "rotate_angle": 20.16, "rotate_angle_pred": 18.777475733660538}