{"centroid": [-0.32536860485474917, 0.5482019186019896, 0.44592280024308445], "extents": [0.26701986470114125, 0.014996767044067383, 0.04902709961862889], "rotate_angle": 30.23, "rotate_angle_pred": 33.020066726037825}