{"centroid": [0.34886495552098123, 0.31914976611733437, 0.4410025547269208], "extents": [0.25589666148997237, 0.01995605975389486, 0.03499630890391503], "rotate_angle": 19.75, "rotate_angle_pred": 15.864108234062286}