{"centroid": [0.3009081888710349, 0.5053475908935069, 0.4417138372540814], "extents": [0.24991756680962207, 0.01802804321050644, 0.06737577171032594], "rotate_angle": -19.87, "rotate_angle_pred": -22.286507803900676}