{"centroid": [0.40790065961078414, -0.5023052096366883, 0.3658673871492747], "extents": [0.05783806052951179, 0.6426972150802612, 0.07541506066437065], "rotate_angle": -22.06, "rotate_angle_pred": -18.650337343499018}