{"centroid": [0.0050803599126825975, -0.09773931652307521, 0.559114519328255], "extents": [0.18707718798960438, 0.018198430538177518, 0.06016705722382687], "rotate_angle": -41.63, "rotate_angle_pred": -39.76292312242612}