{"centroid": [-0.017793836777871233, 0.2519488558173179, 0.5496435803802027], "extents": [0.15620122593865568, 0.008814379572868375, 0.061419731861758864], "rotate_angle": -1.33, "rotate_angle_pred": -0.46634662093947554}