{"centroid": [0.9116461678630269, 0.08999148011207583, 0.3211265233259431], "extents": [0.051700160195572775, 0.4337771534919738, 0.062315315355575274], "rotate_angle": 35.94, "rotate_angle_pred": 33.01828213433697}