{"centroid": [-0.0045682982700797695, 0.7317688390612602, 0.5379284868728804], "extents": [0.6683008522565845, 0.01569153368473053, 0.11515342933808681], "rotate_angle": -10.52, "rotate_angle_pred": -11.628416927839524}