{"centroid": [0.030019158198295644, 0.5890892259776591, 0.5998171275201818], "extents": [0.35066113248800973, 0.031919144093990326, 0.06258746303112872], "rotate_angle": 32.54, "rotate_angle_pred": 27.754480437386462}