{"centroid": [0.015430863590999796, -0.07424871623516086, 0.2576312519132012], "extents": [0.016345739708957165, 0.3105655312538147, 0.03426240456754584], "rotate_angle": 16.12, "rotate_angle_pred": 14.313068012777777}