{"centroid": [-0.048949838278243285, 0.5448271036148071, 0.29509415133602523], "extents": [0.022294849446114477, 0.26531034708023077, 0.016436398242225148], "rotate_angle": -35.85, "rotate_angle_pred": -37.84065944196458}