{"centroid": [0.03856141585274288, 0.3961840271949768, 0.3072701190259649], "extents": [0.0218044069261996, 0.2762755155563355, 0.03087987333945791], "rotate_angle": 37.26, "rotate_angle_pred": 37.4216673049673}