{"centroid": [0.28165699889918083, 0.6556490063667296, 0.57203108888997], "extents": [0.10261166944908834, 0.0956336259841919, 0.04160499987498367], "rotate_angle": 28.76, "rotate_angle_pred": 29.08146659470509}