{"centroid": [-0.30358968456280655, 0.37658178806304926, 0.34582823860929385], "extents": [0.24227112759607922, 0.004513204097747858, 0.04228210489000811], "rotate_angle": 29.28, "rotate_angle_pred": 30.10054062563937}