{"centroid": [0.3876792112602677, 0.465779922902584, 0.3201433186531203], "extents": [0.16501209501498704, 0.03601162135601049, 0.05376781641076417], "rotate_angle": -6.17, "rotate_angle_pred": -8.336218269226919}