{"centroid": [0.015033913473166589, 0.06766586378216735, 0.36152630085286547], "extents": [0.032738432302033695, 0.2119025886058807, 0.055460102879645035], "rotate_angle": 14.65, "rotate_angle_pred": 15.182669014605935}