{"centroid": [-0.021071792941974296, 0.6443280018866061, 0.6152655839922874], "extents": [0.23410198023870304, 0.007207758724689484, 0.06093470734385775], "rotate_angle": -12.38, "rotate_angle_pred": -13.634734574161044}