{"centroid": [0.1866932461432951, 0.31924891844391806, 0.5562708017930285], "extents": [0.1598275330013768, 0.09642571955919271, 0.06643135954448232], "rotate_angle": -11.27, "rotate_angle_pred": -12.089370328943545}