{"centroid": [0.01820836473903719, -0.030783001333475175, 0.3663949818416189], "extents": [0.9891210416049956, 0.005055859684944288, 0.07944154435467793], "rotate_angle": 36.12, "rotate_angle_pred": 34.61561038446608}