{"centroid": [0.014054581975734094, 0.07416579127311695, 0.4746672131637656], "extents": [0.005914062112106917, 0.2428719848394394, 0.029882892210997658], "rotate_angle": 0.68, "rotate_angle_pred": 1.0901250351657126}