{"centroid": [0.012134606278773295, -0.38101855292916303, 0.36617233907825036], "extents": [0.9054335370547238, 0.02351640909910213, 0.07794431609725166], "rotate_angle": -28.36, "rotate_angle_pred": -31.24678825091064}