{"centroid": [-0.007043082289117833, 0.2367344126105308, 0.3927369012331267], "extents": [0.9903516944783335, 0.000774428248405512, 0.08015316866714717], "rotate_angle": 17.69, "rotate_angle_pred": 16.07391725756095}