{"centroid": [0.018884552074456287, 0.13442843779921518, 0.5434973703485386], "extents": [0.1749092006082325, 0.061150215566158295, 0.04800072212561024], "rotate_angle": -8.32, "rotate_angle_pred": -8.396475485997598}