{"centroid": [-0.16595695465056112, 0.7914236560463904, 0.3776203368889537], "extents": [0.12338727884915346, 0.014788195490837097, 0.05484980048829413], "rotate_angle": 5.88, "rotate_angle_pred": 4.748635840761693}