{"centroid": [0.018395080463776393, 0.5696676373481749, 0.4439129568348642], "extents": [0.6002622133163085, 0.004774808883667103, 0.065340309098817], "rotate_angle": -28.24, "rotate_angle_pred": -29.84195406326542}