{"centroid": [0.025760169794215606, -0.24308891221880918, 0.41987439538279214], "extents": [0.4165327328636498, 0.020039357244968442, 0.06360112249251404], "rotate_angle": 10.63, "rotate_angle_pred": 9.854613569588395}