{"centroid": [0.014440318275480785, 0.6016234569251537, 0.4480176995762979], "extents": [0.33891460281173763, 0.031234584748745076, 0.0664013102291755], "rotate_angle": -43.43, "rotate_angle_pred": -40.991262572187814}