{"centroid": [0.01672975957276638, 0.25226575881242747, 0.4182928770503778], "extents": [0.4351967983365035, 0.026235654950141962, 0.06858975617060087], "rotate_angle": -8.35, "rotate_angle_pred": -10.233707811412245}