{"centroid": [-0.014532442889710659, -0.02978045120835311, 0.44051189801506535], "extents": [0.3957937785026776, 0.0001753866672516563, 0.0657526524297492], "rotate_angle": -42.75, "rotate_angle_pred": -42.17940627464898}