{"centroid": [-0.02987432591956647, 0.5189304947853087, 0.29271517395868646], "extents": [0.04097108582839409, 0.26558643579483027, 0.028673500101997373], "rotate_angle": -9.24, "rotate_angle_pred": -11.496360989308883}