{"centroid": [0.09543376934841188, 0.509853571653366, 0.2429374037054221], "extents": [0.023842498858208577, 0.28571724891662603, 0.033912893666496746], "rotate_angle": -21.28, "rotate_angle_pred": -23.90860674150663}