{"centroid": [0.0373785926287555, -0.2068578898906708, 0.27665044992958826], "extents": [0.012900068964575004, 0.31419605016708374, 0.03028103244818836], "rotate_angle": -14.07, "rotate_angle_pred": -13.90900431988527}