{"centroid": [-0.4718111145266246, 0.4645702019333839, 0.277744851122777], "extents": [0.1602810355257021, 0.02136988937854767, 0.02917704044453623], "rotate_angle": 3.54, "rotate_angle_pred": 4.692577266109367}