{"centroid": [-0.012393524557788888, 0.19034025445580477, 0.3875424679702215], "extents": [0.9464429342386107, 0.028988935053348597, 0.059336701549449034], "rotate_angle": -2.92, "rotate_angle_pred": -5.40803701821676}