{"centroid": [0.4509535752254864, 0.20923292264342308, 0.29711651057465366], "extents": [0.22785967364112808, 0.01343213766813281, 0.03552889043879953], "rotate_angle": 24.39, "rotate_angle_pred": 24.21360982959797}