{"centroid": [-0.010211541270696671, 0.5907248109579086, 0.3935096177707052], "extents": [0.8677918925728021, 0.002160996198654286, 0.06169168661588248], "rotate_angle": -24.53, "rotate_angle_pred": -27.39871251994463}