{"centroid": [0.4726928372798489, -0.07656203955411918, 0.2842897000926775], "extents": [0.28870147656257406, 0.0009388327598571916, 0.03644881048893628], "rotate_angle": 4.2, "rotate_angle_pred": 2.088732752752705}