{"centroid": [0.024511789245503707, -0.3245136253535748, 0.3729438607538286], "extents": [0.8799816441354712, 0.023482836782932337, 0.06372218630716531], "rotate_angle": 11.0, "rotate_angle_pred": 7.765137794634697}