{"centroid": [0.4615554129354289, 0.4220556989312172, 0.30806394095073325], "extents": [0.19581398319911447, 0.015587523579597529, 0.04457825411366251], "rotate_angle": 16.43, "rotate_angle_pred": 17.830455763528036}