{"centroid": [-0.004439298293081985, 0.2385395504534244, 0.36836649395380516], "extents": [0.08152076480237538, 0.05108097940683365, 0.03524668462090519], "rotate_angle": 44.0, "rotate_angle_pred": 36.20145283950653}