{"centroid": [0.024267295832281273, 0.2667469829320907, 0.4661616420405186], "extents": [0.6606473755199824, 2.7328729629572113e-05, 0.07814577023705221], "rotate_angle": 24.88, "rotate_angle_pred": 25.08206480499554}