{"centroid": [0.0012942044037000215, 0.6314238384366034, 0.4904519593331996], "extents": [0.41129733792533196, 0.00387631356716156, 0.05874484216437348], "rotate_angle": -34.99, "rotate_angle_pred": -34.35476473647648}