{"centroid": [-0.12183264456365153, 0.3392110131680965, 0.3424816200435681], "extents": [0.13023647678045439, 0.03000592440366745, 0.054838433912546836], "rotate_angle": -38.06, "rotate_angle_pred": -35.15439369341553}