{"centroid": [-0.39478686705353455, 0.5836763978004454, 0.3321873169876786], "extents": [0.15683340586528327, 0.011302471160888672, 0.051633866918610716], "rotate_angle": -20.43, "rotate_angle_pred": -20.22693099153365}