{"centroid": [0.3459891342662831, 0.5154722258448601, 0.31411624523794945], "extents": [0.08585051179727232, 0.06130246818065649, 0.057166410691981195], "rotate_angle": 34.72, "rotate_angle_pred": 31.51321845522547}