{"centroid": [-0.060601579235899816, 0.16243879124522204, 0.35692102338658055], "extents": [0.06735080335955043, 0.20329031348228457, 0.035918167952322444], "rotate_angle": 23.18, "rotate_angle_pred": 20.95744865659387}