{"centroid": [0.030604665199691034, 0.17803643271327008, 0.37119992254300427], "extents": [0.03409445190622072, 0.2357172966003418, 0.04195920260840158], "rotate_angle": 2.65, "rotate_angle_pred": 2.200295463504503}