{"centroid": [-0.004419147031989423, 0.5384102277457713, 0.638172841254402], "extents": [0.3435575935232445, 0.023728571832180023, 0.05725547254068597], "rotate_angle": -4.83, "rotate_angle_pred": -6.601406059191419}