{"centroid": [-0.022524345741205907, -0.34760782122612, 0.2564494139928341], "extents": [0.034349680418192356, 0.31967324018478394, 0.027741339438307533], "rotate_angle": -35.54, "rotate_angle_pred": -36.241379237920754}