{"centroid": [-0.0354060575569645, 0.4270832389593124, 0.29229276561910833], "extents": [0.03514271929582763, 0.26226970553398127, 0.014230083492054846], "rotate_angle": 19.73, "rotate_angle_pred": 17.999717056373896}