{"centroid": [-0.04983530565599556, -0.39143988490104675, 0.2659065872399186], "extents": [0.029800250881876066, 0.30613368749618525, 0.025377351582528684], "rotate_angle": -17.74, "rotate_angle_pred": -20.095527505284664}