{"centroid": [-0.009457949467408876, -0.09705163538455969, 0.25416332054563756], "extents": [0.018080652072975493, 0.3028923571109773, 0.03269149792140508], "rotate_angle": -27.54, "rotate_angle_pred": -30.506881366453108}