{"centroid": [-0.050390370793772926, 0.1732928380370138, 0.6265121098967015], "extents": [0.3052263896691702, 0.009262725710868835, 0.05429761184241111], "rotate_angle": 2.73, "rotate_angle_pred": 3.633145475300836}