{"centroid": [0.7400379139930026, -0.2850533276796341, 0.2616368811964699], "extents": [0.1115278081044363, 0.09212461113929749, 0.0446636937934527], "rotate_angle": 3.15, "rotate_angle_pred": 4.488034038602194}