{"centroid": [-0.025148505698962115, -0.2073532789945604, 0.5397237730226853], "extents": [0.3868972554053881, 0.028913766145706232, 0.0767276713279249], "rotate_angle": -24.45, "rotate_angle_pred": -24.349283235155823}