{"centroid": [0.724767079062342, 0.05876444280147545, 0.3448982672608982], "extents": [0.012791156989118146, 0.5498123168945312, 0.07639210057708584], "rotate_angle": 4.12, "rotate_angle_pred": 1.87735296624804}