{"centroid": [0.2860396289055097, 0.05272276699542992, 0.5723316731292063], "extents": [0.10683351473716463, 0.20856867730617526, 0.0519930930150444], "rotate_angle": 39.14, "rotate_angle_pred": 37.83405374533521}