{"centroid": [-0.02685615165459518, -0.10146070271730434, 0.5761046239857792], "extents": [1.001833905778182, 0.04177898168563858, 0.07618328853418743], "rotate_angle": 38.23, "rotate_angle_pred": 36.72830016560256}