{"centroid": [-0.022302642531700986, 0.6115448772907256, 0.5490151918197484], "extents": [0.9662016849259192, 0.007661879062652588, 0.08989136869888459], "rotate_angle": -16.05, "rotate_angle_pred": -18.984970317976135}