{"centroid": [0.07059390203688026, -0.0238704904913903, 0.40073142424069497], "extents": [0.5941203937478982, 0.026971817016601618, 0.07623378321958285], "rotate_angle": 21.63, "rotate_angle_pred": 19.06235320500241}