{"centroid": [-0.11778768719205235, 0.08179197460412971, 0.3290954734290341], "extents": [0.02165865863208931, 0.3190585970878601, 0.029388434711083267], "rotate_angle": 27.3, "rotate_angle_pred": 29.270735525448174}