{"centroid": [0.0136790563062207, 0.565129205584526, 0.5847303598373479], "extents": [0.30965894852528963, 0.023926228284835815, 0.0666112237657186], "rotate_angle": -32.51, "rotate_angle_pred": -34.633387421484315}