{"centroid": [-0.2264876430705256, -0.23355345427989968, 0.3099254450842362], "extents": [0.022008478879455368, 0.3271645009517671, 0.03764978091890797], "rotate_angle": -1.52, "rotate_angle_pred": -1.7649363663939113}