{"centroid": [0.013756463908539754, 0.6175226904451846, 0.44756953320134346], "extents": [0.5265043918979855, 0.01825530081987381, 0.06813105869721309], "rotate_angle": -25.33, "rotate_angle_pred": -25.650828815973284}