{"centroid": [-0.07316540923498763, 0.25650650262832636, 0.33689234285456], "extents": [0.02606144491838097, 0.308633416891098, 0.017468887939730227], "rotate_angle": 36.28, "rotate_angle_pred": 39.84098506243586}