{"centroid": [0.0007897959825441717, -0.28105805814266205, 0.3212504086141085], "extents": [0.040470502919232314, 0.3292210400104522, 0.017598286118294615], "rotate_angle": 39.1, "rotate_angle_pred": 38.944107464334536}