{"centroid": [0.04534877340255177, 0.24155027419328687, 0.28902532941310916], "extents": [0.01844650496413526, 0.3505181074142456, 0.03052156959883351], "rotate_angle": -8.9, "rotate_angle_pred": -7.577375727790965}