{"centroid": [-0.30807484245271777, -0.4852288886904717, 0.36714980684597315], "extents": [0.3765740377805014, 0.03827084600925451, 0.07797291840126097], "rotate_angle": -0.07, "rotate_angle_pred": 4.9095929939440595}