{"centroid": [0.00017430801820142634, 0.1656317953020334, 0.27352376115257954], "extents": [0.008917868309511552, 0.275774747133255, 0.02709003217659267], "rotate_angle": 35.01, "rotate_angle_pred": 36.469958826130636}