{"centroid": [0.02736032757798814, -0.18808731436729434, 0.24044395205351626], "extents": [0.006604716165287246, 0.29369986057281494, 0.02295602479813791], "rotate_angle": 33.81, "rotate_angle_pred": 30.62249993854175}