{"centroid": [0.0587328863167934, 0.32896396517753596, 0.24627041533433167], "extents": [0.034771979065397286, 0.2890862226486206, 0.02453614786203001], "rotate_angle": 5.17, "rotate_angle_pred": 3.2275020552844467}