{"centroid": [-0.006642740018873631, 0.09403162822127335, 0.2864069400614265], "extents": [0.02483414084570042, 0.2568369507789611, 0.013805232781163579], "rotate_angle": 44.01, "rotate_angle_pred": 38.64833486807791}