{"centroid": [0.020098306068809815, -0.459807425737381, 0.23463839443254855], "extents": [0.018836080383804008, 0.31430798768997187, 0.023308194376616687], "rotate_angle": -21.76, "rotate_angle_pred": -24.62466612260158}