{"centroid": [0.7203695030878008, -0.4924945682287216, 0.3703286754723644], "extents": [0.09361627627662861, 0.11524692177772528, 0.06590320120449317], "rotate_angle": 40.8, "rotate_angle_pred": 41.545091272073506}