{"centroid": [-0.03347372543457104, -0.1315796077251435, 0.2993967033784962], "extents": [0.017503693809099292, 0.31105238199234014, 0.04590323596044421], "rotate_angle": -2.6, "rotate_angle_pred": -2.873450656801978}