{"centroid": [0.0007102848515003664, -0.16255629062652588, 0.3067125882343468], "extents": [0.029799059140093904, 0.32382220029830927, 0.03950669258077738], "rotate_angle": 17.89, "rotate_angle_pred": 18.096237984554193}