{"centroid": [-0.023640959697704227, 0.2671080753207206, 0.32406664480455183], "extents": [0.03165604120894424, 0.31092166900634766, 0.028140143949357876], "rotate_angle": 25.14, "rotate_angle_pred": 27.382045162217253}