{"centroid": [-0.21434072323084757, -0.38222359120845795, 0.28635753667476954], "extents": [0.02137053035597669, 0.26262596249580383, 0.0044920109690593235], "rotate_angle": 26.2, "rotate_angle_pred": 25.265163040395862}