{"centroid": [-0.17950738712674377, -0.07723540067672731, 0.24649510025962626], "extents": [0.009664222316290105, 0.285990834236145, 0.03465552899522037], "rotate_angle": -35.0, "rotate_angle_pred": -33.22324530549744}