{"centroid": [0.6081883186176893, -0.2846458852291107, 0.34073704058921644], "extents": [0.08215682078845377, 0.6457071900367737, 0.06341317195924173], "rotate_angle": 41.36, "rotate_angle_pred": 36.28254435617366}