{"centroid": [-0.18071375425880642, -0.18711799383163455, 0.296548208115045], "extents": [0.01321266583503275, 0.3043479323387146, 0.029018146740522444], "rotate_angle": 41.14, "rotate_angle_pred": 35.18319083933825}