{"centroid": [-0.6000969621832924, 0.4672374352812767, 0.2358713060957288], "extents": [0.16472886611532278, 0.00275401771068573, 0.04359855531637022], "rotate_angle": -26.87, "rotate_angle_pred": -21.34809384135444}