{"centroid": [0.3661176126328384, 0.2507656440138817, 0.43534394012513455], "extents": [0.3872919645806122, 0.030885681509971674, 0.04901184845081835], "rotate_angle": 41.13, "rotate_angle_pred": 41.02233965759336}