{"centroid": [-0.3829351762611573, 0.29042780399322504, 0.4065045812760175], "extents": [0.39593834321420973, 0.0037833452224731445, 0.052331701762328986], "rotate_angle": 12.42, "rotate_angle_pred": 12.457805312126752}