{"centroid": [-0.021309486068539645, 0.46777807176113123, 0.3311050055505637], "extents": [0.032398968104739606, 0.27626112103462225, 0.03734907039654678], "rotate_angle": 39.01, "rotate_angle_pred": 40.44783356348654}