{"centroid": [0.06496578019259563, 0.04058948904275887, 0.2880786842046658], "extents": [0.0016575306778971594, 0.30902695655822754, 0.029337622446520828], "rotate_angle": -5.59, "rotate_angle_pred": -5.406718275262577}