{"centroid": [0.02692703690765416, 0.030963912606239263, 0.2880766931214497], "extents": [0.004641190113902221, 0.3258126676082611, 0.03492251740464403], "rotate_angle": -2.52, "rotate_angle_pred": -3.9096004876303}