{"centroid": [-0.02818401277744584, 0.4850773811340332, 0.215604460528729], "extents": [0.014631748605100244, 0.27129304409027105, 0.02313986484782271], "rotate_angle": -31.56, "rotate_angle_pred": -34.1087735951432}