{"centroid": [-0.012084422341029097, 0.024402625858783663, 0.26703640224969494], "extents": [0.027504518471857888, 0.2900339066982269, 0.024840753384366754], "rotate_angle": 34.69, "rotate_angle_pred": 30.31062929368717}