{"centroid": [0.0025349185219923757, 0.0520635843276977, 0.2718498559462458], "extents": [0.038374326769058026, 0.29490020871162415, 0.027299515651084127], "rotate_angle": 38.38, "rotate_angle_pred": 35.54361805338645}