{"centroid": [0.01033353426846107, -0.40511434152722364, 0.5552333708868207], "extents": [0.2487457684837059, 0.009981952607631683, 0.038857146975959767], "rotate_angle": 24.94, "rotate_angle_pred": 22.272346994416367}