{"centroid": [0.005851353456950842, 0.6023362092673777, 0.5507670694617357], "extents": [0.2428320664740214, 0.014855466783046722, 0.052382044892233304], "rotate_angle": -18.36, "rotate_angle_pred": -20.626842067342835}