{"centroid": [0.02235401150079746, 0.5013456046581268, 0.2221162149186366], "extents": [0.0021142065760220777, 0.26756095886230474, 0.02662406518867308], "rotate_angle": -10.33, "rotate_angle_pred": -11.981651155300185}