{"centroid": [-0.009927650195477868, 0.0844699293375014, 0.5686769502608298], "extents": [0.1975475078713702, 0.03823168575763705, 0.0506253236355203], "rotate_angle": -28.6, "rotate_angle_pred": -28.8980092578648}