{"centroid": [0.9161914209844328, -0.21824125945568085, 0.144478643739187], "extents": [0.032536418115043264, 0.29575458168983454, 0.03035895980039144], "rotate_angle": -11.63, "rotate_angle_pred": -12.897728789571815}