{"centroid": [-0.648200493707124, -0.531032182276249, 0.4057934112297882], "extents": [0.15599250666745246, 0.018282368779182434, 0.06305196830077531], "rotate_angle": 29.26, "rotate_angle_pred": 27.87421689443289}