{"centroid": [0.005309724945469295, -0.028248302638530846, 0.5367508076256644], "extents": [0.9494086385261107, 0.013022616505622923, 0.06257961612171481], "rotate_angle": 13.99, "rotate_angle_pred": 12.735641064182033}