{"centroid": [0.007056598489889418, -0.11696236953139316, 0.5228186515903389], "extents": [0.993794928768531, 0.006246946752071436, 0.07224725264671927], "rotate_angle": 12.85, "rotate_angle_pred": 10.511559009236237}