{"centroid": [0.025410242341868054, 0.15807565674185742, 0.547344682695287], "extents": [0.9246553025681444, 0.010325364768505235, 0.07249995197998027], "rotate_angle": 37.73, "rotate_angle_pred": 36.670777419790454}