{"centroid": [0.021469744371336134, -0.2918366007506848, 0.5417709585514354], "extents": [0.9290050053344479, 0.020637311041355244, 0.06221765508423094], "rotate_angle": 26.3, "rotate_angle_pred": 26.512830522745332}