{"centroid": [0.34374709058635716, 0.31627195701003075, 0.3751445498005489], "extents": [0.4014984357446841, 0.01244752854108816, 0.053393415949364476], "rotate_angle": 44.12, "rotate_angle_pred": 39.215645768142906}