{"centroid": [0.003581768318656156, 0.6153511032462119, 0.34968367871656303], "extents": [0.8024165831542652, 0.008138343691825978, 0.07093502758985765], "rotate_angle": 31.6, "rotate_angle_pred": 28.991560722898512}