{"centroid": [-0.37812018208964354, 0.29424832761287684, 0.3930564485184264], "extents": [0.44873958056957863, 0.013826519250869751, 0.04790398396404033], "rotate_angle": 16.66, "rotate_angle_pred": 14.639447747066313}