{"centroid": [0.07405033983887191, -0.38040211424231535, 0.4649853015511032], "extents": [0.15139115007320503, 0.10450548678636556, 0.022429023161132544], "rotate_angle": -36.46, "rotate_angle_pred": -34.92942378719449}