{"centroid": [0.04813161960952772, -0.3879403471946717, 0.44875793643898987], "extents": [0.1708703454701162, 0.06325489282608032, 0.026615041719023014], "rotate_angle": -9.29, "rotate_angle_pred": -9.282680529141274}