{"centroid": [0.04708404169901268, 0.04983181878924363, 0.4112994804817931], "extents": [0.14363878869472715, 0.022653378546237966, 0.028761351289045556], "rotate_angle": 30.75, "rotate_angle_pred": 30.803058717462264}