{"centroid": [-0.5925992328764966, -0.45818431302905094, 0.30542435090771397], "extents": [0.13593140098659684, 0.021824814379215296, 0.04190896406514233], "rotate_angle": 36.96, "rotate_angle_pred": 38.34629236572607}