{"centroid": [0.15557231810029318, 0.6253323145210743, 0.4419860316594598], "extents": [0.24006667080174357, 0.010915912687778584, 0.04850509630822708], "rotate_angle": 30.88, "rotate_angle_pred": 28.86002854900481}