{"centroid": [-0.04277259357253825, 0.6310006156563758, 0.4229173550516505], "extents": [0.2058087933730891, 0.007156684994697571, 0.05698013066999674], "rotate_angle": 11.19, "rotate_angle_pred": 9.863311294095581}