{"centroid": [0.007351133859727986, 0.615722894668579, 0.4300086209425399], "extents": [0.7224434445581207, 0.006516695022583008, 0.07044197454567375], "rotate_angle": -15.77, "rotate_angle_pred": -18.508419308856674}