{"centroid": [-0.3764139404815165, -0.3465040586888791, 0.4512574372636276], "extents": [0.5009731630592997, 0.05224675685167318, 0.06575691674045736], "rotate_angle": 22.42, "rotate_angle_pred": 25.108454170447814}