{"centroid": [0.19980459956481378, -0.331590086221695, 0.41433105134468107], "extents": [0.5421073276377507, 0.026796460151672363, 0.05881976907305436], "rotate_angle": -3.87, "rotate_angle_pred": -4.089332936414834}