{"centroid": [-0.008082602391732918, -0.3550262078642846, 0.42289654118135955], "extents": [0.7145542025083743, 0.020101323723793085, 0.061438837178160954], "rotate_angle": -1.66, "rotate_angle_pred": -2.952689731678717}