{"centroid": [0.24402859675510555, 0.6125333495438099, 0.3938270251386091], "extents": [0.4355690186451623, 0.018240012228489033, 0.058150537381404355], "rotate_angle": 35.35, "rotate_angle_pred": 32.81254020051739}