{"centroid": [-0.23723607039071803, 0.6007130704820155, 0.42799135475999894], "extents": [0.49873350072316913, 0.008415810763835907, 0.06510235499971623], "rotate_angle": -9.44, "rotate_angle_pred": -11.346827110401065}