{"centroid": [0.0001865691200607436, 0.7285914197564125, 0.4009072746155341], "extents": [0.7823240745370692, 0.015066668391227833, 0.06014435729393436], "rotate_angle": -21.79, "rotate_angle_pred": -27.630566803189573}