{"centroid": [0.0274114653093743, 0.27637188136577595, 0.4223918661941898], "extents": [0.7759983284607774, 0.03599306941032421, 0.04149915514131186], "rotate_angle": -37.23, "rotate_angle_pred": -39.12703871049456}