{"centroid": [-0.010407210392134492, -0.028180807828903247, 0.25663480649259157], "extents": [0.017564743599087378, 0.31526249647140503, 0.03394619344900679], "rotate_angle": -31.62, "rotate_angle_pred": -32.32318728577661}