{"centroid": [-0.04813065987878229, 0.3733034431934356, 0.312368988904737], "extents": [0.033745989098479624, 0.2905791401863098, 0.021906614235444155], "rotate_angle": 30.01, "rotate_angle_pred": 26.755079878424695}