{"centroid": [-0.03234933133114907, -0.06967435777187354, 0.292656408299376], "extents": [0.017075613264472468, 0.2929524183273315, 0.030332543175101367], "rotate_angle": 35.08, "rotate_angle_pred": 32.15578829773318}