{"centroid": [0.041332326992234325, 0.390167698264122, 0.26443524960821374], "extents": [0.0064077378852104155, 0.30502241849899303, 0.03782690779451861], "rotate_angle": -14.56, "rotate_angle_pred": -15.098417044325117}