{"centroid": [-0.7664026319455142, -0.08112287521362313, 0.26233758840246424], "extents": [0.009071528951570373, 1.0958312749862669, 0.10641375976015499], "rotate_angle": 6.2, "rotate_angle_pred": 13.307186458969525}