{"centroid": [-0.060924676562218755, 0.34860828891396517, 0.6222850393737657], "extents": [0.9221395275955073, 0.031940586864948384, 0.09151647261578477], "rotate_angle": 32.62, "rotate_angle_pred": 31.42839109556779}