{"centroid": [0.37865923724465844, -0.030317574739456357, 0.6422958000318311], "extents": [0.05175776851329483, 0.5569740533828735, 0.033804096749671886], "rotate_angle": -26.96, "rotate_angle_pred": -23.175726276164866}