{"centroid": [0.7159899219395938, -0.46738474816083914, 0.26135728630597527], "extents": [0.17374136654884853, 0.10406018793582916, 0.06989187590727552], "rotate_angle": -34.1, "rotate_angle_pred": -35.568494661559036}