{"centroid": [0.1587505130080995, -0.4924016669392587, 0.34762596896317144], "extents": [0.13897434147861487, 0.041098579764366205, 0.06762316209749664], "rotate_angle": 3.81, "rotate_angle_pred": 4.999841447815143}