{"centroid": [-0.002103654831987975, 0.0110368439927696, 0.5703859077583042], "extents": [1.0775422045511793, 0.026895768940448872, 0.09009571530384486], "rotate_angle": 24.28, "rotate_angle_pred": 22.181952833447866}