{"centroid": [-0.029878239930776956, 0.03537157922983157, 0.5869795499879249], "extents": [1.0700037498182071, 0.028795108199119634, 0.08951873347975026], "rotate_angle": -10.81, "rotate_angle_pred": -12.32092976860666}