{"centroid": [-0.8139437097049962, 0.08679536730051021, 0.4291798994460121], "extents": [0.06951015508375702, 0.3917214870452881, 0.08472590973669047], "rotate_angle": 31.29, "rotate_angle_pred": 37.024096864250424}