{"centroid": [-0.0935644384546756, 0.5441882610321044, 0.4268296321662577], "extents": [0.3679006730115476, 0.012911081314086914, 0.04901532502067352], "rotate_angle": 10.14, "rotate_angle_pred": 9.854351094786225}