{"centroid": [-0.013557663938921782, -0.12442557141184817, 0.41826229187179687], "extents": [0.32704346355931274, 0.008606173098087352, 0.035736641667582836], "rotate_angle": 19.59, "rotate_angle_pred": 16.5415448912364}