{"centroid": [0.8498113529677035, 0.07490397989749899, 0.3805836336476056], "extents": [0.028264120838257467, 0.5036498308181763, 0.04831290350542666], "rotate_angle": 0.03, "rotate_angle_pred": -0.6312943273821361}