{"centroid": [0.03833100560213732, -0.36153104901313793, 0.25880457738333], "extents": [0.008859693932966803, 0.3433601260185243, 0.028522770622977756], "rotate_angle": -18.04, "rotate_angle_pred": -20.248338015008883}