{"centroid": [-0.003415333137127727, -0.3879047930240632, 0.26190272376652207], "extents": [0.004161238598318049, 0.3167230486869813, 0.027006007263486564], "rotate_angle": 15.83, "rotate_angle_pred": 12.967848373731826}