{"centroid": [0.020614326333391202, 0.0006522238254546564, 0.2592099151062653], "extents": [0.012090116485936163, 0.3063119053840637, 0.02319158565086027], "rotate_angle": -19.16, "rotate_angle_pred": -20.359332029658177}