{"centroid": [0.31716438452393236, 0.33144701272249216, 0.3404259043302424], "extents": [0.5045220775561223, 0.03479988873004913, 0.06333399468200063], "rotate_angle": 17.42, "rotate_angle_pred": 16.72354630293475}