{"centroid": [-0.44020870534379297, 0.33622606471180905, 0.38832330209348465], "extents": [0.4777758789268902, 0.008021272718906458, 0.052045316285469434], "rotate_angle": -3.45, "rotate_angle_pred": -3.17571880422517}