{"centroid": [0.13277471378349742, -0.34324809908866893, 0.2436145869071249], "extents": [0.003493249353393263, 0.15498960018157965, 0.017458755208310944], "rotate_angle": -6.48, "rotate_angle_pred": -5.365810217775774}