{"centroid": [0.03947761199190675, -0.1880359202623368, 0.36761530900399986], "extents": [0.9226280688420364, 0.031392812728881836, 0.0725710857721969], "rotate_angle": -0.08, "rotate_angle_pred": -1.5271896400867035}