{"centroid": [0.015618387668507198, 0.6832632198929787, 0.37856305642135124], "extents": [0.9349635816150174, 0.0029202252626420178, 0.08367077985405424], "rotate_angle": 14.03, "rotate_angle_pred": 11.589422910023899}