{"centroid": [-0.17755680587300768, -0.12140476703643804, 0.29717464083244755], "extents": [0.019372850551538617, 0.29870855808258057, 0.04130767263441448], "rotate_angle": 33.67, "rotate_angle_pred": 31.836773824913337}