{"centroid": [-0.11161108689367427, 0.2319351509213447, 0.2928425872466941], "extents": [0.014650613126053064, 0.30196884274482727, 0.024692420011649063], "rotate_angle": 29.74, "rotate_angle_pred": 30.36409899360538}