{"centroid": [0.003518744947385752, 0.20142414420843113, 0.2700128382014532], "extents": [0.009237945245430593, 0.28774541616439814, 0.030100731718794183], "rotate_angle": 14.44, "rotate_angle_pred": 14.7634060329315}