{"centroid": [-0.03969326999953547, 0.12719117570668453, 0.2732020741374015], "extents": [0.0200638178123166, 0.2588583827018738, 0.036262516494859176], "rotate_angle": 21.61, "rotate_angle_pred": 20.0711154050622}