{"centroid": [-0.00024218505061635032, 0.5151884928345679, 0.41087612044656885], "extents": [0.86349080696224, 0.005718663334846497, 0.06911048934374553], "rotate_angle": 7.61, "rotate_angle_pred": 4.300051280345926}