{"centroid": [0.004192442584869912, 0.17184706777334208, 0.42721061221767614], "extents": [0.013654023290916414, 0.21519346535205847, 0.031975224337871255], "rotate_angle": 23.24, "rotate_angle_pred": 23.00106298546244}