{"centroid": [0.027767631952986302, -0.1802693493664265, 0.3684828923714602], "extents": [0.6760365737132756, 0.046871922910213554, 0.06402772451120814], "rotate_angle": 33.24, "rotate_angle_pred": 29.008073415641633}