{"centroid": [-0.004038879495717421, 0.2493606954813003, 0.368913511171837], "extents": [0.6514084414829611, 0.021986812353134266, 0.07052379183457158], "rotate_angle": -28.4, "rotate_angle_pred": -30.42184736863409}