{"centroid": [-0.032336268215153584, 0.6208702996373175, 0.4780505716630013], "extents": [0.46259030908343446, 0.026713743805885315, 0.07098940046853175], "rotate_angle": 29.44, "rotate_angle_pred": 27.734504014550907}