{"centroid": [0.005172841194936214, -0.055089652538299595, 0.2553480739658324], "extents": [0.004706665908021714, 0.2656678557395935, 0.03031022868912503], "rotate_angle": 1.5, "rotate_angle_pred": -1.3539478250244628}