{"centroid": [0.0036549461363313907, 0.19970471039414403, 0.2618532872267014], "extents": [0.017114907530610263, 0.2820053696632385, 0.03156719734373212], "rotate_angle": -8.5, "rotate_angle_pred": -11.61213007787309}