{"centroid": [0.04718077093844721, 0.25284679979085917, 0.25569561101230054], "extents": [0.0035661757952258344, 0.29461872577667236, 0.030422714426446923], "rotate_angle": -7.18, "rotate_angle_pred": -10.244716658186505}