{"centroid": [0.017744290806374786, -0.045806050300598186, 0.2685073510896677], "extents": [0.015116020913570968, 0.26944148540496826, 0.0320377757017265], "rotate_angle": 15.14, "rotate_angle_pred": 13.425659614925152}