{"centroid": [-0.07287930699993647, -0.008877389132976662, 0.5848930699365399], "extents": [0.06593502874598262, 0.19239243865013123, 0.047746474458191135], "rotate_angle": -0.14, "rotate_angle_pred": -0.4762315787046134}