{"centroid": [-0.09469496261592873, -0.007235839962959402, 0.6149503930216184], "extents": [0.05428190379302812, 0.1954832822084427, 0.044280132917473236], "rotate_angle": -21.44, "rotate_angle_pred": -20.245877779091444}