{"centroid": [0.08586244122117584, 0.35326811671257013, 0.36683560688256356], "extents": [0.04855646256360113, 0.2130080163478851, 0.06628400173811366], "rotate_angle": 40.96, "rotate_angle_pred": 41.414383145251634}