{"centroid": [0.007999941502650324, 0.4176734238862991, 0.29615207251654785], "extents": [0.01822341959829555, 0.23709282279014582, 0.013494729857100096], "rotate_angle": 26.55, "rotate_angle_pred": 26.31735513591221}