{"centroid": [0.00981156418810264, -0.33210590481758123, 0.2335234731926315], "extents": [0.019601449716724232, 0.31231796741485596, 0.020107139257224044], "rotate_angle": -38.55, "rotate_angle_pred": -38.67401931593574}