{"centroid": [0.04731555680659915, -0.06373155117034918, 0.21165571021384294], "extents": [0.01870705245328854, 0.28042691946029674, 0.02561281328349127], "rotate_angle": -31.02, "rotate_angle_pred": -32.98274434563191}