{"centroid": [0.35135635613266447, -0.4195696711540222, 0.47094404367327325], "extents": [0.04877755167568859, 0.46055006980895996, 0.024039243016291345], "rotate_angle": 34.66, "rotate_angle_pred": 33.71570665548816}