{"centroid": [0.34008140749945814, 0.17495197802782048, 0.45091011614360166], "extents": [0.011147678058024024, 0.5076513290405273, 0.02938659717496256], "rotate_angle": -29.12, "rotate_angle_pred": -28.086947551155987}