{"centroid": [-0.024859734845321196, 0.4072408080101012, 0.49286582087844283], "extents": [0.05695895971118804, 0.21907889842987055, 0.049474307450904365], "rotate_angle": 34.23, "rotate_angle_pred": 37.81246048277012}