{"centroid": [-0.061346432398140964, 0.38530625402927393, 0.4866766070412625], "extents": [0.021110862559244645, 0.27832382917404175, 0.05012137085903695], "rotate_angle": -27.79, "rotate_angle_pred": -27.61835566078107}