{"centroid": [0.02338900673713458, 0.6341120302677155, 0.6038245258960472], "extents": [0.9715590608351583, 0.00040298700332663806, 0.08034304638058265], "rotate_angle": 33.41, "rotate_angle_pred": 33.246422526394284}