{"centroid": [-0.0409121865350149, -0.40774354338645935, 0.2652590209880227], "extents": [0.014392837913164543, 0.31050425767898554, 0.0416316912478405], "rotate_angle": -38.27, "rotate_angle_pred": -38.30295175501586}