{"centroid": [0.042812084574713076, 0.2012413144111633, 0.2728840950007858], "extents": [0.005747631045454331, 0.28597015142440796, 0.03118477309593015], "rotate_angle": 11.55, "rotate_angle_pred": 10.76643123180044}