{"centroid": [-0.0008947007505721869, -0.07843354344367984, 0.24577449936504234], "extents": [0.009922400179637315, 0.3169861435890198, 0.033158369571939184], "rotate_angle": -36.12, "rotate_angle_pred": -36.53881263064557}