{"centroid": [-0.033998138181933216, 0.3870017528533935, 0.24896802112879063], "extents": [0.029758750492252375, 0.28420913219451904, 0.019092775303791804], "rotate_angle": -22.99, "rotate_angle_pred": -24.286229981388857}