{"centroid": [-0.03497226564244245, -0.05934455618262303, 0.6712534696845653], "extents": [1.2199307827851051, 0.0114781931042673, 0.10157428804846447], "rotate_angle": -33.64, "rotate_angle_pred": -34.996623623754985}