{"centroid": [-0.010945130102143819, -0.04278583824634564, 0.5631532156979756], "extents": [1.3125561654362203, 0.038101121783256614, 0.11439699090222821], "rotate_angle": 13.07, "rotate_angle_pred": 11.55051977668343}