{"centroid": [-0.023683227264021223, 0.5048324167728424, 0.36825738367729344], "extents": [0.929581747383158, 0.04002058506011974, 0.09029744429717435], "rotate_angle": 37.94, "rotate_angle_pred": 32.81986745128705}