{"centroid": [-0.001411590148760078, -0.047057565301656806, 0.37591867580690436], "extents": [0.9537841313134129, 0.028219275176525144, 0.0906231425348058], "rotate_angle": 2.58, "rotate_angle_pred": 0.3474086467529105}