{"centroid": [-0.009609122913764541, 0.06254298612475384, 0.4504242227823538], "extents": [0.8442700889214501, 0.042232409119606074, 0.09267948335047693], "rotate_angle": -10.41, "rotate_angle_pred": -13.925405170271176}