{"centroid": [0.00924885281619, -0.10121572017669687, 0.4047429399138458], "extents": [0.8577688906383873, 0.05575659871101382, 0.07423668332217465], "rotate_angle": 4.23, "rotate_angle_pred": 2.1750142473366054}