{"centroid": [-0.02313127191922535, 0.5293088220059872, 0.41834716297025243], "extents": [0.8573703547227931, 0.021810702979564778, 0.0881959251920032], "rotate_angle": 29.2, "rotate_angle_pred": 28.745581819754733}