{"centroid": [0.0032839275456154615, 0.0386202782392501, 0.4077497171836735], "extents": [0.8142771659526482, 0.0414323657751084, 0.08589200610763714], "rotate_angle": 15.91, "rotate_angle_pred": 11.398896087163976}