{"centroid": [0.5202876703867869, -0.03792774677276612, 0.3632333292125895], "extents": [0.00037561356645421373, 0.6994736194610596, 0.0781769297643114], "rotate_angle": 20.29, "rotate_angle_pred": 21.07935556034674}