{"centroid": [0.5283385575237178, -0.0524013042449952, 0.39706112429025964], "extents": [0.02928778536256671, 0.7863467335700991, 0.0988335611828427], "rotate_angle": 17.21, "rotate_angle_pred": 20.348859256900795}