{"centroid": [-0.019508159327181696, -0.09272677451372152, 0.4087659764450712], "extents": [0.9067810849648047, 0.02367340028285994, 0.08517219942478732], "rotate_angle": -33.67, "rotate_angle_pred": -34.929507160228205}