{"centroid": [0.045373711640093434, -0.03510645497590302, -0.04073093744805663], "extents": [0.05764815820487407, 0.05121977627277377, 0.10062425346447045], "rotate_angle": 34.6, "rotate_angle_pred": 22.814068618544226}