{"centroid": [-0.26326389086954627, 0.028061855584383, -0.06674486148567385], "extents": [0.0851253125619034, 0.051858648657798795, 0.09914854955038849], "rotate_angle": 35.92, "rotate_angle_pred": 21.69475234118677}