{"centroid": [-0.12819124129437942, 0.2533456347882747, 0.41631745419574906], "extents": [0.7747710876756275, 0.5311014652252198, 0.12672653685572988], "rotate_angle": 39.84, "rotate_angle_pred": 45.64774057847575}