{"centroid": [-0.013967408942735238, 0.07559904456138605, 0.4653904514680316], "extents": [0.7013171377249053, 0.5799151659011842, 0.11873157427466136], "rotate_angle": 38.7, "rotate_angle_pred": 47.128194547953484}