{"centroid": [0.12601625727884982, -0.01195466518402108, 0.3686937033375363], "extents": [0.5299932952674481, 1.4201430082321165, 0.04615012552813086], "rotate_angle": 4.34, "rotate_angle_pred": 0.45799008557018794}