{"centroid": [-0.22184037684706526, 0.033279955387115395, 0.3507612133169883], "extents": [0.4707825120421547, 1.387804388999939, 0.08348261452461453], "rotate_angle": -4.67, "rotate_angle_pred": -6.412543153099236}