{"centroid": [0.003610784219721927, 0.03568089008331289, 0.5294034190316667], "extents": [0.6301123596528146, 1.105820655822754, 0.06589429181566736], "rotate_angle": -13.12, "rotate_angle_pred": -12.92447336405759}