{"centroid": [0.034439603725823435, -0.1623797416687012, 0.3398112927792495], "extents": [0.8412040676513173, 0.9710427522659302, 0.09954832736244162], "rotate_angle": -41.22, "rotate_angle_pred": -43.91195659333873}