{"centroid": [-0.006535167167282675, -0.021062374114990248, 0.2653425589944442], "extents": [0.5696596580749533, 1.511321783065796, 0.08066308608110001], "rotate_angle": 9.26, "rotate_angle_pred": 4.590143279997719}