{"centroid": [0.021652140609837195, 0.1076679527759551, 0.4154390286986383], "extents": [1.4143020908060993, 0.9690625071525575, 0.022237974837985897], "rotate_angle": 11.34, "rotate_angle_pred": 12.790194427659642}