{"centroid": [-0.08466530049285664, -0.014245718717575233, 0.5304793338045791], "extents": [0.6719617409022246, 0.7358953356742859, 0.16259700450534814], "rotate_angle": -1.76, "rotate_angle_pred": 1.9536849827490101}