{"centroid": [0.3038297804334692, 0.2936866879463194, 0.5527789261172531], "extents": [1.9624737527419807, 1.4260319471359253, 0.016084630063873617], "rotate_angle": 38.19, "rotate_angle_pred": 25.835455949528892}