{"centroid": [-0.06487494902944702, 0.02489823102951047, 0.35081890001690086], "extents": [0.7366433002479004, 1.4123022556304932, 0.08682441545075115], "rotate_angle": 23.8, "rotate_angle_pred": 23.87593780649192}