{"centroid": [-0.11423342716655578, 0.06841114163398734, 0.35881390762388965], "extents": [0.7672549603218518, 1.0338749885559082, 0.6247364973969025], "rotate_angle": 2.86, "rotate_angle_pred": -0.010008494868515072}