{"centroid": [-0.005274130830155155, 0.09023618698120116, 0.1721355538708675], "extents": [0.6839431454127478, 1.5561960935592651, 0.42535879771742324], "rotate_angle": -7.01, "rotate_angle_pred": -2.7935003563751195}