{"centroid": [-0.12592387847395625, 0.05358023941516862, 0.5832883034214785], "extents": [0.6385675185818414, 0.5885400772094729, 0.7776579398620116], "rotate_angle": 1.49, "rotate_angle_pred": -2.69938293308212}