{"centroid": [-0.06075451350634874, -0.07524070143699657, 0.42365930779846617], "extents": [0.6963239197759457, 0.6581245064735413, 0.2118869538062894], "rotate_angle": 4.96, "rotate_angle_pred": 9.972944006671625}