{"centroid": [-0.0941422338511644, 0.05813097953796385, 0.40999497309499494], "extents": [0.747158061745648, 1.1371440887451172, 0.48283896574515517], "rotate_angle": -13.13, "rotate_angle_pred": -12.652955034081714}