{"centroid": [0.03234443023663157, -0.13301748037338257, 0.24414698901363371], "extents": [0.5046734217717301, 0.5394877195358276, 0.07609854644439545], "rotate_angle": -16.66, "rotate_angle_pred": -20.527371466904427}