{"centroid": [0.14239995137489442, -0.09173917770385742, 0.25304142845028665], "extents": [0.49099462128105864, 0.5895489454269409, 0.07242844837116502], "rotate_angle": 15.56, "rotate_angle_pred": 20.809556758210945}