{"centroid": [-0.002033512506493834, -0.07527860999107366, 0.33601244146136344], "extents": [1.1028059834098984, 0.8173769116401672, 0.07424861268854116], "rotate_angle": -7.44, "rotate_angle_pred": -12.553929434753044}