{"centroid": [-0.054849098950160505, -0.16129758954048162, 0.39929407074954415], "extents": [1.0786495481621703, 0.6705303788185121, 0.10661205919087896], "rotate_angle": 26.16, "rotate_angle_pred": 35.72444441286274}