{"centroid": [-0.08057041286087747, -0.17211797833442688, 0.26950287495966785], "extents": [1.167661164759281, 0.70720773935318, 0.12707090102766475], "rotate_angle": -9.84, "rotate_angle_pred": -9.33049024918661}