{"centroid": [-0.23055551660287912, -0.15395349264144897, 0.2919498778991419], "extents": [0.7183670893863828, 0.5843651890754701, 0.07831827438009198], "rotate_angle": -40.69, "rotate_angle_pred": -34.658951520451886}