{"centroid": [-0.024805920591202554, -0.2212708890438081, 0.39045420875228665], "extents": [1.0798889209412965, 0.6902599930763247, 0.1113343666363199], "rotate_angle": 1.25, "rotate_angle_pred": 6.120283078827114}