{"centroid": [0.025523067692156502, -0.0830235779285431, 0.4709977919307381], "extents": [0.6934993080767369, 0.9862956404685974, 0.07485654749057774], "rotate_angle": 36.72, "rotate_angle_pred": 30.078868939435793}