{"centroid": [0.026057466684031777, -0.00998395681381236, 0.3457074249026385], "extents": [0.3273875622306733, 0.5582301616668701, 0.43519006949438016], "rotate_angle": 4.09, "rotate_angle_pred": -0.7706374289294899}