{"centroid": [-0.20522611300649846, -0.015365660190582352, 0.21954186374948603], "extents": [0.21134828293752053, 0.6545933485031129, 0.3782779621411142], "rotate_angle": 35.15, "rotate_angle_pred": 18.37349600617253}