{"centroid": [-0.2536319510481737, -0.12493309378623964, 0.22547757971964028], "extents": [0.42615770034118133, 0.8140845894813538, 0.2044785707359396], "rotate_angle": 27.01, "rotate_angle_pred": 19.74746149227076}