{"centroid": [-0.1997515852274081, 0.11002728343009932, 0.4866520863093219], "extents": [0.6071250976303402, 1.0455937385559082, 0.08477526821559889], "rotate_angle": 8.16, "rotate_angle_pred": 14.522487346221311}