{"centroid": [-0.02926919612509423, -0.1543985903263093, 0.4385112884567244], "extents": [0.7301132588264356, 0.7927889227867125, 0.1518852840862775], "rotate_angle": -2.84, "rotate_angle_pred": -4.418708825290395}