{"centroid": [0.1602599581643892, -0.006754577159881613, 0.3699066030760657], "extents": [0.5033111457630458, 0.7455876469612123, 0.3759007666325762], "rotate_angle": 37.25, "rotate_angle_pred": 32.87104518267027}