{"centroid": [-0.0820860079121695, -0.12165299057960517, 0.44527470179987283], "extents": [0.8424739709958688, 0.7335814833641052, 0.21632857292842278], "rotate_angle": 4.97, "rotate_angle_pred": 3.433747298438618}