{"centroid": [-0.058926593167923785, 0.011352598667144748, 0.2167835922505766], "extents": [0.7613214492352927, 1.5904489755630493, 0.1798956897462144], "rotate_angle": 33.19, "rotate_angle_pred": 25.115572092581473}