{"centroid": [-0.07513482907292476, 0.06827718019485458, 0.5375327379351467], "extents": [0.693518627188807, 0.9960117340087891, 0.1160675566153972], "rotate_angle": 0.14, "rotate_angle_pred": 7.681139070362221}