{"centroid": [0.013313271258580957, 0.09901261329650868, 0.4818780477715353], "extents": [0.5598890809576965, 0.790643632411957, 0.825471762996354], "rotate_angle": -8.44, "rotate_angle_pred": -8.465709801891848}