{"centroid": [0.049310942002114846, -0.002897262573242243, 0.3351057611227442], "extents": [0.8844750916298529, 1.273099422454834, 0.11231875161428573], "rotate_angle": 41.8, "rotate_angle_pred": 31.51320615081248}