{"centroid": [-0.029988041061478385, 0.008561253547668374, 0.4597216393171191], "extents": [1.285937442733129, 0.6256178021430971, 0.0870000431647624], "rotate_angle": 37.57, "rotate_angle_pred": 36.717707193481274}