{"centroid": [-0.1797074967862255, 0.05700181424617755, 0.5897779435358463], "extents": [0.610886439602534, 0.5707495212554934, 0.7914562031267085], "rotate_angle": 7.66, "rotate_angle_pred": 3.9977049375025757}