{"centroid": [0.09126865143998406, 0.01944947242736815, 0.19468811143401787], "extents": [0.3635863692708661, 1.4971612691879272, 0.6409915144158101], "rotate_angle": -31.19, "rotate_angle_pred": -17.14747367639859}