{"centroid": [-0.29468687001141824, 0.46332228183746316, -1.1491528781095088], "extents": [3.078333993461161, 1.6266455650329594, 0.14872411902199634], "rotate_angle": 40.0, "rotate_angle_pred": -145.79948359316612}