{"centroid": [-0.007103312430711696, 0.00212356448173516, 0.37490217941509313], "extents": [0.8373851412763442, 0.6763954162597656, 0.12019285893637932], "rotate_angle": -14.87, "rotate_angle_pred": -8.517616049104774}