{"centroid": [0.04656954607324093, -0.0629775524139405, 0.3685628104006779], "extents": [0.6984924507660539, 0.5807497501373291, 0.16920061006455317], "rotate_angle": -1.92, "rotate_angle_pred": 1.7990274487555382}