{"centroid": [-0.0884530737051728, -0.2307574450969696, 0.3147320885657694], "extents": [0.650259788447521, 0.5807681679725648, 0.11999030330841531], "rotate_angle": -32.54, "rotate_angle_pred": -29.600277562986797}