{"centroid": [-0.024012160323678304, -0.11140903830528266, 0.3851061024477351], "extents": [0.6427665142358537, 0.590499520301819, 0.20706706561145616], "rotate_angle": -23.03, "rotate_angle_pred": -20.11332778137117}