{"centroid": [-0.06577108570586748, -0.13909590244293218, 0.39697195147575776], "extents": [0.7698312168346957, 0.6490918993949891, 0.2426335440021571], "rotate_angle": -18.53, "rotate_angle_pred": -17.267247906321018}