{"centroid": [0.061823319686993394, 0.04542076587676995, 0.37022291037468297], "extents": [0.5478508395157456, 1.409034013748169, 0.05459751111734501], "rotate_angle": -24.14, "rotate_angle_pred": -25.873646903169657}