{"centroid": [-0.12377721743241668, -0.16489100456237799, 0.3654526835807653], "extents": [0.6308321318913109, 0.5696336627006531, 0.13136085789043744], "rotate_angle": -1.82, "rotate_angle_pred": 3.1523707759849913}