{"centroid": [-0.043799391783842366, -0.12358847260475168, 0.40668900874369207], "extents": [0.643059242557521, 0.5538284778594973, 0.16510748577322887], "rotate_angle": 31.3, "rotate_angle_pred": 34.86024472425743}