{"centroid": [0.04366256304442273, 0.6537072658538818, 0.2911898683226315], "extents": [0.7004329970475306, 0.530902922153473, 0.09375278400400294], "rotate_angle": -5.25, "rotate_angle_pred": -8.172903042851019}