{"centroid": [0.025664379723321362, -0.2532411813735962, 0.29395259523643485], "extents": [0.6514493646900184, 1.1174241304397583, 0.09457652015060014], "rotate_angle": -40.33, "rotate_angle_pred": -41.20988158238549}