{"centroid": [-0.270330718187278, -0.023064076900482205, 0.28140877268748854], "extents": [0.43873919011547513, 1.3635483980178833, 0.09175636074009202], "rotate_angle": 10.82, "rotate_angle_pred": 6.668014709726222}