{"centroid": [-0.17958404536992598, 0.06085819005966181, 0.21897186670294808], "extents": [0.41273205802526786, 1.7697837352752686, 0.10831714990768496], "rotate_angle": 43.93, "rotate_angle_pred": 24.364189860195765}