{"centroid": [0.1860427499345028, -0.07012879848480225, 0.2708650209614577], "extents": [0.5091282025294593, 1.4651219844818115, 0.06047258030038222], "rotate_angle": -23.57, "rotate_angle_pred": -27.208570551112288}