{"centroid": [-0.2771395991738021, -0.08423918485641489, 0.2339583250037212], "extents": [0.4755585705841674, 1.4747979640960698, 0.07929879287156069], "rotate_angle": -30.44, "rotate_angle_pred": -31.377344909451885}