{"centroid": [0.2640165286744578, 0.0218499302864075, 0.09592803513442492], "extents": [0.5118011833444622, 1.6489177942275999, 0.1995384842628098], "rotate_angle": 31.12, "rotate_angle_pred": 17.64601991599342}