{"centroid": [0.20444402248540977, 0.025204777717590332, 0.08141743132938715], "extents": [0.5658872570564561, 1.740100622177124, 0.14173024509571172], "rotate_angle": -2.63, "rotate_angle_pred": -7.261947570411337}