{"centroid": [-0.009088555592220687, 0.5474316477775573, 0.25909026012056957], "extents": [0.6522734855870069, 0.5938710570335388, 0.04825708340084442], "rotate_angle": 5.7, "rotate_angle_pred": -0.140222374137835}