{"centroid": [-0.08030217344678481, 0.0648578405380248, 0.3982336615217546], "extents": [0.8527109069896792, 1.314897894859314, 0.1103266334135154], "rotate_angle": 25.32, "rotate_angle_pred": 23.869519278958407}