{"centroid": [0.7516635640050626, 0.8837124109268188, 0.13363437998213307], "extents": [2.768638360496617, 1.9091200828552246, 0.010259587273584309], "rotate_angle": 43.04, "rotate_angle_pred": 4.123167224961108}