{"centroid": [-0.19004766986656563, 0.005309581756591741, 0.20052970256888888], "extents": [0.5097507949464115, 1.4639710187911987, 0.08717479008458262], "rotate_angle": 33.88, "rotate_angle_pred": 25.88766374674374}