{"centroid": [0.0769460143219052, -0.07793670892715455, 0.1446396058353588], "extents": [0.5465443656951964, 1.5228389501571655, 0.08219239005328569], "rotate_angle": 43.74, "rotate_angle_pred": 36.39513053834061}