{"centroid": [0.16179454787713746, 0.06412656605243672, 0.43831873001533284], "extents": [0.5771960634928547, 0.6169641017913821, 1.017030957676518], "rotate_angle": -23.44, "rotate_angle_pred": -22.94244545229263}