{"centroid": [0.047371357599179126, 0.6652755141258239, 0.24839160899317347], "extents": [0.6708130108134485, 0.5518983602523804, 0.07873006009746655], "rotate_angle": -12.71, "rotate_angle_pred": -17.52108852622618}