{"centroid": [0.013445032172003234, -0.018654108047485365, 0.22966614450780104], "extents": [0.5305796928477657, 1.481465458869934, 0.19766403983651526], "rotate_angle": 12.97, "rotate_angle_pred": 10.384025176761156}