{"centroid": [-0.2562007447092275, 0.00033408403396606445, 0.33988002155680047], "extents": [0.47293215558926816, 1.4916011095046997, 0.10597407721231356], "rotate_angle": -23.18, "rotate_angle_pred": -28.58739762610518}