{"centroid": [0.22077316868352576, -0.039637267589569175, 0.3624467075868997], "extents": [0.551915765045638, 1.3049038648605344, 0.07089984420006079], "rotate_angle": -6.26, "rotate_angle_pred": -14.482026906493743}