{"centroid": [0.3642641485603462, -0.011993706226348863, 0.3531742187074842], "extents": [0.6205955880091103, 1.1112463474273682, 0.04435524441861799], "rotate_angle": 36.03, "rotate_angle_pred": 33.1900067647143}