{"centroid": [-0.03166837708975932, -0.002719700336456285, 0.08287541419852415], "extents": [0.8104326813071199, 1.5593918561935425, 0.19956319250953547], "rotate_angle": 23.96, "rotate_angle_pred": 21.13712862690737}