{"centroid": [0.2281648009666667, 0.03114479780197142, 0.36401406846628875], "extents": [0.49665498351698645, 1.516083002090454, 0.07546953798925105], "rotate_angle": -40.69, "rotate_angle_pred": -42.7312622842694}