{"centroid": [-0.2474977730326313, 0.010231137275695773, 0.32110197388454265], "extents": [0.43715875318621084, 1.6018939018249512, 0.10314827916224678], "rotate_angle": -41.86, "rotate_angle_pred": -34.608186384948205}