{"centroid": [0.062083524056527846, 0.6306527256965637, 0.25828765884836796], "extents": [0.725303640081692, 0.5277114510536195, 0.10348091879444254], "rotate_angle": -21.79, "rotate_angle_pred": -26.359489976610313}