{"centroid": [-0.022589773130375516, 0.1287944912910461, 0.44117611849793104], "extents": [0.9328000059362591, 1.256226181983948, 0.09867189940841592], "rotate_angle": -32.15, "rotate_angle_pred": -33.829554603433614}