{"centroid": [-0.2019009752569833, 0.14101690053939814, -0.7075866999778405], "extents": [1.9767334951685014, 1.4254311323165898, 0.046957532139859315], "rotate_angle": 39.03, "rotate_angle_pred": -146.11132992837932}