{"centroid": [-0.3432203543407144, -0.1473788022994995, 0.22742186727650548], "extents": [0.5420550038401352, 1.0114578008651733, 0.04984622384721907], "rotate_angle": -20.07, "rotate_angle_pred": -24.013533576326694}