{"centroid": [0.26636656877611903, 0.2809497416019439, 0.41687220602231895], "extents": [1.4322393800459836, 0.9161835312843324, 0.042248445514546984], "rotate_angle": 44.85, "rotate_angle_pred": 32.60790668943899}