{"centroid": [0.04670492230804347, 0.6073098480701447, 0.23138960799236047], "extents": [0.7031398233903592, 0.5381434559822084, 0.08387415639427276], "rotate_angle": -27.03, "rotate_angle_pred": -34.71233679627862}