{"centroid": [-0.014134898912368764, -0.10901272296905519, 0.33249680580163987], "extents": [0.6483089199126739, 1.342609167098999, 0.07231597458824546], "rotate_angle": -16.49, "rotate_angle_pred": -15.847114148983465}