{"centroid": [-0.09813245897456956, 0.4454253017902374, 0.29193558532892383], "extents": [0.5847194744015085, 1.1449834108352661, 0.0987487278421352], "rotate_angle": 2.52, "rotate_angle_pred": 0.06520869104937788}