{"centroid": [-0.05785275770893983, 0.01668441295623771, 0.3190349155761006], "extents": [0.6706971524477631, 1.5658031702041624, 0.091781780100881], "rotate_angle": -5.32, "rotate_angle_pred": -1.5235414928950775}