{"centroid": [-0.04847529040886942, -0.2001100778579712, 0.28685825874179294], "extents": [0.701804464302932, 1.1738547086715698, 0.09926371350039989], "rotate_angle": -29.34, "rotate_angle_pred": -23.358696209949386}