{"centroid": [-0.06025669943505209, 0.4051795825362205, 0.28455279389820504], "extents": [0.5455557197557905, 0.956256091594696, 0.057362158793894225], "rotate_angle": -39.49, "rotate_angle_pred": -40.85624563033407}