{"centroid": [0.003329423923215953, 0.033758759498596164, 0.2250559559192782], "extents": [0.6180743026900325, 1.7608461380004883, 0.1290722499349633], "rotate_angle": 43.55, "rotate_angle_pred": 29.164989554608013}