{"centroid": [0.019798244605960802, 0.6622949242591858, 0.29093992517936973], "extents": [0.7038330534652231, 0.5631529092788697, 0.07181646030726585], "rotate_angle": -6.08, "rotate_angle_pred": -10.264337436201103}