{"centroid": [-0.062165383425405334, 0.019550561904907227, 0.23063643275423068], "extents": [0.6644721201806929, 1.6318368911743164, 0.11798231606637696], "rotate_angle": -10.5, "rotate_angle_pred": -10.641377942192491}