{"centroid": [0.002977379755618563, -0.1752656102180481, 0.31227718271578875], "extents": [0.6187752356727287, 1.2315824031829834, 0.083542315416467], "rotate_angle": -41.54, "rotate_angle_pred": -39.59426609089374}