{"centroid": [0.03913109597516807, 0.6397863030433655, 0.24220598806611163], "extents": [0.6572383173996978, 0.537517547607422, 0.0769522950120908], "rotate_angle": -18.41, "rotate_angle_pred": -24.045616496360296}