{"centroid": [-0.09589472208024116, 0.09315550327301023, 0.4538980038437705], "extents": [0.880356327053986, 1.1904385089874268, 0.08519540874775572], "rotate_angle": 26.34, "rotate_angle_pred": 24.653114079799494}