{"centroid": [0.008913877214034832, 0.11886876821517943, 0.44143928698002155], "extents": [0.9205509662139189, 1.3049300909042358, 0.10791243891681546], "rotate_angle": -32.88, "rotate_angle_pred": -34.19908134748712}