{"centroid": [-0.05149250483683395, -0.24781304597854614, 0.30659103661256637], "extents": [0.8277457539926616, 0.9057897329330444, 0.10187980758467502], "rotate_angle": -7.01, "rotate_angle_pred": -7.912552351692753}