{"centroid": [-0.06223202331940189, -0.0303938388824464, 0.3624692154782787], "extents": [1.001531219026662, 1.0977571010589597, 0.09945332762719383], "rotate_angle": 2.48, "rotate_angle_pred": -0.16021622684849035}