{"centroid": [-0.08766189974097452, -0.0008502006530762204, 0.44930735394351434], "extents": [0.7614777448916554, 0.7049575448036196, 0.3648924416801392], "rotate_angle": -29.82, "rotate_angle_pred": -25.63528827126379}