{"centroid": [-0.02795657896782275, 0.048162162303924505, 0.26624460198410094], "extents": [1.491477136886281, 0.7164982557296754, 0.08596475451447236], "rotate_angle": -16.84, "rotate_angle_pred": -22.718584347620663}