{"centroid": [0.032943487938064155, -0.24270251393318176, 0.35797831996895674], "extents": [0.6426422338700852, 0.5851306319236756, 0.11227318195046543], "rotate_angle": -43.51, "rotate_angle_pred": -41.046073836661776}