{"centroid": [-0.03519790077472899, 0.09679961204528799, 0.429273830619735], "extents": [0.8694308512098721, 1.3780521154403687, 0.09217965721561827], "rotate_angle": -3.8, "rotate_angle_pred": -3.1445558562939766}