{"centroid": [-0.05995111827319953, 0.13252478837966908, 0.46183695841958267], "extents": [0.8993905930751736, 1.2340011596679688, 0.10770121394065135], "rotate_angle": -23.35, "rotate_angle_pred": -23.66794287742404}