{"centroid": [-0.02100794396955466, 0.09077432751655572, 0.453736483817117], "extents": [0.9370500608878948, 1.171249032020569, 0.08500697612086067], "rotate_angle": -32.03, "rotate_angle_pred": -33.76490682789254}