{"centroid": [-0.03704588372927371, 0.08936041593551626, 0.419853184330243], "extents": [0.9028034911656031, 1.2061573266983032, 0.09422616770606324], "rotate_angle": 4.24, "rotate_angle_pred": 4.1556354909614726}