{"centroid": [-0.020493996571036656, 0.08020377159118643, 0.4644262100080797], "extents": [0.851115531089045, 1.1123027801513672, 0.08871764010505845], "rotate_angle": 12.58, "rotate_angle_pred": 10.198330234612243}