{"centroid": [0.18038760747502502, 0.11516875028610221, 0.44707859891724216], "extents": [1.5752806380553297, 1.1253836154937746, 0.05242510418302987], "rotate_angle": 35.56, "rotate_angle_pred": 23.184059785570113}