{"centroid": [-0.05503657790692827, 0.10180434584617605, 0.43819600791832347], "extents": [1.102075595311475, 0.9489802718162537, 0.0852372958686009], "rotate_angle": -13.45, "rotate_angle_pred": -14.210747864116342}