{"centroid": [-0.023349869436183036, 0.09727019071578971, 0.41283983350569264], "extents": [0.9229805025809967, 1.358433723449707, 0.1033959107775807], "rotate_angle": -14.65, "rotate_angle_pred": -15.021986707829583}