{"centroid": [0.00359570724986933, -0.016280442476272666, 0.4321969019529344], "extents": [0.8779963873719412, 0.9293444156646729, 0.07290981728844353], "rotate_angle": 19.9, "rotate_angle_pred": 18.236106288099606}