{"centroid": [-0.0030752712716334493, 0.05535185337066639, 0.4477431641507668], "extents": [0.755899776491469, 1.3400752544403074, 0.08663967131913813], "rotate_angle": -7.05, "rotate_angle_pred": -8.155208444872798}