{"centroid": [-0.022795858084142112, 0.09169101715087882, 0.43154577792476895], "extents": [0.9073015022774333, 1.1929192543029785, 0.13307559735717212], "rotate_angle": -35.55, "rotate_angle_pred": -35.46510598651988}