{"centroid": [0.19558841670301097, 0.23034262657165516, 0.6386453680377286], "extents": [1.8291495747810973, 1.4217622280120852, 0.03657086507985119], "rotate_angle": 39.42, "rotate_angle_pred": 32.591261785713684}