{"centroid": [0.10135504695300268, 0.14603543281555165, 0.5194669746236049], "extents": [1.4763874079696278, 0.9866003394126894, 0.06719650448389436], "rotate_angle": 42.81, "rotate_angle_pred": 31.157480043724803}