{"centroid": [0.21676434687267218, 0.2760750651359557, 0.5485874209190343], "extents": [1.786787371160929, 1.3802404403686526, 0.05277170555674526], "rotate_angle": 34.66, "rotate_angle_pred": 26.89139838198969}