{"centroid": [-0.06088660669802239, 0.08901190757751454, 0.4300474349660415], "extents": [0.8568355060123738, 1.357807159423828, 0.09716215973603026], "rotate_angle": 12.09, "rotate_angle_pred": 13.01210097022232}