{"centroid": [-0.06462911494934849, 0.1261184215545653, 0.49022774090079224], "extents": [0.7448068792848943, 1.2248482704162595, 0.0692595535493859], "rotate_angle": -10.34, "rotate_angle_pred": -6.4829174488844075}