{"centroid": [-0.06504712502102135, 0.09298598766326895, 0.4259162729785287], "extents": [0.869991597905596, 1.3384472131729126, 0.09802603692234735], "rotate_angle": 15.74, "rotate_angle_pred": 16.173005834915884}