{"centroid": [-0.03461171869818325, 0.11952912807464591, 0.4170358438528973], "extents": [0.9315341763115104, 1.2747621536254883, 0.11888854272064642], "rotate_angle": -27.57, "rotate_angle_pred": -26.88369772538421}