{"centroid": [0.3369127282246186, 0.02539616823196398, 0.4530709393655289], "extents": [0.7177377369038083, 0.3745376765728, 1.1169867555809303], "rotate_angle": -13.62, "rotate_angle_pred": -28.59599085255389}