{"centroid": [-0.2438123840168135, -0.21398267149925237, 0.24808697030148213], "extents": [0.6186682490244723, 0.6314927935600283, 0.0673122545045039], "rotate_angle": -23.76, "rotate_angle_pred": -24.000959192185178}