{"centroid": [0.17085551637623447, -0.13596531748771676, 0.2407857441670426], "extents": [0.5925113680285611, 0.5863379836082461, 0.07370075734608666], "rotate_angle": 3.55, "rotate_angle_pred": 6.757386122613212}