{"centroid": [-0.18116322091716713, 0.07883256673812863, 0.150596751539392], "extents": [0.45117949462802787, 0.5555253624916077, 0.07152762854238379], "rotate_angle": -22.03, "rotate_angle_pred": -18.07059845358124}