{"centroid": [-0.24997835416452907, -0.017472356557846062, 0.13196004273429446], "extents": [0.4532389754967809, 0.5435786247253419, 0.07675012394385473], "rotate_angle": -37.38, "rotate_angle_pred": -26.897864966692374}