{"centroid": [-0.11710943552178926, -0.20753130316734308, 0.11017925577142079], "extents": [0.37185537046788397, 0.6412125229835509, 0.08823519762838318], "rotate_angle": 18.02, "rotate_angle_pred": 13.728278411177868}