{"centroid": [-0.05768189475498113, -0.05291640758514405, 0.1237123440544059], "extents": [0.33687382827215406, 0.5690985918045044, 0.07707148020303964], "rotate_angle": 20.7, "rotate_angle_pred": 13.522965092817344}