{"centroid": [-0.040439884284965685, -0.022505879402160648, 0.1493511108039829], "extents": [0.3090484710797974, 0.5398232340812683, 0.09002029815528605], "rotate_angle": -27.53, "rotate_angle_pred": -24.8966840558534}