{"centroid": [0.06361204569062734, -0.23438221216201788, 0.33372188614234627], "extents": [0.8868649604285594, 0.8226743936538699, 0.09821745755890049], "rotate_angle": -31.49, "rotate_angle_pred": -39.9683568008745}