{"centroid": [0.08590387611404499, -0.1353183388710022, 0.02415773249191735], "extents": [0.15775671269538757, 0.6558318138122559, 0.21736101349061365], "rotate_angle": 25.44, "rotate_angle_pred": 17.162901840600597}