{"centroid": [0.1629746038628066, 0.07424864172935479, 0.18132773774102165], "extents": [1.1312656327475163, 0.9565697312355044, 0.24153286058272458], "rotate_angle": -42.57, "rotate_angle_pred": -41.06792441969544}