{"centroid": [-0.3040862287635878, -0.09038838744163517, 0.15424150363148284], "extents": [0.15717759819388752, 0.5896650552749634, 0.48961597964381237], "rotate_angle": 21.8, "rotate_angle_pred": 16.666036356487496}