{"centroid": [-0.05738519317966172, -0.17325606942176822, 0.4074958336663144], "extents": [0.9169667374262817, 0.6886582970619203, 0.10960115505606505], "rotate_angle": 18.35, "rotate_angle_pred": 24.703472756979068}