{"centroid": [-0.2807307800322447, -0.11927682161331177, 0.1638101459179996], "extents": [0.5054121130740102, 0.7949665784835815, 0.05225368333756247], "rotate_angle": 15.97, "rotate_angle_pred": 12.289094331056532}