{"centroid": [0.22497040029513377, -0.1494380533695221, 0.11184601687549321], "extents": [0.4197164187906211, 0.6112774610519409, 0.0374514573215711], "rotate_angle": 31.77, "rotate_angle_pred": 24.057060659060554}