{"centroid": [0.36665613668196273, -0.03366893529891977, 0.17244857039580352], "extents": [0.55555355736732, 0.6709307432174683, 0.08456729381072667], "rotate_angle": -38.64, "rotate_angle_pred": -42.68499083430295}