{"centroid": [-0.2207524121322121, -0.02450981736183172, 0.18705736979359283], "extents": [0.46646649916184313, 0.5830796360969542, 0.0744694193623554], "rotate_angle": 14.65, "rotate_angle_pred": 11.476867167809345}