{"centroid": [-0.19775496375572646, -0.211134135723114, 0.15624508185362135], "extents": [0.4077576345532038, 0.6984082460403443, 0.12869877944986283], "rotate_angle": 28.42, "rotate_angle_pred": 24.835089382038802}