{"centroid": [-0.06071421812550089, -0.1740441918373108, 0.22232363838661545], "extents": [0.45751996409227935, 0.6190270185470582, 0.14038809122797075], "rotate_angle": 44.97, "rotate_angle_pred": 40.52902106285265}