{"centroid": [0.0332683191810717, 0.11390292644500731, 0.5067616885081733], "extents": [0.6840209517979033, 1.2935620546340942, 0.06164389241613871], "rotate_angle": -44.24, "rotate_angle_pred": -41.06930907846166}