{"centroid": [-0.014722700564553937, -0.18821144104003906, 0.19082177649400633], "extents": [1.5957535514124837, 0.6644995212554932, 0.04252374919622101], "rotate_angle": 0.94, "rotate_angle_pred": 1.9054681407840945}