{"centroid": [-0.3917206306189405, -0.04700872302055367, 0.2757222219315214], "extents": [0.6566598561996464, 0.8216326832771301, 0.06455882037784402], "rotate_angle": 16.8, "rotate_angle_pred": 13.321767878493262}