{"centroid": [-0.026383988183710076, -0.0021075010299682964, 0.2636099851302198], "extents": [0.3937170455102634, 0.57842618227005, 0.06404469825265491], "rotate_angle": -22.61, "rotate_angle_pred": -28.394067996645134}