{"centroid": [-0.05289917535639057, -0.013759404420852675, 0.21071246950121153], "extents": [0.46857567139606277, 0.6184806227684021, 0.0465342752612983], "rotate_angle": 37.43, "rotate_angle_pred": 34.610686255488815}