{"centroid": [-0.022514749190599363, -0.01395258307456973, 0.19374060455861009], "extents": [0.4931669855492058, 0.6157128214836121, 0.05223343174475942], "rotate_angle": 43.43, "rotate_angle_pred": 37.288837176685846}