{"centroid": [0.06785298855589268, -0.0059822797775269665, 0.5109660099811778], "extents": [0.45149326721445715, 1.1837097406387327, 0.08185891879055213], "rotate_angle": -33.84, "rotate_angle_pred": -36.08118670239425}