{"centroid": [-0.14492549195891877, 0.47543857991695404, 0.24197811224624402], "extents": [0.4519664013243906, 0.6979932188987732, 0.03302462372770873], "rotate_angle": -12.53, "rotate_angle_pred": -23.79507299985505}