{"centroid": [-0.03167189807339074, -0.29764366149902344, 0.1259069536298506], "extents": [1.4473942219362779, 0.6959896087646487, 0.0806879980592209], "rotate_angle": -40.68, "rotate_angle_pred": -40.59308541857629}