{"centroid": [-0.2540898625870196, -0.32129716873168956, 0.2018095013607087], "extents": [0.5216197459297902, 0.957496762275696, 0.07536246009384465], "rotate_angle": -6.63, "rotate_angle_pred": -15.14279772882395}