{"centroid": [0.13286613788359045, -0.3554956614971161, 0.2117285666195952], "extents": [0.5676955144393426, 0.8805361390113832, 0.05014424539628823], "rotate_angle": 7.48, "rotate_angle_pred": 6.424814256560637}