{"centroid": [0.09619549683036571, 0.49866582453250874, 0.2206157719067334], "extents": [0.5279949216862226, 0.6329482197761536, 0.037399362131103536], "rotate_angle": 29.95, "rotate_angle_pred": 29.534437957140867}