{"centroid": [0.2456147076581915, -0.0640872120857239, 0.2988180467302395], "extents": [0.6079435208862212, 0.7566891908645629, 0.04939819013850505], "rotate_angle": -2.22, "rotate_angle_pred": -2.3757497112433015}