{"centroid": [-0.009422834211257933, -0.06298705935478213, 0.4606029961954409], "extents": [0.8760589987586067, 0.9400119185447693, 0.07022041851766353], "rotate_angle": 32.3, "rotate_angle_pred": 29.280738108970155}