{"centroid": [0.0017476706529294672, -0.23768016695976257, 0.17296422034717163], "extents": [1.51548001058514, 0.7132453322410583, 0.062403837808366225], "rotate_angle": -8.72, "rotate_angle_pred": -8.27034159349445}