{"centroid": [0.33613638397581996, -0.05803629755973819, 0.32366088377928387], "extents": [0.6053738098698074, 0.8088393807411194, 0.05289002595894865], "rotate_angle": 24.65, "rotate_angle_pred": 25.662726293850753}