{"centroid": [-0.35587301194513804, -0.08822560310363771, 0.2470226301026291], "extents": [0.6193663477914988, 0.8691158294677734, 0.06378640234488267], "rotate_angle": 35.25, "rotate_angle_pred": 29.708218914223636}