{"centroid": [-0.3319410413110478, 0.0012399852275847487, 0.30568586173511414], "extents": [0.6025029278863046, 0.8270524740219117, 0.08004250188783474], "rotate_angle": 40.79, "rotate_angle_pred": 38.2237705731462}