{"centroid": [0.3114294567879725, 0.015611678361892617, 0.3140606300750097], "extents": [0.7588173342507436, 0.7555445432662964, 0.04851630452519029], "rotate_angle": -9.03, "rotate_angle_pred": -8.951165078167193}