{"centroid": [-0.09551594083800782, 0.0013269782066344382, 0.5143988620491627], "extents": [0.5146871388622273, 1.1938908100128174, 0.0789259252652521], "rotate_angle": 41.41, "rotate_angle_pred": 34.514537596053714}