{"centroid": [-0.017894487247064217, -0.14124259352684027, 0.4363846644259287], "extents": [0.7615755675848499, 0.8110734820365906, 0.11773824505351771], "rotate_angle": -13.08, "rotate_angle_pred": -14.341240745919308}