{"centroid": [-0.40592070870658353, 0.059080541133880504, 0.31084721978219654], "extents": [0.6204412630028073, 1.0328985452651975, 0.05995265070709921], "rotate_angle": 4.75, "rotate_angle_pred": 5.658219883184472}