{"centroid": [0.3540876508318924, 0.06278774142265311, 0.3110253331684726], "extents": [0.6304713554695185, 0.9076673388481142, 0.0647947050073387], "rotate_angle": -35.68, "rotate_angle_pred": -41.64402319607614}