{"centroid": [-0.05536408318709802, -0.12515380978584295, 0.4449021555143387], "extents": [0.7431291230292317, 0.7916577458381653, 0.1519610859007185], "rotate_angle": 4.55, "rotate_angle_pred": 5.342168518018681}