{"centroid": [-0.019432086670003908, -0.014631748199462974, 0.4966644844691661], "extents": [0.6472288822674664, 1.1726585626602173, 0.060616849508964454], "rotate_angle": 26.03, "rotate_angle_pred": 22.377074896724736}