{"centroid": [-0.0417762308870029, -0.14704453945159912, 0.3246360681226521], "extents": [0.9351557216285602, 0.9066679477691652, 0.10327273301436296], "rotate_angle": -13.93, "rotate_angle_pred": -16.81783850485995}