{"centroid": [0.022774148238094732, 0.0882796049118041, 0.5922951828453309], "extents": [0.45521009458581724, 1.4141125679016113, 0.05949039821318636], "rotate_angle": -16.86, "rotate_angle_pred": -18.410253657650514}