{"centroid": [-0.21384701732510888, -0.21859139204025269, 0.15902203653801986], "extents": [0.45337968853789545, 1.0891194343566895, 0.05716878149139237], "rotate_angle": 20.96, "rotate_angle_pred": 11.636771747978798}