{"centroid": [0.023165762064699072, 0.05711007118225088, 0.5742515465636477], "extents": [0.5578703326881995, 1.2798900604248047, 0.06589838167704032], "rotate_angle": -15.55, "rotate_angle_pred": -16.33865901711127}