{"centroid": [-0.3682152088446742, -0.11759981513023376, 0.25066700776243156], "extents": [0.6211903697491487, 0.7842302918434143, 0.05406464641721695], "rotate_angle": 9.93, "rotate_angle_pred": 4.981771641055374}