{"centroid": [-0.06001468046783027, -0.024469912052154638, 0.46019448946250774], "extents": [0.7338747489780645, 0.8429069519042969, 0.14914486030895807], "rotate_angle": -0.67, "rotate_angle_pred": 0.15354723635377354}