{"centroid": [0.04320196801590376, -0.11383187770843511, 0.4686496458186245], "extents": [0.7327453528833264, 0.892784595489502, 0.0796119276485674], "rotate_angle": -39.75, "rotate_angle_pred": -39.258617674662716}