{"centroid": [0.24875206569220282, -0.061049968004226796, 0.29653658604010524], "extents": [0.6592810786225921, 0.7793067693710329, 0.051987707900499], "rotate_angle": -13.02, "rotate_angle_pred": -15.352254255533595}