{"centroid": [-0.3722803742737403, -0.11695882678031921, 0.3128939558490812], "extents": [0.6695428621745073, 0.7649959325790405, 0.05988523108802263], "rotate_angle": -21.38, "rotate_angle_pred": -25.2683085222548}