{"centroid": [-0.003704047399653937, -0.08555692434310914, 0.3902241446848013], "extents": [0.8395542473057025, 0.9320729970932007, 0.051020916373011316], "rotate_angle": 25.71, "rotate_angle_pred": 20.614593051869562}