{"centroid": [-0.0112068509680745, -0.2604581415653229, 0.23189003967804594], "extents": [1.4321951875188574, 0.6942840218544007, 0.05239508676855434], "rotate_angle": 26.48, "rotate_angle_pred": 27.259304020149557}