{"centroid": [-0.1245983520121041, -0.03710290789604189, 0.24569005449941456], "extents": [0.4086230430186566, 0.5993089079856875, 0.07159056572251107], "rotate_angle": -31.48, "rotate_angle_pred": -36.88135323910388}