{"centroid": [-0.042572561015333674, -0.024833798408508315, 0.22750786361731035], "extents": [0.44344258776962864, 0.6178845763206482, 0.03990574595774324], "rotate_angle": 30.53, "rotate_angle_pred": 30.632147494252294}