{"centroid": [-0.41250373223155723, 0.05772086977958679, 0.3339806152500562], "extents": [0.6108130809135871, 1.0036360025405884, 0.06486976142971296], "rotate_angle": -19.99, "rotate_angle_pred": -22.067198451022065}