{"centroid": [0.28962310319244666, 0.05069509148597713, 0.2182354092483094], "extents": [0.8478678109740125, 1.0186208486557007, 0.09679547227263927], "rotate_angle": 0.81, "rotate_angle_pred": 2.6505884378695583}