{"centroid": [-0.3105126596689199, 0.0998997688293456, 0.34694949085304355], "extents": [0.6450696418878109, 0.8907111883163454, 0.05502611999862822], "rotate_angle": 39.92, "rotate_angle_pred": 39.6038132444244}