{"centroid": [-0.4196603258224689, 0.09963154792785635, 0.27551361543110303], "extents": [0.604258461988983, 1.2151776552200317, 0.06301982537096987], "rotate_angle": 1.32, "rotate_angle_pred": 6.270277993198604}