{"centroid": [0.1645715433101191, 0.09917062520980832, 0.480209557314899], "extents": [0.6833864033846144, 0.8742880821228028, 0.05511918808706051], "rotate_angle": 38.27, "rotate_angle_pred": 42.2685751175496}