{"centroid": [-0.40484626604199303, 0.04675605893135064, 0.3222530292290049], "extents": [0.6163704866688329, 1.0326184034347534, 0.05882837131856733], "rotate_angle": -10.6, "rotate_angle_pred": -12.15292008628893}