{"centroid": [0.35477270533594035, 0.07163995504379263, 0.32318139483020736], "extents": [0.6229829170523421, 0.9262683391571045, 0.054516989548395456], "rotate_angle": -17.24, "rotate_angle_pred": -21.623235183239615}