{"centroid": [-0.04280740448080034, 0.34674043208360666, 0.2493404478497045], "extents": [0.5096203084890983, 0.7211939096450807, 0.040928259460845134], "rotate_angle": -44.98, "rotate_angle_pred": -46.35854287972749}