{"centroid": [-0.0865103217725863, 0.3422791957855224, 0.18288971602209375], "extents": [0.48304719404256224, 0.7155643105506898, 0.04865175553235643], "rotate_angle": 39.86, "rotate_angle_pred": 33.80246243928208}