{"centroid": [0.1806177156288118, -0.30729418992996216, 0.2528715782489946], "extents": [0.5896456951349344, 0.9413866996765138, 0.043077927913405756], "rotate_angle": -41.73, "rotate_angle_pred": -37.630565359352325}