{"centroid": [0.14363080917535276, 0.07862660288810722, 0.44748969350025025], "extents": [0.6964628672659725, 0.8447323441505432, 0.04793747498117301], "rotate_angle": 17.7, "rotate_angle_pred": 26.577038772247008}