{"centroid": [-0.3880753808050009, 0.06548744440078734, 0.33989755343229827], "extents": [0.6131195279920962, 1.0760352611541748, 0.05531062799053471], "rotate_angle": -13.5, "rotate_angle_pred": -15.206000717761654}