{"centroid": [0.00030716925382885674, -0.18757426738739014, 0.19829965818459971], "extents": [1.493027125030793, 0.6901698112487795, 0.04432479393106467], "rotate_angle": 29.64, "rotate_angle_pred": 27.712306599188693}