{"centroid": [0.241082067396638, 0.05660283565521233, 0.1454990639225022], "extents": [1.0171631532945278, 1.0863332748413088, 0.12634305604178314], "rotate_angle": -44.19, "rotate_angle_pred": -45.058361779816956}