{"centroid": [-0.006884302912227344, -0.2570612132549286, 0.1535965154881379], "extents": [1.564948477108251, 0.674368441104889, 0.049660333691241315], "rotate_angle": -13.59, "rotate_angle_pred": -14.063065727498952}