{"centroid": [-0.012667236986798829, 0.5406714826822281, 0.25238238922032646], "extents": [0.5169230077554082, 0.8222604990005494, 0.030455415915613265], "rotate_angle": -38.29, "rotate_angle_pred": -33.20517350681263}