{"centroid": [0.2807794771696826, 0.02415537834167473, 0.39612856718765554], "extents": [0.6182208663318995, 0.9100281000137329, 0.035610999946900423], "rotate_angle": 13.95, "rotate_angle_pred": 16.114382607722206}