{"centroid": [-0.058809297691120754, -0.47719505429267883, 0.25546042183045825], "extents": [0.6090144075433934, 0.7618011832237244, 0.048766137422132205], "rotate_angle": -25.88, "rotate_angle_pred": -15.059205474704953}