{"centroid": [-0.23484991501161323, -0.059122264385223444, 0.21376461547348044], "extents": [0.4973194521609118, 1.3274680376052856, 0.044950100823725914], "rotate_angle": 42.43, "rotate_angle_pred": 31.15516658574569}