{"centroid": [-0.0004180095983084761, -0.06447467207908639, 0.39932702404467224], "extents": [0.816019283699133, 0.9739337563514708, 0.061912755430912125], "rotate_angle": -2.76, "rotate_angle_pred": -5.728125193329191}