{"centroid": [0.16948677432994622, -0.23716729879379272, 0.250556517635804], "extents": [0.5420628049705707, 1.1507738828659058, 0.0539577701129709], "rotate_angle": -40.73, "rotate_angle_pred": -35.21005925067999}