{"centroid": [0.008027930093093216, -0.22136610746383667, 0.147677715807448], "extents": [1.5099772299479077, 0.7442833185195923, 0.07183091382689197], "rotate_angle": -16.79, "rotate_angle_pred": -17.626091867512997}