{"centroid": [0.27492953579161555, 0.07047420740127561, 0.43009262172340423], "extents": [0.617336571311855, 0.91530579328537, 0.04109154269733534], "rotate_angle": 23.26, "rotate_angle_pred": 27.214360812449925}