{"centroid": [0.2102224625063812, 0.40018697082996363, 0.18645922436231405], "extents": [0.4818118176739404, 0.7572569847106935, 0.03431554484219354], "rotate_angle": -16.0, "rotate_angle_pred": -14.497557686319198}