{"centroid": [0.2821894516460568, 0.013211935758590677, 0.4274476938881403], "extents": [0.6550096973737374, 0.8479594588279725, 0.04376537794997992], "rotate_angle": 34.47, "rotate_angle_pred": 31.282625567075684}