{"centroid": [-0.2656681618709617, -0.02131783962249753, 0.24628768771130627], "extents": [0.4303529391715748, 1.2763400077819822, 0.068334074879382], "rotate_angle": -34.1, "rotate_angle_pred": -31.66306052378367}