{"centroid": [-0.3837574593532594, 0.022195100784301758, 0.3400407312925853], "extents": [0.5974204060383836, 0.9394183158874512, 0.06521058209392616], "rotate_angle": -32.48, "rotate_angle_pred": -31.707070549295466}