{"centroid": [-0.006254328380637109, -0.24825701117515564, 0.16702368751306315], "extents": [1.5247755923337845, 0.6947073340415955, 0.0598200509831919], "rotate_angle": -10.02, "rotate_angle_pred": -10.301517463609699}