{"centroid": [-0.0383762300794495, 0.00889000296592704, 0.48198572959100705], "extents": [0.7872304395659608, 0.9992485642433169, 0.06813672250139141], "rotate_angle": 34.54, "rotate_angle_pred": 34.72595083385637}