{"centroid": [0.2439687258756366, 0.06849378347396844, 0.19560129753691455], "extents": [0.9594801989758519, 1.0643036365509033, 0.10248270341763902], "rotate_angle": -18.84, "rotate_angle_pred": -16.80483827641025}