{"centroid": [-0.41022442905145173, -0.0850665271282196, 0.24606420266419157], "extents": [0.6920187658671617, 0.8735478520393373, 0.051684448017360635], "rotate_angle": -3.99, "rotate_angle_pred": -10.882537667268693}