{"centroid": [-0.40504842826777654, -0.016675531864166294, 0.2944363483171901], "extents": [0.654839990449531, 0.8122859597206116, 0.0659556088743164], "rotate_angle": -3.88, "rotate_angle_pred": -6.97319079938184}