{"centroid": [0.2680293550683134, 0.021784663200378335, 0.3030331762754458], "extents": [0.8051196461649794, 0.7598831653594971, 0.056809899347202264], "rotate_angle": -22.94, "rotate_angle_pred": -22.62833569600859}