{"centroid": [-0.036974426066258274, -0.3428631722927095, 0.24240119606490163], "extents": [0.6279354615777692, 0.8836945891380313, 0.06713098206623822], "rotate_angle": 30.46, "rotate_angle_pred": 24.041144802353713}