{"centroid": [-0.02744752887312163, 0.6170460879802704, 0.24574648964425116], "extents": [0.6120229463543283, 0.8249347805976869, 0.07671490437096726], "rotate_angle": 38.32, "rotate_angle_pred": 30.720452760523983}