{"centroid": [-0.03968875500923731, 0.07108247280120839, 0.5852507870757576], "extents": [0.457277466951719, 1.3578983545303343, 0.06076564509102422], "rotate_angle": 0.46, "rotate_angle_pred": 2.842459693027436}