{"centroid": [-0.11498543444398246, -0.032397329807281494, 0.26054861507844274], "extents": [0.4202119111343358, 0.5910295248031616, 0.07613731919502653], "rotate_angle": -33.01, "rotate_angle_pred": -37.51384504507734}