{"centroid": [-0.05087554157146183, -0.0056751370429992815, 0.20714908287206735], "extents": [0.48484885321718346, 0.6149046421051025, 0.0536840404933972], "rotate_angle": 40.36, "rotate_angle_pred": 36.8595867921384}