{"centroid": [-0.13063404956642902, -0.004385560750961338, 0.2362686556530752], "extents": [0.39263815261604157, 0.5893611907958984, 0.07285915421641315], "rotate_angle": -11.31, "rotate_angle_pred": -15.415631216675294}