{"centroid": [0.231833864093556, 0.012082517147064181, 0.24264256553206326], "extents": [0.9976654741009745, 1.037669062614441, 0.09720005184861435], "rotate_angle": 30.35, "rotate_angle_pred": 32.04218840330874}