{"centroid": [0.2603663914097003, 0.07887715101242058, 0.17699704420858953], "extents": [0.9682145853703233, 1.1131888628005981, 0.1235219406926201], "rotate_angle": -21.12, "rotate_angle_pred": -19.89706242827627}