{"centroid": [0.09194113547475466, -0.06485417485237124, 0.3543513132263463], "extents": [0.554743208506774, 0.675851047039032, 0.08592526276442547], "rotate_angle": 27.3, "rotate_angle_pred": 36.19713721389647}