{"centroid": [-0.3845327493854982, -0.10064712166786194, 0.2981832727743339], "extents": [0.6195177154411146, 0.775381624698639, 0.07648634563085216], "rotate_angle": -30.74, "rotate_angle_pred": -30.629474369157016}