{"centroid": [-0.35164776296365896, -0.0863982141017914, 0.2503914455809139], "extents": [0.6215620493184649, 0.8786317706108093, 0.06252148602844013], "rotate_angle": 39.17, "rotate_angle_pred": 33.21103957174029}