{"centroid": [0.35254356778295876, -0.0619073510169983, 0.3140813029206937], "extents": [0.6071604623657703, 0.8232016563415527, 0.05656007056506562], "rotate_angle": 19.93, "rotate_angle_pred": 21.034649051021674}