{"centroid": [-0.017091647249369124, -0.06440404057502752, 0.3986405383573322], "extents": [0.8432393602337281, 0.9564108252525328, 0.06310442039337205], "rotate_angle": 14.66, "rotate_angle_pred": 12.572043298953346}