{"centroid": [0.015219575206902855, -0.2165188491344452, 0.3470871446269323], "extents": [0.7929680836536721, 0.8918150067329408, 0.08894789098933259], "rotate_angle": -27.98, "rotate_angle_pred": -31.832195597951475}