{"centroid": [-0.36235879436599616, -0.032917797565460254, 0.27032228530300506], "extents": [0.6256956418112302, 0.8638087511062622, 0.05533036926797688], "rotate_angle": 27.85, "rotate_angle_pred": 24.931641135030404}