{"centroid": [0.012698955367693048, -0.15047648549079898, 0.3580083017313059], "extents": [0.8462456319392815, 0.9350983500480652, 0.0789772035025254], "rotate_angle": -44.85, "rotate_angle_pred": -42.25306368448206}