{"centroid": [0.054443237889335264, -0.21026623249053958, 0.24778822064868566], "extents": [1.3131837817950092, 0.698044538497925, 0.05566899467032607], "rotate_angle": 35.74, "rotate_angle_pred": 38.32390045250611}