{"centroid": [0.38158269323191246, -0.01398354768753056, 0.2746526595490496], "extents": [0.6865324207719166, 0.7933007478713989, 0.05615889514261563], "rotate_angle": -2.99, "rotate_angle_pred": -4.953121225430635}