{"centroid": [-0.3885251372971597, -0.02689358592033393, 0.257917828511225], "extents": [0.6319708800469207, 0.8568448424339294, 0.06097853905947506], "rotate_angle": 13.67, "rotate_angle_pred": 12.078451334747612}