{"centroid": [-0.0007086104733907347, 0.025241613388061454, 0.39805035575418357], "extents": [0.7427227378001064, 1.3459196090698242, 0.05878318379434622], "rotate_angle": -16.91, "rotate_angle_pred": -17.570163488439903}