{"centroid": [-0.01010234542588511, -0.16497588157653809, 0.3447965254605806], "extents": [0.8814684129103163, 0.9034775495529176, 0.08347420372166431], "rotate_angle": -29.59, "rotate_angle_pred": -30.573421555125336}