{"centroid": [0.13886460725042862, -0.37240102887153625, 0.25125615150003194], "extents": [0.5147734386437329, 0.8910481333732606, 0.03292558780011284], "rotate_angle": -30.47, "rotate_angle_pred": -26.312759524036203}