{"centroid": [0.0034332216717899017, -0.2695300281047821, 0.1874788852639282], "extents": [1.4904737297270683, 0.650069534778595, 0.056338361733286046], "rotate_angle": 15.94, "rotate_angle_pred": 14.424213772820735}