{"centroid": [-0.20438430114039363, -0.28022468090057373, 0.1558420230184678], "extents": [0.4807957920268464, 1.0293159484863281, 0.03323042705412435], "rotate_angle": 44.72, "rotate_angle_pred": 26.824551657854443}