{"centroid": [0.07567888836310309, -0.15562230348587042, 0.4398159386470457], "extents": [1.41761732467806, 0.9167848825454713, 0.02419005713158906], "rotate_angle": 41.82, "rotate_angle_pred": 43.00909309504047}