{"centroid": [-0.20709929076002545, 0.14259976148605347, 0.24084240415863967], "extents": [0.3818417228182841, 0.9537997245788574, 0.04871195974052142], "rotate_angle": -44.08, "rotate_angle_pred": -40.99014906296229}