{"centroid": [-0.1482451831117642, 0.3782425224781036, 0.21389961625312975], "extents": [0.381077050583989, 0.7718675136566161, 0.038817804247794796], "rotate_angle": -40.72, "rotate_angle_pred": -40.3643598908575}