{"centroid": [-0.32199171948202354, -0.03248673677444458, 0.17812926620176453], "extents": [0.4728685600290959, 1.439170479774475, 0.056090649013868205], "rotate_angle": -26.57, "rotate_angle_pred": -22.068116101601788}