{"centroid": [-0.28733657688769476, -0.2397274374961853, 0.21830667492912498], "extents": [0.5664105564067512, 0.8796727657318116, 0.030941669710308206], "rotate_angle": 29.35, "rotate_angle_pred": 25.13907969241741}