{"centroid": [0.07236620551600519, 0.6584623157978057, 0.25582615783500945], "extents": [0.6049877448320574, 0.5944890379905701, 0.0868552929397935], "rotate_angle": 43.91, "rotate_angle_pred": 31.55475133629389}