{"centroid": [0.0032030374706506354, -0.57574263215065, 0.22556200540629626], "extents": [0.6284235173690528, 0.47559040784835815, 0.06674146709435064], "rotate_angle": -11.42, "rotate_angle_pred": -7.841277144678884}