{"centroid": [-0.04260199031038215, -0.2735353708267212, 0.20915404039038776], "extents": [0.4066333243515837, 0.9980075359344484, 0.07502132781140883], "rotate_angle": -37.66, "rotate_angle_pred": -29.75177755954266}