{"centroid": [-0.022426937993025378, -0.5712815821170807, 0.19655402359518936], "extents": [0.542271674346843, 0.6462700963020324, 0.05581585697249625], "rotate_angle": -15.3, "rotate_angle_pred": -2.709351428263929}