{"centroid": [0.3614896255540638, -0.041922330856323305, 0.24668959847739624], "extents": [0.6853414812822581, 0.7977809906005859, 0.05017226962897328], "rotate_angle": -30.1, "rotate_angle_pred": -31.940306941937493}