{"centroid": [0.01240383437449493, -0.17433860898017883, 0.3420819764586189], "extents": [0.8799532481156206, 0.8900404572486879, 0.07618337721819002], "rotate_angle": -26.68, "rotate_angle_pred": -29.743087815363282}