{"centroid": [0.042642055524097056, -0.15051516890525826, 0.4549157489830082], "extents": [0.7362786030840216, 0.7472408413887023, 0.09683515256993769], "rotate_angle": -9.23, "rotate_angle_pred": -5.320905353152412}