{"centroid": [0.02436185676600898, -0.05324867367744454, 0.46399542866860266], "extents": [0.7960585945294918, 0.874161958694458, 0.05988584826459592], "rotate_angle": 36.07, "rotate_angle_pred": 23.991757303429807}