{"centroid": [-0.08645638391999864, 0.008236020803451483, 0.29618367736516643], "extents": [1.5823703990528137, 0.6259179711341859, 0.08307561271119401], "rotate_angle": 9.96, "rotate_angle_pred": 10.518086559859967}