{"centroid": [-0.07836723443008815, -0.007988125085830744, 0.23335445822006054], "extents": [0.39030319303775735, 0.6095290780067443, 0.06072077877067103], "rotate_angle": -0.58, "rotate_angle_pred": -2.4815916633609305}