{"centroid": [-0.3966980217276361, -0.07694175839424139, 0.25210641841279763], "extents": [0.6323809510278788, 0.9076722264289858, 0.05493263801739279], "rotate_angle": -3.33, "rotate_angle_pred": -5.65758128492773}