{"centroid": [0.35665530339662577, -0.07883983850479129, 0.26942613626155104], "extents": [0.6316042376275882, 0.8373750448226929, 0.052913235970898226], "rotate_angle": 0.91, "rotate_angle_pred": -0.9778997524854987}