{"centroid": [-0.37685526604798386, -0.10284462571144104, 0.2626743532990571], "extents": [0.5994216923852141, 0.8725590109825134, 0.06985531891983604], "rotate_angle": -26.77, "rotate_angle_pred": -27.243397805567803}