{"centroid": [0.28219719976073787, -0.0503974258899689, 0.32039654993216776], "extents": [0.5732853512986723, 0.7572354078292847, 0.06971910717943208], "rotate_angle": 38.55, "rotate_angle_pred": 36.00907497664254}