{"centroid": [-0.0025417225886072772, -0.07880321145057684, 0.4110786060562417], "extents": [0.8065133681498304, 0.9597403407096863, 0.06934231511672562], "rotate_angle": -20.0, "rotate_angle_pred": -21.233375401421426}