{"centroid": [-0.0004515861332844498, -0.016938388347625795, 0.48838112876260004], "extents": [0.7318208647256519, 0.9642298817634584, 0.07860725939340624], "rotate_angle": -38.51, "rotate_angle_pred": -32.74761911778491}