{"centroid": [-0.4050387586073457, -0.05459326505661006, 0.2351898577570818], "extents": [0.7063962636410956, 0.9933072328567503, 0.06548105012684258], "rotate_angle": -10.52, "rotate_angle_pred": -16.01338412464297}