{"centroid": [0.014692943423874054, 0.03577506542205801, 0.4843337598248566], "extents": [0.762276482743105, 1.1488971710205078, 0.06985543778989756], "rotate_angle": -15.03, "rotate_angle_pred": -19.4718167791314}