{"centroid": [-0.005005773018626786, -0.1612853109836579, 0.33493144607096614], "extents": [0.9067813843799779, 0.9167847037315371, 0.0905253002063528], "rotate_angle": -21.34, "rotate_angle_pred": -24.51875266239496}