{"centroid": [-0.31051575856894775, -0.2478958666324616, 0.21759058605519843], "extents": [0.5765437381673172, 0.9241247773170472, 0.04632965020735355], "rotate_angle": 3.34, "rotate_angle_pred": -3.726712328299172}