{"centroid": [0.19869723240742357, -0.3095656931400299, 0.26280654312257046], "extents": [0.6709241390515746, 0.7294401526451112, 0.05173489916081481], "rotate_angle": 9.58, "rotate_angle_pred": 11.146261006714909}