{"centroid": [0.13047027812504566, 0.4438135623931884, 0.2214806881262925], "extents": [0.6801423893728942, 0.7197566032409669, 0.06896632775156078], "rotate_angle": -36.39, "rotate_angle_pred": -42.18026223012038}