{"centroid": [0.1775350384064469, -0.02860718965530397, 0.22328247303542825], "extents": [0.6866967648614014, 1.1111249923706055, 0.11912150629921345], "rotate_angle": 38.06, "rotate_angle_pred": 34.67817632059675}