{"centroid": [-0.3007295403414868, -0.030184388160705566, 0.22594777172798827], "extents": [0.5290616081505619, 1.310713291168213, 0.10152326383858959], "rotate_angle": -28.76, "rotate_angle_pred": -29.986309876506702}