{"centroid": [0.3613804848293264, -0.009165406227111886, 0.2753333570995879], "extents": [0.7061499926146195, 0.7899083495140076, 0.03835180387071091], "rotate_angle": -6.11, "rotate_angle_pred": -9.294703783964849}