{"centroid": [0.013018710186509179, -0.039403736591339195, 0.3647286529359202], "extents": [0.7141100611665481, 1.315863251686096, 0.0494483587009244], "rotate_angle": 9.81, "rotate_angle_pred": 8.531121240823353}