{"centroid": [0.07987892717093618, -0.20893633365631104, 0.19940911084534405], "extents": [1.5100872532259118, 0.6784584522247314, 0.02007267439952745], "rotate_angle": 44.48, "rotate_angle_pred": 35.37051297128042}