{"centroid": [-0.36981541209411756, -0.09655109047889716, 0.2700066038611279], "extents": [0.6305460420142239, 0.7932990193367004, 0.05902071377964779], "rotate_angle": 12.35, "rotate_angle_pred": 7.634020639211187}