{"centroid": [-0.10558327173233883, 0.15271285176277155, 0.4683401536224636], "extents": [0.8509416733338115, 1.1650065183639526, 0.1035237479958942], "rotate_angle": -30.19, "rotate_angle_pred": -29.211768638131183}