{"centroid": [-0.3059154011366798, -0.21736252307891846, 0.2447956617110645], "extents": [0.5751771306374209, 0.7725412845611572, 0.0579430383960057], "rotate_angle": -29.38, "rotate_angle_pred": -31.687660582996543}