{"centroid": [0.22769398038259892, 0.08242312073707572, 0.23264408419940588], "extents": [0.6143643189113273, 0.6724762320518494, 0.06063413922561081], "rotate_angle": -24.48, "rotate_angle_pred": -30.681828251379365}