{"centroid": [-0.295239374326784, -0.04877984523773197, 0.23080029165348143], "extents": [0.55820459688866, 0.8559038043022156, 0.046787903183413915], "rotate_angle": 6.28, "rotate_angle_pred": 1.701478247590984}