{"centroid": [0.06854924058515405, -0.16902568936347967, 0.3749824254841527], "extents": [1.3646926306250544, 0.8839165568351748, 0.03190522413005126], "rotate_angle": 42.03, "rotate_angle_pred": 39.16411677016737}