{"centroid": [0.2817772520370148, 0.15517824888229362, 0.3014180153085479], "extents": [0.6468157261059709, 0.7928028702735902, 0.054132812468792535], "rotate_angle": -30.18, "rotate_angle_pred": -34.63293081938944}