{"centroid": [-0.03714404222262842, -0.019580811262130765, 0.22962885536613553], "extents": [0.42682104837711043, 0.6146306395530701, 0.048662378853775445], "rotate_angle": 26.88, "rotate_angle_pred": 28.71978136730759}