{"centroid": [-0.15075557592772268, -0.02994900941848757, 0.24544118089936495], "extents": [0.4042756653778158, 0.5877587199211123, 0.07970437597379215], "rotate_angle": -21.87, "rotate_angle_pred": -28.139622686959513}