{"centroid": [-0.16683652184681202, -0.04340285062789917, 0.24712945171637762], "extents": [0.42194473553118966, 0.5962298512458801, 0.0839211489945251], "rotate_angle": -33.81, "rotate_angle_pred": -37.31993046230163}