{"centroid": [0.37483890450991103, 0.026727080345153753, 0.2182888669650221], "extents": [0.978119298053894, 0.6639099121093749, 0.047239578503885465], "rotate_angle": 2.07, "rotate_angle_pred": 1.2076741434170373}