{"centroid": [-0.35531414023366004, -0.07170116901397708, 0.1947310376611559], "extents": [0.6754271508731904, 0.905837893486023, 0.056031246739373985], "rotate_angle": 42.25, "rotate_angle_pred": 26.824162188997093}