{"centroid": [-0.07858909551428288, 0.035299181938171276, 0.5532120704767379], "extents": [0.48673831332027845, 1.2439785003662107, 0.07285469608103257], "rotate_angle": 18.84, "rotate_angle_pred": 20.999305470946666}