{"centroid": [-0.05304726270811294, -0.09083876013755812, 0.49499322143800084], "extents": [0.7111216827417803, 0.8028505444526673, 0.0964885956044299], "rotate_angle": 9.49, "rotate_angle_pred": 14.688921510416336}