{"centroid": [-0.0021948542535227406, -0.029941916465759277, 0.2414994643499585], "extents": [0.5206588576497367, 1.5387734174728394, 0.12004976135496762], "rotate_angle": -19.07, "rotate_angle_pred": -21.13493172549832}