{"centroid": [-0.27375127826489615, 0.0035896599292755127, 0.3448591861737099], "extents": [0.5667461154146258, 0.7951639890670776, 0.06471821662681998], "rotate_angle": -32.26, "rotate_angle_pred": -35.985639913605006}