{"centroid": [0.16111908381491197, 0.06511285901069633, 0.36850045221195077], "extents": [0.5860170550732483, 0.7563202977180481, 0.045487775069187664], "rotate_angle": -3.83, "rotate_angle_pred": 1.643480771587008}