{"centroid": [-0.3583294833677572, -0.00198084115982064, 0.3295616660362535], "extents": [0.6323981719711443, 0.8536077737808228, 0.06382435397304154], "rotate_angle": 13.57, "rotate_angle_pred": 10.693794234000393}