{"centroid": [0.2332225853883192, 0.009476065635681027, 0.36167692705628585], "extents": [0.7340248111996663, 0.8298566341400148, 0.06772650672073016], "rotate_angle": -44.88, "rotate_angle_pred": -40.88746823594842}