{"centroid": [-0.017786438094028897, -0.016022473573684692, 0.0697143656712585], "extents": [1.6314165476447726, 0.5940902829170229, 0.08923706349003424], "rotate_angle": -36.94, "rotate_angle_pred": -35.37977374885056}