{"centroid": [-0.04323439219752438, 0.02219146490097043, 0.48434201632564405], "extents": [0.7853531879806204, 1.0593622922897339, 0.06257152591108939], "rotate_angle": 27.37, "rotate_angle_pred": 28.46742224597112}