{"centroid": [-0.034989558347752914, -0.01647976040840153, 0.22645976998055423], "extents": [1.8295529150397147, 0.536453902721405, 0.047894694596150006], "rotate_angle": 4.2, "rotate_angle_pred": 3.1132736957501663}