{"centroid": [0.13806606427794813, 0.0671064853668213, -0.006996509995403565], "extents": [0.5200108292500639, 1.0817099809646609, 0.21771875035489646], "rotate_angle": 33.97, "rotate_angle_pred": 31.907646969186203}