{"centroid": [-0.00933931116275534, -0.6172426044940948, 0.2061340770865127], "extents": [0.5347481272687757, 0.49122899770736705, 0.04480702721023386], "rotate_angle": -39.64, "rotate_angle_pred": -24.92623540676952}