{"centroid": [-0.01703466884926093, -0.07360753417015078, 0.3973461768832661], "extents": [0.9806738474648851, 0.8972247242927551, 0.06979888662523859], "rotate_angle": 30.13, "rotate_angle_pred": 24.732955343042363}