{"centroid": [-0.0035221247026186175, 0.02126382291316982, 0.20457082648814767], "extents": [0.4461066182621609, 0.5095747113227844, 0.060266946264910665], "rotate_angle": -13.9, "rotate_angle_pred": -13.732070350902006}