{"centroid": [-0.31067204695591755, 0.011391520500183015, 0.3483333444426028], "extents": [0.6131780744162199, 0.8456521034240726, 0.0723544582791038], "rotate_angle": 30.27, "rotate_angle_pred": 30.188137438524038}