{"centroid": [0.30423264613293255, 0.018556922674178994, 0.35253219585016227], "extents": [0.7331829246854916, 0.809040367603302, 0.04628909490240546], "rotate_angle": -6.65, "rotate_angle_pred": -6.31759170167048}