{"centroid": [-0.12983823658807325, -0.004754155874252368, 0.21522439248016315], "extents": [0.45631647443993245, 0.5798572897911072, 0.07356020862063486], "rotate_angle": -14.85, "rotate_angle_pred": -18.447361202178527}