{"centroid": [0.007272228070093006, -0.6144818365573883, 0.17594890691618484], "extents": [0.5359180570668232, 0.4697130322456361, 0.07129016519949036], "rotate_angle": 33.89, "rotate_angle_pred": 16.709741089208705}