{"centroid": [-0.031853731122714425, -0.4392196238040924, 0.23929953588945152], "extents": [0.5765235461739793, 0.8111811280250549, 0.0479135553691572], "rotate_angle": 0.05, "rotate_angle_pred": -0.5334321900196954}