{"centroid": [0.1925535086554642, -0.007682085037231445, 0.1524303283237314], "extents": [0.509682956134911, 1.6555085182189941, 0.07517048757504846], "rotate_angle": 17.51, "rotate_angle_pred": 9.388960476581602}