{"centroid": [-0.230298632823684, -0.02698659896850586, 0.21010143770305273], "extents": [0.4390011973398753, 1.6625739336013794, 0.09661464277742238], "rotate_angle": -40.12, "rotate_angle_pred": -35.13811406241395}