{"centroid": [-0.09176048390254585, 0.2572992742061614, 0.29805967469762723], "extents": [0.6103247937324435, 1.3333349227905273, 0.09642195602352374], "rotate_angle": 16.23, "rotate_angle_pred": 18.509830800780605}