{"centroid": [-0.0635108311086951, -0.055300593376159696, 0.17019322522881092], "extents": [1.3619316825157077, 0.8813101649284364, 0.07710361485710263], "rotate_angle": 28.58, "rotate_angle_pred": 22.614003332228208}