{"centroid": [-0.056446588084594525, -0.11383149027824405, 0.4649162255258572], "extents": [0.8403083552957298, 0.8703756928443909, 0.07991263147602434], "rotate_angle": 34.12, "rotate_angle_pred": 34.5442783927852}