{"centroid": [0.3676142734202058, 0.04927757382392872, 0.3284442247305321], "extents": [0.6295878510607789, 0.9549022912979128, 0.06596659353860734], "rotate_angle": -43.75, "rotate_angle_pred": -49.40142126712659}