{"centroid": [-0.38344027252134505, 0.06667613983154289, 0.33379176927506304], "extents": [0.6205952247444154, 1.0301353931427004, 0.07192953023573123], "rotate_angle": 29.32, "rotate_angle_pred": 32.20631024391017}