{"centroid": [0.38210130564039957, -0.022088140249252354, 0.28140252047260556], "extents": [0.6633893359973048, 0.7782019972801208, 0.04957781440680342], "rotate_angle": -1.05, "rotate_angle_pred": -2.6644943224846855}