{"centroid": [-0.014979918797932042, -0.051161885261535735, 0.49648809878659916], "extents": [0.7564267452148136, 1.0108535289764404, 0.06782831939301714], "rotate_angle": 21.62, "rotate_angle_pred": 19.862098839440193}