{"centroid": [-0.3850509946912981, -0.12188374996185303, 0.29634403219193806], "extents": [0.6444697969739219, 0.7532048225402832, 0.06979219608557724], "rotate_angle": -25.54, "rotate_angle_pred": -27.44193163332141}