{"centroid": [0.2177162069330746, -0.09228199720382693, 0.3753440343361239], "extents": [0.6019926588318713, 0.7264158725738525, 0.06672915728854578], "rotate_angle": 18.84, "rotate_angle_pred": 24.76538805958269}