{"centroid": [-0.3796363313347636, -0.08147299289703369, 0.28437084135855123], "extents": [0.621779089882253, 0.8229286670684814, 0.0578525183416192], "rotate_angle": -9.0, "rotate_angle_pred": -13.336104039637249}