{"centroid": [-0.012875852566665943, -0.03698492050170897, 0.07340773749215408], "extents": [1.7780531510102682, 0.5586094260215761, 0.05627179848235407], "rotate_angle": -24.59, "rotate_angle_pred": -28.30767531866279}