{"centroid": [-0.11145722045173925, -0.07813805341720592, 0.47892006406570076], "extents": [0.5224406113083803, 1.0176762342453, 0.14159347089634822], "rotate_angle": 3.99, "rotate_angle_pred": 7.682575948605887}