{"centroid": [0.21303151281800478, -0.13107722997665405, 0.20016486750942836], "extents": [0.5056149932200107, 1.2666736841201782, 0.04762087736583223], "rotate_angle": 22.61, "rotate_angle_pred": 18.89437269302806}