{"centroid": [-0.032750466386969185, 0.5022194981575012, 0.21972742716599294], "extents": [0.5141580701331909, 0.5979347825050355, 0.03400172293488804], "rotate_angle": 24.98, "rotate_angle_pred": 23.9488105412389}