{"centroid": [0.05754446913452466, 0.5815811157226562, 0.22107310685156117], "extents": [0.5292472131336919, 0.5823641419410706, 0.03312501241220095], "rotate_angle": 17.74, "rotate_angle_pred": 15.606819144909807}