{"centroid": [-0.23250423129278935, -0.19548332691192627, 0.18315157770544876], "extents": [0.46916163778472436, 1.0950126647949219, 0.041873351463121655], "rotate_angle": 29.77, "rotate_angle_pred": 19.685557919564616}