{"centroid": [-0.046820512284580174, 0.020569205284118555, 0.5045212796270364], "extents": [0.73292042099855, 1.0464046001434326, 0.06594084317951876], "rotate_angle": 19.27, "rotate_angle_pred": 17.872169301047947}