{"centroid": [-0.3644710207840007, -0.08595061302185064, 0.2529099104083347], "extents": [0.6260470767109231, 0.8696272373199462, 0.06232121978403454], "rotate_angle": 28.35, "rotate_angle_pred": 24.27233911387863}