{"centroid": [-0.004873233891346196, -0.10000005364418037, 0.46811215747175466], "extents": [0.7634736905684898, 0.9370622038841248, 0.07353028664802402], "rotate_angle": -37.12, "rotate_angle_pred": -35.83963923239741}