{"centroid": [0.3289973593716993, -0.036846935749054045, 0.3501452127366222], "extents": [0.6699927259688288, 0.8079670667648318, 0.05425339038671512], "rotate_angle": -0.62, "rotate_angle_pred": 1.0687243917628422}