{"centroid": [-0.36056703549651076, -0.014332592487335205, 0.1860761384869229], "extents": [0.590007186567938, 1.2883495092391968, 0.06893090911142308], "rotate_angle": -1.88, "rotate_angle_pred": -9.216376479104568}