{"centroid": [0.11531865739196688, -0.16569280624389654, 0.3114854725234564], "extents": [1.597662511324323, 0.7990574836730959, 0.035458075485379215], "rotate_angle": 42.56, "rotate_angle_pred": 38.44519857523338}