{"centroid": [0.007897739742054492, 0.08271008729934683, 0.5865555918767005], "extents": [0.44629841946180693, 1.4136385917663574, 0.06205083788891963], "rotate_angle": -15.53, "rotate_angle_pred": -17.44894945390027}