{"centroid": [-0.020774379148382358, 0.0726362466812133, 0.38263951441985655], "extents": [0.6326549745793784, 1.4999310970306396, 0.05882134750851076], "rotate_angle": -16.67, "rotate_angle_pred": -13.369510209219001}