{"centroid": [0.011085415624690717, -0.17199820280075073, 0.1939625603435209], "extents": [1.4592317448133019, 0.6341488361358645, 0.04312015355969251], "rotate_angle": 32.55, "rotate_angle_pred": 29.846959423628093}