{"centroid": [-0.29904071530363724, -0.12880349159240723, 0.2520970475525543], "extents": [0.5398426552919047, 1.1864099502563477, 0.056972949651761196], "rotate_angle": -34.16, "rotate_angle_pred": -34.49803330320444}