{"centroid": [-0.07979035130625886, 0.5071924924850463, 0.25016136153462915], "extents": [0.5613102429655223, 0.5894009470939636, 0.042126086455748196], "rotate_angle": -7.87, "rotate_angle_pred": -17.6954475967798}