{"centroid": [0.2953372255616841, -0.2134246826171875, 0.21295519882643432], "extents": [0.5625813686376325, 1.0300819873809814, 0.05974849774149765], "rotate_angle": 28.47, "rotate_angle_pred": 24.212663706136922}