{"centroid": [-0.36249971656832014, 0.008388459682464586, 0.18429388202288838], "extents": [0.589140479818882, 1.272566795349121, 0.048351221198780325], "rotate_angle": 7.8, "rotate_angle_pred": 5.288173670807694}