{"centroid": [0.4117305615241282, -0.0022611618041992465, 0.21194742229215124], "extents": [0.6859071682798693, 1.1319524049758916, 0.05386168377815195], "rotate_angle": -18.28, "rotate_angle_pred": -22.263944644990005}