{"centroid": [0.3435212289927918, -0.0926714837551118, 0.25484674780004646], "extents": [0.6247206976982941, 0.8412161469459536, 0.050456282160371124], "rotate_angle": -12.8, "rotate_angle_pred": -16.155870916453352}