{"centroid": [-0.3834780282133957, -0.07158038020133972, 0.2770759676123716], "extents": [0.6247671721789974, 0.9363535046577455, 0.058959345124750984], "rotate_angle": -18.04, "rotate_angle_pred": -20.09063493170723}