{"centroid": [0.012582734384087406, -0.18163523077964785, 0.34935442568744235], "extents": [0.8564121747141463, 0.8702533841133118, 0.07462787649058217], "rotate_angle": -34.26, "rotate_angle_pred": -35.22200071141883}