{"centroid": [0.3549555225189635, 0.002667933702468789, 0.27530693001985007], "extents": [0.7411233928533032, 0.8353344202041626, 0.058970806417401905], "rotate_angle": -27.68, "rotate_angle_pred": -28.085722235218505}