{"centroid": [0.0006401164320715344, -0.0030197501182556707, 0.2688974137748037], "extents": [0.545317463924604, 1.5671172142028809, 0.08929276350065671], "rotate_angle": -18.42, "rotate_angle_pred": -19.726328456995304}