{"centroid": [-0.04932005429013503, -0.46666836738586426, 0.2139838605201168], "extents": [0.5239877147397907, 0.6478641033172609, 0.07392820776062206], "rotate_angle": -25.87, "rotate_angle_pred": -24.72091422551901}