{"centroid": [-0.24291062077094017, -0.11428385972976685, 0.2636840827248656], "extents": [0.44560767240437366, 1.1424022912979126, 0.06455812006001255], "rotate_angle": -35.45, "rotate_angle_pred": -33.96863142491644}