{"centroid": [0.1322081197728881, -0.20910203456878662, 0.22809640393785685], "extents": [0.4583626419236754, 0.7910218238830568, 0.05150538343819386], "rotate_angle": -37.95, "rotate_angle_pred": -38.09915278261988}