{"centroid": [-0.07206847008856497, 0.3760458379983901, 0.1896912292642353], "extents": [0.49594723815537695, 0.7333369255065918, 0.03736255290596385], "rotate_angle": 36.73, "rotate_angle_pred": 28.81098121434127}