{"centroid": [0.019162681410443572, 0.5428778529167174, 0.21862771249426843], "extents": [0.5238391040656898, 0.6219376921653748, 0.035464695771628835], "rotate_angle": -13.53, "rotate_angle_pred": -16.725135060730764}