{"centroid": [-0.10784116487013282, 0.004704654216766274, 0.46747117360450136], "extents": [0.9530964888675448, 1.0344594717025757, 0.0973926315021395], "rotate_angle": 23.42, "rotate_angle_pred": 21.677799113589373}