{"centroid": [-0.016100031069778836, -0.05981165170669556, 0.2317306766344544], "extents": [1.0784713340927699, 1.140807032585144, 0.10035087457661329], "rotate_angle": -7.9, "rotate_angle_pred": -7.087437952941897}