{"centroid": [-0.01945016300135511, -0.08327212929725648, 0.40032418405801906], "extents": [0.8444264503438506, 0.9187061190605164, 0.0611931120832333], "rotate_angle": 28.43, "rotate_angle_pred": 23.060893305832963}