{"centroid": [0.03249360059298713, -0.1194390654563904, 0.11954392916490239], "extents": [1.4597311037644107, 0.5872221589088442, 0.06083761535530775], "rotate_angle": 34.07, "rotate_angle_pred": 28.52943444805564}