{"centroid": [-0.04178769393694047, -0.014521062374115046, 0.14333756327686098], "extents": [1.4667015161190773, 0.6251735687255859, 0.1174040890624067], "rotate_angle": -29.46, "rotate_angle_pred": -27.369072684567527}