{"centroid": [-0.04533064777054814, -0.12158897519111644, 0.45499937361364223], "extents": [0.7874880338356679, 0.8726224303245547, 0.09406480079988894], "rotate_angle": -19.66, "rotate_angle_pred": -20.133362455808538}