{"centroid": [-0.005596460341506786, -0.3877398669719696, 0.2987854727393975], "extents": [0.6901225282778497, 0.7873528599739076, 0.04012191572298224], "rotate_angle": 25.68, "rotate_angle_pred": 19.380639915226624}