{"centroid": [0.018152007070813443, 0.695744514465332, 0.24314947943837117], "extents": [0.6223738174748867, 0.6941962838172913, 0.06648746112806322], "rotate_angle": 26.67, "rotate_angle_pred": 20.397700852995143}