{"centroid": [-0.32980084736846094, -0.013787150382995661, 0.2160279681974455], "extents": [0.5312353907843712, 0.6127383708953859, 0.10230740787762169], "rotate_angle": 6.82, "rotate_angle_pred": 0.6783415779806035}