{"centroid": [-0.31041034348257923, -0.22825437784194952, 0.2051046805974146], "extents": [0.5202460850949113, 1.0245137214660647, 0.05673374943502854], "rotate_angle": -1.34, "rotate_angle_pred": -7.497578974113111}