{"centroid": [0.12137663549711954, 0.5142742097377777, 0.2495894094154835], "extents": [0.6302413161506223, 0.6030686497688295, 0.04537519308389834], "rotate_angle": -13.24, "rotate_angle_pred": -14.958707161193189}