{"centroid": [-0.012005521295807564, -0.24568411707878113, 0.11689583541149876], "extents": [1.454297757210909, 0.7417489886283877, 0.08899919543176214], "rotate_angle": -29.44, "rotate_angle_pred": -31.88444204548768}