{"centroid": [0.20074535004144692, -0.06237727403640747, 0.2173232148197579], "extents": [0.5043662028077736, 1.5175893306732178, 0.07415058970173191], "rotate_angle": -21.45, "rotate_angle_pred": -20.316793743029933}