{"centroid": [-0.19520409203887157, 0.021335303783416693, 0.1863868075380317], "extents": [0.4493640739232566, 1.5532312393188477, 0.0816035433865882], "rotate_angle": 35.78, "rotate_angle_pred": 27.525627983884092}