{"centroid": [0.049612701400663164, -0.4225658476352691, 0.18955295525763227], "extents": [0.5175353868411282, 0.7035984396934508, 0.05396010337181245], "rotate_angle": 8.24, "rotate_angle_pred": 0.9705460748807297}