{"centroid": [-0.051147276847451885, 0.4013149514794349, 0.23507690434266376], "extents": [0.446784801483336, 0.7564194202423097, 0.03426509405394498], "rotate_angle": -29.47, "rotate_angle_pred": -31.02614300562327}