{"centroid": [-0.08840433659774413, -0.45103567838668823, 0.23170568743222317], "extents": [0.5241940101838183, 0.7046023607254029, 0.0699041943532836], "rotate_angle": -44.1, "rotate_angle_pred": -36.293262177047055}