{"centroid": [0.17092211377407385, -0.1678745150566101, 0.20448684562737296], "extents": [0.5132224003648884, 1.1764367818832397, 0.05908828647191913], "rotate_angle": 21.41, "rotate_angle_pred": 17.15429471825074}