{"centroid": [-0.051543652795725654, -0.19081181287765503, 0.24153314651699181], "extents": [0.4442924301463056, 0.7513006925582887, 0.06228530091017445], "rotate_angle": -31.61, "rotate_angle_pred": -34.38521479919812}