{"centroid": [-0.2290654275159623, -0.08041441440582277, 0.1701278926403637], "extents": [0.4471424881862109, 1.3154970407485962, 0.05623437917032778], "rotate_angle": 22.78, "rotate_angle_pred": 18.273122222349897}