{"centroid": [0.2749708323389062, 0.06677457690238944, 0.2272022889766906], "extents": [0.8769113376020755, 1.0453649759292603, 0.09148557436765278], "rotate_angle": -31.89, "rotate_angle_pred": -28.7388584316993}