{"centroid": [0.16007791396671878, 0.47853322327137, 0.29036853793295886], "extents": [0.55465292415597, 0.6286717653274538, 0.044022515007389296], "rotate_angle": 35.03, "rotate_angle_pred": 38.46650117535722}