{"centroid": [-0.20262186922808645, 0.31711689382791514, 0.22733131528548461], "extents": [0.5352020103729451, 0.7306606769561769, 0.023900510029005895], "rotate_angle": 16.93, "rotate_angle_pred": 14.578731637590593}