{"centroid": [-0.2874820738764935, -0.20465266704559326, 0.26539237350628603], "extents": [0.5019682082414298, 1.1057435274124146, 0.0627983365568903], "rotate_angle": -36.82, "rotate_angle_pred": -37.32708462164362}