{"centroid": [-0.014776850148368055, 0.6675364971160889, 0.24389449051081824], "extents": [0.5731906310072304, 0.6997063159942627, 0.03310900190340513], "rotate_angle": -15.39, "rotate_angle_pred": -21.363285773185964}