{"centroid": [-0.05767663541478691, -0.4939432740211487, 0.260412430328335], "extents": [0.6451947064344806, 0.7199825048446655, 0.043975543035394776], "rotate_angle": -26.07, "rotate_angle_pred": -15.90485609973733}