{"centroid": [0.035512322649460214, -0.6206232458353043, 0.19070435801248106], "extents": [0.5689038104449263, 0.4431425034999847, 0.06178031561138286], "rotate_angle": 7.83, "rotate_angle_pred": 2.320197455927797}