{"centroid": [-0.002598995140848992, -0.2999880909919739, 0.2795255440116762], "extents": [1.2622820216480668, 0.7324459552764894, 0.0691761229711858], "rotate_angle": 31.77, "rotate_angle_pred": 35.2327408211644}