{"centroid": [-0.004604586471651406, 0.13544654846191403, 0.2511602121740206], "extents": [0.5200601751852945, 1.1073598861694336, 0.09486031414958221], "rotate_angle": 36.5, "rotate_angle_pred": 29.70484776916875}