{"centroid": [0.035057112135688406, -0.6100085228681565, 0.1917139433901485], "extents": [0.5686518614987413, 0.4548014700412751, 0.06537403986156759], "rotate_angle": 12.02, "rotate_angle_pred": 4.774183548094399}