{"centroid": [-0.05788864593591836, -0.024096757173538222, 0.22109466365331032], "extents": [0.45086706197713944, 0.6172964572906494, 0.047148373514484504], "rotate_angle": 34.23, "rotate_angle_pred": 33.0193856749447}