{"centroid": [-0.1475674451823753, -0.03461611270904541, 0.24920997626661254], "extents": [0.41766227630372654, 0.6011949777603149, 0.07573960219199855], "rotate_angle": -30.8, "rotate_angle_pred": -36.353604189225614}