{"centroid": [0.026001072954284908, -0.0031464695930481096, 0.21656718970606792], "extents": [0.42987029609764926, 0.6168891191482544, 0.04750515767695834], "rotate_angle": 33.61, "rotate_angle_pred": 32.3063776081237}