{"centroid": [-0.045025183776639735, -0.02015924453735353, 0.2253309014642544], "extents": [0.45351190140867303, 0.6184300780296326, 0.04484281019606315], "rotate_angle": 33.92, "rotate_angle_pred": 33.20201362172536}