{"centroid": [0.35901226760712945, -0.08156099915504461, 0.2418117895746422], "extents": [0.6166005658087799, 0.8509376645088196, 0.05279032823922242], "rotate_angle": -35.04, "rotate_angle_pred": -41.43838732533423}