{"centroid": [-0.08906102580022973, 0.5226226449012755, 0.23688674647648414], "extents": [0.5440260028829282, 0.5849340558052064, 0.032638910299550655], "rotate_angle": 16.22, "rotate_angle_pred": 11.581372868820935}