{"centroid": [-0.2826190504233251, -0.25205281376838684, 0.20525247458122745], "extents": [0.55074618686516, 0.9357120394706727, 0.03853456939359434], "rotate_angle": 39.98, "rotate_angle_pred": 30.70694850719002}