{"centroid": [0.11772399315469631, 0.5161534547805785, 0.24062740336678265], "extents": [0.5519071741237296, 0.5981283187866211, 0.04370774268393904], "rotate_angle": 40.86, "rotate_angle_pred": 34.07732656352262}