{"centroid": [-0.04946387493248096, 0.5247182846069336, 0.21985714599444947], "extents": [0.5086655030941125, 0.6482186317443848, 0.03721331067414893], "rotate_angle": -26.29, "rotate_angle_pred": -30.496100910935468}