{"centroid": [-0.2405683560292076, -0.2657988667488098, 0.24559448858222277], "extents": [0.5387078950804013, 1.053196907043457, 0.08670246329303222], "rotate_angle": -27.7, "rotate_angle_pred": -30.454618324586633}