{"centroid": [0.15757912755908066, -0.26048046350479126, 0.23727974842218275], "extents": [0.5497705358637882, 1.0495764017105103, 0.0632312448931944], "rotate_angle": -11.99, "rotate_angle_pred": -9.02499867501355}