{"centroid": [-0.05978848835795261, 0.46322038769721974, 0.1885876217989896], "extents": [0.4994344039817884, 0.736647367477417, 0.034134931346748415], "rotate_angle": 27.65, "rotate_angle_pred": 21.333807803760337}