{"centroid": [-0.03633106097671292, -0.14050459861755377, 0.0910913474864727], "extents": [1.6479891244861447, 0.6251366734504702, 0.0472368217035197], "rotate_angle": -24.92, "rotate_angle_pred": -25.387792292442853}