{"centroid": [-0.03707324383291226, -0.2674184739589691, 0.15660657775514708], "extents": [1.481536500369955, 0.7176899313926698, 0.06872821565674854], "rotate_angle": -21.09, "rotate_angle_pred": -21.538008502391605}