{"centroid": [-0.38355634874631794, -0.08977961540222168, 0.2751225654005522], "extents": [0.6216043154439103, 0.9127981662750244, 0.05741150231311232], "rotate_angle": -23.98, "rotate_angle_pred": -26.773582950059556}