{"centroid": [0.036404236787323324, -0.22116315364837652, 0.2183801489831855], "extents": [1.4507033663799742, 0.662930965423584, 0.06311279465198016], "rotate_angle": 30.84, "rotate_angle_pred": 28.293599594043954}