{"centroid": [-0.37360965405827173, 0.002969026565551758, 0.37451240062527935], "extents": [0.602029991662125, 1.018902063369751, 0.0681506409414473], "rotate_angle": -42.85, "rotate_angle_pred": -40.974423683218156}