{"centroid": [0.2757080896691414, 0.04342323541641228, 0.3886317885811361], "extents": [0.6061311325051302, 0.885474681854248, 0.04924102095769595], "rotate_angle": 8.74, "rotate_angle_pred": 10.971544919033803}