{"centroid": [0.017916395599018642, -0.23204198479652405, 0.17317267110816514], "extents": [1.4915888443600713, 0.6689096093177797, 0.04523626755620902], "rotate_angle": 24.66, "rotate_angle_pred": 21.9731723275776}