{"centroid": [-0.13628330823349738, -0.014046311378479004, 0.2913019435108092], "extents": [0.45953757068859064, 0.9902436733245851, 0.0568855448271941], "rotate_angle": -36.5, "rotate_angle_pred": -40.44899409597799}