{"centroid": [-0.2388326264503576, -0.2529551386833191, 0.1877953325032168], "extents": [0.5244776046939608, 0.9652187824249269, 0.05665802249919877], "rotate_angle": 23.63, "rotate_angle_pred": 11.898388686407955}