{"centroid": [0.1785095313883651, -0.3302832841873169, 0.24474436943363434], "extents": [0.5903173176508086, 0.8971635103225709, 0.052123305228901795], "rotate_angle": -27.79, "rotate_angle_pred": -24.286318736296707}