{"centroid": [0.027976095452754757, 0.498885303735733, 0.23538453956320773], "extents": [0.5767722863188712, 0.5940605401992798, 0.03675396455413013], "rotate_angle": -7.74, "rotate_angle_pred": -11.290729924179487}