{"centroid": [-0.33999806960266715, 0.030971020460128756, 0.4037956565908077], "extents": [0.5928792417795042, 1.0437514781951907, 0.056060474936599936], "rotate_angle": -40.73, "rotate_angle_pred": -41.16470881992989}