{"centroid": [0.2905465874718127, 0.05949231982231133, 0.3870809442659455], "extents": [0.6699432084251573, 0.9119055867195128, 0.03507127213928335], "rotate_angle": 38.26, "rotate_angle_pred": 32.75039189269113}