{"centroid": [0.3001212552203343, -0.20142769813537598, 0.2098255820331225], "extents": [0.5479276179755695, 1.140105962753296, 0.06204702332036585], "rotate_angle": 22.46, "rotate_angle_pred": 20.82834515862386}