{"centroid": [-0.32073276642666115, -0.06119382381439216, 0.3062805935947586], "extents": [0.5836524228891832, 1.2653427124023438, 0.06537371718791124], "rotate_angle": 34.56, "rotate_angle_pred": 28.440217412350307}