{"centroid": [0.03274470062576904, -0.06239098310470587, 0.4568256330055889], "extents": [0.8522204808936706, 0.788319766521454, 0.07741363393993994], "rotate_angle": -18.89, "rotate_angle_pred": -22.903972032278105}