{"centroid": [-0.3925797324999716, -0.09395590424537659, 0.2631460955284835], "extents": [0.6405466235117878, 0.7856373190879822, 0.05635635959166155], "rotate_angle": -6.49, "rotate_angle_pred": -10.996319232361884}