{"centroid": [-0.09694044949331514, -0.01169794797897343, 0.25594835493962537], "extents": [1.6140246202948407, 0.6373580694198608, 0.06631317657334646], "rotate_angle": 2.3, "rotate_angle_pred": -0.21742976489497323}