{"centroid": [0.06905908000112834, -0.42505621910095226, 0.23589700426894006], "extents": [0.5969898849901824, 0.7275944948196414, 0.04962858681722962], "rotate_angle": -18.46, "rotate_angle_pred": -15.274218125401433}