{"centroid": [0.18497148380747166, -0.04383391141891488, 0.2476769503673998], "extents": [0.42637420196027165, 1.074974775314331, 0.055432711440668025], "rotate_angle": -42.76, "rotate_angle_pred": -43.49455051918568}