{"centroid": [-0.10427452010546692, 0.17194889485836024, 0.25772592608269707], "extents": [0.44277644561613355, 0.746529757976532, 0.038373481832573775], "rotate_angle": -28.16, "rotate_angle_pred": -32.340646789796345}