{"centroid": [-0.03650319966115263, 0.49263000488281244, 0.22672362293202852], "extents": [0.5087028750639881, 0.6327272653579712, 0.03795117146383942], "rotate_angle": -12.08, "rotate_angle_pred": -17.920576309400488}