{"centroid": [-0.2624035065286963, 0.05546128749847412, 0.21170667227990142], "extents": [0.46150719411561364, 1.1824095249176025, 0.06516642768558809], "rotate_angle": 8.4, "rotate_angle_pred": 4.4621109255049305}