{"centroid": [-0.114430100548601, -0.43499502539634705, 0.23451734115056289], "extents": [0.5473480195921279, 0.7196381688117982, 0.07458410372981494], "rotate_angle": -42.08, "rotate_angle_pred": -36.507544130749665}