{"centroid": [0.35982964265845746, -0.0033400654792786477, 0.26671090111176077], "extents": [0.7397086074971658, 0.814568042755127, 0.0574535209897189], "rotate_angle": -20.58, "rotate_angle_pred": -22.1906423916827}