{"centroid": [-0.033321537815098085, -0.44898852705955505, 0.1771897114302502], "extents": [0.4509713077035394, 0.7824135422706605, 0.05368404490708317], "rotate_angle": -30.02, "rotate_angle_pred": -19.1026621370779}