{"centroid": [0.0035627956078067707, -0.5969268530607224, 0.1939423075518584], "extents": [0.5304874044134286, 0.47854176163673406, 0.064251361610698], "rotate_angle": -7.1, "rotate_angle_pred": -6.934733702085083}