{"centroid": [0.20766811529882775, -0.07682663202285776, 0.19160790707523287], "extents": [0.5168530920536293, 1.3824818134307866, 0.057085186016935685], "rotate_angle": 22.05, "rotate_angle_pred": 15.221673445531962}