{"centroid": [0.06196033919464241, 0.5273930728435516, 0.23553899962482502], "extents": [0.5624490476999751, 0.6277828216552734, 0.03193382973744646], "rotate_angle": 14.73, "rotate_angle_pred": 13.619664433891103}