{"centroid": [0.14347153497046153, -0.3740383982658386, 0.24610343138108082], "extents": [0.5698137956719077, 0.8646568059921266, 0.04300979955762102], "rotate_angle": -2.38, "rotate_angle_pred": 0.27922417061250826}