{"centroid": [-0.2160590526436062, -0.3804974853992462, 0.16678225866817908], "extents": [0.5107170305269808, 0.8590710759162904, 0.035666387261902216], "rotate_angle": 42.83, "rotate_angle_pred": 29.07142278401885}