{"centroid": [-0.33178992675663455, -0.001670360565185637, 0.30491249040423796], "extents": [0.5991979330667214, 0.6296473741531373, 0.10135983081712752], "rotate_angle": 31.35, "rotate_angle_pred": 35.24833704801827}