{"centroid": [-0.367702942397397, 0.01626455783843994, 0.18504406359084447], "extents": [0.5894081005243669, 1.3266940116882324, 0.0710322410920379], "rotate_angle": -0.35, "rotate_angle_pred": -2.6176358073178676}