{"centroid": [0.4007895223683374, -0.02018803358078003, 0.17939540139521842], "extents": [0.6767203847754831, 1.0588098764419556, 0.05981784721736569], "rotate_angle": -11.76, "rotate_angle_pred": -16.225718808106222}