{"centroid": [0.012621788441237042, 0.6173078417778015, 0.19756440191807625], "extents": [0.4818398329684441, 0.5654302835464478, 0.03790577480012175], "rotate_angle": -12.11, "rotate_angle_pred": -17.60592447423879}