{"centroid": [-0.04384444057213764, -0.5347776710987091, 0.19806887991077224], "extents": [0.5203175058512699, 0.5522341132164003, 0.07672681076344831], "rotate_angle": -27.07, "rotate_angle_pred": -21.516364454132656}