{"centroid": [-0.12856825081738335, 0.5240440219640732, 0.2320075811489658], "extents": [0.4345440754947195, 0.6736041307449341, 0.028901047275585123], "rotate_angle": -19.83, "rotate_angle_pred": -29.578212868652017}