{"centroid": [-0.23871444414487505, 0.018503546714782645, 0.1743132936721335], "extents": [0.41843491724521026, 1.0941853523254395, 0.043602704930808006], "rotate_angle": 22.15, "rotate_angle_pred": 16.132164372708544}