{"centroid": [0.03197205492956662, -0.5351527035236359, 0.21474476540914147], "extents": [0.5279032629082547, 0.5379731059074402, 0.0649103229328335], "rotate_angle": -30.16, "rotate_angle_pred": -21.7215009130218}