{"centroid": [-0.01730961899240998, -0.32318997383117676, 0.3659987878336495], "extents": [0.8234443026010088, 0.7194628715515138, 0.07728838880708339], "rotate_angle": 42.11, "rotate_angle_pred": 41.0376139415356}