{"centroid": [0.3144356203527332, 0.04235893487930288, 0.3793621625826945], "extents": [0.6405216968332925, 0.9583675861358643, 0.03483488738006618], "rotate_angle": 8.02, "rotate_angle_pred": 7.793991277554028}