{"centroid": [0.008294144471593504, 0.4933634996414184, 0.22083577297917503], "extents": [0.5340913446385196, 0.6197283864021301, 0.03440295103274671], "rotate_angle": -4.94, "rotate_angle_pred": -8.20041528922117}