{"centroid": [-0.08451755771489104, 0.3502804934978484, 0.21547163888289378], "extents": [0.49105124780735376, 0.7223507761955261, 0.026424068481376378], "rotate_angle": 21.51, "rotate_angle_pred": 16.21407469767294}