{"centroid": [-0.051404499720712406, -0.3995228707790375, 0.19871718374155567], "extents": [0.5322250136100877, 0.7256399989128113, 0.0632477403674431], "rotate_angle": 5.12, "rotate_angle_pred": -3.639058277334371}