{"centroid": [-0.006536338875965483, -0.009943485260009835, 0.35845454452952874], "extents": [1.065451036603481, 0.6203507781028748, 0.08177208982117512], "rotate_angle": -29.39, "rotate_angle_pred": -32.803401710564124}