{"centroid": [-0.011839567636095276, 0.3275652825832366, 0.3528152110912824], "extents": [0.8528534294664772, 0.46913343667984, 0.09142822156599434], "rotate_angle": -0.39, "rotate_angle_pred": 2.663462922399816}