{"centroid": [-0.24974190366883708, -0.034353852272033775, 0.3605055446756763], "extents": [0.9250441065542323, 0.6251060366630554, 0.1092146172903965], "rotate_angle": 18.63, "rotate_angle_pred": 13.599004006651043}