{"centroid": [-0.025483727857372303, -0.08712217211723333, 0.4233162433386465], "extents": [0.9048458502395559, 0.7240584492683411, 0.10051687244649427], "rotate_angle": 21.49, "rotate_angle_pred": 17.68173487579891}