{"centroid": [-0.014736064150566955, -0.0905649065971375, 0.32100289227099243], "extents": [1.134743309887508, 0.6210736632347107, 0.10871577042759739], "rotate_angle": -22.39, "rotate_angle_pred": -28.413451496378507}