{"centroid": [-0.17834338683797424, -0.04574689269065863, 0.41131196937830533], "extents": [0.8759260719852816, 0.6735318303108215, 0.09977231858477942], "rotate_angle": -33.19, "rotate_angle_pred": -32.144748733649116}