{"centroid": [-0.04947428851880936, -0.3717907667160034, 0.29320806978322367], "extents": [0.8758860248222149, 0.6553642749786377, 0.10376779756148272], "rotate_angle": 4.53, "rotate_angle_pred": 6.951245766210661}