{"centroid": [0.042345310308806096, -0.3923569917678833, 0.29700084436971613], "extents": [0.9009289925568809, 0.748505473136902, 0.08561437006854627], "rotate_angle": -25.97, "rotate_angle_pred": -27.27657727841163}