{"centroid": [-0.03263545082366176, -0.37071457505226135, 0.3080965356892251], "extents": [0.8577387467473219, 0.6706315875053407, 0.09837858533217708], "rotate_angle": -11.69, "rotate_angle_pred": -12.26741294171805}