{"centroid": [-0.08801755472891201, 0.009563237428665085, 0.37175469220611146], "extents": [1.225101956076165, 0.7512480616569519, 0.07123827982480696], "rotate_angle": 7.05, "rotate_angle_pred": 2.810008759235913}