{"centroid": [-0.3852875271105695, 0.01554256677627551, 0.4998985016789439], "extents": [0.9081243956394485, 0.6045389175415041, 0.46587124896546867], "rotate_angle": 22.92, "rotate_angle_pred": 23.514128264942798}