{"centroid": [-0.05552544494678381, -0.023752331733703676, 0.3733163211041556], "extents": [1.2525398900470641, 0.6627913117408755, 0.11473250544121866], "rotate_angle": 24.45, "rotate_angle_pred": 27.74577462186133}