{"centroid": [-0.012126665770790745, -0.04319041967391975, 0.258195741241207], "extents": [1.384304683973915, 0.6973661184310914, 0.07815324748251301], "rotate_angle": -18.26, "rotate_angle_pred": -25.839416518116053}