{"centroid": [-0.11937040420736439, -0.010086476802825983, 0.36734769990551597], "extents": [0.6769937929878537, 0.5338861942291261, 0.09220564443009188], "rotate_angle": 36.53, "rotate_angle_pred": 39.618165455231036}