{"centroid": [-0.14650795079971707, 0.06963381171226493, 0.4509212865171295], "extents": [0.8960247005793736, 0.9144192337989809, 0.08872847225375186], "rotate_angle": 24.92, "rotate_angle_pred": 25.427178123649995}