{"centroid": [-0.0405944993409882, 0.039890378713607705, 0.32366295001953505], "extents": [1.3561076768220803, 0.7676083445549011, 0.09175432981872556], "rotate_angle": 15.02, "rotate_angle_pred": 11.827260069573555}