{"centroid": [-0.11873753870360551, -0.0515206158161164, 0.47436374135737486], "extents": [0.7898679556694719, 0.6803431510925294, 0.14157307472480457], "rotate_angle": -43.4, "rotate_angle_pred": -46.07021633817415}