{"centroid": [-0.01594035629996665, -0.33066022396087646, 0.3104560980813674], "extents": [0.8862361411827463, 0.7165445089340211, 0.10036581867837646], "rotate_angle": -22.3, "rotate_angle_pred": -24.999480213685118}