{"centroid": [-0.03815439077157549, 0.37863251566886896, 0.4377340681860702], "extents": [0.8578954323656895, 0.5322589874267579, 0.09514230472684676], "rotate_angle": 30.04, "rotate_angle_pred": 34.711883001808005}