{"centroid": [-0.0071760844361976606, 0.0301528275012969, 0.40126988806614156], "extents": [1.2958128269615314, 0.6898935437202456, 0.08131784086025196], "rotate_angle": 38.6, "rotate_angle_pred": 36.350345348957234}