{"centroid": [-0.08736046452212705, -0.04700440168380733, -0.027530198464480796], "extents": [0.6859257995930053, 1.722228407859802, 0.22798134980357823], "rotate_angle": 28.87, "rotate_angle_pred": 14.986847612059009}