{"centroid": [-0.28931244911784, 0.012190937995910645, 0.07744274463492418], "extents": [0.5205746814842148, 1.6764278411865234, 0.2047431886787028], "rotate_angle": -2.18, "rotate_angle_pred": -7.314125641778887}