{"centroid": [0.10875868996770625, -0.03671818971633911, 0.011411889457918545], "extents": [0.5524209163550033, 1.6701183319091797, 0.15484222830894764], "rotate_angle": -5.37, "rotate_angle_pred": -3.3491933714600464}