{"centroid": [-0.08926444357441857, -0.018993496894836426, -0.006960724864175512], "extents": [0.6920206500576771, 1.7438468933105469, 0.20840656618200362], "rotate_angle": -1.25, "rotate_angle_pred": 1.0366329642863263}