{"centroid": [-0.07334011419170079, -0.03655034303665161, -0.008109296187350618], "extents": [0.7022325414720574, 1.7327228784561157, 0.18268260407065856], "rotate_angle": 13.71, "rotate_angle_pred": 9.994382275143195}