{"centroid": [-0.23863954924378866, 0.019894540309906006, 0.0028471625456993055], "extents": [0.6125873803352898, 1.6695103645324707, 0.16044591053080692], "rotate_angle": -6.93, "rotate_angle_pred": -10.278671846045256}