{"centroid": [0.2710725776523602, 0.0007163286209106445, 0.2623800411136076], "extents": [0.18318816298683077, 0.8149447441101075, 0.7379847474598413], "rotate_angle": 42.2, "rotate_angle_pred": 40.60672832177076}