{"centroid": [-0.3717661585892647, 0.02262592315673828, 0.01566945392308633], "extents": [0.000959902995003703, 1.1578421592712405, 0.6708604646016918], "rotate_angle": 9.58, "rotate_angle_pred": 2.4686182169733257}