{"centroid": [-0.09469439108698227, 0.10285061597824094, 0.029642125948655885], "extents": [0.3345201586058181, 0.9164299368858336, 0.2060676052383531], "rotate_angle": 36.47, "rotate_angle_pred": 23.071884204085137}