{"centroid": [-0.017380186361551836, -0.014489293098449707, 0.15779417523907863], "extents": [0.07274866740620155, 1.1600309610366824, 0.9344604471945899], "rotate_angle": -41.49, "rotate_angle_pred": -21.65628525147325}