{"centroid": [-0.10007346999952696, -0.05178940296173096, -0.022902028855979483], "extents": [0.7144346195090812, 1.7598880529403687, 0.18224322688497102], "rotate_angle": 42.21, "rotate_angle_pred": 16.57364201527031}