{"centroid": [-0.0736593967491759, -0.023670613765716553, 0.02322333101958041], "extents": [0.7036591796433584, 1.6624263525009155, 0.169996351684175], "rotate_angle": -22.59, "rotate_angle_pred": -9.29667275698543}