{"centroid": [-0.8895284258361599, 0.32168857753276836, -0.026875424063003077], "extents": [0.2701321923061316, 0.011459916830062977, 0.5434832739473481], "rotate_angle": -38.0, "rotate_angle_pred": -35.88681787964687}