{"centroid": [-0.9716868346250396, 0.3225187920033931, -0.10701516692023332], "extents": [0.3270617385393012, 0.007977120578289199, 0.7184209139591267], "rotate_angle": 18.17, "rotate_angle_pred": 25.338091409911755}