{"centroid": [-0.8831420939826178, 0.19022515416145333, -0.02635380850869417], "extents": [0.3544216396123644, 0.10749188065528886, 0.6237362521308634], "rotate_angle": -17.05, "rotate_angle_pred": -11.843963121982583}