{"centroid": [0.9090662008497121, 0.19113611429929744, 0.06373557219886375], "extents": [0.2826129021866125, 0.1095324605703355, 0.5126939040872371], "rotate_angle": 31.8, "rotate_angle_pred": 37.06981016664889}