{"centroid": [0.8731239106552734, 0.1879164949059486, -0.028374846714721826], "extents": [0.229314473715023, 0.14288693666458144, 0.49639513539539504], "rotate_angle": -10.72, "rotate_angle_pred": -9.890317187358406}