{"centroid": [-0.8962225167132467, 0.264652568846941, 0.0025229645793353114], "extents": [0.2979974999912678, 0.09998122602701198, 0.40290587534573674], "rotate_angle": -2.83, "rotate_angle_pred": -0.05850924575844374}