{"centroid": [-0.9173224823542807, 0.2069981321692466, -0.051773054457845524], "extents": [0.3710764861651663, 0.22082397341728227, 0.5608813041312589], "rotate_angle": 24.0, "rotate_angle_pred": 28.709686624688473}