{"centroid": [0.8297539417302554, 0.19336888939142222, -0.028818481299643282], "extents": [0.31100335231581033, 0.2186121344566347, 0.5939123537786469], "rotate_angle": -29.37, "rotate_angle_pred": -28.977468294454688}