{"centroid": [-0.9465507897720445, 0.164732925593853, -0.02969845672283484], "extents": [0.3497764530981151, 0.04499320685863509, 0.6088700403792406], "rotate_angle": 1.22, "rotate_angle_pred": 3.531709744844079}