{"centroid": [-0.8630759217138511, 0.26968476176261896, -0.020624591983944486], "extents": [0.2902992404002952, 0.2169395685195924, 0.5382182665337717], "rotate_angle": 6.43, "rotate_angle_pred": 11.057794634538482}