{"centroid": [0.7087072551474887, 0.21763460338115687, -0.021493708776649478], "extents": [0.3087533654105913, 0.26625710725784313, 0.4582274469663644], "rotate_angle": -14.92, "rotate_angle_pred": -20.518893688042837}