{"centroid": [0.8543382339408904, 0.1153252050280572, 0.0655653523618075], "extents": [0.37618830336140696, 0.16160592436790486, 0.7541273143275669], "rotate_angle": 30.16, "rotate_angle_pred": 33.570461737739805}