{"centroid": [-0.0010247808444079076, 0.7227630987763405, 0.03207794145847965], "extents": [0.6590356915658033, 0.19963903725147258, 0.16435379011544912], "rotate_angle": 37.07, "rotate_angle_pred": 34.80907556302479}