{"centroid": [0.7301962867817353, 0.27789924293756485, 0.01586935237542471], "extents": [0.26077640773222477, 0.1474438756704331, 0.2898604949496061], "rotate_angle": -4.46, "rotate_angle_pred": -4.478179395045473}