{"centroid": [0.8554962559768727, 0.24288481473922716, 0.05111423583069635], "extents": [0.23836171309066612, 0.05487644672393813, 0.5341031480110929], "rotate_angle": -37.2, "rotate_angle_pred": -38.190548349224656}