{"centroid": [0.8507215197402407, 0.2429538890719413, 0.0038772482962210475], "extents": [0.2535202493013854, 0.06340818107128154, 0.5437471248704777], "rotate_angle": -23.07, "rotate_angle_pred": -25.087367784050684}