{"centroid": [-0.0041487291510326485, 0.785196453332901, 0.006228735846929915], "extents": [0.5382474642506625, 0.1739371418952942, 0.12117600399629735], "rotate_angle": 38.5, "rotate_angle_pred": 39.98678512539368}