{"centroid": [-0.778492757231045, 0.23021745681762704, 0.06441169728679155], "extents": [0.39150249165194706, 0.26955911517143266, 0.6425720919179543], "rotate_angle": -28.42, "rotate_angle_pred": -31.224170647395752}