{"centroid": [-0.9343166672426384, 0.285304844379425, -0.059362585480651334], "extents": [0.26269906925994224, 0.16358077526092538, 0.41929498580979296], "rotate_angle": 11.7, "rotate_angle_pred": 15.76211754772983}