{"centroid": [0.7247515561565324, 0.20944342017173756, 0.04134787116422707], "extents": [0.2860630188431478, 0.2534266710281373, 0.34772575312703863], "rotate_angle": -41.4, "rotate_angle_pred": -38.68000828280525}