{"centroid": [0.028994241305677182, 0.5346313416957855, -0.03639750407870903], "extents": [0.8692827275240831, 0.37008738517761247, 0.1844363521325289], "rotate_angle": -43.38, "rotate_angle_pred": -44.600573144051964}