{"centroid": [-0.7670986706900053, 0.14415837824344646, -0.10575583836945116], "extents": [0.41941302298554206, 0.10308222472667716, 0.8669823260078575], "rotate_angle": -39.25, "rotate_angle_pred": -32.46980408409512}