{"centroid": [-0.006296226007685143, -0.13057376444339752, 0.09558009745120744], "extents": [0.04804458332407684, 0.035201936960220406, 0.339131464842555], "rotate_angle": 4.38, "rotate_angle_pred": 1.3010869076910438}