{"centroid": [-0.002779712326648771, -0.1448255404829979, 0.08800189093441049], "extents": [0.04994931832643073, 0.036539152264595115, 0.33248522981456036], "rotate_angle": 14.84, "rotate_angle_pred": 12.350471038637977}