{"centroid": [-0.9149204010627876, 0.29910299554467196, -0.06389230131292703], "extents": [0.2577095681931334, 0.10176850110292446, 0.5916638498641376], "rotate_angle": 11.8, "rotate_angle_pred": 17.98651161781204}