{"centroid": [-0.08895138253651744, 0.34345870092511166, 0.4852851744037928], "extents": [0.06274842561047062, 0.6209036707878113, 0.026768241462292508], "rotate_angle": 11.22, "rotate_angle_pred": 11.4586042174151}