{"centroid": [-0.1868030779539784, -0.02298656105995183, 0.2724728677185656], "extents": [0.023433879314450345, 0.12787966430187225, 0.03465704291223515], "rotate_angle": -18.84, "rotate_angle_pred": -18.16313252241602}