{"centroid": [-0.19348554677379026, 0.3537944443523883, 0.3867304062968695], "extents": [0.0921918734262811, 0.061526454985141754, 0.06320105386491803], "rotate_angle": -39.3, "rotate_angle_pred": -34.70949480551886}