{"centroid": [-0.005518382035691827, 0.27820592746138556, 0.5094961161601406], "extents": [1.1724910522770786, 0.040127746760845184, 0.094467250774247], "rotate_angle": 2.84, "rotate_angle_pred": 1.0244438124834119}