{"centroid": [0.008079434109282788, 0.23716684058308593, 0.4612460875876459], "extents": [1.1171616496435357, 0.04847965389490144, 0.0841561420454997], "rotate_angle": 34.58, "rotate_angle_pred": 31.65629245699941}