{"centroid": [-0.6745352557753362, 0.20118834823369974, 0.3258063859771807], "extents": [0.34757100584286327, 0.031431540846824674, 0.054045724134276274], "rotate_angle": -8.34, "rotate_angle_pred": -8.199405283830501}