{"centroid": [-0.008951966701895214, 0.4890588112175464, 0.514319852598873], "extents": [0.8774938627322653, 0.016181208193302155, 0.08775915994490274], "rotate_angle": -3.39, "rotate_angle_pred": -4.904728671821985}