{"centroid": [0.012732859151380269, 0.24615866318345064, 0.4084328930696798], "extents": [0.7545745229794062, 0.017418809235096117, 0.05018940100341596], "rotate_angle": -40.76, "rotate_angle_pred": -44.739114642881724}