{"centroid": [-0.03212366838447171, 0.17785302549600596, 0.42446050877909447], "extents": [1.1454216291196182, 0.03874988853931444, 0.11137031066726805], "rotate_angle": -25.17, "rotate_angle_pred": -28.760089240225348}