{"centroid": [-0.7938884365527783, 0.2963996231555939, -0.017217151051581947], "extents": [0.3125017291707185, 0.0378853082656862, 0.6638159169355973], "rotate_angle": -31.79, "rotate_angle_pred": -27.882040119590442}