{"centroid": [-0.05776109764592667, 0.24734653905034054, 0.4414525482676939], "extents": [1.1313141483193805, 0.04677540808916106, 0.09808844240180897], "rotate_angle": 27.97, "rotate_angle_pred": 26.885055500126683}