{"centroid": [0.029215814433859233, 0.6979328691959381, -0.05840416676211672], "extents": [0.926326613093392, 0.38610202074050903, 0.08820694500191055], "rotate_angle": 3.12, "rotate_angle_pred": 2.596510209228569}