{"centroid": [0.8398988719135383, 0.2755938991904259, 0.005625899274546486], "extents": [0.30358778725309943, 0.07716290652751936, 0.513255286217364], "rotate_angle": 10.05, "rotate_angle_pred": 10.028967062712638}