{"centroid": [-0.027312446306085016, 0.26133779436349863, 0.6196062445958652], "extents": [0.5789178001728374, 0.004031404852867182, 0.08332325500754378], "rotate_angle": 7.22, "rotate_angle_pred": 7.6884747265975335}