{"centroid": [-0.046075329186851754, 0.10833330824971191, 0.28211372701355864], "extents": [0.014913558736397305, 0.07774900645017623, 0.029332186587031128], "rotate_angle": -22.71, "rotate_angle_pred": -21.77338088247261}