{"centroid": [0.05930883268928774, 0.05429738666862244, 0.36148568896782546], "extents": [0.02106688932844327, 0.10147199034690857, 0.022761073138084176], "rotate_angle": 39.55, "rotate_angle_pred": 39.446663400668456}