{"centroid": [-0.02343882411294528, 0.5573518387973307, 0.4054166611820379], "extents": [0.4097261644546584, 0.026767753064632416, 0.05014450002309534], "rotate_angle": -16.33, "rotate_angle_pred": -19.88151756288468}