{"centroid": [0.24996760811075786, 0.7845146581530571, 0.24351699156466025], "extents": [0.04740917078283374, 0.01997421681880951, 0.11792242876960302], "rotate_angle": 25.03, "rotate_angle_pred": 24.884899204045624}