{"centroid": [-0.3294067954967655, 0.7652270644903182, 0.2648511742299096], "extents": [0.039553157532705496, 0.00760158896446228, 0.12759479734359067], "rotate_angle": 25.02, "rotate_angle_pred": 27.14984337810317}