{"centroid": [0.0302288851050975, 0.48646016046404833, 0.497419085707297], "extents": [0.3142921340585081, 0.03075309842824936, 0.07943602681789441], "rotate_angle": -39.84, "rotate_angle_pred": -42.64933520115257}