{"centroid": [0.010687717170600856, 0.1865172497928142, 0.5102331296801651], "extents": [0.29992342469969896, 0.028945825994014796, 0.06547039850867398], "rotate_angle": -42.61, "rotate_angle_pred": -42.73074032368725}