{"centroid": [-0.01498019731282619, 0.9631392806768417, 0.29638572487070464], "extents": [0.29829546539717566, 0.04487666487693798, 0.05832536465882876], "rotate_angle": -37.38, "rotate_angle_pred": -38.765401651923284}