{"centroid": [0.1259494418019515, 0.08362732455134382, 0.4225902004229738], "extents": [0.031174674819414633, 0.07625961303710939, 0.025548093176008646], "rotate_angle": -36.04, "rotate_angle_pred": -34.488742460123994}