{"centroid": [-0.020712152007047655, 0.47850847616791714, 0.4948440045931558], "extents": [0.34081358073177115, 0.029311247169971466, 0.07932485722830085], "rotate_angle": -11.02, "rotate_angle_pred": -10.500639753438463}