{"centroid": [-0.0191097623583195, 0.46650072187185276, 0.5625803248639083], "extents": [0.3772319538560699, 0.01802204549312597, 0.07921399141006924], "rotate_angle": 38.38, "rotate_angle_pred": 40.445871450074634}