{"centroid": [0.24293095142663046, 0.6172466278076172, 0.013647222874272582], "extents": [0.15223765822354188, 0.31332850456237793, 0.040675715812002605], "rotate_angle": 13.92, "rotate_angle_pred": 10.949462693721529}