{"centroid": [-0.03761733261092064, 0.4592713117599486, 0.7838006687265556], "extents": [0.37201050430409804, 0.007225155830383356, 0.07917188960822408], "rotate_angle": 33.56, "rotate_angle_pred": 32.55387626856647}