{"centroid": [-0.013704617644932034, 0.7695507481694221, 0.39212545178863273], "extents": [0.6009933858873734, 0.048442140221595875, 0.06679749389196626], "rotate_angle": 33.08, "rotate_angle_pred": 30.175752573558896}