{"centroid": [0.3409131954933551, 0.3363479971885681, -0.033836364872184735], "extents": [0.18064270783449232, 0.5216065049171448, 0.06429037405423396], "rotate_angle": -10.18, "rotate_angle_pred": -15.889445243205031}