{"centroid": [-0.008856323122530079, 0.4716839157044887, 0.5610557265076856], "extents": [0.29056161649906986, 0.023333363234996796, 0.07030051948535043], "rotate_angle": -19.77, "rotate_angle_pred": -18.722977495672524}