{"centroid": [-0.008104925726712247, 0.6298672556877136, -0.004350851617166796], "extents": [0.14192207491457365, 0.2655152678489685, 0.03364061270811393], "rotate_angle": 12.43, "rotate_angle_pred": 6.1073505872521565}