{"centroid": [0.47359889053509147, 0.3941471651196479, -0.0018466091902383554], "extents": [0.41761973103100025, 0.9190746545791627, 0.15070299660893802], "rotate_angle": -31.98, "rotate_angle_pred": -38.79864425303025}