{"centroid": [0.3726126827896719, 0.5047538131475449, 0.021910844986135096], "extents": [0.21923418773564607, 0.5381252169609069, 0.08268815441376914], "rotate_angle": 15.59, "rotate_angle_pred": 13.843469560398162}