{"centroid": [0.2763621861577102, 0.4597399681806565, -0.018262550346063985], "extents": [0.21534286978770117, 0.5225073099136354, 0.04847666370094632], "rotate_angle": -13.12, "rotate_angle_pred": -16.201921602702228}