{"centroid": [0.04273965266700733, 0.6829607896506785, -0.009390500377420279], "extents": [0.41950080055460526, 0.04555996507406235, 0.16053941944154565], "rotate_angle": -18.78, "rotate_angle_pred": -27.405421031443225}