{"centroid": [-0.503187037087131, 0.17270439863204956, 0.03530084124742342], "extents": [0.3551366302683724, 1.0692152976989746, 0.15232983117836982], "rotate_angle": 18.34, "rotate_angle_pred": 17.787387032724993}