{"centroid": [0.3250598395580538, 0.7216790392994881, 0.21283360887453573], "extents": [0.06191244805414042, 0.09749414026737224, 0.17571275174602197], "rotate_angle": -24.64, "rotate_angle_pred": -24.316383728738955}