{"centroid": [-0.2555259454597292, 0.7321842983365058, 0.2606227642648139], "extents": [0.028368249801289325, 0.04132188856601715, 0.1808528917087184], "rotate_angle": -25.66, "rotate_angle_pred": -24.766271301409716}