{"centroid": [-0.1943103664515696, 0.12657358869910237, 0.407234404052029], "extents": [0.03411018880923172, 0.3399519324302674, 0.04780196816576693], "rotate_angle": -44.9, "rotate_angle_pred": -40.373055181024064}