{"centroid": [-0.1795197079096561, 0.4258116781711578, 0.40981668348476136], "extents": [0.08207700601755297, 0.26320791244506836, 0.02451830789649806], "rotate_angle": -10.01, "rotate_angle_pred": -12.235695074356613}