{"centroid": [-0.1390757795836267, 0.23882056400179852, 0.419414167432277], "extents": [0.44227917753209467, 0.047659181058406885, 0.07614858236853639], "rotate_angle": 43.9, "rotate_angle_pred": 36.909132988669214}