{"centroid": [-0.06643670691118736, 0.06653058528900146, 0.3060903537739368], "extents": [0.02070911275455381, 1.9278815984725952, 0.08560899838549851], "rotate_angle": -37.67, "rotate_angle_pred": -32.36976618954504}