{"centroid": [-0.08380236497857865, 0.06837981939315796, 0.29653978631600625], "extents": [0.04804719257623822, 2.004807233810425, 0.09103500877437803], "rotate_angle": -29.4, "rotate_angle_pred": -23.71381273597177}