{"centroid": [-0.201288026077454, 0.04390186071395874, 0.3013480975192709], "extents": [0.023400381326993902, 1.6075901985168457, 0.040646337180332504], "rotate_angle": -33.56, "rotate_angle_pred": -29.648750599225274}