{"centroid": [-0.05121051570805152, 0.3743155226111412, 0.19456861668959907], "extents": [0.003382548688418169, 0.23534522950649261, 0.029843216749382256], "rotate_angle": -39.56, "rotate_angle_pred": -41.73490265057892}