{"centroid": [-0.2809546866601506, 0.12046246975660323, 0.3086450715594845], "extents": [0.035844429776072495, 0.2830924391746521, 0.04638367819966338], "rotate_angle": -42.9, "rotate_angle_pred": -36.09692558405018}