{"centroid": [-0.36354038561553953, 0.7190254554152488, 0.2828348276698681], "extents": [0.015714556057149665, 0.15212063491344452, 0.052285123877223394], "rotate_angle": 11.37, "rotate_angle_pred": 11.905491987517635}