{"centroid": [-0.443414730873923, 0.26379780471324904, 0.5131330986037534], "extents": [0.06963871465593091, 0.8217020630836486, 0.10726685148058862], "rotate_angle": 35.47, "rotate_angle_pred": 38.587259550558315}