{"centroid": [-0.537985481809451, 0.4377995282411575, 0.5178202212026835], "extents": [0.0660222456962909, 0.54254549741745, 0.07214745728398342], "rotate_angle": -36.01, "rotate_angle_pred": -30.79638774819435}