{"centroid": [-0.02712375739235895, 0.1422372162342071, 0.2640856026064702], "extents": [0.00595489153836248, 0.6278856992721558, 0.03465030025153912], "rotate_angle": -21.94, "rotate_angle_pred": -26.39002041273988}