{"centroid": [-0.10423310412932528, 0.00042876601219165797, 0.5087539500906526], "extents": [0.02850426730642909, 0.2866986393928528, 0.09393005063675985], "rotate_angle": 8.13, "rotate_angle_pred": 10.42018526348231}