{"centroid": [0.03122117390939672, 0.2973747029900551, 0.1796638854007252], "extents": [0.4489000217883368, 0.1671670228242875, 0.028189607443496523], "rotate_angle": -43.28, "rotate_angle_pred": -46.36021439290517}