{"centroid": [-0.07197083991350953, 0.19876877218484873, 0.43714029468540955], "extents": [0.0465581123623525, 0.2535495758056641, 0.08303691528162915], "rotate_angle": 29.66, "rotate_angle_pred": 32.30684096273369}