{"centroid": [-0.16151416104161181, 0.5908499658107756, 0.4012378313840015], "extents": [0.05558257396959582, 0.272218883037567, 0.03340317961988187], "rotate_angle": -12.37, "rotate_angle_pred": -14.301089276325868}