{"centroid": [-0.09377785222015554, 0.13426701072603456, 0.4112521852957248], "extents": [0.05411567524517624, 0.28231668472290045, 0.03855564434955594], "rotate_angle": 42.94, "rotate_angle_pred": 39.877923764847054}