{"centroid": [-0.0017483971240694618, 0.659752320498228, 0.5423354162170562], "extents": [0.9297089508851182, 0.011355780065059662, 0.10185307189973913], "rotate_angle": 8.23, "rotate_angle_pred": 6.275507386817452}