{"centroid": [0.01911360514825932, -0.4898634925484658, 0.5352121452004506], "extents": [0.9290091835796587, 0.022835984826088007, 0.07570080332303636], "rotate_angle": 28.8, "rotate_angle_pred": 26.64532639680391}