{"centroid": [-0.014288697705746853, 0.39764599874615664, 0.4767960441240439], "extents": [1.0829724058808523, 0.05086562782526033, 0.10559371844598225], "rotate_angle": 30.14, "rotate_angle_pred": 28.379652360333324}