{"centroid": [0.338805804703481, 0.4633842259645462, 0.0023510874400730674], "extents": [0.08754446998248527, 0.07862082123756414, 0.12465278655794193], "rotate_angle": -15.26, "rotate_angle_pred": -13.420436166514776}