{"centroid": [-0.4266184160351736, 0.5088301338255404, 0.06661788923606772], "extents": [0.09977829002278665, 0.03803301602602016, 0.16661219784770698], "rotate_angle": 43.01, "rotate_angle_pred": 40.27182623814571}