{"centroid": [0.005088994868581942, 0.6159314401447773, 0.5063020963412943], "extents": [0.8922420850819621, 0.05193290859460842, 0.09747967989977202], "rotate_angle": 34.78, "rotate_angle_pred": 30.860898087750485}