{"centroid": [0.04857092277013228, -0.10789645090699201, 0.25921880391547464], "extents": [0.5469171894366467, 0.06342598050832755, 0.021997749377018955], "rotate_angle": -38.71, "rotate_angle_pred": -35.761102934008385}