{"centroid": [0.28504032480084657, 0.01385933160781852, 0.3668349832277781], "extents": [0.08871965175718982, 1.1176133155822754, 0.08684609149356987], "rotate_angle": 4.16, "rotate_angle_pred": 6.643994631161576}