{"centroid": [0.005381472430489279, -0.10828818380832682, 0.33330450363034086], "extents": [0.013657540453096554, 0.25409042835235596, 0.021015152904747925], "rotate_angle": 21.71, "rotate_angle_pred": 21.10089546516707}