{"centroid": [-0.06122670434150479, 0.341156780719757, 0.38342982392127345], "extents": [0.3863496757092888, 0.005116820335388239, 0.023393150277901675], "rotate_angle": 32.28, "rotate_angle_pred": 28.69552346088038}