{"centroid": [-0.057228292866931096, 0.3637177422642707, 0.36115429220616707], "extents": [0.4097848407382163, 0.012206956744194086, 0.0254437990039158], "rotate_angle": -9.75, "rotate_angle_pred": -11.71064021358221}