{"centroid": [0.0974425004827971, 0.2761911749839782, 0.2888743895623937], "extents": [0.24229429421593507, 0.03996133804321289, 0.03920363968418805], "rotate_angle": 14.77, "rotate_angle_pred": 15.927582322952205}