{"centroid": [0.007270516461180203, 0.3547746762633323, 0.4532441974897673], "extents": [0.8271076645884623, 0.015191242098808455, 0.06726896735728205], "rotate_angle": -33.07, "rotate_angle_pred": -35.2141003523309}