{"centroid": [-0.08364982297072995, -0.05168919265270253, 0.9243021304782746], "extents": [0.9755334935841538, 0.02098642289638527, 0.08509971272703698], "rotate_angle": 14.75, "rotate_angle_pred": 15.696964582128643}