{"centroid": [0.015360319692998003, 0.21007401868700973, 0.4240048688340496], "extents": [1.544607168193918, 0.06125601381063478, 0.09003719720794806], "rotate_angle": -18.89, "rotate_angle_pred": -23.7218530822539}