{"centroid": [0.04165944791067952, 0.6714565381407738, 0.5926138628844924], "extents": [0.9421152934597088, 0.03387050330638908, 0.09347903595581264], "rotate_angle": 41.37, "rotate_angle_pred": 41.241161243081166}