{"centroid": [-0.007257427803365732, 0.6284568719565868, 0.5295692184148673], "extents": [0.9660677768128157, 0.025979720056057087, 0.10355384495931941], "rotate_angle": -27.28, "rotate_angle_pred": -29.726838677197193}