{"centroid": [-0.06970685275030103, 0.40242664515972126, 0.6665419645373768], "extents": [0.8054534161938691, 0.021441489458084162, 0.09540907997258108], "rotate_angle": -5.48, "rotate_angle_pred": -8.092523631006586}