{"centroid": [0.015834863210461687, 0.5971268378198146, 0.5066309837786933], "extents": [0.9549783266989034, 0.04469060152769089, 0.10748971772161847], "rotate_angle": 18.81, "rotate_angle_pred": 15.92977020211282}