{"centroid": [0.009445392141949619, 0.4725788012146949, 0.6419256585141876], "extents": [0.3602124128881671, 0.059424772858619745, 0.048264827235092955], "rotate_angle": -8.26, "rotate_angle_pred": -11.069907933087023}