{"centroid": [0.00128480136576644, 0.6327594071626661, 0.5331826987847197], "extents": [0.980782243713451, 0.02445700764656089, 0.10737114107175527], "rotate_angle": -28.88, "rotate_angle_pred": -30.78319749907071}