{"centroid": [-0.02472576087221156, 0.5481392666697501, 0.5363255821993553], "extents": [0.8775175628756764, 0.0078079551458358765, 0.07652028492121632], "rotate_angle": 14.86, "rotate_angle_pred": 10.47445713886728}