{"centroid": [0.0005676482933207327, 0.7322176992893219, 0.5761505811997025], "extents": [0.8338541971547535, 0.0333191752433778, 0.10532587750213473], "rotate_angle": 44.3, "rotate_angle_pred": 42.37834287446998}