{"centroid": [0.017239453425859294, 0.5405466333031654, 0.4180814021557954], "extents": [0.7736127335684493, 0.03605706989765178, 0.09621278890799734], "rotate_angle": 32.7, "rotate_angle_pred": 30.219153297544366}