{"centroid": [0.05156050689565349, 0.6206691265106201, 0.4694592533945621], "extents": [0.9201202643361601, 0.07064211368560802, 0.10229657124145747], "rotate_angle": 44.45, "rotate_angle_pred": 37.02748396476163}