{"centroid": [-0.012372583042569635, 0.588366713374853, 0.4999249133046765], "extents": [0.926469184995129, 0.02959781140089046, 0.08959820655614703], "rotate_angle": -19.48, "rotate_angle_pred": -22.317209970310017}