{"centroid": [-0.010731869228230766, 0.6171951293945312, 0.5180786678876654], "extents": [0.9572592856972145, 0.027285337448120228, 0.09972774860835337], "rotate_angle": -27.26, "rotate_angle_pred": -29.60658187667039}