{"centroid": [-0.11045217324748219, 0.1398021355271338, 0.6166811393193926], "extents": [0.33964581246822434, 0.003760382533073481, 0.04603475088403974], "rotate_angle": 38.14, "rotate_angle_pred": 38.68948374668528}