{"centroid": [0.1128165894828299, -0.015058353543281588, 0.2524731644847026], "extents": [0.08292130536138757, 0.022489614784717574, 0.031152506010928588], "rotate_angle": 31.1, "rotate_angle_pred": 32.56543218600393}