{"centroid": [0.11316860121226188, -0.014238718897104291, 0.27289608717127234], "extents": [0.09385498414880257, 0.037078432738780996, 0.031791988088728074], "rotate_angle": 40.75, "rotate_angle_pred": 40.823718862753026}