{"centroid": [0.11294394598669243, -0.011200010776519808, 0.24925783693461456], "extents": [0.08167529684402661, 0.021308243274688735, 0.029566246412396163], "rotate_angle": 29.93, "rotate_angle_pred": 31.320517057957105}