{"centroid": [0.09890343213982894, -0.016552095301449347, 0.23012969977327968], "extents": [0.08446379891031067, 0.0042094588279724225, 0.031120509425288573], "rotate_angle": 9.67, "rotate_angle_pred": 10.937046011665856}