{"centroid": [-0.05425789095639377, 0.07632496580481539, -0.42794841693123564], "extents": [0.15718133919262536, 0.09275323897600175, 0.005738064709397195], "rotate_angle": 34.73, "rotate_angle_pred": 19.903663612786787}