{"centroid": [-0.22336664298640813, 0.238886721432209, 0.2590745493149397], "extents": [0.0725125537348523, 0.07227988541126254, 0.011398915451798775], "rotate_angle": -30.75, "rotate_angle_pred": -30.78009922459863}