{"centroid": [-0.12241489841938784, 0.1696169339120387, 0.26305601740317497], "extents": [0.10757492212015726, 0.05052085965871814, 0.03210637637663058], "rotate_angle": 36.43, "rotate_angle_pred": 39.21551457066417}