{"centroid": [0.11629022702935429, -0.05401838570833213, 0.41194401590736424], "extents": [0.16773910609299222, 0.006285324692726156, 0.029060208804113474], "rotate_angle": 22.26, "rotate_angle_pred": 22.63827099490402}