{"centroid": [0.10319214920301426, -0.04232963174581536, 0.3851327568540723], "extents": [0.16188288886632496, 0.003905460238456733, 0.026696703769878705], "rotate_angle": 9.02, "rotate_angle_pred": 9.113666152102255}