{"centroid": [-0.04625797165280907, 0.1800240240991115, 0.35118715236818043], "extents": [0.0901454306584434, 0.06416662782430652, 0.015416886520572104], "rotate_angle": 42.66, "rotate_angle_pred": 42.04693416396543}