{"centroid": [0.018548069468299944, 0.1581267677247524, 0.30126704178374974], "extents": [0.1046943306899085, 0.05509188026189804, 0.015486985665096764], "rotate_angle": 4.04, "rotate_angle_pred": 3.510241650577157}