{"centroid": [0.043954092396798115, 0.03634221851825708, 0.31624057005081624], "extents": [0.1046585378870612, 0.0014485269784927438, 0.016236901480926158], "rotate_angle": 16.96, "rotate_angle_pred": 17.19142423502481}