{"centroid": [0.02916975484910886, 0.010708566755056305, 0.3479615971128848], "extents": [0.11168627406352269, 0.010991096496582035, 0.008673280450672227], "rotate_angle": 1.46, "rotate_angle_pred": 1.6867822437020976}