{"centroid": [0.08097110682935724, 0.04300379380583756, 0.4271576291304864], "extents": [0.01920233650973062, 0.15128211677074432, 0.05313035801697574], "rotate_angle": 33.61, "rotate_angle_pred": 33.57544579309494}