{"centroid": [0.022193466758603418, 0.01846720464527599, 0.35244596311306187], "extents": [0.11437247654854049, 0.015831768512725834, 0.011160869113604033], "rotate_angle": -4.07, "rotate_angle_pred": -3.9190631288393263}