{"centroid": [0.05349189099631647, 0.030768850818276357, 0.2865966176580954], "extents": [0.14893299484107733, 0.05524282157421114, 0.027996342897828153], "rotate_angle": 26.88, "rotate_angle_pred": 28.97701270149355}