{"centroid": [-0.20965495276993373, 0.27908515185117716, 0.2650730641312741], "extents": [0.06501825341074424, 0.0623041242361069, 0.041365430950312976], "rotate_angle": 13.2, "rotate_angle_pred": 13.537029887955399}