{"centroid": [0.23328168641268926, 0.24395914748311037, 0.2210361460650192], "extents": [0.10271483839543838, 0.0657036080956459, 0.044429459455494535], "rotate_angle": 21.55, "rotate_angle_pred": 21.784909408579807}