{"centroid": [-0.04486765056355919, 0.17526739090681068, 0.251378674011317], "extents": [0.037646607129395285, 0.08032695949077606, 0.041106738766911316], "rotate_angle": 8.58, "rotate_angle_pred": 8.335131949458699}