{"centroid": [-0.10148127717370435, 0.1774819009006023, 0.263639635489299], "extents": [0.044696390156680824, 0.08181508630514145, 0.037738814551349226], "rotate_angle": 27.82, "rotate_angle_pred": 28.968641992455716}