{"centroid": [-0.017539112118310607, 0.13480342924594874, 0.24751868606436375], "extents": [0.016563549918281344, 0.13098594546318054, 0.030219292779890022], "rotate_angle": 5.22, "rotate_angle_pred": 3.4288137776869405}