{"centroid": [-0.018036626045629445, 0.1118446700274944, 0.27350713106899055], "extents": [0.024158134944889515, 0.11183249950408936, 0.03167495861917424], "rotate_angle": 39.6, "rotate_angle_pred": 39.56177406589882}