{"centroid": [0.2304329808737693, 0.040763206779956714, 0.4008705532418601], "extents": [0.21131439941992886, 0.20690207183361056, 0.01113790296593481], "rotate_angle": -31.54, "rotate_angle_pred": -27.341166674128623}