{"centroid": [0.3432436146300678, -0.0217859409749509, 0.6003460119164071], "extents": [0.14679944671762057, 0.009357541799545298, 0.012743123011572988], "rotate_angle": 10.57, "rotate_angle_pred": 13.114281815238684}