{"centroid": [0.34830709076482996, 0.007490855641662923, 0.5935694418342934], "extents": [0.16482956359462614, 0.03158579766750337, 0.009957365481426228], "rotate_angle": -23.22, "rotate_angle_pred": -22.49050420492094}