{"centroid": [0.25719407287584417, 0.059499576687812736, 0.2676913594992822], "extents": [0.13577908575682082, 0.03187191486358645, 0.03256896954770644], "rotate_angle": -23.66, "rotate_angle_pred": -24.637423204351236}