{"centroid": [0.2704202919309844, 0.03036145120859145, 0.27551616769945053], "extents": [0.09529377565382524, 0.0037120282649994105, 0.03838492203123789], "rotate_angle": 41.64, "rotate_angle_pred": 39.089495164831646}