{"centroid": [-0.024903532874727734, -0.041202507913112744, 0.49385901516265995], "extents": [0.16049844017478437, 0.007457330822944662, 0.02700805290004349], "rotate_angle": -20.92, "rotate_angle_pred": -22.054596152261226}