{"centroid": [0.02786532968163699, -0.06180309876799594, 0.474112055496958], "extents": [0.1439388798865261, 0.013898499310016653, 0.023099056693945963], "rotate_angle": 16.67, "rotate_angle_pred": 16.237611807322196}