{"centroid": [-0.011222274870332392, -0.05538187175989162, 0.4835296753689275], "extents": [0.156352786746713, 0.005159944295883193, 0.02384486027098881], "rotate_angle": -9.36, "rotate_angle_pred": -10.053944185410629}