{"centroid": [0.020874624265350517, -0.06323202326893818, 0.47213834271803784], "extents": [0.14849078845913932, 0.005367450416088118, 0.02203469379227907], "rotate_angle": 6.84, "rotate_angle_pred": 5.770278695704377}