{"centroid": [-0.015858259867597153, 0.056786571629345334, 0.4729985732714094], "extents": [0.04389925381469292, 0.10997945815324785, 0.05540643361350761], "rotate_angle": -37.74, "rotate_angle_pred": -39.05376257552506}