{"centroid": [0.009004373504926541, 0.052845024503767386, 0.4662317711764075], "extents": [0.05477092292230895, 0.10058850049972536, 0.05325272187342078], "rotate_angle": -13.7, "rotate_angle_pred": -14.704408948725657}