{"centroid": [-0.4380645158762956, 0.42958899587392796, 0.4615012564290397], "extents": [0.21213682547492207, 0.021735593676567133, 0.03338490513351794], "rotate_angle": 36.42, "rotate_angle_pred": 34.91939746868118}