{"centroid": [-0.4212474999371366, 0.2613659277558326, 0.30162230223691455], "extents": [0.1459076999947146, 0.028443530201911954, 0.04892596227661428], "rotate_angle": -0.29, "rotate_angle_pred": 0.5591788019041246}