{"centroid": [0.008446376845482417, 0.23774093389511106, 0.2739198437068876], "extents": [0.0433039298714762, 0.06077036261558533, 0.046352558482518125], "rotate_angle": 4.58, "rotate_angle_pred": 5.107958964422792}