{"centroid": [0.4832474925499386, 0.24645105749368665, 0.25110053171710073], "extents": [0.10145598985334792, 0.04302467405796048, 0.05168992824346802], "rotate_angle": 26.77, "rotate_angle_pred": 26.701696750981114}