{"centroid": [-0.6246268830945663, 0.45397853106260294, 0.26372996465374454], "extents": [0.14497126710357888, 0.004260793328285217, 0.02025355781168725], "rotate_angle": 25.71, "rotate_angle_pred": 27.339633160039583}