{"centroid": [0.05586729877256407, -0.01694771647453313, 0.25612062453019024], "extents": [0.005375534313454958, 0.29710185527801514, 0.019805543188854885], "rotate_angle": 2.26, "rotate_angle_pred": 0.32327945017532045}