{"centroid": [-0.050242503962719384, 0.6513720788061618, 0.6403049780138133], "extents": [0.26907083635946016, 0.02142835408449173, 0.05454200183101343], "rotate_angle": 8.89, "rotate_angle_pred": 9.90810293156592}