{"centroid": [-0.02123187868871498, 0.42228025197982777, 0.30805731732980196], "extents": [0.01822553590813548, 0.2612364888191223, 0.03496724397406714], "rotate_angle": 38.88, "rotate_angle_pred": 38.938446967036015}