{"centroid": [0.03466139835409425, 0.18970733135938642, 0.2824208502945674], "extents": [0.019185348731297402, 0.3072558045387268, 0.02628113245313851], "rotate_angle": 33.69, "rotate_angle_pred": 32.48438627961124}