{"centroid": [0.02507731041123669, -0.037944242358207744, 0.25631200884156324], "extents": [0.017376899872883485, 0.278749942779541, 0.034807510981765016], "rotate_angle": 25.74, "rotate_angle_pred": 22.71777155338097}