{"centroid": [-0.3272132051751677, 0.5236494168639182, 0.45232936619237396], "extents": [0.311601169480651, 0.013284757733345032, 0.04717407116950734], "rotate_angle": 16.51, "rotate_angle_pred": 18.266555034680223}