{"centroid": [0.013247359263843426, 0.17817094922065732, 0.23561409740316236], "extents": [0.015319272546543944, 0.2908494472503662, 0.033612507604368624], "rotate_angle": -22.89, "rotate_angle_pred": -25.48824087148705}