{"centroid": [0.3451330138863846, 0.27051630243659014, 0.42535668120992487], "extents": [0.3194019212747688, 0.0350148007273674, 0.05239396938346408], "rotate_angle": -12.38, "rotate_angle_pred": -15.233429299520651}