{"centroid": [0.07111403244746875, 0.018934175372123635, 0.33966809023485406], "extents": [0.029601111773214464, 0.4662106037139892, 0.061611111718299305], "rotate_angle": -28.26, "rotate_angle_pred": -29.30691785797802}