{"centroid": [-0.05880319979920012, 0.0009968131780623488, 0.3930081302234768], "extents": [0.04695910193330218, 0.4267381429672241, 0.06134970084831004], "rotate_angle": 26.31, "rotate_angle_pred": 27.04756178299374}