{"centroid": [0.03793952045697746, 0.02769298106431954, 0.37804320797507823], "extents": [0.2064277570582208, 0.01430129259824756, 0.042008195904032986], "rotate_angle": 37.92, "rotate_angle_pred": 33.98450725464606}