{"centroid": [0.03284321940167046, 0.5115417093038558, 0.39881456637013113], "extents": [0.21899462277875784, 0.041025787591934204, 0.052293801087115066], "rotate_angle": -13.46, "rotate_angle_pred": -14.934686383774249}