{"centroid": [0.006557129743973884, -0.38064653798937803, 0.5750471063666469], "extents": [0.20512095652637308, 0.03185037523508072, 0.043969125753651306], "rotate_angle": -10.2, "rotate_angle_pred": -11.3659241794809}