{"centroid": [0.0025411748150781736, 0.11113177984952913, 0.6014493148864322], "extents": [0.17220723965060286, 0.0739298313856125, 0.05548668015997127], "rotate_angle": -13.13, "rotate_angle_pred": -12.642272033724396}