{"centroid": [0.24459634357717752, 0.3804718814790249, 0.4099346034878667], "extents": [0.2732635748206954, 0.0272356197237969, 0.05494296201829435], "rotate_angle": 35.41, "rotate_angle_pred": 34.72849821511579}