{"centroid": [0.615200409633736, -0.31921982765197765, 0.4105740310389848], "extents": [0.11478669420118992, 0.3324200510978699, 0.06199122713645289], "rotate_angle": -32.6, "rotate_angle_pred": -26.141987105415687}