{"centroid": [0.7314550948413209, -0.3948229551315308, 0.28661114855135894], "extents": [0.13671352097492073, 0.11110991239547735, 0.05424365824682653], "rotate_angle": -26.41, "rotate_angle_pred": -26.095868054216602}