{"centroid": [-0.04856620158742671, 0.1793225854635237, 0.5409653512266859], "extents": [0.2809355938835737, 0.008633524179458646, 0.05374866139373746], "rotate_angle": -11.99, "rotate_angle_pred": -10.938165870835519}