{"centroid": [-0.37893822109465614, -0.5301460921764373, 0.39906933309815673], "extents": [0.163788391388754, 0.033262670040130615, 0.05133323316529331], "rotate_angle": -29.39, "rotate_angle_pred": -31.66951000243924}