{"centroid": [-0.03355482215276567, 0.5565309673547744, 0.5536495701099111], "extents": [0.2755290001174301, 0.0073167383670806885, 0.05054226571508502], "rotate_angle": -2.18, "rotate_angle_pred": -3.4076150919815547}