{"centroid": [0.20596558965181, -0.0034982934594155624, 0.5143450323058001], "extents": [0.14662846848903902, 0.1341056823730469, 0.0559847650087843], "rotate_angle": -22.62, "rotate_angle_pred": -23.55029897841942}