{"centroid": [0.23212600660120775, 0.5996906012296676, 0.4551810851220065], "extents": [0.5335714104260196, 0.016547948122024536, 0.06556725358559096], "rotate_angle": -5.99, "rotate_angle_pred": -8.400099350518161}