{"centroid": [0.005552805230680802, 0.5965932868421077, 0.4192218886550212], "extents": [0.6970708138102814, 0.009318523108959309, 0.07153609901889163], "rotate_angle": -39.57, "rotate_angle_pred": -41.01265925215592}