{"centroid": [0.02714011876885107, 0.559137500822544, 0.5452308835872165], "extents": [0.23117791038009405, 0.04116828739643097, 0.06157304698254773], "rotate_angle": 13.7, "rotate_angle_pred": 12.013585047153498}