{"centroid": [0.004313178800506044, 0.3360102176666258, 0.4974027533182943], "extents": [0.5220229582326581, 0.03774857521057129, 0.0590904126621849], "rotate_angle": 2.03, "rotate_angle_pred": 1.8422668456024098}