{"centroid": [-0.33069942955641923, 0.05097420513629902, 0.44574750030559046], "extents": [0.10770604081238622, 0.5234120488166809, 0.07737630653717081], "rotate_angle": 2.54, "rotate_angle_pred": 4.1798780651352985}