{"centroid": [-0.011287317608238659, 0.8283422589302062, 0.5478290216808042], "extents": [0.20095250047629026, 0.012081146240234375, 0.06236455228529603], "rotate_angle": 21.43, "rotate_angle_pred": 20.352492613001232}