{"centroid": [-0.2872760543444832, -0.11459803581237796, 0.5099742841243193], "extents": [0.012048423527699914, 0.6366682648658752, 0.079456435219737], "rotate_angle": -39.18, "rotate_angle_pred": -38.014685491928255}