{"centroid": [0.7487465324025359, -0.4517350569367408, 0.33172066762161734], "extents": [0.06103863545309218, 0.10579721629619593, 0.06150616683445953], "rotate_angle": 11.3, "rotate_angle_pred": 14.913901485897895}