{"centroid": [0.5158493265203782, -0.5119574517011644, 0.35852833325689815], "extents": [0.17141698433492608, 0.12071624398231506, 0.07129240836239747], "rotate_angle": -30.32, "rotate_angle_pred": -25.170178333222395}