{"centroid": [0.004702160357775482, -0.22631214559078217, 0.22874733216802084], "extents": [0.009616777348508935, 0.2766368091106415, 0.02743144719490495], "rotate_angle": -6.68, "rotate_angle_pred": -10.556110182036093}