{"centroid": [-0.02035891083302209, 0.1992668583989143, 0.2501456576679244], "extents": [0.03475361986909195, 0.28338128328323364, 0.03182497923932659], "rotate_angle": -38.72, "rotate_angle_pred": -42.04671408361145}