{"centroid": [0.0030536339773076355, -0.1465367376804352, 0.22414349950579704], "extents": [0.00867423402736546, 0.2874523997306824, 0.028460543194297805], "rotate_angle": -21.74, "rotate_angle_pred": -26.467467309219778}