{"centroid": [-0.09021542863396091, 0.7954268157482146, 0.6140859165357314], "extents": [0.31256301012152643, 0.01996392011642456, 0.06974273353774285], "rotate_angle": 13.38, "rotate_angle_pred": 15.07552196078909}