{"centroid": [0.33090950566500127, 0.5001183226704596, 0.3715069414272984], "extents": [0.07640027948327299, 0.02256865799427027, 0.05088850076432566], "rotate_angle": 10.68, "rotate_angle_pred": 8.043272042884354}