{"centroid": [-0.08923946645814275, 0.28826583921909327, 0.4247600574201987], "extents": [0.08334933879060541, 0.034555345773696955, 0.05164349025017401], "rotate_angle": 33.7, "rotate_angle_pred": 33.01529736329495}