{"centroid": [-0.15645742672077714, 0.3196487128734588, 0.4213119562648616], "extents": [0.10028623343318976, 0.03690135478973389, 0.06385593306558301], "rotate_angle": -31.88, "rotate_angle_pred": -30.803148918994395}