{"centroid": [0.2915133378983701, 0.21960068494081492, 0.6272148607678542], "extents": [0.08125487260967856, 0.595767080783844, 0.03834651175391379], "rotate_angle": 42.98, "rotate_angle_pred": 46.05672472396566}