{"centroid": [0.0595564871489157, 0.596506394445896, 0.5534464016420528], "extents": [0.16368486990563155, 0.03572554886341095, 0.07415481436280291], "rotate_angle": 13.54, "rotate_angle_pred": 12.14462529218217}