{"centroid": [-0.07734222514133769, -0.0041655600070954375, 0.43676617216539737], "extents": [0.040883212707727844, 0.4046381711959839, 0.05551008802215368], "rotate_angle": 6.34, "rotate_angle_pred": 6.419602402785344}