{"centroid": [0.3264225258442802, 0.5364869236946105, 0.4289596938117287], "extents": [0.5485740903858345, 0.007187843322753906, 0.0625764579016459], "rotate_angle": -23.0, "rotate_angle_pred": -25.996041133623223}