{"centroid": [0.2798987418840556, 0.16476514935493453, 0.5646876051551036], "extents": [0.11022844739567123, 0.11988465487957002, 0.07168642320253282], "rotate_angle": -5.05, "rotate_angle_pred": -5.038774014571459}