{"centroid": [-0.16055506424000893, -0.0941529124975205, 0.5290430797930529], "extents": [0.140179350870762, 0.37691304087638855, 0.05529092620783471], "rotate_angle": -38.56, "rotate_angle_pred": -39.763854483779525}