{"centroid": [-0.04290970303820926, 0.26028127223253245, 0.47027162380199244], "extents": [0.3479329744216884, 9.255111217498779e-05, 0.05858790295425881], "rotate_angle": -10.39, "rotate_angle_pred": -11.80978359977334}