{"centroid": [-0.029510317186745412, -0.41191197559237486, 0.46948727336755625], "extents": [0.4001164165163499, 0.023878611624240875, 0.05902462492253535], "rotate_angle": -7.94, "rotate_angle_pred": -11.455696466985756}