{"centroid": [0.06564078086592962, 0.663013383746147, 0.6161674272473017], "extents": [0.40568782047098356, 0.1994452178478241, 0.0790162257859125], "rotate_angle": 1.37, "rotate_angle_pred": 2.504168154469241}