{"centroid": [0.022454309924130444, 0.599834769964218, 0.43995141986278535], "extents": [0.5049863930224812, 0.005368173122406006, 0.08592866896048862], "rotate_angle": -10.25, "rotate_angle_pred": -14.000474102251275}