{"centroid": [0.018473416443336055, -0.1138516552746297, 0.5586609516671104], "extents": [1.0767689922713002, 0.01602891832590106, 0.08415514959685821], "rotate_angle": 6.1, "rotate_angle_pred": 4.481611938417956}