{"centroid": [0.04873407764925878, 0.6308065801858901, 0.5968615676933245], "extents": [0.18100986268835967, 0.08948984742164612, 0.06275780632176642], "rotate_angle": 4.47, "rotate_angle_pred": 6.123025862172383}