{"centroid": [0.014504132259022584, 0.3453381657600402, 0.6058139323726351], "extents": [1.0894609577270817, 0.03078681230545055, 0.08192703043305327], "rotate_angle": -18.82, "rotate_angle_pred": -23.20605856517446}