{"centroid": [-0.012608223956033587, -0.12917158752679836, 0.5833578178277739], "extents": [1.076836102166864, 0.020403757691383473, 0.077874242753604], "rotate_angle": -23.31, "rotate_angle_pred": -26.034441690009494}