{"centroid": [0.020954198189005527, -0.2558185681700707, 0.5635168937741599], "extents": [1.0593278630340817, 0.028856411576271085, 0.08734056536845303], "rotate_angle": -0.8, "rotate_angle_pred": -1.9771797200053953}