{"centroid": [0.5830978264033743, 0.2804035618901252, 0.2281763635863465], "extents": [0.49144602716257924, 0.001137122511863764, 0.07262999696585093], "rotate_angle": -14.29, "rotate_angle_pred": -16.81140167990212}