{"centroid": [-0.6290573271566379, 0.2987342774868011, 0.3196575397006949], "extents": [0.49984993774976744, 0.007652401924133301, 0.0570812328470659], "rotate_angle": -2.12, "rotate_angle_pred": -2.613124507329019}