{"centroid": [0.45911704360558153, 0.41569626703858376, 0.31235006984257035], "extents": [0.3904842439602729, 0.035775609314441736, 0.065953917856935], "rotate_angle": 26.97, "rotate_angle_pred": 31.421467502744918}