{"centroid": [0.0030648099006955927, 0.14940413832664481, 0.579639091387697], "extents": [0.3780615361209302, 0.03901836276054388, 0.06706534381896434], "rotate_angle": -29.88, "rotate_angle_pred": -30.08044640506354}