{"centroid": [-0.004336250123922913, 0.5887508764863013, 0.5509655782944951], "extents": [0.37188523641647375, 0.0023421794176101685, 0.06062680050643576], "rotate_angle": -37.04, "rotate_angle_pred": -37.187177949925754}