{"centroid": [-0.44978440564595623, 0.5948868170380591, 0.48550775889608144], "extents": [0.28236526190933675, 0.005368277430534363, 0.042450956910193516], "rotate_angle": 19.91, "rotate_angle_pred": 22.758996038462598}