{"centroid": [0.646602907009786, -0.4687750265002251, 0.2869987866917161], "extents": [0.12679925796274305, 0.11969234049320221, 0.06327352790242846], "rotate_angle": -27.04, "rotate_angle_pred": -28.769302421604053}