{"centroid": [0.3358317450190017, 0.49746628850698466, 0.5161576672593522], "extents": [0.3999866801721522, 0.002816274762153681, 0.048489093277401696], "rotate_angle": -15.36, "rotate_angle_pred": -18.770771835721703}