{"centroid": [-0.03257658681509597, 0.37363827228546137, 0.4842429558691642], "extents": [0.013623044134832181, 0.3220217525959015, 0.035640005650333206], "rotate_angle": -28.75, "rotate_angle_pred": -27.042426887804282}