{"centroid": [0.003688844329768207, 0.386195033788681, 0.4993211711732753], "extents": [0.016604915143770233, 0.31194955110549927, 0.03316782018914194], "rotate_angle": -14.0, "rotate_angle_pred": -13.05977004054931}