{"centroid": [0.3245917580747578, 0.5761409811675549, 0.4428377257233882], "extents": [0.42626870397279154, 0.02673717588186275, 0.054775674819711684], "rotate_angle": 41.88, "rotate_angle_pred": 39.20015288423701}