{"centroid": [0.049568234471732545, 0.5969074219465255, 0.5595420114115249], "extents": [0.15578276930169305, 0.08272263407707214, 0.058744954001987315], "rotate_angle": -41.73, "rotate_angle_pred": -35.33357937506892}