{"centroid": [0.014115530304029797, -0.08992379903793345, 0.4257676999967276], "extents": [0.22566616150991464, 0.027575924992561354, 0.05315967186188375], "rotate_angle": 12.78, "rotate_angle_pred": 10.24493314714293}