{"centroid": [0.032033983758922455, -0.3316724859178067, 0.4468139915878476], "extents": [0.27184634844417477, 0.03706748038530355, 0.03951955878321084], "rotate_angle": 32.44, "rotate_angle_pred": 31.771297875424864}