{"centroid": [-0.04936424132624477, 0.3737189322710036, 0.2992811129659376], "extents": [0.02690838223220371, 0.28270864486694325, 0.026578716399162094], "rotate_angle": 32.79, "rotate_angle_pred": 33.948079368461904}