{"centroid": [0.015422228733787013, -0.03788350522518162, 0.270612749008192], "extents": [0.013819798774759317, 0.290113240480423, 0.03458244340417288], "rotate_angle": 13.92, "rotate_angle_pred": 11.722840100319345}