{"centroid": [-0.08661400820459927, 0.6143908277153968, 0.45941863238210784], "extents": [0.12252647526314107, 0.12826581299304962, 0.03984756054110655], "rotate_angle": 15.68, "rotate_angle_pred": 16.74021729980781}