{"centroid": [0.3786814511395627, -0.41233659163117414, 0.34740491240667026], "extents": [0.503634740027263, 0.11234938353300095, 0.0784689394669405], "rotate_angle": 4.73, "rotate_angle_pred": 6.175035437103247}