{"centroid": [0.030645877348479348, 0.29331343621015543, 0.505668215541539], "extents": [0.04404806214753617, 0.43701404333114624, 0.06235493534206882], "rotate_angle": -43.29, "rotate_angle_pred": -43.073942715658866}