{"centroid": [-0.23116776233568936, -0.3316385447978974, 0.3051094875070747], "extents": [0.00991353412303575, 0.2788238525390625, 0.033531688820165995], "rotate_angle": 30.44, "rotate_angle_pred": 29.84176577332252}