{"centroid": [-0.021726554936997874, 0.29707194864749903, 0.5268740286832643], "extents": [0.018695697188945426, 0.4435666799545288, 0.04815092682984701], "rotate_angle": 39.66, "rotate_angle_pred": 36.80671633416168}