{"centroid": [0.031043480634480636, 0.6194840446114539, 0.6080059500432483], "extents": [0.2773500632871593, 0.004481121897697449, 0.05350958463229594], "rotate_angle": -3.63, "rotate_angle_pred": -4.9392233603253}