{"centroid": [-0.005072698768624095, -0.31201245635747915, 0.5720816363492913], "extents": [0.24203510772470416, 0.0028923004865646362, 0.0551337380565502], "rotate_angle": -10.85, "rotate_angle_pred": -12.93285133786209}