{"centroid": [-0.02205792692796702, 0.18308950588107095, 0.5927294599473898], "extents": [0.19034975756625772, 0.0102815851569176, 0.04779212546690048], "rotate_angle": 6.51, "rotate_angle_pred": 6.887063785377421}