{"centroid": [0.030401800050071967, 0.44536464661359776, 0.49531871340633593], "extents": [0.2806138993024956, 0.08337174355983734, 0.05130824447986204], "rotate_angle": -17.81, "rotate_angle_pred": -19.735434728456596}