{"centroid": [0.4970345146043086, -0.2613629102706909, 0.3582642461189593], "extents": [0.13372828017234556, 0.41018080711364746, 0.0580887345326368], "rotate_angle": 34.03, "rotate_angle_pred": 34.36124195282787}