{"centroid": [-0.3543159095629016, 0.5770739987492561, 0.49271899158131904], "extents": [0.4662666670200834, 0.004252895712852478, 0.05407500326612874], "rotate_angle": 22.92, "rotate_angle_pred": 26.045498119724698}