{"centroid": [0.28816915616031563, 0.6124368011951445, 0.4466158391124957], "extents": [0.4639058296906884, 0.0034142136573792614, 0.05496211195205969], "rotate_angle": 44.21, "rotate_angle_pred": 40.51562373605731}