{"centroid": [0.6994630651586271, -0.43818158656358724, 0.26936384905165633], "extents": [0.052378752421804786, 0.10439138114452368, 0.055684973707162855], "rotate_angle": -33.73, "rotate_angle_pred": -32.99097308295418}