{"centroid": [0.7664168339749726, -0.2964022904634476, 0.3556216877907867], "extents": [0.006259858491735826, 0.2875674664974214, 0.07074752318312061], "rotate_angle": 19.65, "rotate_angle_pred": 21.663298209855455}