{"centroid": [0.3209674502720324, -0.03325173258781446, 0.6297287923842266], "extents": [0.05017404275255666, 0.5761530995368958, 0.07052293443738888], "rotate_angle": -6.11, "rotate_angle_pred": -2.859173930175828}