{"centroid": [-0.2522319960977283, -0.10160067677497873, 0.34445683074690575], "extents": [0.02545002131017357, 0.3486865758895874, 0.03028621558090072], "rotate_angle": 8.48, "rotate_angle_pred": 11.756463920623844}