{"centroid": [0.45044791148300317, -0.4464212954044342, 0.32530792367876377], "extents": [0.28559815387794846, 0.2234888672828675, 0.06777138890383849], "rotate_angle": 5.18, "rotate_angle_pred": 4.915287299939536}