{"centroid": [0.4566758620033633, 0.07931916695088148, 0.2706068578303841], "extents": [0.047966429302341185, 0.18090897798538208, 0.04746514677664529], "rotate_angle": 29.23, "rotate_angle_pred": 31.78003770525997}