{"centroid": [-0.6486911344895321, 0.39787727966904635, 0.22217836307499994], "extents": [0.1258413188965949, 0.017273731529712677, 0.008260946677222936], "rotate_angle": 37.31, "rotate_angle_pred": 37.64523794260002}