{"centroid": [-0.2710356554180844, 0.1147310733795165, 0.3039258325709195], "extents": [0.059800101867938604, 0.15135450661182404, 0.03934175426476366], "rotate_angle": 15.93, "rotate_angle_pred": 17.544667244195324}