{"centroid": [-0.4272061217493328, 0.09227986633777609, 0.2854483847926812], "extents": [0.03774899232642148, 0.16430239379405978, 0.025006748658621458], "rotate_angle": 20.38, "rotate_angle_pred": 22.642033903811054}