{"centroid": [-0.25489127091004976, 0.4253837913274764, 0.4583746987047646], "extents": [0.28097986596303715, 0.009323149919509888, 0.04871010307485951], "rotate_angle": 29.26, "rotate_angle_pred": 29.461800214892364}