{"centroid": [0.7090710118769836, -0.2476272881031036, 0.34119824395705384], "extents": [0.03911428266658856, 0.32377076148986816, 0.057877735977675704], "rotate_angle": 30.27, "rotate_angle_pred": 31.397197773193454}