{"centroid": [0.28853296810346496, 0.5088985487818717, 0.38511053796562117], "extents": [0.28116529532805534, 0.05144362151622772, 0.05889184637414124], "rotate_angle": 25.82, "rotate_angle_pred": 22.908916634083752}