{"centroid": [0.3455690070567859, 0.45189353078603733, 0.4172462017347519], "extents": [0.17516938314663966, 0.04766319692134857, 0.04947393518255094], "rotate_angle": 2.16, "rotate_angle_pred": -1.1121375136844733}