{"centroid": [0.8513554216765824, -0.30629504099488253, 0.2799774594652548], "extents": [0.15086676642403585, 0.12086933106184009, 0.05137303628899048], "rotate_angle": 36.03, "rotate_angle_pred": 37.01325321641934}