{"centroid": [-0.36040587719140016, 0.5332225859165192, 0.3364557673935379], "extents": [0.15710196024435796, 0.0008125901222229004, 0.049363349027154946], "rotate_angle": -34.13, "rotate_angle_pred": -31.200798118543773}