{"centroid": [-0.4447193204938674, -0.5135799348354341, 0.3931298758314781], "extents": [0.2791053607297584, 0.0005363821983337402, 0.06948362922729673], "rotate_angle": 5.58, "rotate_angle_pred": 4.347206642739096}