{"centroid": [-0.4669951369418954, 0.3839489221572876, 0.4034935824851293], "extents": [0.6107650856101571, 0.01976072788238531, 0.07515578545763074], "rotate_angle": -19.04, "rotate_angle_pred": -18.55964562897701}