{"centroid": [0.023110504858341263, 0.6852314621210097, 0.39288481202985126], "extents": [0.6491814188052271, 0.02547803521156311, 0.04319957598721774], "rotate_angle": -6.48, "rotate_angle_pred": -11.969597609819218}