{"centroid": [0.01465718072978233, 0.3917634785175323, 0.39390843403240317], "extents": [0.8213882318710137, 0.010114133358001764, 0.05870528800500929], "rotate_angle": 0.12, "rotate_angle_pred": -1.1763198835013924}