{"centroid": [0.32157400066512737, -0.12234953045845036, 0.3890638306921206], "extents": [0.08472475340775648, 0.5328506231307983, 0.03171920750635354], "rotate_angle": 12.35, "rotate_angle_pred": 11.2660648464892}