{"centroid": [-0.006779031498377511, 0.2783014811575412, 0.38864334098622905], "extents": [0.6426425077235023, 0.012519724667072352, 0.07138935584375489], "rotate_angle": -24.71, "rotate_angle_pred": -27.433921650653936}