{"centroid": [0.5979364129521153, -0.41593866422772413, 0.275121247283267], "extents": [0.13254719787864755, 0.10986479371786123, 0.055175359523156414], "rotate_angle": -6.81, "rotate_angle_pred": -7.634343018264076}