{"centroid": [0.040104936242887766, 0.0033171223476528497, 0.365381970403062], "extents": [0.665732156406929, 0.024536088109016512, 0.06868070478486366], "rotate_angle": 37.0, "rotate_angle_pred": 33.90193251596156}