{"centroid": [-0.011722133027662708, -0.2663180381059647, 0.40266446865517663], "extents": [0.6602791390233249, 0.034612029790878324, 0.06496707940062835], "rotate_angle": -3.01, "rotate_angle_pred": -4.092784122332787}