{"centroid": [-0.012180570163712871, 0.5915315374732016, 0.41059891787034586], "extents": [0.5964832265519593, 0.021166130900383107, 0.074764772743385], "rotate_angle": 40.41, "rotate_angle_pred": 39.09442824734873}