{"centroid": [-0.6511366502905865, 0.17052823305130002, 0.44489295592091355], "extents": [0.04784384274853526, 0.19762812554836273, 0.07104059912770283], "rotate_angle": -22.4, "rotate_angle_pred": -18.846749405819835}