{"centroid": [-0.44797130745297464, 0.49265198409557337, 0.4806761221635162], "extents": [0.2534604432235647, 0.032270997762680054, 0.04010574617171564], "rotate_angle": 4.71, "rotate_angle_pred": 3.4415307214903805}