{"centroid": [-0.3922021088610602, 0.26730275154113764, 0.46645360953306936], "extents": [0.1390769917626687, 0.024116098880767822, 0.05418434695995533], "rotate_angle": 5.19, "rotate_angle_pred": 7.712811647705493}