{"centroid": [0.027450449552649355, 0.41180023550987244, 0.2205636893943641], "extents": [0.021171182795081855, 0.2586978673934937, 0.03148102447421672], "rotate_angle": -7.44, "rotate_angle_pred": -8.641936292096332}