{"centroid": [-0.012329057911648723, 0.3701840937137603, 0.28312534430736647], "extents": [0.014444291106369916, 0.25475412607192993, 0.008672322786559328], "rotate_angle": 34.68, "rotate_angle_pred": 33.72220429100973}