{"centroid": [0.05741023760198034, 0.6549330689013003, 0.4384450563331892], "extents": [0.1640808160850652, 0.03370649367570877, 0.06158771461893903], "rotate_angle": -21.38, "rotate_angle_pred": -24.88066068796641}