{"centroid": [-0.008069977911748712, 0.0020894259214401037, 0.21358365854857905], "extents": [0.010753542259042466, 0.27681151032447815, 0.02574686351305619], "rotate_angle": -31.92, "rotate_angle_pred": -35.62221786841507}