{"centroid": [0.02808377802366177, 0.04358594864606848, 0.5463170463463096], "extents": [0.48609643372236766, 0.010487027466297226, 0.07209592193574743], "rotate_angle": 41.47, "rotate_angle_pred": 37.25273806805349}