{"centroid": [-0.06773657446263844, 0.06866600364446632, 0.6363044985528662], "extents": [1.1245306971700737, 0.009316250681877317, 0.09609016982385254], "rotate_angle": -44.0, "rotate_angle_pred": -43.60036646379587}