{"centroid": [-0.015308869246589432, 0.42915838956832875, 0.6273547795095861], "extents": [1.100959799313169, 0.018010377883911244, 0.08588890898915036], "rotate_angle": 18.81, "rotate_angle_pred": 19.679636779625156}