{"centroid": [-0.011237619761011937, -0.05574128031730659, 0.3193037912639714], "extents": [0.012821361373587078, 0.36234217882156367, 0.04083737715388286], "rotate_angle": 29.95, "rotate_angle_pred": 30.766279931967688}