{"centroid": [-0.07482731563906883, 0.41731774806976313, 0.32540646866155415], "extents": [0.044080838252798196, 0.32645761966705317, 0.0382413190909251], "rotate_angle": 34.64, "rotate_angle_pred": 39.51440931769679}