{"centroid": [-0.26449299215093497, 0.5910782255232334, 0.3725041749638984], "extents": [0.22210104665930497, 0.010932095348835102, 0.045681446589999564], "rotate_angle": -32.51, "rotate_angle_pred": -30.17532557788826}