{"centroid": [-0.3470334643218686, -0.05786065757274639, 0.40701448850607047], "extents": [0.2532848406587742, 0.02618604898452763, 0.04396771247664455], "rotate_angle": 44.9, "rotate_angle_pred": 41.30194338054375}