{"centroid": [0.2887171480285279, -0.39394539594650274, 0.3913657854923203], "extents": [0.1944260563631026, 0.045725286006927546, 0.05230227767446716], "rotate_angle": 0.48, "rotate_angle_pred": -1.8855103267182898}