{"centroid": [-0.2011737708813941, 0.46463263034820557, 0.29615501112830317], "extents": [0.02265319228276516, 0.33155870437622076, 0.03464454412619711], "rotate_angle": -19.83, "rotate_angle_pred": -19.36956731779867}