{"centroid": [-0.1079477686804082, 0.06512341555207964, 0.2930306291187882], "extents": [0.20838827076898167, 0.1399881690740586, 0.03172707212879683], "rotate_angle": 1.98, "rotate_angle_pred": -1.5221473080435715}