{"centroid": [0.31779705241959194, 0.5791315436363219, 0.402928495392402], "extents": [0.17762488263735962, 0.04592478275299072, 0.055731878114387956], "rotate_angle": -25.66, "rotate_angle_pred": -25.075308963226234}