{"centroid": [-0.2294053628746205, -0.437164381146431, 0.2827966881358692], "extents": [0.003392830518317569, 0.3168463408946991, 0.04331548546773417], "rotate_angle": -22.94, "rotate_angle_pred": -23.24360330777796}