{"centroid": [-0.2176093424232288, -0.3026340305805207, 0.30347029265515174], "extents": [0.006439149288852225, 0.333817720413208, 0.03667043470246001], "rotate_angle": -4.99, "rotate_angle_pred": -7.23171289108781}