{"centroid": [0.11564289777602627, 0.04893652815371746, 0.22694328762405935], "extents": [0.00538206095268462, 0.12628550827503204, 0.014315128188229387], "rotate_angle": -9.84, "rotate_angle_pred": -13.860879306283053}