{"centroid": [0.052466026616778474, 0.6384507343173026, 0.4875874120896915], "extents": [0.17901508353633414, 0.042291149497032166, 0.054402447761403794], "rotate_angle": -8.74, "rotate_angle_pred": -10.381896229057887}