{"centroid": [0.025035945641563303, 0.07389575242996209, 0.3808670229234343], "extents": [0.027229130540209635, 0.5051575899124146, 0.05539932157327926], "rotate_angle": -40.46, "rotate_angle_pred": -35.11176193873601}