{"centroid": [-0.08198639438284804, 0.07112747430801386, 0.36035138468128425], "extents": [0.059703394109467754, 0.4890267252922058, 0.06157078153256934], "rotate_angle": -34.83, "rotate_angle_pred": -28.560907530486148}