{"centroid": [0.03472376457293727, -0.07897897809743891, 0.3986270342630513], "extents": [0.19541176672129384, 0.018011063337326078, 0.05759382106024441], "rotate_angle": -15.57, "rotate_angle_pred": -16.221104466787253}