{"centroid": [0.03149358079346519, 0.1463607549667358, 0.39534355031711815], "extents": [0.16287405525855359, 0.017721563577651978, 0.05903842949887078], "rotate_angle": -21.75, "rotate_angle_pred": -23.045123529987208}