{"centroid": [-0.021940954775537244, 0.47965766116976727, 0.6250496143735038], "extents": [1.0896024497481893, 0.028735540807247273, 0.09566875365862626], "rotate_angle": 20.9, "rotate_angle_pred": 21.287273126596006}