{"centroid": [-0.020102397139701522, -0.3332131914794446, 0.6231217803059002], "extents": [1.0875466791492416, 0.00752339512109762, 0.08445955602855992], "rotate_angle": -3.2, "rotate_angle_pred": -2.4988559548616394}