{"centroid": [0.7630343238090569, -0.15618759393692014, 0.3588496963156686], "extents": [0.00900307276794321, 0.38208800554275507, 0.07173313778910606], "rotate_angle": 29.94, "rotate_angle_pred": 30.59299904915062}