{"centroid": [0.813764210427981, 0.05688522756099696, 0.4057154915293863], "extents": [0.004591286183809551, 0.5301768183708191, 0.0495208054932576], "rotate_angle": 12.62, "rotate_angle_pred": 14.303528586036649}