{"centroid": [0.7016271567928944, -0.15640428662300127, 0.37964685442169327], "extents": [0.06833472927555206, 0.3017284274101258, 0.0981618177406664], "rotate_angle": -22.46, "rotate_angle_pred": -19.059256813930304}