{"centroid": [-0.42242820492268507, 0.19396781921386702, 0.5042660712482698], "extents": [0.05503295237334421, 0.34544169902801514, 0.07182107703120466], "rotate_angle": 12.83, "rotate_angle_pred": 13.919089506887659}