{"centroid": [0.5773956212054336, -0.5904889553785325, 0.3487505144811279], "extents": [0.11636933839207486, 0.09619191288948059, 0.050669998604817634], "rotate_angle": -2.42, "rotate_angle_pred": -1.0260715467991588}