{"centroid": [-0.34925944440984896, -0.09567216038703932, 0.5047992320911225], "extents": [0.06212521953803013, 0.54046630859375, 0.06824701130353755], "rotate_angle": 21.39, "rotate_angle_pred": 22.085831770973783}