{"centroid": [0.6467952752441544, 0.39012717083096493, 0.2434805786005534], "extents": [0.2170813178555152, 0.020406521856784876, 0.03862836115642934], "rotate_angle": -8.9, "rotate_angle_pred": -11.440649373278418}