{"centroid": [0.34340303132380307, 0.4765202552080154, 0.3393030606281537], "extents": [0.4228921748583847, 0.007280021905899048, 0.06034288438276836], "rotate_angle": 8.92, "rotate_angle_pred": 6.1799239166866755}