{"centroid": [0.39063424410501274, 0.004950910806655835, 0.22883176263415558], "extents": [0.05090127881736839, 0.37349778413772583, 0.05004152652057592], "rotate_angle": -7.16, "rotate_angle_pred": -7.505063127672784}