{"centroid": [-0.04574870946045784, 0.039431259036064065, 0.37678736223486], "extents": [0.05297315230447035, 0.3897455334663391, 0.0586773877081716], "rotate_angle": 1.95, "rotate_angle_pred": -0.6627409229965764}