{"centroid": [-0.3780293046156701, 0.2588615566492079, 0.39317510592332183], "extents": [0.6510267323423018, 0.011580437421798817, 0.06155521484775495], "rotate_angle": 40.3, "rotate_angle_pred": 33.24522620460637}