{"centroid": [-0.35812111503937094, 0.03692530840635294, 0.28868798242138427], "extents": [0.033924744536700635, 0.3175831139087677, 0.05251791856079979], "rotate_angle": -3.69, "rotate_angle_pred": -4.892347152566302}