{"centroid": [-0.6411993993365211, 0.4466344602406024, 0.300828168764399], "extents": [0.21375621070574735, 0.018375553190708216, 0.03234986695119013], "rotate_angle": 32.52, "rotate_angle_pred": 32.03720801530699}