{"centroid": [0.302493144729589, 0.5092592388391494, 0.5793409617043359], "extents": [0.07020962381187618, 0.30744293332099915, 0.06978584222947981], "rotate_angle": 21.63, "rotate_angle_pred": 21.674679960236077}