{"centroid": [0.4231411043234201, 0.2265979945659636, 0.5378996534119133], "extents": [0.02750432539660075, 0.304010272026062, 0.03390681803236173], "rotate_angle": 19.08, "rotate_angle_pred": 19.056705822913557}