{"centroid": [-0.42311662225943114, 0.023842871189117328, 0.42162296891017836], "extents": [0.04654106502395722, 0.38488203287124634, 0.07039551443905906], "rotate_angle": 3.09, "rotate_angle_pred": 4.790643174602735}