{"centroid": [0.06829131016195035, -0.21390010416507724, 0.30691803686767916], "extents": [0.015970974960810784, 0.36704185605049133, 0.051739904382297974], "rotate_angle": -14.67, "rotate_angle_pred": -16.379867662003377}