{"centroid": [-0.07322512855268443, 0.3281518071889877, 0.35365652655996627], "extents": [0.08798523413276998, 0.3358614146709442, 0.03170822993152145], "rotate_angle": 43.73, "rotate_angle_pred": 44.43665303630755}