{"centroid": [0.013368865081650545, -0.20689989626407623, 0.31562984177869086], "extents": [0.015297666333554952, 0.36314097046852106, 0.04807317673923173], "rotate_angle": -40.89, "rotate_angle_pred": -42.81153183779597}