{"centroid": [0.08326672968232045, 0.20815065503120417, 0.29772478961649645], "extents": [0.0143788455167113, 0.3591317236423492, 0.04156609574044329], "rotate_angle": -41.95, "rotate_angle_pred": -41.37088293274538}