{"centroid": [-0.014068120519671656, 0.19104140996932967, 0.5685017234851878], "extents": [1.1239950468258724, 0.008482098579406822, 0.08038151129292215], "rotate_angle": 15.79, "rotate_angle_pred": 13.405123633772973}