{"centroid": [-0.021040025010501603, 0.03685223311185824, 0.5971584985667632], "extents": [1.1112939316283326, 0.014496043324470562, 0.06611576793539609], "rotate_angle": -5.59, "rotate_angle_pred": -7.279291950535281}