{"centroid": [-0.02853792875755638, 0.02903032302856437, 0.392444908240642], "extents": [0.0301008817596989, 0.41555160284042353, 0.05899001972938789], "rotate_angle": 12.11, "rotate_angle_pred": 13.55495454975545}