{"centroid": [-0.7860892802009017, -0.5546067617833615, 0.3223096483318344], "extents": [0.024034708986491737, 0.03900296241044998, 0.06077413323687636], "rotate_angle": -0.59, "rotate_angle_pred": 4.974615162193743}