{"centroid": [-0.022663466813741956, -0.3986232206225396, 0.5542608239323382], "extents": [0.6626935076381122, 0.0035013705492020764, 0.06792926861306481], "rotate_angle": -38.0, "rotate_angle_pred": -37.880550297325016}