{"centroid": [-0.04980644360958105, -0.03072772920131694, 0.5362400129783583], "extents": [0.7128158864912622, 0.009674862027168343, 0.05797756137250332], "rotate_angle": -19.82, "rotate_angle_pred": -21.89591026246724}