{"centroid": [-0.34595539402451675, 0.471791885793209, 0.39863394380698236], "extents": [0.2306074244211537, 0.008050695061683655, 0.04843723862490751], "rotate_angle": 1.74, "rotate_angle_pred": 1.6458363715910878}