{"centroid": [-0.04188982530780087, 0.1613034680485725, 0.40558096310886715], "extents": [0.028872906818193766, 0.17861407995224, 0.05785754254168962], "rotate_angle": -42.79, "rotate_angle_pred": -40.17496620003865}