{"centroid": [-0.10184054054818811, 0.12046615779399862, 0.40576846624817414], "extents": [0.049486518334620616, 0.17460566759109497, 0.05276858852294747], "rotate_angle": -3.08, "rotate_angle_pred": -5.45973847312645}