{"centroid": [0.2432071922652099, 0.3964268937706946, 0.40349902863923487], "extents": [0.11261287093039621, 0.058888986706733704, 0.06657035507810566], "rotate_angle": -35.68, "rotate_angle_pred": -36.53649305024952}