{"centroid": [-0.2001675062893009, 0.5758920311927794, 0.5640896202534735], "extents": [0.14326549807571146, 0.07088959217071533, 0.03253903181163054], "rotate_angle": 33.89, "rotate_angle_pred": 31.79904750020782}