{"centroid": [0.10860280908098635, -0.0177556052803994, 0.34717428048188814], "extents": [0.4536025897429037, 0.0014657527208328455, 0.04503328427890485], "rotate_angle": -1.49, "rotate_angle_pred": -5.928083248387907}