{"centroid": [-0.020565962709444705, 0.0004838919267057386, 0.4943714569500446], "extents": [0.9534487717002339, 0.02828798443079005, 0.08790516101542395], "rotate_angle": -22.05, "rotate_angle_pred": -24.334695985873154}