{"centroid": [-0.20032129866383946, -0.010941524058580463, 0.3458397030044265], "extents": [0.43380348980232036, 0.011718548834323914, 0.04907587441962491], "rotate_angle": -12.26, "rotate_angle_pred": -13.47324442695573}