{"centroid": [-0.005460951579372042, 0.08534668385982504, 0.4875250427180765], "extents": [0.9595507319760768, 0.0341828614473344, 0.08492458555450577], "rotate_angle": 29.68, "rotate_angle_pred": 28.47790825315758}