{"centroid": [0.5828786776320515, -0.5367780402302742, 0.35735686462424143], "extents": [0.1035191439025448, 0.1295009702444077, 0.05758426834927499], "rotate_angle": 5.08, "rotate_angle_pred": 7.438154949657928}