{"centroid": [-0.018785133228619383, 0.25686889514327044, 0.4902025884655059], "extents": [0.003541320577740252, 0.4345105290412903, 0.06597238062657229], "rotate_angle": -30.3, "rotate_angle_pred": -29.02348236642741}