{"centroid": [0.017848136989915546, -0.14526525884866726, 0.456346299357524], "extents": [0.6164162061447156, 0.023852601647377042, 0.07894214862865984], "rotate_angle": 0.24, "rotate_angle_pred": -0.8574611518233297}