{"centroid": [-0.017542957705724407, 0.33519122004508967, 0.42990642007025104], "extents": [0.5866710588390849, 0.0021499991416932263, 0.08424221043483854], "rotate_angle": -38.7, "rotate_angle_pred": -40.66169999591506}