{"centroid": [-0.037003476263018434, 0.6991808861494064, 0.46246356200912264], "extents": [0.5977961428969669, 0.013602226972580067, 0.07787978659505401], "rotate_angle": -37.93, "rotate_angle_pred": -39.19949257826966}