{"centroid": [0.2738331284287212, 0.4725979380309581, 0.3917913801524084], "extents": [0.21088895273721955, 0.04452487081289297, 0.06304315499145002], "rotate_angle": 0.22, "rotate_angle_pred": -2.1200696710002944}