{"centroid": [0.03372340810378761, 0.42567476630210865, 0.4597734904109149], "extents": [0.02974124292629807, 0.2529644966125488, 0.054260023664977675], "rotate_angle": -34.64, "rotate_angle_pred": -33.58727131930385}