{"centroid": [0.40146232628043066, -0.5053828805685044, 0.360033263221649], "extents": [0.331571788168217, 0.1370197832584381, 0.07142230880670825], "rotate_angle": -38.98, "rotate_angle_pred": -34.66520377146731}