{"centroid": [0.2488122549021093, -0.4125322178006172, 0.3708178593566433], "extents": [0.23860465665781944, 0.04452089965343481, 0.04999971964155325], "rotate_angle": 39.41, "rotate_angle_pred": 35.660977120719366}