{"centroid": [-0.35071173512857023, -0.3985311463475228, 0.42332278617129093], "extents": [0.24026035909269408, 0.009976223111152649, 0.03892528953542829], "rotate_angle": 21.6, "rotate_angle_pred": 22.26212515584608}