{"centroid": [-0.3109584403512579, 0.566600352525711, 0.39242856564383627], "extents": [0.22706920332923736, 0.002191483974456787, 0.03959542959427942], "rotate_angle": -8.45, "rotate_angle_pred": -7.697642084036616}