{"centroid": [-0.04616874351695413, 0.418580874800682, 0.49292911818521545], "extents": [0.03310702758597407, 0.24472251534461975, 0.03947205862347741], "rotate_angle": -8.7, "rotate_angle_pred": -9.087463323133562}