{"centroid": [-0.0750465430082288, 0.03869598358869545, 0.29258331977138424], "extents": [0.014121189528494185, 0.3159720301628113, 0.0390950287227515], "rotate_angle": 12.35, "rotate_angle_pred": 12.757650780892845}