{"centroid": [-0.561678217260643, 0.3881819173693657, 0.25864420571150265], "extents": [0.1739719690177544, 0.024172529578208923, 0.03638539900828719], "rotate_angle": -27.08, "rotate_angle_pred": -24.525509063355983}