{"centroid": [0.5509350162196672, 0.39166856557130814, 0.2930479792057275], "extents": [0.18403911367304687, 0.09386701881885534, 0.05836587700965373], "rotate_angle": 44.52, "rotate_angle_pred": 40.17011690876754}