{"centroid": [0.4146320069134683, 0.014511436223983761, 0.25106312023333227], "extents": [0.05437699840333521, 0.2989825904369354, 0.045831435566291295], "rotate_angle": 23.64, "rotate_angle_pred": 24.32067258877798}