{"centroid": [-0.47133358476643883, -0.3741541057825089, 0.41357667456480124], "extents": [0.41837871183980124, 0.04359146952629095, 0.08715425454497877], "rotate_angle": 36.01, "rotate_angle_pred": 31.776073414655514}