{"centroid": [0.020092276331269802, 0.10913644731044761, 0.449164180226319], "extents": [0.8092529690575342, 0.02175734937191022, 0.054363436438448376], "rotate_angle": 43.18, "rotate_angle_pred": 39.154513499375696}