{"centroid": [-0.020683791642524867, 0.029582548886537455, 0.45474679933300793], "extents": [0.8208712494997639, 0.01471666991710668, 0.04607237590262947], "rotate_angle": -11.19, "rotate_angle_pred": -12.846464102253591}