{"centroid": [-0.022637342863310338, 0.0010785674676298126, 0.45352805778475436], "extents": [0.8182849734932893, 0.0053403675556183364, 0.044643557748348606], "rotate_angle": -11.11, "rotate_angle_pred": -12.801079772813125}