{"centroid": [-0.010810545000066923, 0.562635764479637, 0.4706036812630916], "extents": [0.8063879121621602, 0.0028938353061676025, 0.06878233793589006], "rotate_angle": -14.36, "rotate_angle_pred": -18.99012245324988}