{"centroid": [-0.041004499155797645, 0.04147457331418982, 0.483546816614044], "extents": [0.8177972991926248, 0.02328384667634974, 0.0466339846650588], "rotate_angle": -30.43, "rotate_angle_pred": -32.16824619017464}