{"centroid": [0.15265179051433317, 0.22963643539696915, 0.5610438760627761], "extents": [0.02942012200963154, 0.46658158302307123, 0.06856973353979856], "rotate_angle": -12.01, "rotate_angle_pred": -12.316122712115941}