{"centroid": [0.005815908440969075, 0.0742666646838187, 0.45948052686688623], "extents": [0.8212648541834724, 0.01615175604820257, 0.046945649625721786], "rotate_angle": 16.36, "rotate_angle_pred": 15.694953529520262}