{"centroid": [0.03632517592021304, 0.050022431649267576, 0.5886358925127796], "extents": [0.24925680649855958, 0.12096802890300756, 0.061810169843389606], "rotate_angle": 38.74, "rotate_angle_pred": 39.6811750140692}