{"centroid": [-0.42569982905491377, 0.4812371805310249, 0.491146795603876], "extents": [0.5785110546418168, 0.011176064610481318, 0.06555771030031449], "rotate_angle": -21.13, "rotate_angle_pred": -21.74026910283368}