{"centroid": [-0.022258858270635375, -0.450049176812172, 0.2662102536458161], "extents": [0.18712729673635076, 0.024482160806655884, 0.03607956408355789], "rotate_angle": -13.98, "rotate_angle_pred": -16.246633395844}