{"centroid": [0.0470912063563973, 0.2207250446081161, 0.5719834346954222], "extents": [0.17810627561675046, 0.027816802263259915, 0.05120656565611725], "rotate_angle": 29.25, "rotate_angle_pred": 28.902990795893487}