{"centroid": [0.02307986706967541, -0.3891035541892052, 0.5980653423434258], "extents": [0.25869259846966475, 0.006706789135932978, 0.036742188901014106], "rotate_angle": 40.66, "rotate_angle_pred": 38.40709587809337}