{"centroid": [-0.0924148846872885, 0.1700566485524177, 0.252832085691118], "extents": [0.003418624437283732, 0.19045153260231013, 0.03954546195410069], "rotate_angle": -35.42, "rotate_angle_pred": -31.03949075138717}