{"centroid": [0.0092700648991489, 0.30817776173353184, 0.48805115062556725], "extents": [0.03385728558879812, 0.2054452747106552, 0.03367783835717558], "rotate_angle": 39.67, "rotate_angle_pred": 37.85036520556763}