{"centroid": [-0.017917205863749747, 0.325672298669815, 0.47993304539252585], "extents": [0.025094599217727883, 0.19704574346542358, 0.031179183083763884], "rotate_angle": 14.29, "rotate_angle_pred": 12.560059962219185}