{"centroid": [-0.020053077897002017, 0.0010519539937375753, 0.5574850339654136], "extents": [0.40515799411678166, 0.011026851832866698, 0.06652786760272], "rotate_angle": 10.98, "rotate_angle_pred": 10.673288319782685}