{"centroid": [-0.020913188575982934, 0.5333610400557517, 0.5676116260869186], "extents": [0.3901203867650198, 0.011819645762443542, 0.0724273621456164], "rotate_angle": 26.87, "rotate_angle_pred": 27.16990981501614}