{"centroid": [-0.0018138616280480233, 0.15155422687530506, 0.5523955441017945], "extents": [0.9564560661867881, 0.021379441022873064, 0.07271197445909805], "rotate_angle": 40.66, "rotate_angle_pred": 39.60536333925458}