{"centroid": [-0.03152728629829815, -0.047972567379474765, 0.5422944318459159], "extents": [0.9844218322493712, 0.014671757817268434, 0.06816176952422326], "rotate_angle": 13.45, "rotate_angle_pred": 12.276594601643723}