{"centroid": [-0.048150412258636255, 0.21570801734924308, 0.5444721575305853], "extents": [0.9908734823506873, 0.010576546192169217, 0.07209362281346032], "rotate_angle": 5.4, "rotate_angle_pred": 4.7456321467928575}