{"centroid": [-0.005067777614393525, 0.6032467335462569, 0.511705682063662], "extents": [0.9499858526464707, 0.0035884082317352295, 0.08110273551466562], "rotate_angle": 15.53, "rotate_angle_pred": 13.12551556690066}