{"centroid": [0.9299736951523121, 0.08339198678731913, 0.26543493234960225], "extents": [0.001163899901840293, 0.40658241510391235, 0.053824074719486525], "rotate_angle": -4.79, "rotate_angle_pred": -1.96423935238073}