{"centroid": [0.5759742121889102, -0.5650297738611699, 0.359007157263898], "extents": [0.1338449127997834, 0.0632808730006218, 0.06365184521466921], "rotate_angle": -6.42, "rotate_angle_pred": -3.0474237054265245}