{"centroid": [-0.011606751961120217, 0.3219874054193496, 0.4207131108170114], "extents": [0.6149638860978717, 0.0288971364498139, 0.08400529581721305], "rotate_angle": -10.3, "rotate_angle_pred": -12.527864437122844}