{"centroid": [0.09720384714729707, 0.003865859471261445, 0.35782152254633076], "extents": [0.5830978095152952, 0.013604141771793449, 0.08195899342626056], "rotate_angle": 42.66, "rotate_angle_pred": 31.077101081873906}