{"centroid": [-0.026369983696721562, 0.1622137948870658, 0.5627403903380946], "extents": [0.6860830754782015, 0.00616075098514568, 0.05800950502618851], "rotate_angle": -38.97, "rotate_angle_pred": -41.81952678123683}