{"centroid": [-0.0283442766292384, -0.34357629716396343, 0.5582941180419356], "extents": [0.7123423998737237, 0.0015603005886078436, 0.0684742721717454], "rotate_angle": 14.39, "rotate_angle_pred": 14.121848109136252}