{"centroid": [0.3834318123931039, -0.10929861664772048, 0.6007939908008442], "extents": [0.018640399368608063, 0.8000747561454773, 0.09570387205743203], "rotate_angle": -16.31, "rotate_angle_pred": -12.284423953554864}