{"centroid": [-0.034050757033741996, 0.5343725606799125, 0.5033364812470059], "extents": [0.9566500234210684, 0.005094394087791443, 0.06895197962037186], "rotate_angle": 11.36, "rotate_angle_pred": 10.028917357050105}