{"centroid": [-0.08124363675026952, 0.09991822019219393, 0.4411834955227368], "extents": [0.1730532502056233, 0.0496672168374062, 0.04331401747780167], "rotate_angle": -40.94, "rotate_angle_pred": -39.383269998912844}