{"centroid": [0.26209560818137273, 0.5219573006033897, 0.3860802416822251], "extents": [0.17706546783672034, 0.03418426215648651, 0.05606518129560217], "rotate_angle": 40.14, "rotate_angle_pred": 38.65860075387715}