{"centroid": [0.28781038570522277, 0.16712914407253265, 0.2788110039528884], "extents": [0.6057822313410767, 0.06939110159873971, 0.05650817421703125], "rotate_angle": 37.01, "rotate_angle_pred": 35.20396288789145}