{"centroid": [-0.008861689837431928, 0.1381902582943439, 0.27263309918455625], "extents": [0.013340294708202183, 0.31756454706192017, 0.03238386000012505], "rotate_angle": -40.3, "rotate_angle_pred": -36.77619424128819}