{"centroid": [-0.1892054787511718, -0.34592355415225035, 0.45582251841592314], "extents": [0.21415785581757768, 0.05623421818017965, 0.03742563834043977], "rotate_angle": -26.05, "rotate_angle_pred": -26.99618101686866}