{"centroid": [0.23821547280259742, 0.06244125589728346, 0.441479031220251], "extents": [0.19342902063322184, 0.012016288936138167, 0.038375596972157255], "rotate_angle": 10.05, "rotate_angle_pred": 9.850312304772444}