{"centroid": [0.3345256627875608, -0.37436781823635107, 0.4048947473143676], "extents": [0.1854750660425721, 0.06437894701957703, 0.04389627271659058], "rotate_angle": 15.17, "rotate_angle_pred": 13.354388861157517}