{"centroid": [-0.0023087602623750973, 0.6086623296141623, 0.561541352537773], "extents": [0.25065538495436035, 0.006402060389518738, 0.05457685933162326], "rotate_angle": -42.62, "rotate_angle_pred": -41.85782887517273}