{"centroid": [0.0024865346159500777, -0.3754060976207257, 0.5658433154227841], "extents": [0.26063405731095696, 0.0054902806878089905, 0.03773586345396163], "rotate_angle": 26.39, "rotate_angle_pred": 24.57862989296669}