{"centroid": [0.001984575947409542, 0.608326844871044, 0.5869102332713773], "extents": [0.2744600740062598, 0.0013213306665420532, 0.06564554493666008], "rotate_angle": -44.32, "rotate_angle_pred": -42.888812664958486}