{"centroid": [-0.0053446327874770785, -0.3830831907689572, 0.5736821418077351], "extents": [0.337458216498266, 0.01495260745286947, 0.05938016134484714], "rotate_angle": -31.28, "rotate_angle_pred": -31.711848992269665}