{"centroid": [-0.018860063251034544, 0.1614674814045428, 0.5618651690307583], "extents": [0.2031406872614921, 0.030291922390460996, 0.056567094200569046], "rotate_angle": -17.25, "rotate_angle_pred": -16.433272132704715}