{"centroid": [-0.01265642852854329, -0.17454093322157868, 0.5611947746705781], "extents": [0.344635692592461, 0.015699751675128992, 0.058220535073022606], "rotate_angle": 37.84, "rotate_angle_pred": 35.943602357834905}