{"centroid": [0.018693387383771697, 0.24397028982639307, 0.5410124573730315], "extents": [0.32916697040368653, 0.01909449696540838, 0.06995145057355323], "rotate_angle": 42.0, "rotate_angle_pred": 37.895350957939556}