{"centroid": [-0.18618113597681746, -0.34701530635356903, 0.3208144650490467], "extents": [0.0012274831160224153, 0.2862924039363861, 0.027341227147174574], "rotate_angle": -40.88, "rotate_angle_pred": -40.625740449444415}