{"centroid": [-0.0601391052252474, 0.48480342328548426, 0.34324351160640193], "extents": [0.24886897903522165, 0.13470175862312328, 0.027699871764749306], "rotate_angle": 40.14, "rotate_angle_pred": 31.19302016755786}