{"centroid": [-0.14137777880545724, 0.114867553114891, 0.26099513132236934], "extents": [0.21465147852665192, 0.09399433434009553, 0.020940214220855402], "rotate_angle": 11.26, "rotate_angle_pred": 9.524579810024392}