{"centroid": [0.00650063499492836, -0.4365978911519051, 0.5082799101380961], "extents": [0.7216218811113664, 0.013460621237754933, 0.07279569012654924], "rotate_angle": 39.88, "rotate_angle_pred": 37.181201436994854}