{"centroid": [-0.08842006106332373, 0.17101509869098652, 0.5212802831860371], "extents": [0.6997110748244235, 0.0015654563903809426, 0.0635549864447133], "rotate_angle": -24.62, "rotate_angle_pred": -24.787235707763614}