{"centroid": [0.0013432457836633702, -0.31995117664337164, 0.42967897377546194], "extents": [0.7737710757595258, 0.0016238689422607977, 0.04543345214413813], "rotate_angle": 33.92, "rotate_angle_pred": 33.415068845818794}