{"centroid": [0.03593328488664718, 0.23712547868490208, 0.4076772289258493], "extents": [0.8253367877672324, 0.02362973988056194, 0.047560366225791295], "rotate_angle": -22.87, "rotate_angle_pred": -25.292349253859612}