{"centroid": [-0.35974306845140946, 0.34192283451557154, 0.3625399794336331], "extents": [0.6010957869685771, 0.014641910791397095, 0.05272321327043428], "rotate_angle": -12.75, "rotate_angle_pred": -15.656617368429892}