{"centroid": [-0.22953896726853135, -0.014529809355735862, 0.3115076968425893], "extents": [0.01294775275268717, 0.35019123554229736, 0.039897068351719356], "rotate_angle": -1.56, "rotate_angle_pred": 1.04128478646021}