{"centroid": [-0.26486429027085173, -0.2640067338943482, 0.35042057754848716], "extents": [0.003885492654586431, 0.3287110924720764, 0.020112737868999198], "rotate_angle": 13.41, "rotate_angle_pred": 16.87968871210363}