{"centroid": [0.24912396791328062, 0.05847752094268785, 0.566663535220615], "extents": [0.06492289976771512, 0.19414883852005005, 0.05366352263320895], "rotate_angle": -11.7, "rotate_angle_pred": -9.54423521033803}