{"centroid": [-0.01156921457632984, 0.2339512333273887, 0.4301882596609061], "extents": [0.2061918981600028, 0.0001920908689499179, 0.05251932536248988], "rotate_angle": 41.55, "rotate_angle_pred": 37.65620209034877}