{"centroid": [0.48690884688291136, -0.0724711418151856, 0.21269297902150927], "extents": [0.014238610831058596, 1.7488366365432737, 0.08780644068863047], "rotate_angle": -42.26, "rotate_angle_pred": -33.501556266372624}