{"centroid": [-0.05224859020668991, 0.5769758522510527, 0.618792451485515], "extents": [0.059261032056845825, 0.2757824659347534, 0.053953707771722925], "rotate_angle": -22.69, "rotate_angle_pred": -21.579916549446352}