{"centroid": [0.32732363808293463, 0.5304221995174885, 0.390287951985447], "extents": [0.31656683261665514, 0.013851143419742584, 0.057835047609356316], "rotate_angle": 8.5, "rotate_angle_pred": 6.482994568340601}