{"centroid": [-0.3939378080734763, 0.028602927923202404, 0.4651888315630258], "extents": [0.11161507463386133, 0.4962197542190552, 0.05880217892418366], "rotate_angle": -6.51, "rotate_angle_pred": -5.411339980183115}