{"centroid": [0.029737416973315105, 0.5870122797787188, 0.43153172740119994], "extents": [0.5682447594644658, 0.02064511924982082, 0.06736507316507612], "rotate_angle": -28.95, "rotate_angle_pred": -32.00925442859354}