{"centroid": [0.3538500990574737, 0.28850151970982546, 0.4345924518767644], "extents": [0.316597106111904, 0.03479025512933731, 0.0542209412669904], "rotate_angle": -20.12, "rotate_angle_pred": -21.697440897562814}