{"centroid": [-0.3164665256371248, 0.33065797388553614, 0.4815655337211293], "extents": [0.302248174894867, 0.03717222809791565, 0.05877187377993476], "rotate_angle": -30.38, "rotate_angle_pred": -32.10465396599031}