{"centroid": [-0.36157424091139345, 0.5706280395388602, 0.46507307298536105], "extents": [0.29617684730858174, 0.016910448670387268, 0.0526584380625596], "rotate_angle": -1.05, "rotate_angle_pred": -1.4617662431175802}