{"centroid": [0.31996072727082264, 0.5083609409630299, 0.42617639093998594], "extents": [0.23518650444387404, 0.0076616182923316956, 0.0643219953575862], "rotate_angle": -8.55, "rotate_angle_pred": -11.363960624953137}