{"centroid": [0.3544842628375457, 0.3168679848313331, 0.45700423209913466], "extents": [0.26848018057255596, 0.016054823994636536, 0.04015102965749634], "rotate_angle": 7.37, "rotate_angle_pred": 4.121029394451142}