{"centroid": [0.3611371495888769, -0.468707799911499, 0.3431696054030279], "extents": [0.17639468199205832, 0.5760983228683472, 0.07442612772586354], "rotate_angle": -37.25, "rotate_angle_pred": -30.355467859774627}