{"centroid": [0.014502556864108522, -0.36974078044295317, 0.5454343424845731], "extents": [0.1820273061770537, 0.010848112404346466, 0.05537327258647795], "rotate_angle": 20.15, "rotate_angle_pred": 18.58997551228407}