{"centroid": [-0.007093064710900961, 0.2515596859157085, 0.557977180770794], "extents": [0.15079832343353775, 0.015449874103069305, 0.06179953103134184], "rotate_angle": -30.01, "rotate_angle_pred": -27.92068460130463}