{"centroid": [-0.008524363067128095, 0.7558056041598319, 0.5509715642463127], "extents": [0.6766082153073936, 0.025389090180397034, 0.11387136754696198], "rotate_angle": -26.35, "rotate_angle_pred": -29.176186885140694}