{"centroid": [0.025037806879008702, 0.5882853791117667, 0.6005941049955738], "extents": [0.3538094140692919, 0.02513967454433441, 0.06210434397746012], "rotate_angle": 26.26, "rotate_angle_pred": 22.432503854923212}