{"centroid": [0.01245921456280426, -0.053126260638237034, 0.24373277925296336], "extents": [0.01575674150176865, 0.3172234296798706, 0.035661824807242115], "rotate_angle": -22.22, "rotate_angle_pred": -25.144625410528874}