{"centroid": [-0.02674680367487644, -0.09341076016426089, 0.24954625294529564], "extents": [0.005847573402677501, 0.3020259141921997, 0.03543201163036233], "rotate_angle": -4.94, "rotate_angle_pred": -8.330138397412384}