{"centroid": [0.259862870911738, 0.6690498739480971, 0.558079828656563], "extents": [0.08717669669335734, 0.1361350119113922, 0.041545175600819606], "rotate_angle": -14.77, "rotate_angle_pred": -14.290227890941111}