{"centroid": [-0.11045234778072498, 0.11057497560977926, 0.39056528516877254], "extents": [0.06250745968681985, 0.17051829397678375, 0.044020452771294905], "rotate_angle": 36.5, "rotate_angle_pred": 36.22617908954858}