{"centroid": [0.01812010367256902, 0.09467141795903437, 0.32468515533124725], "extents": [0.018941193769778333, 0.19095864892005923, 0.05813495427149812], "rotate_angle": -26.48, "rotate_angle_pred": -25.2512672996413}