{"centroid": [-0.3262910273078149, 0.40455821529030794, 0.33747642414230355], "extents": [0.2454630238589721, 0.005876190960407313, 0.0418905645053555], "rotate_angle": 12.36, "rotate_angle_pred": 13.928811901459142}