{"centroid": [0.18029223966580699, -0.10826864838600168, 0.17876183324086825], "extents": [0.033806383826422426, 0.09872645139694217, 0.025592625305156047], "rotate_angle": -41.17, "rotate_angle_pred": -40.627169525236425}