{"centroid": [0.19159866223354383, 0.31942567229270924, 0.5544604701717964], "extents": [0.15579342867873996, 0.09866124391555792, 0.06648557644159847], "rotate_angle": -16.04, "rotate_angle_pred": -16.750172796771096}