{"centroid": [-0.017139575838651333, -0.02675883099436767, 0.3638835669184749], "extents": [0.9734775798025077, 0.010879233479499904, 0.07695115927189905], "rotate_angle": -18.02, "rotate_angle_pred": -20.10386284462392}