{"centroid": [-0.006974391220354863, 0.575248796492815, 0.3872586600044078], "extents": [0.9179692024815287, 0.006585635244846455, 0.07325658752864483], "rotate_angle": -12.05, "rotate_angle_pred": -13.881331330529434}