{"centroid": [-0.010297383460084103, 0.23805203288793558, 0.38366781011934264], "extents": [0.9887294852329591, 0.0036022812128067294, 0.07937562532334591], "rotate_angle": 5.36, "rotate_angle_pred": 3.481392338970039}