{"centroid": [0.032247578559645274, -0.3828582614660263, 0.36241734205121734], "extents": [0.9752451093994986, 0.009214967489242665, 0.08075255083180272], "rotate_angle": 25.81, "rotate_angle_pred": 23.454779524115438}