{"centroid": [-0.016728897397805573, 0.6261953897774218, 0.5639787072573399], "extents": [0.2505696444991946, 0.01950780302286148, 0.04234861631683773], "rotate_angle": 19.87, "rotate_angle_pred": 17.0030558484237}