{"centroid": [0.035537854672870385, 0.1676824688911437, 0.5461493562857543], "extents": [0.21469966963896914, 0.05507230758666995, 0.04379198306581489], "rotate_angle": 32.44, "rotate_angle_pred": 29.803603214197437}