{"centroid": [0.034004552790039874, -0.3891437835991383, 0.5512420101583628], "extents": [0.24683532267090494, 0.010249756276607513, 0.031192049571512115], "rotate_angle": -2.31, "rotate_angle_pred": -5.452409788362033}