{"centroid": [0.05204890751769382, 0.3167602717876434, 0.3548882524400146], "extents": [0.6821331964583373, 0.015378773212432972, 0.07010205076417964], "rotate_angle": -36.72, "rotate_angle_pred": -37.40547423957683}