{"centroid": [0.7439270834184462, -0.3421930074691772, 0.2899376443398101], "extents": [0.1660133604098193, 0.15224707126617437, 0.06054959832811041], "rotate_angle": 31.24, "rotate_angle_pred": 32.27455058854544}