{"centroid": [-0.017014841952666775, 0.5663728639483452, 0.4415301757758911], "extents": [0.6246489344535215, 0.009350404143333546, 0.0613452127322498], "rotate_angle": 23.87, "rotate_angle_pred": 24.72476037105247}