{"centroid": [0.049539796203529024, -0.241986382752657, 0.42721462443956193], "extents": [0.431327762879157, 0.024702571332454737, 0.06405782739083277], "rotate_angle": 29.3, "rotate_angle_pred": 26.802508259269416}