{"centroid": [0.0378252013623015, 0.2734735086560249, 0.4111879456569672], "extents": [0.4442447610699862, 0.02534575760364538, 0.0662013275732925], "rotate_angle": 33.41, "rotate_angle_pred": 30.395523721554397}