{"centroid": [0.025004165231281135, -0.20188307762146, 0.28432731665175637], "extents": [0.0179399843045253, 0.3036605715751648, 0.027803863564584586], "rotate_angle": 15.35, "rotate_angle_pred": 17.237828187561433}