{"centroid": [-0.033587136505143764, -0.1791062653064728, 0.2819860860083656], "extents": [0.02889713574151898, 0.30003881454467773, 0.033770336873102436], "rotate_angle": 7.57, "rotate_angle_pred": 8.294758093531115}