{"centroid": [0.026293023866996897, -0.3238649554550648, 0.37745832377312194], "extents": [0.873127100043608, 0.020122133195400294, 0.06457722166272162], "rotate_angle": 5.17, "rotate_angle_pred": 1.7691188827291313}