{"centroid": [0.46909504682373376, 0.3817317187786101, 0.2903563121779078], "extents": [0.1770149039828386, 0.02152836322784424, 0.03234879704485266], "rotate_angle": -28.37, "rotate_angle_pred": -27.39858726317867}