{"centroid": [0.4585123822951084, 0.20514165610074997, 0.28790594980131634], "extents": [0.2278599476255571, 0.010850355029106168, 0.03498771095687292], "rotate_angle": 20.57, "rotate_angle_pred": 20.176501458707136}