{"centroid": [-0.0033000201707141727, 0.18804641813039774, 0.42054160338106866], "extents": [0.8743544932955171, 0.0384490936994554, 0.06860184760495969], "rotate_angle": -41.69, "rotate_angle_pred": -41.57242828845774}