{"centroid": [-0.48664841974660233, 0.4939718246459961, 0.28316731103057036], "extents": [0.18866528799283067, 0.004939436912536621, 0.038273621814340075], "rotate_angle": -26.3, "rotate_angle_pred": -26.15357943995717}