{"centroid": [-0.576506040547319, 0.05101866647601119, 0.29769940208601714], "extents": [0.2201720370755516, 0.015929386019706747, 0.03869532497887718], "rotate_angle": 6.56, "rotate_angle_pred": 9.359801314121356}