{"centroid": [0.45341773585851153, -0.09689606726169599, 0.3389517821737742], "extents": [0.2802383955594906, 0.01701857149600987, 0.03062916235634816], "rotate_angle": -22.77, "rotate_angle_pred": -21.476243300576698}