{"centroid": [0.0005871484734138177, 0.5747700035572051, 0.38415668537967607], "extents": [0.8989168227938005, 0.0019449591636657715, 0.0651845844622822], "rotate_angle": 6.81, "rotate_angle_pred": 4.969709423657804}