{"centroid": [0.07467189397051066, 0.2868278995156287, 0.3994661062302728], "extents": [0.5973415997686224, 0.005748733878135737, 0.06712769747189534], "rotate_angle": -39.89, "rotate_angle_pred": -38.68176726532421}