{"centroid": [-0.11436806305369726, 0.3380093649029731, 0.3427202745627648], "extents": [0.1250247225784092, 0.032046690583229065, 0.05496538498683373], "rotate_angle": -40.18, "rotate_angle_pred": -36.70390469433822}