{"centroid": [-0.40736188052324035, 0.5892269387841224, 0.3302411242436731], "extents": [0.14042035973049677, 0.003319188952445984, 0.05634698911562286], "rotate_angle": -34.72, "rotate_angle_pred": -32.85035099274484}