{"centroid": [-0.01182219757377407, 0.6375945731997489, 0.48527191854382434], "extents": [0.44873711221644935, 0.011933907866477966, 0.06198939647188462], "rotate_angle": -7.19, "rotate_angle_pred": -9.468216465870029}