{"centroid": [0.34294872566133433, 0.5240289941430092, 0.29500262020256784], "extents": [0.07776162223515781, 0.05575312674045568, 0.056645782223738395], "rotate_angle": 15.92, "rotate_angle_pred": 14.968188869475796}