{"centroid": [0.012812628832396422, 0.1687984466552733, 0.3762818662355666], "extents": [0.03365002612853505, 0.2390735149383545, 0.04361049883164503], "rotate_angle": -11.34, "rotate_angle_pred": -11.148979552795609}