{"centroid": [-0.17116800079838093, -0.10942809283733378, 0.3383926807237341], "extents": [0.0031702965982850495, 0.26797088980674744, 0.024003174523065718], "rotate_angle": 31.17, "rotate_angle_pred": 32.07814074223788}