{"centroid": [0.0013480531567991352, -0.09107701480388647, 0.2602256446621567], "extents": [0.026515081996551004, 0.28917437791824346, 0.031345595231985574], "rotate_angle": 12.92, "rotate_angle_pred": 10.954258732272791}