{"centroid": [-0.009109149865508868, -0.09371717274188998, 0.2589173423792248], "extents": [0.01805660140094703, 0.3009420335292816, 0.030558590040540484], "rotate_angle": -18.71, "rotate_angle_pred": -22.054542562858728}