{"centroid": [-0.03880401107541302, 0.4563843756914139, 0.2752591810508818], "extents": [0.04162470975645699, 0.28203955292701727, 0.016477446921048577], "rotate_angle": -34.2, "rotate_angle_pred": -36.22155337112191}