{"centroid": [-0.006514964188656006, 0.5370412468910216, 0.638891132085909], "extents": [0.34428688763750337, 0.023620963096618652, 0.05760250965540059], "rotate_angle": -2.79, "rotate_angle_pred": -4.533797639856061}