{"centroid": [-0.050540306258810855, -0.39317700266838074, 0.2681486445809227], "extents": [0.030838921843625834, 0.308270514011383, 0.025748308896190453], "rotate_angle": -24.76, "rotate_angle_pred": -26.912345338810816}