{"centroid": [-0.036647575832979624, -0.2285635843873025, 0.6346172781217638], "extents": [0.322051880499622, 0.040025040507316645, 0.06278002963425455], "rotate_angle": -38.96, "rotate_angle_pred": -37.358279847395856}