{"centroid": [-0.023070825991238494, -0.3456203639507293, 0.2568963870192466], "extents": [0.03438089704849348, 0.319369614124298, 0.027798866181121734], "rotate_angle": -36.17, "rotate_angle_pred": -36.76337668368581}