{"centroid": [0.029764607514857214, 0.4024953842163085, 0.27437987819079585], "extents": [0.014394774661461555, 0.2902178168296813, 0.024570121727017336], "rotate_angle": 3.14, "rotate_angle_pred": 3.5972558310617018}