{"centroid": [0.0016514103417687304, 0.2388338521122932, 0.4719944683717317], "extents": [0.7374677651275364, 0.028849199414253318, 0.0468845814033807], "rotate_angle": 34.93, "rotate_angle_pred": 33.25368379161202}