{"centroid": [0.7321251878677381, -0.45935999602079397, 0.26424181030860733], "extents": [0.16048744022648986, 0.09756483137607574, 0.06040903068584602], "rotate_angle": -22.07, "rotate_angle_pred": -22.803806202267083}