{"centroid": [0.7437438711185897, -0.29682245105504995, 0.2510253546219635], "extents": [0.11795750097523139, 0.08536554872989655, 0.04372847019867465], "rotate_angle": -4.57, "rotate_angle_pred": -3.910550821028835}