{"centroid": [-0.003971198487271385, 0.654864452779293, 0.5805936602051593], "extents": [0.43675380913559636, 0.0013449639081954956, 0.07246052468533193], "rotate_angle": 15.74, "rotate_angle_pred": 12.548536318947754}