{"centroid": [0.7043044990504792, 0.01690128445625288, 0.4027518079088499], "extents": [0.010040670834717602, 0.5198789238929749, 0.07625797543900364], "rotate_angle": -35.69, "rotate_angle_pred": -34.99506415539032}