{"centroid": [0.0031634189164744426, 0.5912981405854224, 0.5610027538620402], "extents": [0.2697578724396955, 0.006296232342720032, 0.06421969963835861], "rotate_angle": -9.62, "rotate_angle_pred": -10.655939720289709}