{"centroid": [-0.02113126914554385, -0.09295033663511287, 0.5861850172265398], "extents": [1.00022422555431, 0.042945325374603424, 0.0757224703405831], "rotate_angle": 41.62, "rotate_angle_pred": 39.855067398864065}