{"centroid": [-0.2984940580631068, -0.018507301807403693, 0.5355222606830544], "extents": [0.049883244995491904, 0.29969996213912964, 0.07395390209694158], "rotate_angle": 24.29, "rotate_angle_pred": 27.505723344704478}