{"centroid": [0.02510799455175605, 0.6207712963223457, 0.440602977686855], "extents": [0.49541956884935556, 0.01999725401401531, 0.06612977478777221], "rotate_angle": -39.08, "rotate_angle_pred": -39.154736968530486}