{"centroid": [0.07222391202912302, -0.34434900432825094, 0.4180943125572638], "extents": [0.5396124043136704, 0.023717686533927973, 0.06628473003068536], "rotate_angle": 17.94, "rotate_angle_pred": 16.04465244223995}