{"centroid": [0.0540588429888118, 0.19213867560029024, 0.38795641420073007], "extents": [0.5370308278926054, 0.009461827576160514, 0.08268059226969687], "rotate_angle": -34.95, "rotate_angle_pred": -37.31610747664885}