{"centroid": [-0.25453199881531174, -0.2519516050815583, 0.32065179089288626], "extents": [0.01577411607504625, 0.3201400637626648, 0.03737407959464495], "rotate_angle": 16.25, "rotate_angle_pred": 17.29567361804078}