{"centroid": [0.016556377112794354, 0.5445608235895633, 0.5820468960954233], "extents": [0.3161954628872108, 0.020576782524585724, 0.051373780539530456], "rotate_angle": 15.59, "rotate_angle_pred": 14.799532958209696}