{"centroid": [-0.04718935188293325, -0.3149732351303101, 0.3035352936248439], "extents": [0.023161545150611806, 0.31024444103240967, 0.02483263585500206], "rotate_angle": 8.7, "rotate_angle_pred": 9.108623223985134}