{"centroid": [0.04789284432316075, 0.1669423365965485, 0.27981976446281975], "extents": [0.015308231406766057, 0.3526374101638794, 0.03388019715672741], "rotate_angle": -20.93, "rotate_angle_pred": -18.66194362606835}