{"centroid": [-0.5206015956965989, -0.5339590124785901, 0.319472889710496], "extents": [0.31806112338537396, 0.04533473402261734, 0.07017694634915828], "rotate_angle": 41.77, "rotate_angle_pred": 38.825977903842784}