{"centroid": [0.005189429740805666, 0.1522321514785289, 0.2415250153891655], "extents": [0.0019397437036673282, 0.2700201272964477, 0.030233419596490924], "rotate_angle": -0.11, "rotate_angle_pred": 0.41426814776035314}