{"centroid": [-0.029552867988861274, 0.18941567093133924, 0.27713283831904895], "extents": [0.012763113008109627, 0.27565687894821167, 0.028084837394630302], "rotate_angle": 35.56, "rotate_angle_pred": 35.766867362406884}