{"centroid": [0.1527707525652224, -0.4404429383575917, 0.3633139149883345], "extents": [0.13702553156411246, 0.05881174653768545, 0.0547603838889591], "rotate_angle": 5.55, "rotate_angle_pred": 7.176835012056728}