{"centroid": [-0.030360534283202345, -0.47542604804038996, 0.23959151838136603], "extents": [0.005444735379513961, 0.2987975478172301, 0.02691472739208975], "rotate_angle": -22.43, "rotate_angle_pred": -25.717021207464697}