{"centroid": [0.0198824656164053, -0.46002873778343195, 0.2345405737729404], "extents": [0.018920019182536503, 0.31373947858810414, 0.023172695083829242], "rotate_angle": -20.36, "rotate_angle_pred": -23.26912536722392}