{"centroid": [-0.004205418637392346, -0.21465429663658145, 0.23072099482306704], "extents": [0.013524785828602382, 0.28772789239883423, 0.024895251148382008], "rotate_angle": 13.45, "rotate_angle_pred": 9.41350824867743}