{"centroid": [-0.013650059312591027, 0.3347502946853637, 0.23223223497770892], "extents": [0.017365604147732826, 0.26064378023147583, 0.010899290134096018], "rotate_angle": -9.58, "rotate_angle_pred": -12.33709170582351}