{"centroid": [0.020069235884861595, -0.1936455070972443, 0.26344695357014647], "extents": [0.004037812315611677, 0.2875182628631592, 0.02311323934722348], "rotate_angle": 44.06, "rotate_angle_pred": 39.47464185883425}