{"centroid": [0.7089471742266775, -0.4891266375780106, 0.3307325676471394], "extents": [0.10580774412904292, 0.11610481142997747, 0.05788099774665012], "rotate_angle": -4.8, "rotate_angle_pred": -5.864913503508305}