{"centroid": [-0.014371912825959152, -0.17478302121162415, 0.31700591156520797], "extents": [0.03234344629458212, 0.32785272598266596, 0.0350103629174493], "rotate_angle": 37.05, "rotate_angle_pred": 37.91083273667}