{"centroid": [-0.03397661413322966, -0.14993932843208316, 0.30316849856347644], "extents": [0.022554025536582954, 0.30461639165878296, 0.043845773681425226], "rotate_angle": 11.48, "rotate_angle_pred": 11.351808080483522}