{"centroid": [0.004793788470360952, -0.19468923285603534, 0.5494669783593348], "extents": [0.9516671935672436, 0.008266560733318412, 0.07120853692190121], "rotate_angle": -18.0, "rotate_angle_pred": -20.158818428421597}