{"centroid": [0.021942042353594537, 0.5621281042695043, 0.5500451641728115], "extents": [0.961989906007819, 0.004742816090584023, 0.08379767320046183], "rotate_angle": -25.78, "rotate_angle_pred": -29.37415710514199}