{"centroid": [-0.21927874231053376, -0.11140990257263184, 0.2742797008077027], "extents": [0.025336846900022414, 0.31376767158508295, 0.045213848692865044], "rotate_angle": -14.74, "rotate_angle_pred": -14.762934710049109}