{"centroid": [-0.15838396279970096, -0.07788248360157023, 0.2780743249859209], "extents": [0.0042220503158684475, 0.298095166683197, 0.027738684832280536], "rotate_angle": 39.98, "rotate_angle_pred": 35.03495762052957}