{"centroid": [0.5876130246401536, -0.3147374093532562, 0.31813972239038746], "extents": [0.07558434301826955, 0.6582884192466737, 0.07247297317411927], "rotate_angle": 7.93, "rotate_angle_pred": 10.189000920343418}