{"centroid": [-0.19141290280633466, -0.12855479121208194, 0.27572603797904627], "extents": [0.0029712916253869237, 0.31147217750549316, 0.017382879297692444], "rotate_angle": 4.77, "rotate_angle_pred": 4.45731165376948}