{"centroid": [-0.17981440173866958, -0.43199536204338074, 0.24918619152524546], "extents": [0.009158670858934626, 0.25147765874862665, 0.020336475127117615], "rotate_angle": -19.33, "rotate_angle_pred": -19.987904553772594}