{"centroid": [-0.38816776016019194, 0.29634406417608256, 0.4030151313067053], "extents": [0.3973752474260016, 0.0027322322130203247, 0.052815160529349425], "rotate_angle": 5.98, "rotate_angle_pred": 6.2313561019811345}