{"centroid": [-0.013372750668076652, 0.6311873793601989, 0.3945619574255955], "extents": [0.5345943655341598, 0.003587007522583119, 0.06422732872809628], "rotate_angle": -33.75, "rotate_angle_pred": -33.66793863377833}