{"centroid": [0.3672354820729255, 0.2639177814126014, 0.3861174869137943], "extents": [0.4044236906175386, 0.03817732632160192, 0.05003431895262278], "rotate_angle": 22.55, "rotate_angle_pred": 23.573582279638217}