{"centroid": [0.49649587440985055, -0.5357423871755601, 0.3635499954178013], "extents": [0.17501017508297512, 0.10628059506416321, 0.07106399559282595], "rotate_angle": -26.24, "rotate_angle_pred": -21.69308923483628}