{"centroid": [0.002501111861452876, 0.46463444828987116, 0.30933968015509883], "extents": [0.02279473837260195, 0.2878380417823791, 0.03095876978960488], "rotate_angle": 13.4, "rotate_angle_pred": 14.613728213114882}