{"centroid": [0.011107481498859016, -0.4047806821763516, 0.5552697051869149], "extents": [0.2508244835584999, 0.010975487530231476, 0.03952377698456977], "rotate_angle": 26.31, "rotate_angle_pred": 23.583058135636932}