{"centroid": [0.0037934184738297183, 0.6016394160687922, 0.5529956243044223], "extents": [0.2426390707830637, 0.01440005749464035, 0.052897823418652457], "rotate_angle": -15.66, "rotate_angle_pred": -17.873172084891976}