{"centroid": [-0.002273408796182831, 0.08220499008893963, 0.2320010853812135], "extents": [0.0056683568334878354, 0.30615487694740295, 0.02488740826575861], "rotate_angle": -37.03, "rotate_angle_pred": -37.24631618894147}