{"centroid": [0.023892180933299895, 0.5021239519119263, 0.21763735104987497], "extents": [0.004486545962400498, 0.26842123270034796, 0.027223181234507843], "rotate_angle": -17.76, "rotate_angle_pred": -19.168858705449935}