{"centroid": [-0.026485231910383586, 0.41192044317722315, 0.2605035884951788], "extents": [0.03632217592327269, 0.2658549249172211, 0.024343568474339328], "rotate_angle": 27.17, "rotate_angle_pred": 24.01607595085764}