{"centroid": [-0.6465726882324383, -0.5312240049242974, 0.40781930503874986], "extents": [0.15557496094126244, 0.017840608954429626, 0.0623107434539617], "rotate_angle": 27.34, "rotate_angle_pred": 26.416804367274295}