{"centroid": [0.027139234379688792, -0.1052090823650361, 0.5107852501833532], "extents": [0.9784810606478205, 0.012567803263664357, 0.07181523786836919], "rotate_angle": 28.34, "rotate_angle_pred": 26.427128792541993}