{"centroid": [0.005007356027279822, -0.2965535856783391, 0.5411602842636576], "extents": [0.9395473033494596, 0.02740406244993221, 0.06630846134214696], "rotate_angle": -24.64, "rotate_angle_pred": -27.976658835208205}