{"centroid": [-0.008214386746958055, 0.470677550882101, 0.548118397678865], "extents": [0.9402262969065245, 0.016986243426799885, 0.07180733829474728], "rotate_angle": 21.61, "rotate_angle_pred": 21.584693441609204}