{"centroid": [0.0022119776608554576, -0.053530097007751576, 0.527445210009765], "extents": [0.9526918023641422, 0.011557862162590062, 0.06646204056995575], "rotate_angle": -4.03, "rotate_angle_pred": -5.8584305816057025}