{"centroid": [-0.3692745983209019, 0.28582541644573206, 0.3907479237716804], "extents": [0.44616336755290814, 0.014669328927993774, 0.0487157938245707], "rotate_angle": 26.04, "rotate_angle_pred": 24.297103712514712}