{"centroid": [0.0828949581949696, -0.3844152875244618, 0.4296488115813383], "extents": [0.20741877075107557, 0.035667143762111664, 0.035415686863846274], "rotate_angle": 40.07, "rotate_angle_pred": 37.85313250482447}