{"centroid": [-0.03562243609461621, 0.5768199004232882, 0.4470670930531498], "extents": [0.188572059294578, 0.07038689404726028, 0.03913885256459271], "rotate_angle": 22.47, "rotate_angle_pred": 20.527951840212026}