{"centroid": [-0.5095365211508338, -0.4368583597242832, 0.34602577981665966], "extents": [0.15113022906181944, 0.01308529824018484, 0.052185587525277966], "rotate_angle": 3.98, "rotate_angle_pred": 7.564261818652653}