{"centroid": [0.06755713096024499, -0.4089237488806248, 0.46750521807693823], "extents": [0.21806644853254453, 0.09505837410688406, 0.02072270163230705], "rotate_angle": -35.12, "rotate_angle_pred": -34.946684539531574}