{"centroid": [-0.045644315059973725, 0.6231700778007506, 0.433090547360939], "extents": [0.20785984227083856, 0.008065462112426758, 0.05673067970410589], "rotate_angle": 18.09, "rotate_angle_pred": 17.32472006904294}