{"centroid": [0.7758340675029034, -0.4330385774374008, 0.3226836599856718], "extents": [0.10235554936400271, 0.1388653814792633, 0.06187014782103728], "rotate_angle": 4.04, "rotate_angle_pred": 6.206220109349758}