{"centroid": [0.1822504738057781, 0.6263319067656993, 0.4293595133775856], "extents": [0.41943535399600296, 0.026992760598659515, 0.06724388928023817], "rotate_angle": -32.71, "rotate_angle_pred": -32.47607773081701}