{"centroid": [0.196534529962391, 0.10311380028724658, 0.45214462025328217], "extents": [0.4565218996645366, 0.03083433210849769, 0.04923619714930977], "rotate_angle": -39.18, "rotate_angle_pred": -36.4391852763491}