{"centroid": [-0.011082415807363515, -0.35449550300836563, 0.4168330292523885], "extents": [0.7077946817732635, 0.020636007189750727, 0.061094508911475165], "rotate_angle": -7.43, "rotate_angle_pred": -8.715425311656176}