{"centroid": [-0.3683777143085606, -0.3435376286506654, 0.45557981429322464], "extents": [0.4998228578734902, 0.05278915166854864, 0.0664239678630999], "rotate_angle": 18.88, "rotate_angle_pred": 21.61824077673937}