{"centroid": [-0.2422076307412161, 0.6041461639106274, 0.4314670305161355], "extents": [0.5010242487959866, 0.014463149011135212, 0.06657685373736472], "rotate_angle": -17.99, "rotate_angle_pred": -19.407322654385183}