{"centroid": [0.01048574371914427, 0.6154995448887347, 0.4389987078018301], "extents": [0.7097401492479618, 0.005302526056766621, 0.06745357691246645], "rotate_angle": -36.89, "rotate_angle_pred": -37.89944904020453}