{"centroid": [-0.32890121638360026, 0.1539769992232322, 0.4459809674213843], "extents": [0.5032569176299454, 0.022185608744621305, 0.06045226387798236], "rotate_angle": -21.58, "rotate_angle_pred": -20.060004746711286}