{"centroid": [0.05268718831875531, -0.34126413241028786, 0.39927330997467475], "extents": [0.758346095190632, 0.04784172028303152, 0.04402438262316699], "rotate_angle": 31.07, "rotate_angle_pred": 28.292795828883357}