{"centroid": [0.00013129878065515355, 0.3940570726990699, 0.4254908292710574], "extents": [0.8310193887676993, 0.0015817135572434027, 0.06186093667363596], "rotate_angle": 26.97, "rotate_angle_pred": 25.931786578948476}