{"centroid": [0.026394145895403738, 0.27907671034336085, 0.4224071336019505], "extents": [0.7788111064750349, 0.035374075174331776, 0.041904550547737285], "rotate_angle": -35.17, "rotate_angle_pred": -37.38042210351356}