{"centroid": [0.35508696567805387, 0.3008139878511427, 0.5790451082281614], "extents": [0.06279176641132705, 0.5683364272117614, 0.07024057396878725], "rotate_angle": -9.54, "rotate_angle_pred": -5.704147873911893}