{"centroid": [-0.024619428571933086, -0.05705404281616217, 0.25997540745762515], "extents": [0.002492755612806711, 0.2903639972209931, 0.033083393656622245], "rotate_angle": -1.73, "rotate_angle_pred": -3.984366064710187}