{"centroid": [0.02602944080015516, 0.37494838237762446, 0.2862346365326317], "extents": [0.011502847028007655, 0.29431051015853876, 0.033695224533547175], "rotate_angle": 13.97, "rotate_angle_pred": 12.153994978789314}