{"centroid": [-0.04370141565270881, 0.442363828420639, 0.27126404768801193], "extents": [0.027626217102708548, 0.30484652519226074, 0.02059685490398011], "rotate_angle": -36.13, "rotate_angle_pred": -37.70043809886234}