{"centroid": [0.07904367810685813, 0.29092074930667866, 0.49135066163714125], "extents": [0.04155258810800447, 0.4447060823440552, 0.0667846124557645], "rotate_angle": -8.36, "rotate_angle_pred": -10.465535054013984}