{"centroid": [-0.8303928683726901, -0.09561985731124886, 0.10950816925898504], "extents": [0.0053355394836888115, 1.0683555603027344, 0.11201084949329505], "rotate_angle": 38.63, "rotate_angle_pred": 41.439326072603706}