{"centroid": [-0.06627647503611439, 0.38502079993486393, 0.617961881800446], "extents": [0.934844863893692, 0.03178264200687414, 0.09164194884261379], "rotate_angle": 20.56, "rotate_angle_pred": 18.978007583445347}