{"centroid": [0.3743510466030745, 0.020430266857147085, 0.6265601002546007], "extents": [0.07990996462207578, 0.53895103931427, 0.037785306206999936], "rotate_angle": -1.43, "rotate_angle_pred": 0.2645497771600134}