{"centroid": [0.6673051200412756, -0.4707696661353111, 0.3211438698234422], "extents": [0.12319690161665375, 0.10656328499317175, 0.066694417040009], "rotate_angle": 33.13, "rotate_angle_pred": 34.66468842071329}