{"centroid": [-0.03926262616508561, 0.24456261098384852, 0.40543719693861047], "extents": [0.31880360184812606, 0.023394554853439387, 0.04395291491178943], "rotate_angle": 24.56, "rotate_angle_pred": 22.401982171989957}