{"centroid": [-0.01725214687178107, -0.12608979642391213, 0.4214501389853412], "extents": [0.32337402589923686, 0.008560270071029677, 0.03637540260838923], "rotate_angle": 16.49, "rotate_angle_pred": 13.550448528732673}