{"centroid": [0.9044654813979681, 0.09072855114936834, 0.41226272791043306], "extents": [0.018181145086608952, 0.5479112267494202, 0.05943179096367107], "rotate_angle": 40.22, "rotate_angle_pred": 36.999775170922504}