{"centroid": [-0.7937741722811704, 0.08938407897949202, 0.45850556797933467], "extents": [0.05870170130545427, 0.39877164363861084, 0.08655352867369726], "rotate_angle": 21.35, "rotate_angle_pred": 27.10653993043394}