{"centroid": [-0.4614715967746563, 0.44000567495822895, 0.491259086631042], "extents": [0.3194707068687058, 0.0002526342868805487, 0.038397476469727965], "rotate_angle": 27.86, "rotate_angle_pred": 29.476846326764544}