{"centroid": [0.007557593471765019, -0.014151960611343432, 0.2655580145267326], "extents": [0.013459592998664366, 0.2952035665512085, 0.0320585815694093], "rotate_angle": -0.3, "rotate_angle_pred": -2.5535841172233944}