{"centroid": [0.0721574653992941, 0.41585816442966456, 0.24238347267106783], "extents": [0.019856095686580623, 0.2740195691585541, 0.041938722920521754], "rotate_angle": 23.19, "rotate_angle_pred": 24.006521067350164}