{"centroid": [0.03969000180186935, -0.3948844373226166, 0.2671474486057602], "extents": [0.010298594965090196, 0.34213250875473017, 0.020856384456615473], "rotate_angle": 29.61, "rotate_angle_pred": 27.131047748835016}