{"centroid": [0.021736013726730712, 0.009748592972755373, 0.2625300765748888], "extents": [0.02209702111472391, 0.2971811890602111, 0.035384516800178095], "rotate_angle": 20.17, "rotate_angle_pred": 19.906920218625785}