{"centroid": [-0.004660361690437532, -0.34621892869472504, 0.2497103996063038], "extents": [0.00490662456712898, 0.31707683205604553, 0.031186731605572504], "rotate_angle": -6.17, "rotate_angle_pred": -8.61007520247837}