{"centroid": [0.31078347421075314, 0.35046876221895207, 0.3976177820925179], "extents": [0.4807986291903108, 0.020787790417671315, 0.05747588691427863], "rotate_angle": -41.39, "rotate_angle_pred": -39.38529849029853}