{"centroid": [0.13296456872571882, -0.3435263559222222, 0.24404108766364155], "extents": [0.003583714445072106, 0.1549292951822281, 0.017594583720950796], "rotate_angle": -6.83, "rotate_angle_pred": -5.736352954369963}