{"centroid": [0.005649468085891722, -0.20330332964658746, 0.4226424505378552], "extents": [0.8878763778967925, 0.024414196610450883, 0.07414241022271034], "rotate_angle": -37.68, "rotate_angle_pred": -37.65845901291874}