{"centroid": [0.02333100510696065, 0.682268600910902, 0.396783594604891], "extents": [0.9248144798720945, 0.010202251374721638, 0.08482293942469776], "rotate_angle": 24.37, "rotate_angle_pred": 22.95231917232843}