{"centroid": [-0.23245313826990122, -0.37146060168743134, 0.30194111969352266], "extents": [0.0057697594126617235, 0.27586022019386286, 0.034941289550177446], "rotate_angle": 33.16, "rotate_angle_pred": 32.09761849814103}