{"centroid": [-0.18226556354281742, -0.11521682143211369, 0.27903057717795676], "extents": [0.016821846759598746, 0.29347062110900873, 0.044157744487372697], "rotate_angle": 8.47, "rotate_angle_pred": 8.46560088473339}