{"centroid": [-0.1539107378162593, 0.2992356419563293, 0.2748722767671306], "extents": [0.008087903189183787, 0.3002132773399353, 0.02940161127499935], "rotate_angle": 0.84, "rotate_angle_pred": 1.7963330802926407}