{"centroid": [0.0010275725324391475, 0.18093416839838017, 0.4601523777714324], "extents": [0.011902406483560422, 0.21520249545574188, 0.03203218341966768], "rotate_angle": -8.83, "rotate_angle_pred": -9.725678592430029}