{"centroid": [-0.05888340167303827, 0.11477074120193714, 0.27798634850004844], "extents": [0.019254490800651704, 0.25383031368255615, 0.03920596106684732], "rotate_angle": 39.02, "rotate_angle_pred": 38.8397495543617}