{"centroid": [-0.03963657442115133, 0.19414635002613062, 0.4324160971697393], "extents": [0.027946382368221296, 0.19592112302780154, 0.035576901829896146], "rotate_angle": -27.58, "rotate_angle_pred": -28.673437692872938}