{"centroid": [0.0036177019171256264, 0.28747925162315363, 0.4571578010892404], "extents": [0.4977068802031197, 0.008791744709014948, 0.05897307278593905], "rotate_angle": -25.05, "rotate_angle_pred": -24.55352758537944}