{"centroid": [-0.021640610255246953, 0.6271930634975432, 0.3943162353887448], "extents": [0.6148096341989504, 0.0008537173271179199, 0.06710768511742654], "rotate_angle": -0.66, "rotate_angle_pred": -2.983737923169656}