{"centroid": [-0.013485329368535255, 0.2711464241147041, 0.38893963423910877], "extents": [0.6597216086473245, 0.009607121348381098, 0.061641878979565023], "rotate_angle": 5.39, "rotate_angle_pred": 3.1072722828640025}