{"centroid": [-0.03296879993777518, 0.6209827326238154, 0.4786515843801431], "extents": [0.46206310434149955, 0.026754193007946014, 0.07086183882351321], "rotate_angle": 28.93, "rotate_angle_pred": 27.27062045756891}