{"centroid": [0.007544124113070712, 0.25247429311275477, 0.2742342853907899], "extents": [0.007230386187751939, 0.283855676651001, 0.03600510234592491], "rotate_angle": -36.45, "rotate_angle_pred": -40.28292860691313}