{"centroid": [0.033354937050499724, -0.0046177357435226996, 0.23501875806485018], "extents": [0.00480121374594103, 0.2772757411003113, 0.03487851101549477], "rotate_angle": -9.8, "rotate_angle_pred": -12.063559183586193}