{"centroid": [-0.08019290680219314, 0.0038758665323256336, 0.6259399857244032], "extents": [0.04055412039344002, 0.20778962969779968, 0.04430010833614839], "rotate_angle": -31.71, "rotate_angle_pred": -29.944656445445737}