{"centroid": [0.08679633093634097, 0.35615193843841547, 0.36041427211706756], "extents": [0.049169159883322926, 0.21322309970855713, 0.06616393403745235], "rotate_angle": 37.71, "rotate_angle_pred": 39.00655228584978}