{"centroid": [-0.14265580293712962, 0.38753234595060343, 0.29507842637784243], "extents": [0.0788578148512877, 0.17959295213222504, 0.05294543004318186], "rotate_angle": -4.76, "rotate_angle_pred": 0.32481347471998845}