{"centroid": [0.05701499529757718, -0.09118869900703434, 0.26590498117420863], "extents": [0.023831069049630393, 0.26523298025131226, 0.028531643990711952], "rotate_angle": 22.71, "rotate_angle_pred": 21.2707111635267}