{"centroid": [0.07367887369030007, 0.4012662470340729, 0.21668900711695707], "extents": [0.03980831065976303, 0.2628313302993775, 0.025686807989466126], "rotate_angle": -20.9, "rotate_angle_pred": -20.59589437070308}