{"centroid": [0.011995165595805327, -0.37812829017639166, 0.2682215398336709], "extents": [0.023650169087196374, 0.30280220508575445, 0.016200553430346765], "rotate_angle": 5.39, "rotate_angle_pred": 3.5027907847250503}