{"centroid": [0.0069913652587212235, 0.40524137765169144, 0.22420980166125856], "extents": [0.018828109039476522, 0.2412858158349992, 0.019704103608754686], "rotate_angle": -40.96, "rotate_angle_pred": -41.28102577475367}