{"centroid": [0.04512730409403372, -0.06389811635017398, 0.20948405782983476], "extents": [0.018754199253398142, 0.28011980652809143, 0.025667425390358378], "rotate_angle": -32.92, "rotate_angle_pred": -34.59967962845327}