{"centroid": [-0.002430430412850875, 0.37854836881160736, 0.46988188800767366], "extents": [0.045597404769385785, 0.2341261208057404, 0.04604619049683656], "rotate_angle": -10.04, "rotate_angle_pred": -10.528449663186848}