{"centroid": [-0.059845210051665244, 0.3954391777515411, 0.48792247593457455], "extents": [0.015852645685439343, 0.27335935831069946, 0.05352429518619528], "rotate_angle": -37.62, "rotate_angle_pred": -37.37412918906207}