{"centroid": [0.3522889506602857, 0.2353178486227988, 0.45152426466729717], "extents": [0.0017314851103915618, 0.5198962092399597, 0.032956108108074256], "rotate_angle": 8.25, "rotate_angle_pred": 7.860170803689897}