{"centroid": [-0.010064558537948597, 0.18817429989576331, 0.5963464534476605], "extents": [0.9777495720748708, 0.0011012703180314498, 0.07925954347362207], "rotate_angle": -41.27, "rotate_angle_pred": -41.6955533953132}