{"centroid": [0.02743008189660312, 0.6333085373044013, 0.6092392607748417], "extents": [0.9643411598080465, 0.0008880048990251854, 0.0805913802763164], "rotate_angle": 36.83, "rotate_angle_pred": 36.07732931723406}