{"centroid": [0.0032410726016961974, -0.37098652124404913, 0.5565276102945275], "extents": [0.9513383834560052, 0.02610021829605108, 0.06549214386381164], "rotate_angle": -7.51, "rotate_angle_pred": -9.239429875107092}