{"centroid": [-0.05322614010913196, 0.03526838868856423, 0.3328110580318188], "extents": [0.051765747298936134, 0.2734779119491577, 0.01854469624655769], "rotate_angle": 44.49, "rotate_angle_pred": 38.79184777718285}