{"centroid": [0.019280204832279872, -0.535142570734024, 0.2953738524074167], "extents": [0.015618160175894496, 0.30234783887863154, 0.012545276279714468], "rotate_angle": 40.86, "rotate_angle_pred": 36.43875290677879}