{"centroid": [-0.0070983430350192445, -0.15434861183166507, 0.2680334092707816], "extents": [0.02235856641236082, 0.29218006134033203, 0.026594556736953656], "rotate_angle": 28.26, "rotate_angle_pred": 27.303381621566587}