{"centroid": [-0.021065741814837377, -0.08438977599143985, 0.24318961803477138], "extents": [0.010572910511986767, 0.2996501922607422, 0.026772883303789963], "rotate_angle": -26.96, "rotate_angle_pred": -29.301757327977214}