{"centroid": [0.04433742641470584, 0.2309608086943626, 0.26839815397411015], "extents": [0.012746974450821853, 0.28547245264053345, 0.034087772409547024], "rotate_angle": 3.27, "rotate_angle_pred": 2.12204886334041}