{"centroid": [0.02183486502327281, -0.019738674163818443, 0.3780214386321652], "extents": [0.9826673247929258, 0.017751678824424785, 0.08823728542237103], "rotate_angle": -4.46, "rotate_angle_pred": -6.363406849377128}