{"centroid": [-0.01786667004083943, -0.11916564032435431, 0.6901825087206848], "extents": [1.236924675451113, 0.007072262465953938, 0.0970120302287526], "rotate_angle": -18.99, "rotate_angle_pred": -20.70600770490573}