{"centroid": [0.35850058391413764, 0.018136441707611008, 0.5450727790863261], "extents": [0.013640299373284537, 0.7679247260093689, 0.11189080720524958], "rotate_angle": 18.97, "rotate_angle_pred": 21.024500166919267}