{"centroid": [-0.0334428979949279, 0.5039116740226744, 0.3951931028008132], "extents": [0.9425436299814489, 0.028114259243011586, 0.09049549738673152], "rotate_angle": -14.54, "rotate_angle_pred": -17.39719245224377}