{"centroid": [-0.007132437825824678, -0.002872891724109726, 0.36153574456415716], "extents": [0.9532204686509822, 0.029178768396377664, 0.08985124358833568], "rotate_angle": 24.18, "rotate_angle_pred": 23.242483369970913}