{"centroid": [-0.019588392118502426, 0.5704097561538218, 0.46510278544511796], "extents": [0.8337202227289428, 0.016707025468349457, 0.10852515154374193], "rotate_angle": -12.7, "rotate_angle_pred": -15.581279504274008}