{"centroid": [-0.004921142153493006, 0.07392735406756394, 0.44356598447760864], "extents": [0.8513885620706687, 0.03611706942319873, 0.09028941270136898], "rotate_angle": 1.24, "rotate_angle_pred": -1.862016633906478}