{"centroid": [0.0105474893114769, -0.09535201638937005, 0.4007121167958031], "extents": [0.8540677058385031, 0.05744591355323796, 0.07410255270749655], "rotate_angle": 8.75, "rotate_angle_pred": 6.897862045699583}