{"centroid": [-0.03064036245135087, 0.526765689253807, 0.416697607053284], "extents": [0.850706703997485, 0.01917836070060741, 0.08968836893100968], "rotate_angle": 35.99, "rotate_angle_pred": 34.67783527331319}