{"centroid": [-0.005614539989609195, 0.551656823605299, 0.440411414432376], "extents": [0.7653808617287922, 0.03561779111623775, 0.11309316789120932], "rotate_angle": -28.79, "rotate_angle_pred": -31.685697794750254}