{"centroid": [-0.003256500893837805, 0.007927463389933019, 0.41445052231247714], "extents": [0.7992341449820095, 0.03967151045799261, 0.08446713464496819], "rotate_angle": -8.14, "rotate_angle_pred": -11.251634128645705}