{"centroid": [0.4540080130447571, -0.024992913007736303, 0.469414538275024], "extents": [0.032275334101518505, 0.8330076336860657, 0.11198084091395905], "rotate_angle": -6.49, "rotate_angle_pred": -0.8453532885119017}