{"centroid": [-0.01511536483277931, 0.06992081552743899, 0.5272949675540269], "extents": [1.1200373195318452, 0.04550886899232877, 0.12348705555037937], "rotate_angle": 25.93, "rotate_angle_pred": 23.96352125027596}