{"centroid": [0.2242279903750133, 0.021087467670440577, 0.6073175600015305], "extents": [0.04933550243218038, 0.8176308274269104, 0.12178768302509402], "rotate_angle": 7.2, "rotate_angle_pred": 11.318077701261458}