{"centroid": [-0.013869294245506189, -0.08169608190655715, 0.40391992132115084], "extents": [0.9094457766829804, 0.02017188817262662, 0.08705409750709153], "rotate_angle": -27.14, "rotate_angle_pred": -28.896528035494548}