{"centroid": [0.08802981150390896, -0.04175483528524636, -0.062178198258051307], "extents": [0.1007356508330311, 0.05511327087879182, 0.10318926116733301], "rotate_angle": -10.1, "rotate_angle_pred": -9.664083260520314}