{"centroid": [-0.262521273867597, 0.02647496759891509, -0.06926576499281784], "extents": [0.08432965774368018, 0.05008912086486819, 0.09721972104435445], "rotate_angle": 40.24, "rotate_angle_pred": 23.40550002195738}