{"centroid": [0.20692575599781626, 0.05247050523757926, 0.3742844013349822], "extents": [0.4606336710174854, 1.6256504058837888, 0.002290166942776617], "rotate_angle": 7.13, "rotate_angle_pred": 0.5775002376474561}