{"centroid": [-0.1938926770463585, 0.010990142822265486, 0.4211724976668873], "extents": [0.36176637710665016, 1.5857832431793217, 0.07717796606153449], "rotate_angle": 31.63, "rotate_angle_pred": 29.130866027456918}