{"centroid": [0.008098577587103084, -0.26660865545272827, 0.3483346501423512], "extents": [0.8618985408184401, 1.0232247114181519, 0.07753150904453499], "rotate_angle": 20.05, "rotate_angle_pred": 20.89009190054435}