{"centroid": [-0.03216803977082458, -0.08344748616218572, 0.383710534563833], "extents": [1.179645317658637, 0.7001869678497314, 0.04936208650226692], "rotate_angle": -11.59, "rotate_angle_pred": -11.327020774381552}