{"centroid": [-0.06592799883953901, 0.0031286478042601845, 0.4291930568589385], "extents": [0.8614659845082981, 0.8681054711341859, 0.048268805851148566], "rotate_angle": -35.14, "rotate_angle_pred": -32.67146064136715}