{"centroid": [-0.5808916497227363, 0.14280223473906514, 0.38057810973587725], "extents": [0.39328929473916013, 0.025771491229534177, 0.055982704767261415], "rotate_angle": -15.16, "rotate_angle_pred": -16.322976208890083}