{"centroid": [-0.5676929556644731, 0.29884384386241414, 0.35066621058879044], "extents": [0.09698367707401068, 0.04186102375388151, 0.044011394714438545], "rotate_angle": 33.18, "rotate_angle_pred": 32.43234869139833}