{"centroid": [0.007552974095809593, -0.01980310678482064, 0.39085841819685896], "extents": [0.9354415721342071, 0.711970329284668, 0.03831581847320159], "rotate_angle": -15.79, "rotate_angle_pred": -18.9765069253219}