{"centroid": [-0.6099063473281677, -0.09487465023994462, 0.2870032956976039], "extents": [0.4169436701283488, 0.6498714089393616, 0.017947819118765584], "rotate_angle": 40.49, "rotate_angle_pred": 41.694573811126304}