{"centroid": [-0.010862073790113821, -0.14183717966079717, 0.438103794330829], "extents": [1.2877313732996374, 0.7823872566223146, 0.09897657953916839], "rotate_angle": -17.48, "rotate_angle_pred": -21.014004338770718}