{"centroid": [-0.39570877139844296, -0.01927113533020023, 0.3404265156151102], "extents": [0.8126393563771184, 0.5694869756698608, 0.03482984009480966], "rotate_angle": -17.92, "rotate_angle_pred": -13.870842757566251}