{"centroid": [-0.043077331402653546, 0.11910504102706915, -0.39763099970926136], "extents": [0.6681675736173265, 1.329573750495911, 1.258208361138917], "rotate_angle": -29.46, "rotate_angle_pred": -25.901014554745572}