{"centroid": [-0.05485791241778096, -0.1942698061466217, 0.4344992947003966], "extents": [0.8268040282611717, 0.9429885745048523, 0.0676726687742959], "rotate_angle": -44.18, "rotate_angle_pred": -39.75371315348463}