{"centroid": [-0.24178059028189147, -0.10673373937606818, 0.28985014720845315], "extents": [0.3704123510253061, 0.8726973533630371, 0.004337500796336435], "rotate_angle": 12.8, "rotate_angle_pred": 15.676653311765605}