{"centroid": [-0.6701245708550283, -0.08377426862716675, 0.28947880689736266], "extents": [0.1719628318662264, 0.700991153717041, 0.27661690827269214], "rotate_angle": -16.18, "rotate_angle_pred": -18.043260619386118}