{"centroid": [-0.010044176903342632, 0.5943571180105208, 0.3253650338654756], "extents": [0.6484234942075447, 0.49488189816474915, 0.11406244360410317], "rotate_angle": -0.52, "rotate_angle_pred": -1.2785587177736488}