{"centroid": [-0.017385444160853587, 0.5964272320270537, 0.3208674561870617], "extents": [0.780684455944358, 0.542980432510376, 0.12765747060409527], "rotate_angle": 5.97, "rotate_angle_pred": 6.839128099265466}