{"centroid": [-0.04162275266521317, -0.2801457643508911, 0.3373724777790235], "extents": [0.7942477621695345, 1.1954834461212158, 0.08289653226703464], "rotate_angle": -31.77, "rotate_angle_pred": -28.7968292957421}