{"centroid": [-0.23944449526807893, 0.022167742252349826, 0.2367884791512031], "extents": [0.3746413156185866, 1.6721843481063843, 0.08356297461615547], "rotate_angle": 31.73, "rotate_angle_pred": 38.258843414055434}