{"centroid": [0.21484175377759096, 0.014796793460845947, 0.15478550854133574], "extents": [0.6383729587813576, 1.6409633159637451, 0.008122015758128015], "rotate_angle": 6.64, "rotate_angle_pred": 4.394227864443721}