{"centroid": [0.007571727064020192, -0.20926040410995483, 0.31275954334152867], "extents": [0.7112837010622683, 1.3432215452194214, 0.03534401666583398], "rotate_angle": 42.82, "rotate_angle_pred": 43.23239981583359}