{"centroid": [0.1820412199775956, 0.007859349250793485, 0.18616801794952245], "extents": [0.5156133042566349, 1.5120868682861326, 0.041069905150898256], "rotate_angle": 23.27, "rotate_angle_pred": 23.507257871455494}