{"centroid": [-0.004285697130602915, -0.25802356004714966, 0.3444024839557825], "extents": [0.626096470467931, 1.232848048210144, 0.03851798819838265], "rotate_angle": 29.78, "rotate_angle_pred": 29.530016700326016}