{"centroid": [0.0169987676594536, 0.04280591011047363, 0.23100703352552476], "extents": [0.5812001754436722, 1.488613486289978, 0.07743851747305788], "rotate_angle": -5.68, "rotate_angle_pred": -8.85460825103749}