{"centroid": [0.03108819974505067, -0.2535831928253174, 0.35252036563923034], "extents": [0.6715376914531277, 1.2307608127593994, 0.11438560385988655], "rotate_angle": -28.18, "rotate_angle_pred": -31.958137225413935}