{"centroid": [0.017606623321977523, 0.603014975786209, 0.31470448967276915], "extents": [0.6620882704315136, 0.48399996757507335, 0.1196499235202626], "rotate_angle": 15.56, "rotate_angle_pred": 14.621900468310585}