{"centroid": [-0.00016768229884285557, -0.18377101421356212, 0.3590896224439837], "extents": [0.6789471037186843, 1.4151289463043217, 0.048521437652507216], "rotate_angle": -38.9, "rotate_angle_pred": -44.45411795196157}