{"centroid": [-0.024034248196009404, -0.4661202132701874, 0.2831228081602324], "extents": [0.6597587288967653, 0.7464928030967712, 0.04582292090913237], "rotate_angle": -16.59, "rotate_angle_pred": -19.47834510339122}