{"centroid": [-0.044276399647615775, 0.0022028684616088867, 0.3470436775283016], "extents": [0.6640871145778922, 1.8718191385269165, 0.05956175531621316], "rotate_angle": -40.34, "rotate_angle_pred": -28.274061502216227}