{"centroid": [0.028624169528451482, -0.007632374763488825, 0.2594454546020969], "extents": [0.63634526701557, 1.83641791343689, 0.015937533222573574], "rotate_angle": 32.98, "rotate_angle_pred": 31.529290365146906}