{"centroid": [0.01511584267904769, 0.10049110651016226, 0.4675216726885976], "extents": [0.9841580901678928, 1.2736027240753174, 0.05640715684282055], "rotate_angle": 16.49, "rotate_angle_pred": 15.372902253042355}