{"centroid": [-0.014631357302833922, -0.012572407722473228, -0.47176926419763493], "extents": [1.5536849106239519, 0.8253284692764282, 0.009971140631971243], "rotate_angle": 9.78, "rotate_angle_pred": -170.5859833708567}