{"centroid": [-0.5388149569312294, 0.14863339066505438, 0.18117179734488945], "extents": [0.412662332069941, 0.42462852597236644, 0.035316411814915155], "rotate_angle": -28.98, "rotate_angle_pred": -29.36832053557798}