{"centroid": [0.528410873057465, 0.14737937599420536, 0.19159609419423498], "extents": [0.4044028839357997, 0.40403065085411083, 0.020337637618233873], "rotate_angle": -42.34, "rotate_angle_pred": -44.63421015222836}