{"centroid": [0.31230641123675096, -0.17559662461280823, 0.2121888272531872], "extents": [0.1628844643164555, 0.7716041207313538, 0.01961002936610154], "rotate_angle": 29.77, "rotate_angle_pred": 28.692582867029245}