{"centroid": [0.2715249479531445, -0.15885213017463673, -0.3529856433288275], "extents": [0.13501418778195, 0.8555513024330137, 0.02518705958625489], "rotate_angle": 27.36, "rotate_angle_pred": 26.795323897100346}