{"centroid": [0.38218788150907, -0.0938086956739426, 0.28232486107430527], "extents": [0.3918278427585297, 0.43811634182929987, 0.023165072726960778], "rotate_angle": 13.24, "rotate_angle_pred": 10.595140335924299}