{"centroid": [0.1305643588116234, -0.018143177032470745, 0.2682465234603288], "extents": [0.3293125273598683, 0.6552560329437255, 0.03442021771453457], "rotate_angle": -21.93, "rotate_angle_pred": -19.10537138590226}