{"centroid": [-0.08168767372834189, 0.24594530090689656, 0.1949872730054167], "extents": [0.108935757929951, 0.055199556052684784, 0.04227398314918587], "rotate_angle": 39.25, "rotate_angle_pred": 40.916859535395076}