{"centroid": [-0.5228447666324512, 0.42048367299139505, 0.28484182239166556], "extents": [0.09412459270287998, 0.05173133686184883, 0.03494047368418246], "rotate_angle": -11.62, "rotate_angle_pred": -5.979795773724476}