{"centroid": [0.23160989904792434, -0.31735002994537354, 0.1729491176615829], "extents": [0.5075954370061108, 1.1016308069229126, 0.008058592948958027], "rotate_angle": 33.21, "rotate_angle_pred": 31.146892576073995}