{"centroid": [0.012356234013678555, 0.14476430416107167, 0.5838905077172605], "extents": [0.385965097386633, 1.0874837636947632, 0.07136849101609422], "rotate_angle": -15.09, "rotate_angle_pred": -13.829377901362605}