{"centroid": [-0.006493870852320449, -0.22499153017997742, 0.273879105124867], "extents": [1.4949873913874687, 0.7500558495521547, 0.027989678511792848], "rotate_angle": 16.38, "rotate_angle_pred": 16.262700049586115}