{"centroid": [-0.232683100597195, -0.36514607071876526, 0.24584156995127301], "extents": [0.47800708870745084, 0.9503321051597595, 0.016764575985067975], "rotate_angle": -6.06, "rotate_angle_pred": -10.713281210721348}