{"centroid": [-0.38378666949722057, -0.09798917174339306, 0.4021431330192564], "extents": [0.6715357429250305, 0.7974061369895935, 0.029689122546822544], "rotate_angle": 27.17, "rotate_angle_pred": 28.536979029551915}