{"centroid": [-0.3626641382012643, -0.0037234723567964104, 0.3936439251362546], "extents": [0.6900871921045779, 0.7692831754684449, 0.02801249892474622], "rotate_angle": 22.04, "rotate_angle_pred": 20.862048850930222}