{"centroid": [-0.002058957041730619, -0.23122820258140564, 0.291758061602565], "extents": [1.5450103134788846, 0.7612702250480653, 0.03233128755087028], "rotate_angle": 17.74, "rotate_angle_pred": 16.188225423139215}