{"centroid": [0.027019814931700768, 0.06262820959091177, 0.5394533784914685], "extents": [0.36798644451619134, 1.3597136735916138, 0.02749814494468461], "rotate_angle": 13.37, "rotate_angle_pred": 13.850716238142354}