{"centroid": [-0.41280539101404334, 0.27882105112075795, 0.292569512325132], "extents": [0.6461594706707172, 1.0723358392715454, 0.051819067495644744], "rotate_angle": 5.38, "rotate_angle_pred": 25.021627751896574}