{"centroid": [0.011584419925968599, -0.09046870470046998, 0.4303095948196717], "extents": [0.7356762538242101, 1.0347906351089478, 0.020941444447960755], "rotate_angle": 36.07, "rotate_angle_pred": 36.44470696855525}