{"centroid": [0.046234279652134024, 0.05824136734008778, 0.557658598454844], "extents": [0.40571952921733245, 1.4369938373565672, 0.061715436842378346], "rotate_angle": -25.7, "rotate_angle_pred": -31.96155341545923}