{"centroid": [0.34818950737008303, -0.10264295339584352, 0.40571841312907014], "extents": [0.6862280275662819, 0.8059955835342407, 0.023974395962990003], "rotate_angle": 32.02, "rotate_angle_pred": 34.55708661406669}