{"centroid": [0.3574074249982872, -0.09034860134124756, 0.40385263907559404], "extents": [0.6595546097980092, 0.8090836405754089, 0.027632933490521427], "rotate_angle": 35.09, "rotate_angle_pred": 36.35009400213997}