{"centroid": [-0.35202239672461444, -0.10328292846679694, 0.424694106825457], "extents": [0.6992180412997843, 0.8224025964736937, 0.03478556904027691], "rotate_angle": -5.28, "rotate_angle_pred": -7.823334184191978}