{"centroid": [0.33522162394303995, -0.1005941033363343, 0.41892440274275605], "extents": [0.6829141579806932, 0.824176549911499, 0.02356155286181366], "rotate_angle": 9.89, "rotate_angle_pred": 11.666576035772934}