{"centroid": [-0.6286218160697976, -0.0697673559188843, 0.2730331765736168], "extents": [0.5141668214409234, 0.6600308418273926, 0.03482760417665809], "rotate_angle": 4.6, "rotate_angle_pred": 7.387339997324688}