{"centroid": [0.588915920872821, -0.056793510913848995, 0.21713222565989332], "extents": [0.48043975134257677, 0.6340300440788269, 0.023418318431620122], "rotate_angle": -28.8, "rotate_angle_pred": -34.719132907400294}