{"centroid": [-0.31325090018268587, 0.13415119051933277, 0.42516168814986866], "extents": [0.6345564671098821, 1.0965615510940552, 0.020290221852953705], "rotate_angle": 17.57, "rotate_angle_pred": 17.82199875199423}