{"centroid": [-0.33447872435571235, 0.11768746376037592, 0.4751381528482414], "extents": [0.655424253642389, 0.8351065516471864, 0.03418791007067434], "rotate_angle": -33.46, "rotate_angle_pred": -32.59723108336058}