{"centroid": [0.24932806803864999, 0.18252423405647267, 0.47578539069313297], "extents": [0.609585892627725, 1.084079623222351, 0.028378513240792047], "rotate_angle": -36.48, "rotate_angle_pred": -31.953797215543723}