{"centroid": [0.2416563293933882, -0.33105525374412537, 0.28023879690638476], "extents": [0.519500914130198, 0.9998236298561095, 0.017979916285319364], "rotate_angle": -42.03, "rotate_angle_pred": -39.302913775139864}