{"centroid": [-0.02092293656390272, -0.031153380870819196, 0.5061678479165571], "extents": [0.8090954946285436, 0.9389883279800413, 0.03249936521649205], "rotate_angle": 3.12, "rotate_angle_pred": 4.316603178694322}