{"centroid": [-0.03276078608851296, -0.34527313709259033, 0.26198736507524745], "extents": [0.519954366272381, 1.2762736082077026, 0.022647376358713944], "rotate_angle": 23.72, "rotate_angle_pred": 23.23830988821291}