{"centroid": [-0.022211285027933875, 0.607271134853363, 0.2546011991599903], "extents": [0.534306273838288, 0.652204990386963, 0.013152051374223206], "rotate_angle": 32.62, "rotate_angle_pred": 35.12777521095728}