{"centroid": [-0.3390385380670011, 0.11334282159805288, 0.44049812989503656], "extents": [0.6253322865699942, 1.0667070150375366, 0.022546145728804645], "rotate_angle": -2.92, "rotate_angle_pred": -5.209540207745988}