{"centroid": [-0.0017689447899602029, -0.5717493891716003, 0.20540744031152516], "extents": [1.0989804475442004, 0.5117515325546265, 0.018729552980345482], "rotate_angle": 9.51, "rotate_angle_pred": 6.564361015187799}