{"centroid": [0.27693391683373036, 0.12831783294677723, 0.4714308309157839], "extents": [0.6271328796068414, 1.0748549699783325, 0.026286754212185792], "rotate_angle": -23.8, "rotate_angle_pred": -20.48926382517955}