{"centroid": [0.4219126691438155, -0.012849211692810072, 0.27155053743822455], "extents": [0.7926477149994057, 0.7916560173034669, 0.033850345573371576], "rotate_angle": 42.94, "rotate_angle_pred": 42.668858521314206}