{"centroid": [0.2786917553761147, 0.010084807872772217, 0.24207457675476882], "extents": [0.9854270118252351, 1.1346186399459839, 0.027169290650050693], "rotate_angle": -5.38, "rotate_angle_pred": -9.76500640356133}