{"centroid": [0.009819329739424829, 0.08326917886734007, 0.5187113539648053], "extents": [0.865186275015401, 1.2573894262313843, 0.01828066820452945], "rotate_angle": -26.43, "rotate_angle_pred": -29.675966730902317}