{"centroid": [0.38227761048613296, 0.0063883364200591625, 0.34212095194265896], "extents": [0.6644786733826021, 0.7535400390625, 0.03093297843582643], "rotate_angle": 18.13, "rotate_angle_pred": 14.448700032690766}