{"centroid": [-0.3201222987306832, 0.01282906532287588, 0.3923666178193515], "extents": [0.6389997020671296, 0.7622336745262147, 0.019999187487279912], "rotate_angle": 34.14, "rotate_angle_pred": 35.28204562024278}