{"centroid": [-0.5874768694476789, -0.08939361572265622, 0.25985929394756735], "extents": [0.49771726605619393, 0.609678864479065, 0.020295720740797274], "rotate_angle": -41.9, "rotate_angle_pred": -43.75395239095582}