{"centroid": [-0.6181439356060157, 0.3594832606613636, 0.2661619248127726], "extents": [0.18779349098888642, 0.020893014967441614, 0.038319739978776385], "rotate_angle": -34.38, "rotate_angle_pred": -33.73278520495794}