{"centroid": [0.2975263779779677, -0.05392324924469008, 0.4406696975815811], "extents": [0.6239116045142855, 0.7931441068649292, 0.026939082257242786], "rotate_angle": -20.9, "rotate_angle_pred": -19.468613712016506}