{"centroid": [-0.3523149707324892, -0.04150784015655528, 0.3693926097331674], "extents": [0.5781176021284009, 0.7419501543045045, 0.021173935131002353], "rotate_angle": 36.11, "rotate_angle_pred": 36.95335917291867}