{"centroid": [-0.40643854900697246, -0.05560466647148143, 0.3381229160722906], "extents": [0.7345834800372496, 0.8651005625724794, 0.03258623107316233], "rotate_angle": 36.1, "rotate_angle_pred": 35.50150305410982}