{"centroid": [0.34595501867552825, -0.05884933471679696, 0.3301533941896602], "extents": [0.7051774322119435, 0.8391382098197937, 0.018853362806719842], "rotate_angle": -9.16, "rotate_angle_pred": -12.332209377011978}