{"centroid": [-0.40464276284419914, -0.005031585693359375, 0.31547981083985416], "extents": [0.6918756447611534, 0.836288332939148, 0.016710128832820137], "rotate_angle": -31.54, "rotate_angle_pred": -25.590160213172226}