{"centroid": [-0.001455300120606337, -0.12405192852020268, 0.37372012940184535], "extents": [0.9378215727200481, 1.0059790611267094, 0.021987289323029124], "rotate_angle": -23.16, "rotate_angle_pred": -28.857385693926787}