{"centroid": [0.210588387819714, 0.5601640343666077, 0.22326767649544096], "extents": [0.46891515206357687, 0.5535197257995607, 0.0024052821992041062], "rotate_angle": -42.27, "rotate_angle_pred": -41.528618723473734}