{"centroid": [-0.22386316889557728, -0.3405025005340576, 0.22988051347618207], "extents": [0.4680834922289392, 1.1260027885437012, 0.02099388054035972], "rotate_angle": 6.32, "rotate_angle_pred": 4.102203957299523}