{"centroid": [0.011186338153335453, -0.11530297994613653, 0.41199719905352067], "extents": [0.9225338254820361, 1.0287449359893799, 0.02079546486155298], "rotate_angle": 24.61, "rotate_angle_pred": 24.31126646369779}