{"centroid": [-0.2547336445039384, 0.546445995569229, 0.23217107443598692], "extents": [0.4939781708743362, 0.6172218322753907, 0.009859144654395968], "rotate_angle": 37.69, "rotate_angle_pred": 38.61486886599715}