{"centroid": [-0.3213999317193891, 0.46290116012096394, 0.29375242131457946], "extents": [0.6465279978842792, 0.6142290234565734, 0.023352913279788556], "rotate_angle": -5.18, "rotate_angle_pred": -2.4983245835911276}