{"centroid": [0.2818632596321205, 0.023282945156097357, 0.259268511199795], "extents": [0.5623870432935429, 1.5460395812988281, 0.018205579179119302], "rotate_angle": -37.33, "rotate_angle_pred": -40.43263484291239}