{"centroid": [-0.2751711989967518, -0.3370467722415924, 0.2729330427376186], "extents": [0.5659493809689591, 0.9508280158042908, 0.03680212054390486], "rotate_angle": 35.15, "rotate_angle_pred": 27.062864125775008}