{"centroid": [-0.008547510210171985, -0.07541653513908389, 0.2677311492217484], "extents": [0.6068223721272775, 0.5417398810386659, 0.011196192365854007], "rotate_angle": 27.02, "rotate_angle_pred": 27.58795939396275}