{"centroid": [-0.36117818318764233, -0.06263458728790283, 0.33190711710514686], "extents": [0.6799175016613235, 0.8161707520484925, 0.016268182242920204], "rotate_angle": -34.17, "rotate_angle_pred": -38.504157330276}