{"centroid": [0.017271688851117226, -0.027256876230239903, 0.5370350274339387], "extents": [0.7371104784023574, 0.9944183230400085, 0.025945830486016397], "rotate_angle": 40.45, "rotate_angle_pred": 41.97594521145365}