{"centroid": [-0.024581201918551177, -0.014513194561004666, 0.25315206261621204], "extents": [0.5206230792771438, 1.3768327236175537, 0.09197940525363354], "rotate_angle": 13.52, "rotate_angle_pred": 14.899348557925066}