{"centroid": [-0.14605508379865279, -0.045004844665527385, 0.22033754251697918], "extents": [0.3329412567884662, 0.6364840269088744, 0.014142390037891417], "rotate_angle": 35.44, "rotate_angle_pred": 34.27648062767949}