{"centroid": [0.6859283335458709, -0.04930967092514052, 0.20026483293760738], "extents": [0.4912288748846799, 0.6046655178070068, 0.012441692782326041], "rotate_angle": -42.2, "rotate_angle_pred": -44.94182174766731}