{"centroid": [-0.33348630734489904, -0.09490403532981878, 0.3057155664077952], "extents": [0.640749269595437, 0.8195543885231018, 0.02118736112845604], "rotate_angle": -3.42, "rotate_angle_pred": -4.882139224922966}