{"centroid": [0.35662879997176283, -0.033243864774703986, 0.34130705187338095], "extents": [0.8343915279282809, 0.8376037478446962, 0.02593681196345199], "rotate_angle": 40.7, "rotate_angle_pred": 48.49926399519509}