{"centroid": [0.2884315660272596, -0.3998972773551941, 0.3276843698569869], "extents": [0.6039229667127641, 0.737937331199646, 0.021096572404656233], "rotate_angle": -37.64, "rotate_angle_pred": -36.19977182920892}