{"centroid": [-0.330186142945205, -0.3883586525917053, 0.30452942392526644], "extents": [0.6266862032266972, 0.8079510927200317, 0.0323588543804767], "rotate_angle": -5.73, "rotate_angle_pred": -5.458788335266817}