{"centroid": [-0.24674354262630474, 0.09040552377700796, 0.26998423551102774], "extents": [0.5775841006964465, 1.275208711624146, 0.032855768487545456], "rotate_angle": 24.95, "rotate_angle_pred": 25.570221735059604}