{"centroid": [0.29730745475507403, 0.10400807857513418, 0.26599705472785945], "extents": [0.5986069898055861, 1.276456356048584, 0.02809580350326074], "rotate_angle": -23.08, "rotate_angle_pred": -22.94338804193562}