{"centroid": [-0.30156940289903134, -0.02174323797225959, 0.33910324076172405], "extents": [0.6668730641790919, 0.8285069465637207, 0.02555725079484511], "rotate_angle": 44.9, "rotate_angle_pred": 41.46220969173922}