{"centroid": [0.3454927822166669, -0.09442651271820071, 0.37567938155522085], "extents": [0.6422296127257943, 0.7868744730949402, 0.01911742601062244], "rotate_angle": 7.8, "rotate_angle_pred": 3.191378194498043}