{"centroid": [-0.017938354952399753, 0.12016845494508743, -0.07478286225085669], "extents": [0.5627830722987858, 0.3538886904716493, 0.05640560114666111], "rotate_angle": 15.73, "rotate_angle_pred": -269.4720307072972}