{"centroid": [-0.30963981478536806, -0.34941828250885015, 0.33587814271399496], "extents": [0.6450353428099302, 0.7306600809097292, 0.022311438439848896], "rotate_angle": -38.79, "rotate_angle_pred": -42.63363759105052}