{"centroid": [-0.335461714003788, 0.32558075897395605, 0.3321661043427556], "extents": [0.6952692271367245, 0.6816779375076295, 0.028318487112189095], "rotate_angle": -29.97, "rotate_angle_pred": -24.75653465358053}