{"centroid": [0.35209632495102877, 0.1438191384077071, 0.47797323195701746], "extents": [0.6899902198340913, 0.7833064198493958, 0.02707320813985692], "rotate_angle": 12.06, "rotate_angle_pred": 11.715526187464079}