{"centroid": [0.35214734864609076, 0.06562066078186028, 0.46714833450518506], "extents": [0.6817091628224963, 1.1441752910614014, 0.031953654830878864], "rotate_angle": 40.95, "rotate_angle_pred": 40.18249331961002}