{"centroid": [0.4313582937910722, 0.014301329851150457, 0.33647434729638953], "extents": [0.8067096638556905, 0.6658541560173037, 0.03250741280762426], "rotate_angle": -19.1, "rotate_angle_pred": -18.13739273294874}