{"centroid": [-0.002774561223309116, -0.06043019890785229, 0.549806035166121], "extents": [0.8761790806136922, 0.8517116904258729, 0.029800887522749453], "rotate_angle": -25.41, "rotate_angle_pred": -23.255356952516962}