{"centroid": [0.3320828358351578, -0.0014190077781677385, 0.42093387382858866], "extents": [0.6107128226809294, 0.7593424320220947, 0.02920787764398125], "rotate_angle": 33.24, "rotate_angle_pred": 34.039068350965834}