{"centroid": [-0.03370615673710409, 0.08169198036193837, 0.5420924565383493], "extents": [0.8256043041455595, 1.2188133001327512, 0.027360382909938696], "rotate_angle": 5.24, "rotate_angle_pred": 8.204890468126749}