{"centroid": [-0.3230322314446188, 0.00839358568191513, 0.4136807129524156], "extents": [0.645889992147139, 0.777020812034607, 0.026831604318714786], "rotate_angle": 27.13, "rotate_angle_pred": 27.364977665814195}