{"centroid": [0.2673799707835367, 0.009745895862579373, 0.2133908109182509], "extents": [0.6053614515251249, 1.679401636123657, 0.020447704599397848], "rotate_angle": 44.23, "rotate_angle_pred": 38.366604680655655}