{"centroid": [-2.9625699322965993e-05, -0.08143773674964905, 0.23702610561683743], "extents": [0.5127166466648412, 0.7977020740509033, 0.009792217902709788], "rotate_angle": 37.29, "rotate_angle_pred": 36.47244438109469}