{"centroid": [-0.016341844836415022, -0.6767420470714569, 0.2245234621860905], "extents": [0.49252433993007105, 0.5224631428718567, 0.021365889027669033], "rotate_angle": 22.71, "rotate_angle_pred": 18.51847362758177}