{"centroid": [-0.3652095950178859, -0.06122469902038577, 0.30999966490402336], "extents": [0.706592016351835, 0.8777673244476317, 0.023813578994886397], "rotate_angle": 0.05, "rotate_angle_pred": -2.1898010350896158}