{"centroid": [0.04037268354784444, -0.5579788088798523, 0.3063801942559836], "extents": [0.602328548984288, 0.5863813161849977, 0.022616055241583277], "rotate_angle": -33.03, "rotate_angle_pred": -40.33153563414526}