{"centroid": [-0.000981819477058922, 0.3206194341182709, 0.3021037876615091], "extents": [0.6251688528967032, 1.19549834728241, 0.013225845843166606], "rotate_angle": 9.68, "rotate_angle_pred": 7.741688976073888}