{"centroid": [-0.032465742749812676, -0.05677568912506114, 0.5506148796678], "extents": [0.7739094375899898, 0.9895603656768799, 0.033090106630385474], "rotate_angle": 27.74, "rotate_angle_pred": 27.26136753416624}