{"centroid": [-0.3287452826553164, 0.06342536211013779, 0.42257564550926535], "extents": [0.6337312551170704, 1.109117031097412, 0.01829554166904096], "rotate_angle": 26.58, "rotate_angle_pred": 28.602612693789922}