{"centroid": [0.013297602560498868, 0.07740378379821768, 0.5440249968091437], "extents": [0.6321664959056187, 1.3525826930999756, 0.024450581174467856], "rotate_angle": -22.55, "rotate_angle_pred": -26.573602399632684}