{"centroid": [0.2409320775369157, 0.595979630947113, 0.25501314904964634], "extents": [0.509155988280838, 0.4792214035987855, 0.00880658625843489], "rotate_angle": -23.54, "rotate_angle_pred": -23.653193295932667}