{"centroid": [0.24632373136893637, -0.25261616706848145, 0.19866022734836825], "extents": [0.5040474040416946, 1.2631380558013916, 0.02436088820132587], "rotate_angle": 19.43, "rotate_angle_pred": 14.360180518351683}