{"centroid": [-0.3257392194747528, -0.10152348875999462, 0.4160085074445569], "extents": [0.6344510314252507, 0.8581834435462952, 0.0375191122139959], "rotate_angle": 33.11, "rotate_angle_pred": 33.654702782857925}