{"centroid": [0.32210841611209357, -0.11850926280021679, 0.40830094460012084], "extents": [0.6319113349637588, 0.8375855088233946, 0.023163776756329357], "rotate_angle": -17.03, "rotate_angle_pred": -18.98413657453743}