{"centroid": [0.027061836028028967, -0.12866035103797913, 0.38402704163677553], "extents": [0.8894058416345998, 0.9977938532829286, 0.027968827479038227], "rotate_angle": 43.97, "rotate_angle_pred": 44.84729038526467}