{"centroid": [0.013970245294613375, 0.07770854234695428, 0.3553256454111995], "extents": [0.6161850745331727, 1.634493112564087, 0.027192648740673675], "rotate_angle": -16.91, "rotate_angle_pred": -17.18899701559235}