{"centroid": [0.28327300142938816, -0.3117589950561523, 0.2659851007456835], "extents": [0.5719969715460818, 1.033429741859436, 0.024028214913786206], "rotate_angle": 38.05, "rotate_angle_pred": 39.40046123551886}