{"centroid": [0.31970931052180085, -0.10016548633575445, 0.3395385051124649], "extents": [0.6769517786866809, 0.8708733320236206, 0.02689537456316471], "rotate_angle": -11.33, "rotate_angle_pred": -12.000852210925629}