{"centroid": [0.2373181046998035, 0.530626967549324, 0.24364129905038356], "extents": [0.46737078013369837, 0.61255019903183, 0.008215176904750987], "rotate_angle": -36.45, "rotate_angle_pred": -36.4662861369604}