{"centroid": [-0.2627244703511836, -0.009478196501731904, 0.22600535269575722], "extents": [0.49144763811579656, 0.4726071059703827, 0.011789314702430304], "rotate_angle": -6.61, "rotate_angle_pred": -9.051874336687163}