{"centroid": [0.021165560665223467, -0.1062223911285401, 0.38483899151001744], "extents": [0.7935328380867828, 1.0528895854949951, 0.01756558544548925], "rotate_angle": 25.8, "rotate_angle_pred": 26.62913266823469}