{"centroid": [-0.04238750575227042, -0.017013847827911488, 0.36080038701944056], "extents": [1.5673505388234918, 0.6991298794746401, 0.03143450682051302], "rotate_angle": -29.41, "rotate_angle_pred": -28.76636482090276}