{"centroid": [-0.012070671852039631, -0.07014977931976324, 0.5492702544720275], "extents": [0.7599964992811458, 0.9804073572158813, 0.028427629386933995], "rotate_angle": 42.35, "rotate_angle_pred": 42.246905928024034}