{"centroid": [0.28380025958438265, 0.4372903555631637, 0.27433524106831036], "extents": [0.5409672267730814, 0.6924683451652528, 0.009231228394102786], "rotate_angle": -39.52, "rotate_angle_pred": -39.15261043668635}