{"centroid": [0.22223033824516553, -0.6470427215099334, 0.18660197057074615], "extents": [0.44450417072225357, 0.38811677694320673, 0.020760327536135076], "rotate_angle": 9.78, "rotate_angle_pred": 6.632971137489861}