{"centroid": [-0.2217294897898094, -0.06446737051010139, 0.18428758654158842], "extents": [0.47968314708437115, 0.6519870758056641, 0.013347236058453255], "rotate_angle": 23.43, "rotate_angle_pred": 27.858462052590554}