{"centroid": [0.25726370995252756, -0.3639894723892212, 0.2545470478431068], "extents": [0.5644224944672274, 0.850777268409729, 0.030454207549211132], "rotate_angle": 32.5, "rotate_angle_pred": 34.85166622906256}