{"centroid": [-0.0007684000562137583, 0.6055280566215514, 0.26734300828276797], "extents": [0.5468042564240013, 0.6573413610458374, 0.034275342226384675], "rotate_angle": 6.68, "rotate_angle_pred": 9.227589622133664}