{"centroid": [0.021532005236526902, -0.29454725980758667, 0.23716851786027393], "extents": [0.5544964801243923, 1.205179214477539, 0.03330465111797626], "rotate_angle": 41.51, "rotate_angle_pred": 38.79315234699567}