{"centroid": [0.025062182214533574, -0.5659467577934265, 0.24309915769809481], "extents": [0.46619721756549576, 0.6114535331726074, 0.023075185473334703], "rotate_angle": -17.81, "rotate_angle_pred": -22.440207559014766}