{"centroid": [-0.035560991111728245, -0.6233546435832977, 0.22226758945027209], "extents": [0.4996056242993544, 0.5106156468391418, 0.032231349396844994], "rotate_angle": 14.3, "rotate_angle_pred": 15.8134784883095}