{"centroid": [-0.010076602497435444, 0.6205825209617615, 0.2385907075106332], "extents": [0.5241800654033035, 0.6450920104980469, 0.01210967289878162], "rotate_angle": 41.36, "rotate_angle_pred": 41.696859693131785}