{"centroid": [-0.5499314292320103, -0.06549096107482916, 0.2686774162397491], "extents": [0.4818264823568286, 0.6236612200737, 0.01913725577411607], "rotate_angle": 7.87, "rotate_angle_pred": 5.9508442173713405}