{"centroid": [-0.2016562570858568, -0.42564332485198975, 0.27986577708448185], "extents": [0.42997029794637626, 0.9284299612045288, 0.05807586064371356], "rotate_angle": 10.86, "rotate_angle_pred": -10.151779483381603}