{"centroid": [0.2052708560262911, -0.30435246229171753, 0.17942340826370193], "extents": [0.5164112390630606, 1.0927382707595825, 0.009339835389749085], "rotate_angle": -6.83, "rotate_angle_pred": -10.068702393473032}