{"centroid": [0.033459834584180725, -0.252231627702713, 0.25257509682432144], "extents": [1.4995739646582127, 0.7251427769660951, 0.029518831888573238], "rotate_angle": 31.1, "rotate_angle_pred": 31.686901464074637}