{"centroid": [0.32230133791915094, 0.09798556566238395, 0.44633159884541707], "extents": [0.6253243196137616, 1.0499786138534546, 0.026275158379809982], "rotate_angle": 19.72, "rotate_angle_pred": 21.53870007475004}