{"centroid": [0.2528134498748358, -0.3405110836029052, 0.2500810978890977], "extents": [0.5115470840300445, 0.9497437477111815, 0.020739290677067257], "rotate_angle": 27.95, "rotate_angle_pred": 28.6793736548926}