{"centroid": [0.24656392683591488, 0.5069025456905365, 0.2679727830207781], "extents": [0.514964348313028, 0.6339728236198425, 0.002674318882232185], "rotate_angle": 37.31, "rotate_angle_pred": 42.27026496810183}