{"centroid": [0.26760958253306993, 0.09352213144302356, 0.49295267401545495], "extents": [0.6958384867952416, 1.1549489498138428, 0.03853471815708093], "rotate_angle": -39.3, "rotate_angle_pred": -33.88342078665905}