{"centroid": [-0.01046562890718472, -0.23150348663330084, 0.2446374065636105], "extents": [1.673981197401094, 0.6837688684463502, 0.026070390016135814], "rotate_angle": 27.37, "rotate_angle_pred": 24.425809315225735}