{"centroid": [-0.3885744626389767, -0.07940074801445024, 0.4114941636658678], "extents": [0.6106743183643778, 0.7682020664215088, 0.032485205505275505], "rotate_angle": 24.32, "rotate_angle_pred": 25.76549585504668}