{"centroid": [0.28284399030168045, 0.6357395946979524, 0.24793874664116441], "extents": [0.5000454121342423, 0.4374809861183168, 0.00942409771153993], "rotate_angle": 12.66, "rotate_angle_pred": 16.43131732288721}