{"centroid": [-0.23678317256148196, 0.053257435560226433, 0.21916599280906499], "extents": [0.5185501604228143, 0.6381320357322693, 0.017855845490780148], "rotate_angle": -16.74, "rotate_angle_pred": -12.99347234038953}