{"centroid": [0.006083205605276195, -0.08157464861869815, 0.22752946190198015], "extents": [0.4959051413630623, 0.801544725894928, 0.01246245603719437], "rotate_angle": 17.4, "rotate_angle_pred": 12.405280745611151}