{"centroid": [0.0036862769900102635, -0.7046745866537094, 0.2409580503948986], "extents": [0.5030668446279867, 0.4571003019809724, 0.025519971151456905], "rotate_angle": 39.67, "rotate_angle_pred": 37.96196893373916}