{"centroid": [0.34054688439779046, -0.04183879494667057, 0.3896421383153883], "extents": [0.5728316909853007, 0.76780766248703, 0.020295269811186956], "rotate_angle": 16.06, "rotate_angle_pred": 14.347047910379487}