{"centroid": [-0.16448589671884628, -0.47962623834609996, 0.3031918981583276], "extents": [0.42173728615809397, 0.8364224433898929, 0.051275983779836276], "rotate_angle": -15.01, "rotate_angle_pred": -38.110718979912726}