{"centroid": [0.24955423085368247, -0.340446263551712, 0.19558344441089037], "extents": [0.4870111543904158, 0.9420368075370787, 0.0250971647395353], "rotate_angle": 25.19, "rotate_angle_pred": 20.527825932747106}