{"centroid": [0.21903588860364864, -0.031661093235015904, 0.22576362136558067], "extents": [0.4680826965826322, 0.571453869342804, 0.015845701111414978], "rotate_angle": -18.92, "rotate_angle_pred": -18.86195978869057}