{"centroid": [-0.22389763636850904, -0.6093149781227112, 0.25747746203350247], "extents": [0.4574030423768139, 0.5759732723236084, 0.02901353740361931], "rotate_angle": -31.65, "rotate_angle_pred": -36.687182949027004}