{"centroid": [-0.2524845684224367, -0.612033486366272, 0.2479254755956563], "extents": [0.470791723436907, 0.4557441473007202, 0.003436274798300276], "rotate_angle": -18.41, "rotate_angle_pred": -19.728949611071613}