{"centroid": [-0.05657344321570215, 0.07985392957925794, 0.24022664183685774], "extents": [0.02768038666932203, 0.29054820537567144, 0.027014964120831847], "rotate_angle": 4.05, "rotate_angle_pred": 5.418534135209626}