{"centroid": [0.24339416181774776, -0.06019911170005799, 0.20843105130593303], "extents": [0.4930126395671482, 0.6073306798934937, 0.017196495178991023], "rotate_angle": 26.04, "rotate_angle_pred": 22.31654849227698}