{"centroid": [-0.014391173179643335, 0.3254649564623832, 0.4028244661911781], "extents": [1.074898948684857, 0.4810081124305726, 0.017778511932973917], "rotate_angle": -44.96, "rotate_angle_pred": -41.391041147562035}