{"centroid": [-0.01707067288089059, -0.3894636332988739, 0.39737680205166104], "extents": [1.0450987492295822, 0.8195340037345887, 0.02724568088937085], "rotate_angle": -19.12, "rotate_angle_pred": -16.73220481997872}