{"centroid": [-0.11967998834139379, -0.010775148868560895, 0.40505034054657063], "extents": [1.1827288688737867, 0.8574759364128115, 0.07426339276563998], "rotate_angle": 34.09, "rotate_angle_pred": 30.418735475674694}