{"centroid": [-0.021128204678617715, -0.3640986382961274, 0.37657632145996134], "extents": [1.0400842123800993, 0.8219627737998962, 0.019769906419066563], "rotate_angle": -6.87, "rotate_angle_pred": -7.6095154609913465}