{"centroid": [-0.009113293528733316, 0.31670658290386183, 0.3797479848753545], "extents": [1.0255676792312025, 0.46868979930877674, 0.016264671910770634], "rotate_angle": 5.14, "rotate_angle_pred": 5.012604920151048}