{"centroid": [-0.5059370354203185, -0.06928873062133789, -0.020637189329666253], "extents": [0.4847362662718412, 1.739729642868042, 0.6284890803583609], "rotate_angle": -15.98, "rotate_angle_pred": -10.323292688222097}