{"centroid": [-0.03872867658092339, 0.4703173041343689, 0.06745699167387043], "extents": [0.807312143799913, 0.3020598888397219, 0.9340576678430048], "rotate_angle": 8.51, "rotate_angle_pred": 8.285915886951486}