{"centroid": [-0.020224543620455712, 0.3438887298107148, -0.014347725124251455], "extents": [0.9233064700835806, 0.26963055133819613, 0.9874181800209552], "rotate_angle": 26.59, "rotate_angle_pred": 25.929610089352394}