{"centroid": [-0.005620094724043588, 0.41591536998748774, 0.0411591597645355], "extents": [0.8353666410449316, 0.26672196388244657, 0.9420732570794692], "rotate_angle": 28.36, "rotate_angle_pred": 25.600091948786343}