{"centroid": [-0.015761498714525736, 0.3297733813524246, 0.03267302128203143], "extents": [0.7965954139279154, 0.28676000237464927, 0.9258167372136722], "rotate_angle": 7.84, "rotate_angle_pred": 7.97797580830688}