{"centroid": [-0.012177727055204, -0.1884498149156571, 0.2957951188311294], "extents": [0.8805791569757411, 0.19393327832222007, 0.5291054149132015], "rotate_angle": 28.46, "rotate_angle_pred": 26.547588294366847}