{"centroid": [-0.0029971984072200628, -0.07055562734603882, 0.03918328304933713], "extents": [0.9643048571873072, 1.2095470428466801, 1.0952362932226207], "rotate_angle": -44.15, "rotate_angle_pred": -38.5757530852955}