{"centroid": [-0.03090026230696264, -0.374278474599123, -1.5929678488624255e-05], "extents": [0.6688974935446991, 0.09943708032369636, 0.9518186221900353], "rotate_angle": 4.34, "rotate_angle_pred": 6.899572505457684}