{"centroid": [0.0032419336758344533, -0.7025074511766434, 0.017098410064355807], "extents": [0.8230294078267268, 0.25465139746665977, 0.9382863742346529], "rotate_angle": -28.71, "rotate_angle_pred": -28.916111863590757}