{"centroid": [-0.013918374394585147, -0.03686237335205078, -0.009938121230682738], "extents": [0.6440271125934579, 0.13600012660026572, 0.8453311306780091], "rotate_angle": 35.01, "rotate_angle_pred": 31.376900357366395}