{"centroid": [-0.030490468861478368, 0.17233295738697052, -0.0072940411188097826], "extents": [0.7058503526108572, 0.13935086131095914, 0.9366133078136294], "rotate_angle": -44.86, "rotate_angle_pred": -38.78607373688001}