{"centroid": [-0.004437593851450122, 0.23738845624029636, 0.07851494042049399], "extents": [1.155521614264491, 0.5009538531303409, 1.1264579130618422], "rotate_angle": -28.35, "rotate_angle_pred": -27.033505775835422}