{"centroid": [-0.5092378187303259, -0.2073635309934617, 0.10901416344390422], "extents": [0.3061995982624315, 0.1576745212078096, 0.37193797564768105], "rotate_angle": 40.23, "rotate_angle_pred": 37.77327885457349}