{"centroid": [-0.4990926394071562, 0.05179696902632711, 0.10693574843906001], "extents": [0.2673246805746472, 0.1590995490550996, 0.3687033577735612], "rotate_angle": 1.77, "rotate_angle_pred": 1.6239732772932882}