{"centroid": [-0.5162104035414611, 0.1856807321310044, 0.05667054551116667], "extents": [0.28946458640093947, 0.14308430254459392, 0.38189213606137784], "rotate_angle": -43.35, "rotate_angle_pred": -36.10684185519986}