{"centroid": [0.5873329143217445, 0.039666507393121726, 0.13772076432377453], "extents": [0.5094824324939765, 0.1678823232650758, 0.3660224300241609], "rotate_angle": 11.22, "rotate_angle_pred": 17.825968317623065}