{"centroid": [0.5400961780848909, 0.14519485086202616, 0.1448403770134458], "extents": [0.5342742271456147, 0.1617981791496278, 0.369462822526015], "rotate_angle": -9.5, "rotate_angle_pred": -6.5165364419271725}