{"centroid": [0.2601170213540257, -0.0032370686531067415, 0.18627739926779258], "extents": [0.5466974845591279, 0.17939063906669633, 0.6546577061813084], "rotate_angle": -12.8, "rotate_angle_pred": -11.164518592305228}