{"centroid": [0.4481139742428354, 0.14704118669033053, 0.13861454511907567], "extents": [0.41092771426306723, 0.16032345592975633, 0.621977271686407], "rotate_angle": 39.72, "rotate_angle_pred": 43.32035170567022}