{"centroid": [-0.015739913089894184, 0.21434764564037323, 0.008875318538271407], "extents": [1.0345493309075184, 0.27236109972000144, 0.572736249656699], "rotate_angle": 36.06, "rotate_angle_pred": 35.37897022184653}