{"centroid": [-0.08569542391769296, -0.005930021405220088, 0.2698564356784072], "extents": [0.3594080816002838, 0.07436351478099834, 0.47379470006304714], "rotate_angle": 0.86, "rotate_angle_pred": 2.802750032463564}