{"centroid": [-0.017304701801005407, 0.15788528323173523, -0.015187298864662881], "extents": [0.9326489607864408, 0.17888686060905468, 0.5257156513887545], "rotate_angle": 1.34, "rotate_angle_pred": 0.5549919088365698}