{"centroid": [-0.21234429016899653, 0.24543240293860452, -0.7108099088649492], "extents": [0.504110499455604, 0.1197550818324091, 0.642493168419789], "rotate_angle": -36.83, "rotate_angle_pred": -26.095405254843584}