{"centroid": [-0.10165047099176906, 0.10832022875547423, -0.5890516293753868], "extents": [0.4553219715946478, 0.10577568411827104, 0.654655462283863], "rotate_angle": -5.9, "rotate_angle_pred": -6.15842458861502}