{"centroid": [0.10409142200001442, 0.06368963792920113, 0.07231814654609431], "extents": [0.49436824528366524, 0.10581073164939894, 0.35429974684173493], "rotate_angle": 41.47, "rotate_angle_pred": 43.496458850456634}