{"centroid": [0.2366774002138089, -0.06291569769382473, 0.014226942157340883], "extents": [0.36567734248976197, 0.145750403404236, 0.6268906945416829], "rotate_angle": 32.67, "rotate_angle_pred": 37.34834841405572}