{"centroid": [0.012345977488888958, -0.3313648253679275, 0.1404257244331781], "extents": [0.9042837553028851, 0.17009815573692338, 0.6121977522481363], "rotate_angle": 36.79, "rotate_angle_pred": 36.36551375923956}