{"centroid": [-0.2600200180778298, 0.17077607661485672, 0.00443056870145489], "extents": [0.3899629028526861, 0.12220284342765823, 0.6173006157597882], "rotate_angle": -3.66, "rotate_angle_pred": -5.269260227966981}