{"centroid": [-0.3249044225847446, 0.1437850259244442, 0.0079064251214475], "extents": [0.30466413748318705, 0.11324452608823792, 0.6308236173976762], "rotate_angle": -2.28, "rotate_angle_pred": -1.4573867484442786}