{"centroid": [-0.1675248945118301, -0.08439726382493976, 0.01597404751226636], "extents": [0.44017046016197525, 0.10968135297298448, 0.6371833584523583], "rotate_angle": 34.53, "rotate_angle_pred": 30.886937037573347}