{"centroid": [0.04098233538545361, -0.2370459288358688, 0.03119672810933421], "extents": [1.0568892974805897, 0.3132524788379672, 1.0456690807092928], "rotate_angle": -42.34, "rotate_angle_pred": -44.52730728996203}