{"centroid": [0.08924085265349459, 0.12129395455121993, 0.05560372470272268], "extents": [0.5133004722089125, 0.1354774981737138, 0.34875770978696186], "rotate_angle": 32.9, "rotate_angle_pred": 34.096752678848674}