{"centroid": [-0.005932797342461819, 0.02244080789387224, 0.08015874431659123], "extents": [0.6231163550626164, 0.10533909499645251, 0.6775187643919096], "rotate_angle": -19.26, "rotate_angle_pred": -17.508150153061663}