{"centroid": [0.04186084182482856, -0.040496725589037, 0.28234931440952554], "extents": [0.12253533296202736, 0.059692360460758376, 0.7268856163323528], "rotate_angle": 14.05, "rotate_angle_pred": 20.490515708391925}