{"centroid": [-0.03546231039148945, -0.0439425446093083, 0.30725236588192695], "extents": [0.16659140834637745, 0.07527398318052307, 0.7262828458092982], "rotate_angle": 38.14, "rotate_angle_pred": 38.8935583341686}