{"centroid": [0.08563528162449782, -0.035728745162487106, 0.2674208035197592], "extents": [0.11494021320279565, 0.053586199879646475, 0.7302137742003173], "rotate_angle": -0.72, "rotate_angle_pred": 3.4050928335752246}