{"centroid": [0.10537641967822636, -0.03352689743041999, 0.26138422492814894], "extents": [0.13176907765163154, 0.05712643265724199, 0.7347015831149848], "rotate_angle": -14.09, "rotate_angle_pred": -9.899347604672755}