{"centroid": [0.24049177700649846, 0.15889377146959305, 0.030996013126107287], "extents": [0.5024803864498976, 0.12914545834064492, 0.4151173223760105], "rotate_angle": -3.82, "rotate_angle_pred": -5.568942546138999}