{"centroid": [0.27347816130010494, -0.25473499298095714, 0.0691328854392515], "extents": [0.4895787336213346, 0.19338274002075212, 0.38231954737109053], "rotate_angle": -21.83, "rotate_angle_pred": -24.38768591200501}