{"centroid": [0.28449791918171285, -0.14222145825624466, 0.028950891659448356], "extents": [0.4578795317325638, 0.14519523084163677, 0.41011129773319505], "rotate_angle": 8.41, "rotate_angle_pred": 5.782370839326106}