{"centroid": [0.021485139965505877, 0.10671785473823547, 0.008495656045228075], "extents": [0.9940397866601025, 0.23447620868682878, 0.6800038305506932], "rotate_angle": 6.01, "rotate_angle_pred": -0.06005063320202453}