{"centroid": [-0.6860549779904068, -0.10246479511260997, 0.12071221650206237], "extents": [0.39159756986826316, 0.24020051956176772, 0.6259784712544765], "rotate_angle": 35.91, "rotate_angle_pred": 34.57376169995638}