{"centroid": [0.506553796309081, -0.12354530394077307, 0.047955736309666416], "extents": [0.37789654587145705, 0.15473738312721266, 0.5972810960802453], "rotate_angle": -31.38, "rotate_angle_pred": -30.184700326084602}