{"centroid": [0.5335517303242692, -0.025423474609851848, 0.02125088155854795], "extents": [0.38764800845398595, 0.15326580405235304, 0.5736005787460369], "rotate_angle": -6.38, "rotate_angle_pred": -5.307130879603548}