{"centroid": [0.32501114045449786, 0.15234231203794477, -0.009435146168807546], "extents": [0.70637571475951, 0.21185141801834126, 0.517456052228144], "rotate_angle": -39.05, "rotate_angle_pred": -36.31615943987707}