{"centroid": [-0.21956689426551484, 0.13195373117923734, 0.034911091525346064], "extents": [0.5956002475575776, 0.15545965731143968, 0.43122321379894935], "rotate_angle": 32.57, "rotate_angle_pred": 35.46467484645821}