{"centroid": [-0.3571657327212105, 0.11949973553419109, 0.11758826821091621], "extents": [0.3730148328581476, 0.11947807669639597, 0.3884471606517269], "rotate_angle": 6.71, "rotate_angle_pred": 14.690425780708367}