{"centroid": [0.3938359640185957, 0.1287000626325607, 0.05367001981074948], "extents": [0.3679989021517529, 0.13266229629516613, 0.44179225462864447], "rotate_angle": -20.74, "rotate_angle_pred": -19.00098130864025}