{"centroid": [-0.3230521613669172, 0.014460582286119426, 0.10847861756827822], "extents": [0.37903446608664904, 0.03732835501432431, 0.46648634279517176], "rotate_angle": 7.45, "rotate_angle_pred": 10.83469456325588}