{"centroid": [0.02583697607586799, -0.03327503800392159, 0.42087308051620476], "extents": [1.389328751916295, 0.26422327756881736, 0.7084932499282308], "rotate_angle": -13.94, "rotate_angle_pred": -18.835219576408875}