{"centroid": [0.011675766478193253, -0.022852994501590708, -0.11217885178401715], "extents": [0.3611018971182559, 0.04283681511878976, 0.24654650793828808], "rotate_angle": -37.43, "rotate_angle_pred": -36.9611367169847}