{"centroid": [0.16258750833901608, -0.016491100192069987, -0.012695524519821458], "extents": [0.3791522965523508, 0.041390739381313414, 0.24278864173477], "rotate_angle": 29.04, "rotate_angle_pred": 35.3423613975598}