{"centroid": [-0.022274229191600096, 0.06576571334153414, 0.02969122409716796], "extents": [0.6237722108185807, 0.14883273839950575, 0.4915962869634696], "rotate_angle": -11.81, "rotate_angle_pred": -9.932268278349667}