{"centroid": [0.0076219399965987075, 0.18244233727455136, 0.0584377617875716], "extents": [0.8059564351607913, 0.2322958409786226, 0.6378540490697157], "rotate_angle": -10.31, "rotate_angle_pred": -9.680568316065902}