{"centroid": [0.13224113965497197, -0.01758534274995327, 0.0314635558859273], "extents": [0.2710172805206171, 0.03431325033307081, 0.1579477026337338], "rotate_angle": 19.78, "rotate_angle_pred": 21.185250002418798}