{"centroid": [-0.013836302885024594, -0.036089671775698676, 0.06776700834175783], "extents": [0.2842503828475282, 0.04917838051915173, 0.1375898739351727], "rotate_angle": 17.55, "rotate_angle_pred": 14.565724530519091}