{"centroid": [-0.038465905341711584, -0.030683090910315507, -0.008378487590045627], "extents": [0.26186433498019346, 0.04760764166712767, 0.16241446176832933], "rotate_angle": -29.82, "rotate_angle_pred": -35.55729300135084}