{"centroid": [-0.011518584147700857, -0.02300773188471794, -0.01175616170597714], "extents": [0.2599728331389238, 0.04403885453939444, 0.15775534061045443], "rotate_angle": -22.42, "rotate_angle_pred": -28.237571234106255}