{"centroid": [0.03900232292442795, -0.01782494597136974, -0.0049684711298003115], "extents": [0.26290023875601765, 0.0377898253500462, 0.15084205882675802], "rotate_angle": -2.73, "rotate_angle_pred": -5.788461253420522}