{"centroid": [0.5460446468161446, 0.11084612458944312, -0.16068557356402116], "extents": [0.31500431454342515, 0.10697279870510112, 0.5988069688904947], "rotate_angle": -43.89, "rotate_angle_pred": -50.05092547176804}