{"centroid": [-0.07095870005909535, 0.05128929018974304, 0.03739859075201327], "extents": [0.5828840920950928, 0.10708141326904314, 0.6077369051884776], "rotate_angle": -36.69, "rotate_angle_pred": -35.167893471716674}