{"centroid": [-0.04170783709411694, 0.16326971724629402, 0.023013477784693627], "extents": [0.9041284380983496, 0.2835254967212679, 0.7959044626964178], "rotate_angle": -26.14, "rotate_angle_pred": -25.94734130578935}