{"centroid": [-0.01168249695730314, 0.14120677486062044, 0.05916435237246775], "extents": [1.01003206276057, 0.2747316062450411, 1.0760269218289242], "rotate_angle": 16.07, "rotate_angle_pred": 18.2239891975763}