{"centroid": [0.2713687911936033, -0.038120068609714536, 0.48276859059638977], "extents": [0.5132495070071181, 0.16030475497245805, 0.5835826289151189], "rotate_angle": 40.96, "rotate_angle_pred": 48.168116905679}