{"centroid": [-0.1585386152921912, -0.07236957550048834, 0.42393865488638083], "extents": [0.5493888155092413, 0.19124406576156633, 0.5764419923546211], "rotate_angle": -27.59, "rotate_angle_pred": -27.2699698023697}