{"centroid": [-0.27972495705274747, -0.3378581628203392, 0.32123056599507793], "extents": [0.38339083338288693, 0.19401641190052044, 0.44970037303323696], "rotate_angle": -17.13, "rotate_angle_pred": -15.080525666968057}