{"centroid": [-0.028227409604555845, 0.23616976290941233, 0.02405703062292084], "extents": [0.8111376866348523, 0.2943368256092073, 0.7430921888221436], "rotate_angle": -10.45, "rotate_angle_pred": -12.808067985163603}