{"centroid": [0.5762565202048626, -0.07157467305660242, 0.13343599479428428], "extents": [0.35769129045378384, 0.16734698414802568, 0.5972576778469867], "rotate_angle": 31.28, "rotate_angle_pred": 37.62912133979273}