{"centroid": [-0.6049008711022451, 0.17804121226072317, 0.10754686692864225], "extents": [0.38507360546436686, 0.18246605992317216, 0.64634734940166], "rotate_angle": -28.43, "rotate_angle_pred": -25.941409016207032}