{"centroid": [-0.3030705338474118, -0.19438259303569794, 0.2342202868968711], "extents": [0.22533044312351716, 0.16122671961784374, 0.5175621530990072], "rotate_angle": -42.03, "rotate_angle_pred": -33.80598499794347}