{"centroid": [-0.5970860157563312, -0.0670471340417862, 0.13712287344744775], "extents": [0.39771372923190856, 0.20817205309867876, 0.656597866629896], "rotate_angle": -11.06, "rotate_angle_pred": -10.14689966556098}