{"centroid": [-0.6246195449699748, -0.2446790933609009, 0.14707550221070054], "extents": [0.41147506600370504, 0.19645476341247572, 0.6548278389579163], "rotate_angle": 21.79, "rotate_angle_pred": 22.26410254234247}