{"centroid": [-0.49742207012416273, 0.27788479626178736, 0.1378429697592094], "extents": [0.3996972488825793, 0.10021564364433305, 0.578934855138291], "rotate_angle": 3.77, "rotate_angle_pred": 3.915926660549559}