{"centroid": [0.5675783697027547, 0.16087035834789276, 0.0769731719573182], "extents": [0.37584377360990423, 0.15232297778129592, 0.6227262190081024], "rotate_angle": 1.39, "rotate_angle_pred": 4.51073400106209}