{"centroid": [-0.11973366413942889, 0.22429455444216723, -0.1125048033904717], "extents": [0.47084225406246194, 0.06499751657247557, 0.5889407544183382], "rotate_angle": -1.78, "rotate_angle_pred": 3.008264652378557}