{"centroid": [0.22927720005742833, 0.0015108361840248212, 0.0817567813935709], "extents": [0.4482741972388981, 0.0740028768777849, 0.7129941019154156], "rotate_angle": 29.71, "rotate_angle_pred": 31.524013681533603}