{"centroid": [0.3462017323406296, 0.26766553521156317, 0.0016945939731017462], "extents": [0.5421925721716635, 0.2067324519157411, 0.43660827976423705], "rotate_angle": 33.46, "rotate_angle_pred": 33.98249448665402}