{"centroid": [-0.532975384718959, 0.3256393671035767, 0.040917902836580644], "extents": [0.6162755465037235, 0.20402491092681901, 0.4546290022081018], "rotate_angle": -38.73, "rotate_angle_pred": -41.04509847801342}