{"centroid": [-0.01210769150315262, -0.19945347309112552, 0.1038640371783704], "extents": [0.7617728859196277, 0.48376870155334495, 0.6389463668885702], "rotate_angle": 32.02, "rotate_angle_pred": 28.975864676068895}