{"centroid": [-0.6197743658021481, -0.18081915378570568, 0.11561760033485452], "extents": [0.4039999717053779, 0.1788413524627687, 0.5518772430521284], "rotate_angle": 42.2, "rotate_angle_pred": 35.66961102586768}