{"centroid": [0.03543078113270623, 0.30712972208857525, 0.13729405525850094], "extents": [0.46617544691661883, 0.05819197744131105, 0.3895615720391912], "rotate_angle": -27.81, "rotate_angle_pred": -31.14703665731514}