{"centroid": [-0.5939403332563599, 0.08028749562799922, 0.1136156207662094], "extents": [0.38838870215086047, 0.16518676280975353, 0.5369114997696764], "rotate_angle": 26.11, "rotate_angle_pred": 23.6411657397624}