{"centroid": [-0.6137630135562953, -0.21223053336143494, 0.09071051993894808], "extents": [0.4032184412103619, 0.19632101058959978, 0.5242327361325204], "rotate_angle": -28.06, "rotate_angle_pred": -22.309943072377905}