{"centroid": [0.553003064694441, 0.09728077426552777, 0.07927583160702317], "extents": [0.40348196207505166, 0.14997225999832167, 0.5336352610267171], "rotate_angle": 20.69, "rotate_angle_pred": 27.632062259771047}