{"centroid": [0.5597886268214367, -0.21413630992174143, 0.05522495767737134], "extents": [0.398945030033951, 0.14961771667003645, 0.4930126325545225], "rotate_angle": 39.19, "rotate_angle_pred": 38.508123856434025}