{"centroid": [0.27687175349658005, 0.08855547010898583, 0.20022331055738984], "extents": [0.43498378419075767, 0.13186147809028642, 0.6112404385156539], "rotate_angle": -30.12, "rotate_angle_pred": -30.86073585041813}