{"centroid": [0.24684037504019832, -0.03850652277469637, 0.28928408134677164], "extents": [0.4378706949388103, 0.13648350536823292, 0.576141256176859], "rotate_angle": 33.26, "rotate_angle_pred": 39.00019571365692}