{"centroid": [0.3024218066002579, -0.24066099524497986, 0.24089082428743352], "extents": [0.44309925117304594, 0.1455363631248475, 0.5707636953654632], "rotate_angle": 3.13, "rotate_angle_pred": 0.9959612335538992}