{"centroid": [0.23657001166501565, -0.13862086087465292, 0.07132214336634478], "extents": [0.4922858020870775, 0.13286130130291002, 0.5156663207129077], "rotate_angle": -12.33, "rotate_angle_pred": -11.884854234243363}