{"centroid": [0.2223503486909216, -0.163466326892376, 0.057004637525573554], "extents": [0.5044384051993972, 0.1304499655961992, 0.5202526501011421], "rotate_angle": -38.77, "rotate_angle_pred": -38.254379197686}