{"centroid": [0.21965130902391872, -0.1389248296618462, 0.05594544505050062], "extents": [0.49557529106171216, 0.12440557777881638, 0.5201258473195144], "rotate_angle": -33.76, "rotate_angle_pred": -32.900655890401445}