{"centroid": [-0.05471196357338495, 0.07558886334300038, 0.1029013170041139], "extents": [0.4054077819624772, 0.1105467602610589, 0.3028495278816839], "rotate_angle": 19.77, "rotate_angle_pred": 21.44274535055203}