{"centroid": [0.21279663882345207, 0.05308495089411737, -0.1675545303242721], "extents": [0.37846779875128367, 0.12192939966917053, 0.5769740350994613], "rotate_angle": -30.97, "rotate_angle_pred": -29.356353837603123}