{"centroid": [0.31890759215306047, 0.025193642824888236, -0.15769173652380958], "extents": [0.391358843957316, 0.13536033034324657, 0.5600963710313291], "rotate_angle": -18.0, "rotate_angle_pred": -17.51737843020088}