{"centroid": [-0.09891097882367854, 0.058023938909172984, 0.0764559667528526], "extents": [0.6418835978853317, 0.10399429500103015, 0.627974377488738], "rotate_angle": 15.95, "rotate_angle_pred": 17.840208754307625}