{"centroid": [0.058859820422468505, 0.10486623644828796, 0.013116500532559625], "extents": [0.7613910811109097, 0.15962743759155293, 0.6799179117708409], "rotate_angle": -29.16, "rotate_angle_pred": -26.068669325589347}