{"centroid": [0.2434246802408919, -0.09474222362041472, 0.03119904714087281], "extents": [0.4270467150144429, 0.16336825489997878, 0.4462345229973841], "rotate_angle": 30.58, "rotate_angle_pred": 34.96018790573133}