{"centroid": [0.20198281244489005, 0.17903210222721103, -0.006616202552208156], "extents": [0.4583837943678139, 0.16114349663257616, 0.4443576890933914], "rotate_angle": 22.11, "rotate_angle_pred": 24.3853993901175}