{"centroid": [0.27059454814793527, -0.22855199873447413, 0.03214696449350017], "extents": [0.4128471699517281, 0.17702892422676103, 0.43869546975875573], "rotate_angle": 43.45, "rotate_angle_pred": 43.601158765722346}