{"centroid": [-0.17318192011821285, 0.024070361629128435, 0.08257376499472688], "extents": [0.5449532723426088, 0.07755063474178321, 0.3592351878756473], "rotate_angle": 0.11, "rotate_angle_pred": -2.0615184407754583}