{"centroid": [0.2862207379127419, 0.011599171906709695, 0.04300005914427507], "extents": [0.4635050315714981, 0.07026851922273647, 0.39018127481563725], "rotate_angle": 28.85, "rotate_angle_pred": 32.637517762854145}