{"centroid": [0.1425414895645436, 0.14050069823861133, -0.4969751027320094], "extents": [0.5524556149931811, 0.1028926894068719, 0.503601143774802], "rotate_angle": -7.78, "rotate_angle_pred": 0.6579951745074766}