{"centroid": [-0.10583874971878271, 0.07393493317067631, -0.35897028957482585], "extents": [0.6592240918012944, 0.14737626910209672, 0.3502177887957838], "rotate_angle": -40.99, "rotate_angle_pred": -32.75424931875124}