{"centroid": [-0.03527125750953591, 0.07406393066048614, 0.4943104182744008], "extents": [0.5431157874244572, 0.09306094795465482, 0.3083970207621265], "rotate_angle": 27.18, "rotate_angle_pred": 34.432454241728976}