{"centroid": [-0.6984810411249138, -0.01404334604740148, 0.1172519618584052], "extents": [0.4202520746531782, 0.24669417738914512, 0.8617754967957796], "rotate_angle": 12.42, "rotate_angle_pred": 12.45891888231749}