{"centroid": [-0.6608252427315517, -0.11339867115020752, 0.14968064573712653], "extents": [0.4282841606062047, 0.2483427524566652, 0.8651158655393595], "rotate_angle": 0.17, "rotate_angle_pred": 0.8015456030986172}