{"centroid": [0.4680189901562981, 0.18694592267274845, 0.029819093061104716], "extents": [0.4438335259773859, 0.11954517662525199, 0.8085803913237009], "rotate_angle": -30.43, "rotate_angle_pred": -30.2766426585421}