{"centroid": [0.5827344266381214, -0.22298779338598257, 0.06584825913908166], "extents": [0.3355702154841993, 0.13563026487827318, 0.8182333094824001], "rotate_angle": -8.99, "rotate_angle_pred": -7.262985366339194}