{"centroid": [0.35230804456416276, 0.1900887042284012, 0.06064380392047632], "extents": [0.3105145170334509, 0.24525612592697166, 0.7463938770672531], "rotate_angle": -8.73, "rotate_angle_pred": -6.403596674771876}