{"centroid": [-0.3222142897284127, 0.025252796709537527, 0.05560654872400608], "extents": [0.38667691695969314, 0.11315284669399277, 0.554918064285052], "rotate_angle": -35.14, "rotate_angle_pred": -26.44906817866611}