{"centroid": [0.3011605651339224, 0.052325181663036326, 0.011714758500077874], "extents": [0.5282297180736487, 0.10451669245958338, 0.4313946106129454], "rotate_angle": -7.92, "rotate_angle_pred": -8.682000765844577}