{"centroid": [-0.3013470974367517, 0.06012241542339322, 0.07943803669266236], "extents": [0.6105723391246869, 0.11507906019687664, 0.448181749139236], "rotate_angle": 5.81, "rotate_angle_pred": 7.621022275509091}