{"centroid": [0.28064525145136576, 0.04246964491903784, 0.008512406349972447], "extents": [0.3306180816634713, 0.12562921643257155, 0.5369944542992816], "rotate_angle": 19.51, "rotate_angle_pred": 23.64139198884422}