{"centroid": [0.23010985198231212, 0.031655840575694996, 0.06243532009319676], "extents": [0.41464245334721894, 0.14445522427558913, 0.5405774118518032], "rotate_angle": -43.36, "rotate_angle_pred": -38.93691944222605}