{"centroid": [-0.15733337971980638, 0.054899878799915314, 0.04398202910361944], "extents": [0.33948671719980944, 0.11004681885242475, 0.5482865556180788], "rotate_angle": -43.8, "rotate_angle_pred": -32.932081372938576}