{"centroid": [-0.4129315004396157, 0.45743581652641285, 0.0785117193639172], "extents": [0.6259312513801234, 0.24355071783065807, 0.7181044684005405], "rotate_angle": 18.64, "rotate_angle_pred": 19.372014823221832}