{"centroid": [-0.6285611832283597, 0.3456085920333862, 0.06841062269649609], "extents": [0.5013989831697172, 0.19803839921951308, 0.429989161295916], "rotate_angle": 26.42, "rotate_angle_pred": 21.25015468257564}