{"centroid": [0.6255285019481492, 0.3545225486159325, -0.014808692762593684], "extents": [0.46651028500452724, 0.17543874680995952, 0.4272211392576757], "rotate_angle": 24.52, "rotate_angle_pred": 25.37281260770672}