{"centroid": [-0.10679987768566093, -0.15801041573286054, 0.016582032421791362], "extents": [0.6952392534380809, 0.14677549898624437, 0.6135655112109119], "rotate_angle": -29.39, "rotate_angle_pred": -30.258188167059487}