{"centroid": [-0.618013351348419, -0.2202517241239547, 0.05647776905996468], "extents": [0.4647689995294662, 0.18718275427818312, 0.6089104332155321], "rotate_angle": -42.29, "rotate_angle_pred": -36.89133692741823}