{"centroid": [-0.42338956887349055, 0.40409098565578444, 0.08659131209738768], "extents": [0.6840278352555582, 0.2166883647441865, 0.7376540733501756], "rotate_angle": 30.98, "rotate_angle_pred": 29.93021701650244}