{"centroid": [0.38556462229458843, 0.3943343460559845, 0.03240563358645974], "extents": [0.6682613506052573, 0.24904823303222678, 0.7659954444766788], "rotate_angle": -9.59, "rotate_angle_pred": -10.379246171698128}