{"centroid": [-0.0034719614049285863, 0.47731150686740875, 0.019012874768564697], "extents": [1.0334038790084294, 0.2859522402286532, 0.6281627450436955], "rotate_angle": 20.78, "rotate_angle_pred": 17.811219174309542}