{"centroid": [-0.015298109107469385, -0.028913974761962894, 0.03492821252837682], "extents": [1.0405224521545104, 0.2682947516441347, 0.6277068829159661], "rotate_angle": 25.48, "rotate_angle_pred": 24.942495294283944}