{"centroid": [0.000917418753202226, 0.18085331097245216, 0.06944879868880768], "extents": [0.9565866867727708, 0.48550722002983127, 0.9778808043658943], "rotate_angle": -38.34, "rotate_angle_pred": -38.495536797899604}