{"centroid": [-0.006898121177464571, 0.5590471774339676, 0.062031688941276246], "extents": [0.9483010707792159, 0.3051876723766329, 0.9086145700087591], "rotate_angle": 12.28, "rotate_angle_pred": 10.487490443203384}