{"centroid": [-0.0520896252147687, 0.13457851111888883, 0.10551321507513405], "extents": [0.9035285710871449, 0.4241535663604739, 0.9172619580799193], "rotate_angle": 18.44, "rotate_angle_pred": 21.29692522451049}