{"centroid": [-0.022555216254361077, 0.5082546472549438, 0.05347792922606065], "extents": [0.8460148744081325, 0.34333038330078147, 0.9226327129104184], "rotate_angle": -19.74, "rotate_angle_pred": -19.485172543204044}