{"centroid": [-0.037089656019750825, 0.13406121730804443, 0.09500180290128296], "extents": [1.1796563626798466, 0.47342801094055204, 0.6854284268027333], "rotate_angle": -35.84, "rotate_angle_pred": -32.961956882785984}