{"centroid": [0.012439983556149573, 0.5176495462656021, -9.128908495852073e-05], "extents": [1.1385890358508197, 0.2953734099864962, 0.654000884828773], "rotate_angle": 18.14, "rotate_angle_pred": 16.489053807950057}