{"centroid": [-0.004705956060502073, 0.5393437296152115, 0.027616392681290264], "extents": [1.0080810902772976, 0.2980796396732333, 0.8381677963660157], "rotate_angle": 28.04, "rotate_angle_pred": 27.84102375349636}