{"centroid": [-0.0016300198907139019, -0.24801453948020935, 0.022950460401440054], "extents": [1.1571689711433562, 0.4936841726303103, 0.67809026655798], "rotate_angle": 40.93, "rotate_angle_pred": 37.1110538987225}