{"centroid": [0.019599745595646652, 0.5284190475940704, 0.06491515739828906], "extents": [0.8204231913747658, 0.3042273521423342, 0.882988399279347], "rotate_angle": -11.5, "rotate_angle_pred": -13.856962344379497}