{"centroid": [0.004175438948863658, 0.5121088027954102, 0.029880092673343003], "extents": [0.7571175055064137, 0.26708400249481223, 0.8603196094839255], "rotate_angle": 39.72, "rotate_angle_pred": 39.36057215377778}