{"centroid": [0.3727124555194177, 0.4141032099723816, 0.030018078837901946], "extents": [0.6724889405252059, 0.24469572305679343, 0.7536091946644927], "rotate_angle": 14.02, "rotate_angle_pred": 14.677579940698635}