{"centroid": [-0.406400555153343, 0.41496583819389343, 0.09252927555807322], "extents": [0.6810263281756769, 0.21612912416458152, 0.7545643919061861], "rotate_angle": 8.71, "rotate_angle_pred": 9.978503309332325}