{"centroid": [-0.3840057336283322, 0.42734529078006744, 0.0907544391847081], "extents": [0.6837576476599254, 0.2322676479816439, 0.7531174254847652], "rotate_angle": 1.19, "rotate_angle_pred": 1.2394836196154984}