{"centroid": [-0.0017204709287885755, 0.5300518125295638, 0.07289085611088417], "extents": [0.7867904362251095, 0.2810806334018709, 0.9010015791126627], "rotate_angle": 17.7, "rotate_angle_pred": 17.132733484071565}