{"centroid": [-0.3946639194231881, 0.44019141793251026, 0.09017630928311901], "extents": [0.7051598326840851, 0.2374742627143861, 0.744725216495042], "rotate_angle": 28.72, "rotate_angle_pred": 26.55248627115003}