{"centroid": [0.368520632245932, 0.41728042066097254, 0.04960298679506831], "extents": [0.6799734272531694, 0.253223925828934, 0.7684962792113863], "rotate_angle": -22.23, "rotate_angle_pred": -20.480036193520945}