{"centroid": [-0.019771322161790533, 0.003979474306106543, 0.03506679562886877], "extents": [1.122958559416693, 0.28347969055175803, 0.6789094917564834], "rotate_angle": 23.28, "rotate_angle_pred": 24.008988543450883}