{"centroid": [-0.002414710616941429, 0.5261346995830536, 0.008302102200225994], "extents": [1.1083985526838052, 0.3144827485084536, 0.6820086812045675], "rotate_angle": 17.81, "rotate_angle_pred": 15.040167775592096}