{"centroid": [0.11374645100206957, -0.361026406288147, 0.08427037941020508], "extents": [0.7736544816664305, 0.2535102963447572, 0.47421507319708767], "rotate_angle": -27.03, "rotate_angle_pred": -25.699466262196694}