{"centroid": [0.13056560225728975, 0.1472534500062465, 0.05441250399972666], "extents": [0.7675287225315939, 0.3081665337085725, 0.47436711796709424], "rotate_angle": -19.11, "rotate_angle_pred": -18.05078748244594}