{"centroid": [-0.002384874474704743, 0.4296832531690597, -0.01977381036792883], "extents": [1.2352503098272436, 0.18850126862525973, 1.1442743132346471], "rotate_angle": -34.59, "rotate_angle_pred": -35.73058043884968}