{"centroid": [0.016229386805425405, 0.24013540148735046, -0.013169207189681648], "extents": [1.2389650620094281, 0.21112954616546667, 1.1589365262959856], "rotate_angle": -33.99, "rotate_angle_pred": -36.159386781610124}