{"centroid": [0.21987769204920266, -0.5476974546909332, 0.033047586181264785], "extents": [0.6821965146686125, 0.25246483087539684, 0.4670629019984319], "rotate_angle": 15.69, "rotate_angle_pred": 11.35597228412773}