{"centroid": [0.04261161399900225, -0.0498054325580597, -0.016830251691314635], "extents": [1.238076089607222, 0.2422901391983036, 1.1360917080307997], "rotate_angle": -41.64, "rotate_angle_pred": -44.421260092458375}