{"centroid": [-0.003945783689196444, 0.03814051300287246, 0.019439287205271397], "extents": [1.2403266579345429, 0.22947475314140348, 1.1493281264502426], "rotate_angle": -11.06, "rotate_angle_pred": -12.257732305800118}