{"centroid": [0.08700526581485794, 0.38637813925743103, 0.05180775680287926], "extents": [0.7098022764772736, 0.2805629372596743, 0.4270869532845602], "rotate_angle": 18.2, "rotate_angle_pred": 15.518371076793017}