{"centroid": [0.5951819496992453, 0.34837891161441814, -0.006501991316291537], "extents": [0.47409958506906014, 0.17856076359748857, 0.42742807448012976], "rotate_angle": 21.51, "rotate_angle_pred": 22.87779267195208}