{"centroid": [-0.002383502038377998, 0.53919318318367, 0.05314114705590877], "extents": [0.9199553878613648, 0.3005851507186892, 0.8647411011075024], "rotate_angle": 11.51, "rotate_angle_pred": 10.80502265468759}