{"centroid": [-0.019939600410950102, 0.16636991500854492, 0.060147696140140476], "extents": [0.9412199267366039, 0.4534386992454532, 0.9432746180531701], "rotate_angle": -44.86, "rotate_angle_pred": -42.624448458234305}