{"centroid": [-0.007819699203803272, -0.33092352747917175, 0.043430021911276435], "extents": [0.8715899338131119, 0.43539589643478416, 0.9221396813882059], "rotate_angle": 44.86, "rotate_angle_pred": 40.79663437242007}