{"centroid": [-0.09513164694032666, -0.255883052945137, 0.017296024675377858], "extents": [0.5675326431764908, 0.03417566418647788, 0.8739831210438662], "rotate_angle": 33.73, "rotate_angle_pred": 35.97750005807336}