{"centroid": [-0.026931489613695486, -0.00612995028495791, 0.058162326873199374], "extents": [1.0471681597397926, 0.2709290683269503, 0.6351997402447236], "rotate_angle": 7.82, "rotate_angle_pred": 7.2927045672388005}