{"centroid": [-0.02164456292137945, -0.37909838557243347, 0.07526685860537041], "extents": [1.0501218673074098, 0.41829472780227683, 0.6547448409944583], "rotate_angle": -39.47, "rotate_angle_pred": -37.09823011598626}