{"centroid": [-0.007165115390656229, 0.5165649205446243, 0.04948013360126681], "extents": [1.067226754769634, 0.3138683140277865, 0.6388302368969803], "rotate_angle": -21.79, "rotate_angle_pred": -22.84147282974402}