{"centroid": [-0.012650979643774568, 0.226935014128685, 0.05992658382022148], "extents": [1.0218567643505976, 0.2691581249237063, 0.6275066607657395], "rotate_angle": -14.0, "rotate_angle_pred": -15.330718335720661}