{"centroid": [-0.006184580849287087, 0.5623290836811065, 0.07757184716172698], "extents": [0.9557906382907623, 0.3453215360641481, 0.9450857633054801], "rotate_angle": 2.84, "rotate_angle_pred": 2.4306736277951018}