{"centroid": [-0.009144567372168518, -0.3232564628124237, 0.0643183048106594], "extents": [0.9261211006087288, 0.4621697068214419, 0.9608977876646899], "rotate_angle": 9.54, "rotate_angle_pred": 9.056374642482766}