{"centroid": [-0.0055525283947250315, 0.16719258576631546, 0.10167873486799718], "extents": [0.9232310837789897, 0.3650726079940798, 0.9377320596784804], "rotate_angle": 7.47, "rotate_angle_pred": 7.012697061888957}