{"centroid": [0.023931079750598605, 0.5429265052080153, 0.07928246124682141], "extents": [0.838964478281562, 0.30475369095802324, 0.9120025808708823], "rotate_angle": 1.21, "rotate_angle_pred": -1.989511120093482}