{"centroid": [-0.6273067330329498, 0.34426321089267725, 0.06544367231605747], "extents": [0.504551469752049, 0.20034483075141918, 0.42857846572879255], "rotate_angle": 22.9, "rotate_angle_pred": 18.801431584922554}