{"centroid": [0.5707399485099468, 0.3397122919559478, 0.07404870221258203], "extents": [0.45386665101970575, 0.1730915904045106, 0.4269922583619592], "rotate_angle": -16.48, "rotate_angle_pred": -14.888930918181359}