{"centroid": [0.004518635160521256, 0.4725516587495804, -0.02268819570269924], "extents": [1.2095577606465782, 0.25542435050010703, 0.7574711372881071], "rotate_angle": 27.47, "rotate_angle_pred": 25.320977353477858}