{"centroid": [-0.05480625548676156, 0.43397955596446985, -0.038635213897774814], "extents": [1.3620133185293781, 0.2806581556797029, 0.5827525762261938], "rotate_angle": -27.49, "rotate_angle_pred": -29.00825834112114}