{"centroid": [0.3574775069647064, 0.40300945937633514, 0.021538253840855823], "extents": [0.6649227797566293, 0.23668029904365556, 0.7366122072937048], "rotate_angle": 18.82, "rotate_angle_pred": 18.591019820830283}