{"centroid": [0.030164626531719814, 0.31450244784355164, -0.005754144223281937], "extents": [0.7909141039415306, 0.2568613886833193, 0.728333102364598], "rotate_angle": 44.53, "rotate_angle_pred": 40.93420320638438}