{"centroid": [0.041291861596902416, 0.4973538815975188, -0.0187892435517946], "extents": [0.7700359835375289, 0.26474922895431535, 0.6982673419346646], "rotate_angle": 43.88, "rotate_angle_pred": 38.24838260865724}