{"centroid": [-0.007729610322767755, -0.3816808462142944, 0.022374472852144972], "extents": [0.9818856897504613, 0.39581334590911876, 0.6477792382672085], "rotate_angle": 20.2, "rotate_angle_pred": 17.121962535221655}