{"centroid": [-0.011692769675111292, 0.2006674706935883, 0.01645373873584581], "extents": [0.9654098911978739, 0.25195911526680015, 0.620069097009234], "rotate_angle": 19.03, "rotate_angle_pred": 17.211933959185217}