{"centroid": [-0.018779520452945606, 0.4795490503311157, 0.03728284277001799], "extents": [1.0447462605194318, 0.30858278274536155, 0.6430380226233573], "rotate_angle": -30.26, "rotate_angle_pred": -30.712767336430367}