{"centroid": [-0.3820699921384178, 0.41818636655807495, 0.06386207159913512], "extents": [0.6230710794453754, 0.2439097166061403, 0.7345598994551321], "rotate_angle": -24.39, "rotate_angle_pred": -22.662447766002117}