{"centroid": [-0.40235482032390246, 0.4579394459724425, 0.08567593617464878], "extents": [0.6409648530088755, 0.24271142482757585, 0.7361773702948196], "rotate_angle": 13.46, "rotate_angle_pred": 14.068634270084488}