{"centroid": [0.0038551252316431917, 0.5456778109073638, 0.02548014873129547], "extents": [0.9873205852407554, 0.32085776329040544, 0.6647611147977379], "rotate_angle": -12.63, "rotate_angle_pred": -15.937881867896351}