{"centroid": [-0.056265509287883424, -0.007159098982810971, 0.07387364944796164], "extents": [0.8382749092514, 0.27743217349052457, 0.9589530379501988], "rotate_angle": -27.66, "rotate_angle_pred": -25.71971256197378}