{"centroid": [0.0015162328644970913, 0.23292756080627441, 0.03193682251734049], "extents": [0.7878832070042945, 0.27485769987106345, 0.9087623779666005], "rotate_angle": 33.16, "rotate_angle_pred": 33.43585768954759}