{"centroid": [0.0029498538642398694, 0.49538595974445343, 0.03783781748817985], "extents": [0.8454990896799124, 0.31205299496650724, 0.96485995262531], "rotate_angle": -41.38, "rotate_angle_pred": -41.230343601058244}