{"centroid": [0.26289607639063123, -0.5468877479434013, -0.034674693170892466], "extents": [0.5917397289400099, 0.16209043562412273, 0.40084476281024295], "rotate_angle": 40.94, "rotate_angle_pred": 33.68751772604806}