{"centroid": [-0.08457366379134654, -0.5985263139009476, 0.014245298768348482], "extents": [0.6208046078094589, 0.15528842806816123, 0.3692653178819332], "rotate_angle": -43.53, "rotate_angle_pred": -42.184611833971914}