{"centroid": [-0.06440096952442237, -0.6333175674080849, 0.012123030471602722], "extents": [0.6181641656763209, 0.14610926806926727, 0.34617530401736085], "rotate_angle": 4.65, "rotate_angle_pred": 4.506481240870855}