{"centroid": [-0.08642044401628383, -0.5599638000130653, 0.025860339905247318], "extents": [0.6012748477081014, 0.1424494236707689, 0.3645155428165584], "rotate_angle": -18.22, "rotate_angle_pred": -18.086284465830758}