{"centroid": [0.010602364685007248, -0.1762933433055877, 0.025387034375972617], "extents": [1.1336286020978408, 0.6894263625144961, 1.1293183518334171], "rotate_angle": 41.56, "rotate_angle_pred": 34.968447437517554}