{"centroid": [-0.047360963261782116, 0.3590003103017807, 0.05764845550044488], "extents": [1.2285733110805999, 0.3587147295475009, 1.1455769434300638], "rotate_angle": -15.18, "rotate_angle_pred": -12.224901278219832}