{"centroid": [-0.022774045602234602, -0.24340681731700894, 0.0016147156211874791], "extents": [1.1699159275646522, 0.4864297211170198, 0.6781648472971603], "rotate_angle": 22.51, "rotate_angle_pred": 20.939304736823885}