{"centroid": [-0.026927301768795528, 0.1043240651488304, 0.039330722924358574], "extents": [1.1374820675863453, 0.4586479663848879, 0.6399102922401402], "rotate_angle": 13.05, "rotate_angle_pred": 13.485868063546619}