{"centroid": [0.014520835270268095, 0.41326968371868134, 0.00816111894646163], "extents": [0.5662506100140824, 0.2566817700862886, 0.5008154403033287], "rotate_angle": 21.72, "rotate_angle_pred": 18.58695434758225}