{"centroid": [-0.01384995565999289, 0.5196327865123749, 0.06691267118835631], "extents": [1.031088682540223, 0.3247075676918033, 1.020721408530263], "rotate_angle": -26.97, "rotate_angle_pred": -26.385866192652855}