{"centroid": [0.02142350288223978, 0.5040153861045837, 0.027719071017559646], "extents": [1.0599172344113743, 0.30308866500854514, 0.6445816298384144], "rotate_angle": -1.31, "rotate_angle_pred": -2.89112623717223}