{"centroid": [0.007804590368199471, 0.23155424743890762, 0.07669400713949509], "extents": [1.0341888786586393, 0.26993173360824607, 0.6450223997843689], "rotate_angle": -30.49, "rotate_angle_pred": -30.35843102197571}