{"centroid": [0.02161851614789522, -0.3823653906583786, 0.020744322903299292], "extents": [0.9953556535938313, 0.41188409924507163, 0.6469057123763892], "rotate_angle": 38.84, "rotate_angle_pred": 36.32626038282639}