{"centroid": [-0.023023391171756544, -0.4190581738948822, -0.014400451360510588], "extents": [1.2716534902337289, 0.35052126646041915, 1.1543776600925382], "rotate_angle": 38.74, "rotate_angle_pred": 39.04927063258083}