{"centroid": [-0.04991314022525589, 0.41517893970012665, 0.0025724643467595343], "extents": [1.2945045344063963, 0.28494015336036704, 0.5719432283935201], "rotate_angle": -34.56, "rotate_angle_pred": -34.39351647542399}