{"centroid": [0.6192347737396664, 0.3492951914668083, 0.029379779879204645], "extents": [0.4603139779475757, 0.17752067744731914, 0.42701304157093123], "rotate_angle": 3.54, "rotate_angle_pred": 4.348213486978821}