{"centroid": [-0.6475871172556915, 0.3551030308008194, 0.063134288761312], "extents": [0.5073177099234984, 0.21787366271018993, 0.44283669146482574], "rotate_angle": -7.43, "rotate_angle_pred": -9.172960270399003}