{"centroid": [-0.03109189710436755, -0.4160946011543274, 0.008597123125355266], "extents": [1.267997375209898, 0.3386460542678835, 1.1494985738529735], "rotate_angle": -0.05, "rotate_angle_pred": 1.5303195644125793}