{"centroid": [-0.034535219831414526, -0.00782319903373718, 0.0202021276207401], "extents": [1.2272941867804996, 0.34489476680755654, 1.1442775541350065], "rotate_angle": -21.48, "rotate_angle_pred": -20.507940125580333}