{"centroid": [-0.0233212598012955, 0.2835487127304077, 0.022313878104252755], "extents": [1.2456507651539874, 0.22304707765579257, 1.152952072111169], "rotate_angle": -25.18, "rotate_angle_pred": -24.412665503346247}