{"centroid": [-0.02856070471580735, 0.40764396637678146, 0.017853291998864276], "extents": [1.2334096742483687, 0.19568781554698972, 1.100123910010783], "rotate_angle": 17.96, "rotate_angle_pred": 20.645817754893997}