{"centroid": [-0.05475690827196104, 0.00017435103654858675, 0.07778102117774519], "extents": [0.8100430778706802, 0.24769932031631497, 0.9230664159675235], "rotate_angle": 16.62, "rotate_angle_pred": 20.38409318186777}