{"centroid": [0.019247886601738914, 0.19654460996389383, 0.07312510903242295], "extents": [0.8208861150553839, 0.29791155457496665, 0.9618283275330876], "rotate_angle": -27.72, "rotate_angle_pred": -27.852878434156366}