{"centroid": [0.3685697263270498, 0.39822243154048914, 0.03953434700177314], "extents": [0.6618610495695341, 0.2518544495105746, 0.7714805457553713], "rotate_angle": -21.7, "rotate_angle_pred": -21.125292335778127}