{"centroid": [-0.3831124491983974, 0.4130285084247589, 0.060942961140676224], "extents": [0.7083109005400828, 0.23571115732193015, 0.7701143009188527], "rotate_angle": -25.21, "rotate_angle_pred": -22.144200117958746}