{"centroid": [0.004393095387831211, 0.428605318069458, -0.0025063888585478977], "extents": [1.0150370426504405, 0.16507250070571927, 0.9784594609085442], "rotate_angle": 36.27, "rotate_angle_pred": 35.41765210742925}