{"centroid": [0.028948484528339757, 0.06739338859915733, -0.037117270333793084], "extents": [1.0807122988043085, 0.19116607308387784, 0.9835972607416121], "rotate_angle": 29.64, "rotate_angle_pred": 26.92352980694872}