{"centroid": [-0.02729875884584816, 0.134768508374691, 0.06332917323347709], "extents": [1.140640615240137, 0.4718169271945955, 0.6525782339992842], "rotate_angle": -6.56, "rotate_angle_pred": -5.686409125494947}