{"centroid": [-0.007039622470235929, 0.5450614541769028, 0.025065181690650543], "extents": [1.1640734646952735, 0.3222169578075411, 0.6913918241558505], "rotate_angle": -31.23, "rotate_angle_pred": -32.88136478489366}