{"centroid": [-0.035160017725526876, -0.27371370792388916, 0.01328162595378233], "extents": [1.25421163230723, 0.47877275943756126, 0.6780395335397875], "rotate_angle": 16.72, "rotate_angle_pred": 13.842945246152738}