{"centroid": [-0.12609069599753264, -0.25245386734604836, 0.018940663057867034], "extents": [0.5712110494876891, 0.03379195183515568, 0.8458720585834404], "rotate_angle": 18.74, "rotate_angle_pred": 22.885222944726422}