{"centroid": [-0.023092213020437513, -0.351810023188591, 0.043560164889995256], "extents": [1.1702377539461668, 0.4814621508121492, 0.6644206497352657], "rotate_angle": -1.62, "rotate_angle_pred": -1.3460491195740758}