{"centroid": [-0.014504847243581018, 0.0960133969783783, 0.04597230326727635], "extents": [1.120478647681937, 0.4524982571601869, 0.6273838976314396], "rotate_angle": 7.08, "rotate_angle_pred": 6.654586876848413}