{"centroid": [0.5876326201066208, 0.33330082893371576, 0.04910443597397611], "extents": [0.45476324253513595, 0.17443430423736583, 0.43090642339363927], "rotate_angle": -29.99, "rotate_angle_pred": -28.331866460242033}