{"centroid": [0.043735940221415026, 0.2787667512893677, -0.05521267059345104], "extents": [0.8887916027712679, 0.2111258506774905, 0.8475172348423418], "rotate_angle": 44.55, "rotate_angle_pred": 38.78808499855907}