{"centroid": [0.006092063991448321, -0.09736624360084532, -0.007748773592482702], "extents": [0.8756852727634435, 0.14346504211425806, 0.8496648055367035], "rotate_angle": 34.62, "rotate_angle_pred": 33.99388254503731}