{"centroid": [0.00861162764147537, 0.5746952593326569, -0.007719459661012638], "extents": [0.8900680791965151, 0.16137951612472556, 0.8560233356561502], "rotate_angle": 13.23, "rotate_angle_pred": 11.279370206372278}