{"centroid": [-0.006470120373972987, -0.38602325320243835, 0.0202051281053972], "extents": [0.9515964478458964, 0.10889536142349265, 0.85596991391392], "rotate_angle": 0.39, "rotate_angle_pred": 1.0857330343576308}