{"centroid": [0.03789396778943025, 0.5585813298821448, -0.045809425697794386], "extents": [0.855942938423534, 0.17823381721973436, 0.8409796686046447], "rotate_angle": 35.61, "rotate_angle_pred": 31.169097149572337}