{"centroid": [-0.0401564059430381, -0.5394515544176102, 0.01701647198911596], "extents": [0.9352289959936447, 0.10338386893272428, 0.8958479094804292], "rotate_angle": -37.69, "rotate_angle_pred": -37.352144751826586}