{"centroid": [-0.0003129963914085196, 0.11825207620859145, 0.0007441002298596566], "extents": [0.9150285818583268, 0.1985476315021517, 0.7941682423560428], "rotate_angle": 23.72, "rotate_angle_pred": 24.18369403327162}