{"centroid": [-0.02033629038131509, 0.47684328258037556, 0.06750344726265423], "extents": [0.8721014451246798, 0.26128634810447715, 0.9577390164179198], "rotate_angle": 28.21, "rotate_angle_pred": 28.948444386854362}