{"centroid": [0.1949361094343418, -0.20254223048686984, 0.017186160734645503], "extents": [0.6064729195226048, 0.04861596226692219, 0.8605166816571649], "rotate_angle": -16.23, "rotate_angle_pred": -14.778515141402679}