{"centroid": [-0.2793312852081886, -0.22071445919573307, -0.011270831479395282], "extents": [0.5474796422376891, 0.046290438622236446, 0.824216027337599], "rotate_angle": -2.28, "rotate_angle_pred": -2.2790200618780716}