{"centroid": [0.2913703170643921, 0.17220206931233406, 0.038483731579477855], "extents": [0.6078843968512858, 0.054726995527744515, 0.8379957535430211], "rotate_angle": 5.32, "rotate_angle_pred": 8.478149457547929}