{"centroid": [-0.022922451643870266, -0.3245659917593002, 0.08819495732714627], "extents": [0.8736168720803907, 0.4789271652698518, 0.9516526437362213], "rotate_angle": 3.21, "rotate_angle_pred": 2.8070009563477356}