{"centroid": [-0.00710281031523774, 0.1802690103650093, 0.0837128600839227], "extents": [0.8812875549889893, 0.4717465043067935, 0.9752205391402754], "rotate_angle": -28.59, "rotate_angle_pred": -29.212975054022046}