{"centroid": [-0.049126371269313754, -0.5473321005702019, 0.04253892049615484], "extents": [0.4766881968561679, 0.13813008368015306, 0.5147267479182892], "rotate_angle": -32.06, "rotate_angle_pred": -24.62443845614159}