{"centroid": [0.0004103392018954266, 0.4330524653196334, 0.029329203146360408], "extents": [0.766506041985137, 0.25528034567832963, 0.9258649660014697], "rotate_angle": -25.9, "rotate_angle_pred": -28.409114734453723}