{"centroid": [-0.00030780246036033604, -0.12465849518775944, 0.07890020451171291], "extents": [0.7565455053586778, 0.35716432332992576, 0.9108169931219123], "rotate_angle": -14.65, "rotate_angle_pred": -15.565304463069893}