{"centroid": [-0.033397890218104215, 0.17358225211501122, 0.07898116757585287], "extents": [0.7596249629168703, 0.31021702289581327, 0.9159693180736402], "rotate_angle": 7.97, "rotate_angle_pred": 9.761850230703786}