{"centroid": [-0.022477381267224955, -0.3984783887863159, 0.02022711971761127], "extents": [1.1175727601512886, 0.6078838109970095, 1.0075958748369325], "rotate_angle": 9.46, "rotate_angle_pred": 7.939677528553972}