{"centroid": [-0.019572466188499324, 0.12312841415405273, 0.05441748834035806], "extents": [1.0788941054629708, 0.32479441165924106, 1.0477317252402885], "rotate_angle": -26.41, "rotate_angle_pred": -24.101118157864292}