{"centroid": [-0.030834940647802428, 0.371208280324936, 0.02412270981815136], "extents": [1.0970578253576408, 0.2095946669578555, 1.0251720007615712], "rotate_angle": -8.99, "rotate_angle_pred": -7.492635990745725}