{"centroid": [-0.02470874880371937, -0.02684989571571351, 0.048797781573220955], "extents": [1.0367510139573013, 0.25925129652023327, 0.6288518796954322], "rotate_angle": -2.09, "rotate_angle_pred": -3.2690650826115757}