{"centroid": [0.006355941495891151, 0.4998836815357208, 0.009593210611952604], "extents": [1.0421651505608893, 0.29320472478866594, 0.6406452000619989], "rotate_angle": 2.07, "rotate_angle_pred": -0.9743488027301765}