{"centroid": [-0.0041298560330277345, 0.22943201661109924, 0.07421143524579454], "extents": [1.0157071395822934, 0.26434275507926963, 0.6365982321545693], "rotate_angle": -27.47, "rotate_angle_pred": -26.745285400256392}