{"centroid": [-0.01345752452775821, -0.38698065280914307, 0.07665876755853543], "extents": [1.0293828545054535, 0.41634500026702903, 0.6453177518488029], "rotate_angle": -16.14, "rotate_angle_pred": -15.358410820542602}