{"centroid": [-0.021110829825491187, -0.3909205347299576, 0.07017553828186979], "extents": [1.121582131121845, 0.4554202258586886, 0.6841208816833148], "rotate_angle": -37.04, "rotate_angle_pred": -36.76062684534107}