{"centroid": [0.017327281325056003, 0.24013487994670865, -0.008254218150542426], "extents": [1.033689850755765, 0.2813844382762911, 0.6580989324052513], "rotate_angle": 42.03, "rotate_angle_pred": 35.489841274004306}