{"centroid": [0.011764078350371424, 0.5047184824943542, -0.005878782708822319], "extents": [1.0595698533063123, 0.3042320013046267, 0.6564408053986771], "rotate_angle": 43.41, "rotate_angle_pred": 35.8842008342248}