{"centroid": [-0.021678373563859016, 0.1300448700785637, 0.08956156194897777], "extents": [1.1567447338526584, 0.4621713459491732, 0.6730287760115113], "rotate_angle": -27.25, "rotate_angle_pred": -25.848228063505047}