{"centroid": [-0.0025103991888426186, 0.5229875594377518, 0.022809902494565992], "extents": [1.1575362731846106, 0.30679944157600425, 0.6556173591041891], "rotate_angle": -2.29, "rotate_angle_pred": -3.9607206894380624}