{"centroid": [-0.018530074742984945, 0.15318264067173, 0.11322219035517361], "extents": [0.9409101734256182, 0.45876568555831937, 0.9056175475151028], "rotate_angle": -15.24, "rotate_angle_pred": -15.616952811729249}