{"centroid": [-0.0030528872079291364, -0.39158591628074646, 0.08083779097627157], "extents": [0.8793792763907347, 0.41146856546402, 0.9799230142515467], "rotate_angle": -17.33, "rotate_angle_pred": -17.660728015921507}