{"centroid": [-0.02601890317290137, -0.36470781266689306, 0.09309741482384651], "extents": [0.9428196024293627, 0.4675230085849765, 0.9266009996500387], "rotate_angle": 3.34, "rotate_angle_pred": 4.476896188201309}