{"centroid": [0.006204838746849253, 0.5228445678949356, -0.0031928026745899583], "extents": [0.5321129073033544, 0.2937085330486299, 0.4611418937392886], "rotate_angle": 22.67, "rotate_angle_pred": 17.99882770817814}