{"centroid": [0.0016415516976006628, 0.5552399307489395, 0.04519027426358804], "extents": [0.9666330353867569, 0.32090321183204673, 0.8893103724257708], "rotate_angle": -17.02, "rotate_angle_pred": -18.302572493916273}