{"centroid": [-0.039031923709969996, 0.14151148498058314, 0.09973603334971876], "extents": [0.9563134177117074, 0.4462874531745912, 0.9197446573580111], "rotate_angle": -0.98, "rotate_angle_pred": 0.7224699284316074}