{"centroid": [-0.007415437273196386, -0.009968727827072144, 0.034167878788772005], "extents": [0.8958219872002207, 0.5076391696929935, 0.8332226859586251], "rotate_angle": -44.17, "rotate_angle_pred": -40.34105253638425}