{"centroid": [-0.02177776162539767, -0.619339719414711, 0.011700217037432833], "extents": [0.9317378485065824, 0.43803951144218467, 0.7798317740549293], "rotate_angle": 12.32, "rotate_angle_pred": 11.347900058783779}