{"centroid": [-0.03607033720721392, 0.43402335047721863, 0.012890651056813716], "extents": [0.8920550098408337, 0.488147556781769, 0.7613123443695822], "rotate_angle": 21.75, "rotate_angle_pred": 20.677178393219407}