{"centroid": [0.03206429481950995, 0.5840450078248978, 0.03495902134556402], "extents": [0.8845467008794268, 0.3299840986728671, 0.9399222771328308], "rotate_angle": -31.13, "rotate_angle_pred": -35.181431319866924}