{"centroid": [0.003521258320974191, 0.260418139398098, 0.06574487688290559], "extents": [1.0900812415615357, 0.28227958083152793, 0.6778206991010025], "rotate_angle": -29.31, "rotate_angle_pred": -29.649608584515747}