{"centroid": [-0.02751492147252299, 0.007748797535896301, 0.04593878091756969], "extents": [1.0969154686501874, 0.28691360354423545, 0.659160247477414], "rotate_angle": 18.01, "rotate_angle_pred": 18.950785812611542}