{"centroid": [-0.00930985455314054, 0.5302826315164566, 0.033844382729141954], "extents": [1.1193480780742529, 0.33112171292305015, 0.6746902640078788], "rotate_angle": -34.17, "rotate_angle_pred": -35.084275071430625}