{"centroid": [-0.00731314916209877, -0.39933495223522186, 0.05075545835234993], "extents": [1.090227038604882, 0.4480760395526888, 0.6768455696207858], "rotate_angle": 3.97, "rotate_angle_pred": 3.224975932896669}