{"centroid": [-0.0004654345371619406, 0.5667990744113921, 0.053918251559194205], "extents": [0.6425432506865505, 0.2375445961952211, 0.9300695576725324], "rotate_angle": 25.14, "rotate_angle_pred": 24.483982999726052}