{"centroid": [0.02288426991905832, 0.5426629632711409, -0.006802148066247071], "extents": [0.9693951613855876, 0.29676529765129106, 0.6554234628713062], "rotate_angle": 33.87, "rotate_angle_pred": 31.652477631386944}