{"centroid": [0.3774781750394822, 0.412543922662735, 0.025701883071393553], "extents": [0.6708555022007772, 0.24142920970916765, 0.7449434178017074], "rotate_angle": 13.9, "rotate_angle_pred": 14.72806801402237}