{"centroid": [-0.03596130060943799, -0.34917597472667694, 0.01803919393946091], "extents": [0.5465179078539749, 0.14762726426124584, 0.2979342933548895], "rotate_angle": -21.07, "rotate_angle_pred": -24.6856032562971}