{"centroid": [-0.0029483626133146035, -0.2934864014387131, 0.010633350050805592], "extents": [0.561905089011228, 0.1567789018154145, 0.30860951706012807], "rotate_angle": 7.37, "rotate_angle_pred": 3.8327275439316963}