{"centroid": [-0.02145037898033307, 0.48785647749900807, -0.023345043341637138], "extents": [1.250861881868976, 0.24913370609283464, 0.8028004161156194], "rotate_angle": 11.79, "rotate_angle_pred": 9.675443757013483}