{"centroid": [-0.047188770843388954, 0.0012469589710235353, 0.08179937602922357], "extents": [0.8183339389142057, 0.2704282402992251, 0.9287703804658188], "rotate_angle": 7.0, "rotate_angle_pred": 11.155973330848113}