{"centroid": [-0.009261248128353036, 0.5146314054727554, 0.05833687118058774], "extents": [0.8413720845828713, 0.32297137379646323, 0.9340342415201275], "rotate_angle": 4.67, "rotate_angle_pred": 6.202108628055242}