{"centroid": [-0.03481882084512617, -0.376072958111763, 0.04472236379952779], "extents": [0.5274327333981793, 0.14969012141227733, 0.3026345335842111], "rotate_angle": -37.73, "rotate_angle_pred": -38.20704427623713}