{"centroid": [-0.026890024666864215, -0.3231109082698822, 0.01904830690941229], "extents": [0.554286791003493, 0.15443700551986705, 0.29750723346101005], "rotate_angle": -17.63, "rotate_angle_pred": -21.085113958614116}