{"centroid": [-0.043858137872251346, 0.45761451125144953, -0.046636808645243916], "extents": [1.4187902405443618, 0.2887129783630372, 0.5569987372945456], "rotate_angle": -8.85, "rotate_angle_pred": -10.327220385825399}