{"centroid": [-0.009405112297277647, 0.5639416128396987, 0.04411743130677892], "extents": [0.7981978645057193, 0.29654911160469083, 0.9376326191829318], "rotate_angle": 28.35, "rotate_angle_pred": 28.92215584481744}