{"centroid": [-0.02271684210232379, -0.006858140230178857, 0.06575762125034598], "extents": [1.0701674241864638, 0.3250134587287904, 0.639567376313736], "rotate_angle": -5.76, "rotate_angle_pred": -4.622241746608793}