{"centroid": [0.001386991476190494, 0.22613120824098581, 0.06874847874889334], "extents": [1.0444127367366096, 0.2705138921737673, 0.6564356117627475], "rotate_angle": -19.76, "rotate_angle_pred": -20.891749510349527}