{"centroid": [0.01973970870264545, 0.44803258776664723, -7.874514607750238e-06], "extents": [1.3321208013272663, 0.23738360404968278, 0.8237556374628322], "rotate_angle": -8.4, "rotate_angle_pred": -9.08314268794372}