{"centroid": [-0.03541751201033021, 0.182261373847723, 0.11549064118608789], "extents": [0.8507002246250535, 0.47591966390609763, 0.9300719773143233], "rotate_angle": 3.42, "rotate_angle_pred": 5.3623686988134835}