{"centroid": [-0.0011933763480059603, 0.5564692467451096, 0.049437978815567225], "extents": [0.8579004206850227, 0.31562116742134116, 0.9236070894368889], "rotate_angle": -10.16, "rotate_angle_pred": -12.230412073858261}