{"centroid": [0.004343646189467205, 0.5304354280233383, 0.005977885853142309], "extents": [0.9687887561869, 0.30516573786735546, 0.6429458943971977], "rotate_angle": 3.49, "rotate_angle_pred": 1.7294346756859227}