{"centroid": [-0.008811248005268807, -0.3034841865301132, 0.0037036664187848137], "extents": [1.154904222968279, 0.4849192202091219, 0.6707208616955362], "rotate_angle": 28.77, "rotate_angle_pred": 27.060962605283777}