{"centroid": [-0.014415017938289934, 0.5100198537111282, 0.024685246757716772], "extents": [1.1535145308919077, 0.31417450308799766, 0.6492117196225573], "rotate_angle": -21.31, "rotate_angle_pred": -23.471114874882716}