{"centroid": [0.016272142202810855, 0.49193719029426575, 0.0313766416828862], "extents": [1.0293160598119333, 0.29068368673324607, 0.6291783999890739], "rotate_angle": 5.94, "rotate_angle_pred": 3.4608455632820636}