{"centroid": [0.0005272452564318852, -0.3752647191286087, 0.061895717647569626], "extents": [1.026436068649702, 0.41498479247093223, 0.6479709606709783], "rotate_angle": -6.92, "rotate_angle_pred": -7.800054548941816}