{"centroid": [-0.022496069603143543, -0.010603204369544986, 0.061990116426129345], "extents": [1.0428626710701026, 0.2750416696071626, 0.6291709646875421], "rotate_angle": -8.41, "rotate_angle_pred": -9.00172242752177}