{"centroid": [0.0009049720405544803, 0.2284311205148697, 0.07687390241825476], "extents": [1.0202392453288358, 0.2649408280849459, 0.6339038681030087], "rotate_angle": -22.59, "rotate_angle_pred": -23.31513484010634}