{"centroid": [-0.07554154475373, 0.29320357739925385, 0.0025927544427277807], "extents": [0.8375483066433946, 0.20725467801094066, 0.538954490668402], "rotate_angle": -8.59, "rotate_angle_pred": -6.417190721911524}