{"centroid": [-0.40398765784510227, 0.12741070427000523, 0.02309918607164238], "extents": [0.810626210013048, 0.25773838162422197, 0.5289880641386323], "rotate_angle": -15.69, "rotate_angle_pred": -14.095924517042278}