{"centroid": [0.4141280449746121, -0.2281883805990219, 0.01087180243050017], "extents": [0.7793032615052368, 0.3198584616184236, 0.5258822500540068], "rotate_angle": -19.37, "rotate_angle_pred": -18.92422994356312}