{"centroid": [0.00618240240181106, 0.4775036722421645, -0.0017297639814416732], "extents": [1.096141204342767, 0.28077337145805376, 0.6313071761744575], "rotate_angle": 15.96, "rotate_angle_pred": 13.555769606258465}