{"centroid": [-0.04104771999224664, 0.17747363448143003, 0.05722225118404452], "extents": [0.8104925103076552, 0.29398435354232816, 1.0089445048702386], "rotate_angle": 24.42, "rotate_angle_pred": 25.24931339318799}