{"centroid": [0.013612680661746104, -0.1845065802335739, 0.08918623611762455], "extents": [0.859895947204466, 0.41343644261360196, 1.0442292721961504], "rotate_angle": -16.73, "rotate_angle_pred": -18.39638442661449}