{"centroid": [0.004746994765888711, -0.3641292303800583, 0.07263550183180231], "extents": [0.9939479071628973, 0.48514345288276695, 0.9534016097893877], "rotate_angle": -37.22, "rotate_angle_pred": -36.783828349298275}