{"centroid": [-0.04637378191658792, 0.1553772389888763, 0.10806467881738449], "extents": [0.9411498229509883, 0.45511126518249534, 0.9404479186599808], "rotate_angle": 11.89, "rotate_angle_pred": 14.379356411672362}