{"centroid": [0.009331582586091569, -0.3783966153860092, 0.040566596568368384], "extents": [1.0345579664405473, 0.4194408953189852, 0.6581211863392818], "rotate_angle": 10.4, "rotate_angle_pred": 8.67548945445651}