{"centroid": [0.011564811432083544, 0.22860534489154816, 0.07234380618228375], "extents": [1.0434860078753243, 0.27744707465171836, 0.6610924061057171], "rotate_angle": -37.63, "rotate_angle_pred": -36.977417862942474}