{"centroid": [-0.5376993576993312, -0.174131527543068, 0.1993325226961174], "extents": [0.5119919843117197, 0.08985206484794633, 0.49184445182655634], "rotate_angle": 22.81, "rotate_angle_pred": 21.77028202513337}