{"centroid": [0.43114743941866973, -0.01900179684162138, 0.21953596743143025], "extents": [0.5348781366321262, 0.2085127234458925, 0.5239436645091443], "rotate_angle": 36.21, "rotate_angle_pred": 40.054862752212046}