{"centroid": [-0.1332134685662734, 0.08966755494475358, 0.3218725281675708], "extents": [0.19995283948332443, 0.06736833602190029, 0.5401606524047687], "rotate_angle": -7.04, "rotate_angle_pred": -4.204720674426341}