{"centroid": [-0.1793026623602621, 0.05240826308727261, 0.3446675176053011], "extents": [0.30095310840191825, 0.09461047500371947, 0.5461255101624202], "rotate_angle": -37.49, "rotate_angle_pred": -35.80785370429969}