{"centroid": [-0.028201945678489763, -0.033947750926017775, 0.1727505742017801], "extents": [0.5735770571272364, 0.30939307808876054, 0.4961819741589236], "rotate_angle": -37.27, "rotate_angle_pred": -32.724268958202614}