{"centroid": [0.15140011233113146, 0.05390450358390817, -0.3667159109444271], "extents": [1.1164783561395673, 0.2353645265102388, 0.2776115020716092], "rotate_angle": 5.69, "rotate_angle_pred": 6.23389884425886}