{"centroid": [-0.10545802160143225, 0.03978656604886049, 0.30304842613277966], "extents": [0.2564353273688435, 0.06167159974575055, 0.5166373105521965], "rotate_angle": -7.47, "rotate_angle_pred": -3.9292221921486004}