{"centroid": [-0.001955813853459762, -0.37509679794311523, -0.002206002515690947], "extents": [1.1060952031251778, 0.6374903917312624, 1.0125659780268679], "rotate_angle": 40.59, "rotate_angle_pred": 34.559291876529684}