{"centroid": [0.024617629107118386, 0.46899260580539703, -0.03768384742512476], "extents": [1.389933248093271, 0.28485241532325767, 0.571691997960557], "rotate_angle": 32.69, "rotate_angle_pred": 30.318073826920127}