{"centroid": [-0.01537793920239798, -0.3580983877182007, 0.09425552553051772], "extents": [0.9546914805052124, 0.4741683006286622, 0.9302036271770402], "rotate_angle": -22.33, "rotate_angle_pred": -21.284050808406917}