{"centroid": [-0.037059703001718264, -0.549156665802002, 0.005719803962989156], "extents": [1.19369939125207, 0.24683487415313743, 1.0407281195333469], "rotate_angle": 9.37, "rotate_angle_pred": 11.308856847275663}