{"centroid": [-0.015223730976478209, 0.14839472062885758, 0.07564734465238426], "extents": [1.1198890443939369, 0.3225739598274234, 1.0542940122343842], "rotate_angle": -21.99, "rotate_angle_pred": -21.007734721206717}