{"centroid": [-0.02214382701298262, 0.44615766406059265, 0.03538295443473935], "extents": [1.144755626123085, 0.23257291316986112, 1.0758407343745082], "rotate_angle": -33.98, "rotate_angle_pred": -31.990218333467652}