{"centroid": [-0.0014493724288245358, -0.13605323433876038, 0.009550828914174317], "extents": [1.163139216245299, 0.33129686117172275, 1.0201153686716617], "rotate_angle": 29.08, "rotate_angle_pred": 26.316954986543564}