{"centroid": [0.005307922616735142, -0.6754399091005325, 0.04744555084340296], "extents": [0.9514921157385453, 0.23953935503959678, 0.8570728762772692], "rotate_angle": -27.08, "rotate_angle_pred": -26.48049041442772}