{"centroid": [-0.009037338770500038, 0.30409704148769373, 0.030281025329302443], "extents": [0.95603604378152, 0.31196996569633506, 0.8054964051957388], "rotate_angle": -4.86, "rotate_angle_pred": -3.9228725542262737}