{"centroid": [-0.01296847434734344, -0.020354047417640683, 0.03248002248993549], "extents": [0.9428928344152862, 0.35778120160102866, 0.8265257942055528], "rotate_angle": -7.63, "rotate_angle_pred": -4.957752712971484}