{"centroid": [-0.012471783391759417, 0.227448858320713, 0.061991998275347925], "extents": [1.0437813985410636, 0.26816019415855424, 0.65092158243617], "rotate_angle": -14.6, "rotate_angle_pred": -16.024353785033696}