{"centroid": [-0.03229243825395571, -0.02369992434978485, 0.06742458812432302], "extents": [1.0608498747502422, 0.28720298409462, 0.6506419592255833], "rotate_angle": -31.56, "rotate_angle_pred": -30.473196340891178}