{"centroid": [-0.02097588196295261, -0.3993399888277054, 0.07620239551693941], "extents": [1.0724529162717906, 0.4336112439632418, 0.6614085518988934], "rotate_angle": -19.17, "rotate_angle_pred": -20.170123597076767}