{"centroid": [-0.023726256771454, 0.5131123214960098, 0.02711721565826776], "extents": [0.9098286069939947, 0.20665529370307945, 0.8327677880062017], "rotate_angle": -33.38, "rotate_angle_pred": -32.44452379101674}