{"centroid": [0.0019446762430520223, -0.04033593833446501, 0.016422434937812203], "extents": [0.8772692793352768, 0.4955584704875947, 0.8156610236322359], "rotate_angle": 8.87, "rotate_angle_pred": 7.480110172375916}