{"centroid": [0.014108454084868431, 0.3482440561056137, -0.008091213235190985], "extents": [0.8624140678164491, 0.26741889119148277, 0.7812235407856069], "rotate_angle": 36.92, "rotate_angle_pred": 35.11933128146228}