{"centroid": [0.002756750993541217, -0.6327788829803467, -0.024819601616811793], "extents": [0.9050114459136425, 0.3826450109481814, 0.7931912285708429], "rotate_angle": 39.6, "rotate_angle_pred": 37.18780907622478}