{"centroid": [-0.034640732183985494, -0.5414158776402473, 0.048192662159044775], "extents": [0.35376948847927286, 0.12675987184047705, 0.32331640195176653], "rotate_angle": -7.64, "rotate_angle_pred": -10.318227092756274}