{"centroid": [-0.056480405509116025, -0.5219166949391365, 0.021873130136224665], "extents": [0.379447461688458, 0.12645994126796728, 0.3381322635789799], "rotate_angle": -31.03, "rotate_angle_pred": -31.785566557554397}