{"centroid": [-0.03268726123734874, -0.5495732687413692, 0.03760919931254836], "extents": [0.3260570705739856, 0.11214549094438553, 0.31078415548610855], "rotate_angle": 6.21, "rotate_angle_pred": 3.611278597345148}