{"centroid": [-0.05214946748960771, -0.5238473415374756, 0.02818583308504364], "extents": [0.3698095145685146, 0.1254891157150269, 0.3316354211542591], "rotate_angle": -26.83, "rotate_angle_pred": -27.90803524374693}