{"centroid": [-0.02944071700646329, -0.5547953061759472, 0.02706692048426208], "extents": [0.3259595602740454, 0.10894004255533218, 0.31372129630211565], "rotate_angle": 14.22, "rotate_angle_pred": 10.99917912469482}