{"centroid": [-0.0029431540241501263, -0.5602677240967749, 0.0006541260972429026], "extents": [0.31130588351018285, 0.10001485049724579, 0.3172032565273698], "rotate_angle": 36.96, "rotate_angle_pred": 32.31518516537116}