{"centroid": [0.007992342982395095, -0.22639104723930362, 0.03383060477700356], "extents": [1.1716517480025221, 0.6706972718238833, 1.0972640767248927], "rotate_angle": 7.91, "rotate_angle_pred": 5.52152946343449}