{"centroid": [-0.012244224777062818, -0.558162085711956, 0.007123927394672297], "extents": [0.31477839532972085, 0.10375823080539703, 0.31563300674764144], "rotate_angle": 30.32, "rotate_angle_pred": 26.71079934884463}