{"centroid": [-0.3886123488665235, 0.41840745508670807, 0.0644910710922657], "extents": [0.6265319550349213, 0.24143388867378257, 0.748329396781975], "rotate_angle": -10.73, "rotate_angle_pred": -11.656783875964436}