{"centroid": [-0.029070836472617545, -0.36208026111125946, -0.05056374473769233], "extents": [1.4337374797008846, 0.3774998486042025, 0.755932967385134], "rotate_angle": -1.03, "rotate_angle_pred": -1.446798631702677}