{"centroid": [0.0036373898515021513, 0.06475453078746791, 0.06315698434317504], "extents": [1.3478367174929493, 0.4265030324459077, 0.7538171324591385], "rotate_angle": -9.38, "rotate_angle_pred": -3.9240998381152963}