{"centroid": [0.008502032229323345, 0.12117478996515274, 0.031046262052070082], "extents": [1.1313985663356352, 0.4780505895614626, 0.6316931290808618], "rotate_angle": 38.85, "rotate_angle_pred": 38.31831086905021}