{"centroid": [-0.00874701069272174, -0.34035179018974304, 0.07551907501332013], "extents": [1.1900750857653155, 0.4858133196830752, 0.6621797340214042], "rotate_angle": -40.16, "rotate_angle_pred": -38.73622639938839}