{"centroid": [-0.005722416465756622, 0.5249734669923782, 0.02464774617601813], "extents": [1.1723403952715752, 0.3159463703632357, 0.6502648008180254], "rotate_angle": -10.69, "rotate_angle_pred": -13.169105028515006}