{"centroid": [-0.21127368286918646, 0.45593903958797455, 0.04111650679215645], "extents": [0.974823680377251, 0.22565773129463218, 0.8352204193772844], "rotate_angle": -19.58, "rotate_angle_pred": -20.66406798456586}