{"centroid": [0.017446563377005245, 0.5505698323249816, 0.012914416565768506], "extents": [0.9844985096468399, 0.3040453195571901, 0.6660995543092858], "rotate_angle": 19.49, "rotate_angle_pred": 16.12754442219412}