{"centroid": [-0.019828165682538174, 0.08579826354980467, 0.03056553941662092], "extents": [1.0845120939998503, 0.42351445555686973, 0.6277855515877444], "rotate_angle": 11.76, "rotate_angle_pred": 11.496010208533136}