{"centroid": [-0.029869122848582313, -0.3602216988801956, 0.05212291085603628], "extents": [1.117639868113005, 0.4760915935039522, 0.6567002351889712], "rotate_angle": 0.45, "rotate_angle_pred": 1.2120090927038376}