{"centroid": [-0.027132651040797484, 0.42988601326942444, 0.0307942650077513], "extents": [1.1426962894009582, 0.2955048680305483, 1.0255215419242663], "rotate_angle": 2.33, "rotate_angle_pred": 3.1711635231950908}