{"centroid": [-0.012426323015705884, -0.5018037706613541, -0.0017141579787306876], "extents": [1.1725778495599615, 0.2717371881008152, 1.0941668670367932], "rotate_angle": -40.92, "rotate_angle_pred": -41.6051589493867}