{"centroid": [-0.02024401822668563, 0.14869645610451698, 0.027639182037704553], "extents": [1.073923509364322, 0.37113437056541476, 1.0106516268121848], "rotate_angle": 38.28, "rotate_angle_pred": 40.36212143886428}