{"centroid": [0.006255721455915207, 0.534574806690216, 0.03569583599165671], "extents": [0.668021957400687, 0.27300727367401145, 1.0035636131363954], "rotate_angle": 31.77, "rotate_angle_pred": 32.75981374759941}