{"centroid": [0.0025288187481532776, 0.20503816008567807, 0.0703919456883001], "extents": [1.1074979636341176, 0.5379112958908083, 1.0803857172639355], "rotate_angle": 23.32, "rotate_angle_pred": 23.922307372139485}