{"centroid": [-4.197183392778969e-05, 0.12804043292999268, 0.014753066474633737], "extents": [0.7857122616844223, 0.15001565217971824, 0.6482691330152313], "rotate_angle": 27.97, "rotate_angle_pred": 27.558657083631715}