{"centroid": [-0.24551121477308285, 0.07274047285318369, 0.14909173539522283], "extents": [0.4595633504782102, 0.09192754328250897, 0.34931013425993174], "rotate_angle": 40.48, "rotate_angle_pred": 35.81197853253942}