{"centroid": [0.2670280966394869, 0.04915502294898034, -0.011987628585658505], "extents": [0.4466878568159744, 0.11269358545541772, 0.34013248208750224], "rotate_angle": 15.98, "rotate_angle_pred": 15.984672181778308}