{"centroid": [-0.004089052492952883, 0.200407326221466, 0.058641540338269474], "extents": [1.0426990972318013, 0.2516758441925051, 0.5937705032260572], "rotate_angle": 34.33, "rotate_angle_pred": 35.751385174444856}