{"centroid": [-0.10566672626483331, 0.08164372295141226, -0.17965753421743333], "extents": [0.4449540340510485, 0.1466504782438279, 0.3899034230023656], "rotate_angle": 15.21, "rotate_angle_pred": -7.308170775997368}