{"centroid": [0.007029406332334988, 0.11584650352597235, 0.03974196062622283], "extents": [0.5495676339153475, 0.07411118596792234, 0.3499288819336994], "rotate_angle": 22.7, "rotate_angle_pred": 23.61694636904754}