{"centroid": [0.23454490202933553, -0.06658212095499037, -0.010957932744450144], "extents": [0.37790186156205896, 0.12755125761032118, 0.6382503668807469], "rotate_angle": 4.06, "rotate_angle_pred": 4.428654442469565}