{"centroid": [0.038842534488227776, 0.12717288732528687, -0.02431396078570728], "extents": [0.23545768448077906, 0.10477563738822951, 0.6302760133954459], "rotate_angle": 27.55, "rotate_angle_pred": 30.03469288938941}