{"centroid": [-0.24780674892399934, 0.10454089194536208, -0.03314493506503158], "extents": [0.22310130685412224, 0.10926024615764632, 0.6307398786360406], "rotate_angle": 3.19, "rotate_angle_pred": 6.385410034930274}