{"centroid": [0.3104067992109031, 0.12415863573551184, 0.0036741937689222237], "extents": [0.2423634500023476, 0.11428683996200574, 0.629602305484724], "rotate_angle": 42.51, "rotate_angle_pred": 44.65300276777607}