{"centroid": [0.2493020226879445, 0.28021758049726486, -0.006423172872685727], "extents": [0.38102410339008314, 0.09831370413303392, 0.6183415829091425], "rotate_angle": 14.82, "rotate_angle_pred": 16.017838691291416}