{"centroid": [-0.0024268806873365897, 0.27614231407642365, 0.02000106585639764], "extents": [0.5635353828973969, 0.18327596783638012, 0.40390514654655374], "rotate_angle": 1.85, "rotate_angle_pred": -1.127042386032855}