{"centroid": [0.006078826609060457, 0.05563301593065261, 0.05712784850099676], "extents": [0.9274164710585098, 0.24234859645366685, 0.7068783252391082], "rotate_angle": 4.16, "rotate_angle_pred": 4.815786177872397}