{"centroid": [-0.6126605668572929, -0.06641384959220896, 0.08330548990385224], "extents": [0.33227834453565264, 0.35420578718185436, 0.6081175867840707], "rotate_angle": 39.27, "rotate_angle_pred": 39.35469260955288}