{"centroid": [0.5656950835901412, -0.1271376609802246, 0.06388126317099656], "extents": [0.363162813671676, 0.16957610845565807, 0.6043481199131471], "rotate_angle": 1.38, "rotate_angle_pred": 0.529678365535645}