{"centroid": [0.5840188741000967, 0.04622767865657812, 0.08275231052047813], "extents": [0.35891471356214794, 0.15464708209037795, 0.604329365174582], "rotate_angle": 30.83, "rotate_angle_pred": 31.742434325695065}