{"centroid": [-0.3198562745923797, 0.13007979840040204, 0.008788600108767877], "extents": [0.6644793868391644, 0.20515711605548873, 0.4616087162088935], "rotate_angle": 20.62, "rotate_angle_pred": 21.474479969676864}