{"centroid": [-0.003502705448785743, 0.12675655633211136, 0.1004048178364128], "extents": [0.4700963125053468, 0.15508566796779646, 0.4314134350975469], "rotate_angle": -41.23, "rotate_angle_pred": -43.64475669189878}