{"centroid": [-0.4015119426062572, 0.1258571371436118, 0.1396229265621446], "extents": [0.23344736341924427, 0.1453174203634263, 0.4307275514230812], "rotate_angle": 34.83, "rotate_angle_pred": 29.494859481827206}