{"centroid": [0.3963732166766827, 0.13102916628122324, 0.18347476058346376], "extents": [0.24794993606027194, 0.16195420920848858, 0.441882151014086], "rotate_angle": -9.35, "rotate_angle_pred": -8.23431589278988}