{"centroid": [-0.00626154671771606, 0.0703996531665325, 0.06984076844766882], "extents": [0.5618199182378338, 0.06675440818071382, 0.5297453471689774], "rotate_angle": -40.72, "rotate_angle_pred": -42.579244207436915}