{"centroid": [0.4677200377309704, 0.0665976740419865, 0.006502819643413038], "extents": [0.19788496048814602, 0.10362502187490476, 0.5835648135569511], "rotate_angle": 19.0, "rotate_angle_pred": 19.07723365416662}