{"centroid": [-0.40009034654984255, 0.06160761788487434, 0.034119467964464106], "extents": [0.2044525312400552, 0.08524870127439511, 0.5926219273929032], "rotate_angle": 0.92, "rotate_angle_pred": 1.5268957575618316}