{"centroid": [0.0068472441241599555, 0.08143069595098493, 0.03376670756420987], "extents": [0.5846013375502136, 0.17483942210674297, 0.48788231183303704], "rotate_angle": 2.3, "rotate_angle_pred": 2.3341299869300656}