{"centroid": [0.011949248658101659, 0.18482516705989838, 0.05183416055365587], "extents": [0.7085685543110416, 0.24691942334175124, 0.6429369280054388], "rotate_angle": -9.35, "rotate_angle_pred": -7.873562900098236}