{"centroid": [0.02331295857606521, 0.11955612897872922, 0.0497661484661472], "extents": [1.032623910353647, 0.333563029766083, 0.6419941331711296], "rotate_angle": 22.55, "rotate_angle_pred": 24.342819645290433}