{"centroid": [-0.009621686560916741, -0.016669884324073805, 0.05934568294667797], "extents": [0.6923775608240617, 0.08403623104095474, 0.5342985937756757], "rotate_angle": 18.6, "rotate_angle_pred": 18.327173214612287}