{"centroid": [-0.008942573764428766, 0.1430627405643463, 0.015921581421270002], "extents": [0.8427382834511247, 0.29317504167556785, 0.8125623586955313], "rotate_angle": 34.38, "rotate_angle_pred": 37.608516307938935}