{"centroid": [0.04875204465799786, 0.06068644300103184, 0.15053787145022657], "extents": [0.49571672974248504, 0.08160006254911441, 0.6657385545705494], "rotate_angle": -43.65, "rotate_angle_pred": -41.73579261868096}