{"centroid": [-0.32368053763677984, 0.0067337527871131255, 0.09128072896381328], "extents": [0.5860616693299607, 0.07179866731166856, 0.5544558289073974], "rotate_angle": 42.23, "rotate_angle_pred": 41.66241944057205}