{"centroid": [0.3009381919464957, 0.01977064460515976, 0.06750783556654091], "extents": [0.5893968922160132, 0.06262202560901657, 0.5520414097494164], "rotate_angle": 13.29, "rotate_angle_pred": 12.907433151838433}