{"centroid": [0.4766853397465224, 0.019231103360652896, 0.048140339992729736], "extents": [0.3942099747891474, 0.10492053627967851, 0.716092575299355], "rotate_angle": -4.28, "rotate_angle_pred": -4.437152038524758}