{"centroid": [-0.43218929107818843, 0.005220465362071976, 0.023680037631733854], "extents": [0.41339889815253034, 0.10319797694683092, 0.7232411020852891], "rotate_angle": 4.92, "rotate_angle_pred": 6.049584397211447}