{"centroid": [-0.37858869635824405, 0.3559451773762703, 0.029454840800103327], "extents": [0.5702662502629311, 0.23024062812328353, 0.4833204775632715], "rotate_angle": 25.54, "rotate_angle_pred": 27.516986986859926}