{"centroid": [0.4140795831815326, 0.4288562089204788, 0.03234133063262326], "extents": [0.5787767675626555, 0.246806710958481, 0.4789879543705829], "rotate_angle": 36.03, "rotate_angle_pred": 37.995447944079615}