{"centroid": [0.005206278170497826, -0.12258337438106538, 0.13103052227695983], "extents": [0.6682752517267516, 0.5551531910896303, 0.5979769360918241], "rotate_angle": 35.1, "rotate_angle_pred": 35.13342304784266}