{"centroid": [0.34089484498783124, 0.1656164452433586, 0.25631165270662676], "extents": [0.40145979663929593, 0.125774458050728, 0.5901387687682639], "rotate_angle": 38.43, "rotate_angle_pred": 37.742419769357824}