{"centroid": [0.3289966642777533, -0.22405586019158374, 0.2655598829475514], "extents": [0.4244140963098177, 0.12003660947084444, 0.5856476995222059], "rotate_angle": -24.12, "rotate_angle_pred": -25.785161411719827}