{"centroid": [0.27123352384665483, -0.2643127664923668, 0.07658481009680315], "extents": [0.4914986605441121, 0.13908945024013533, 0.5010582325093142], "rotate_angle": 25.15, "rotate_angle_pred": 26.743435855712434}