{"centroid": [-0.32339448476922217, 0.05240849405527113, 0.06949586064216359], "extents": [0.6478402762511659, 0.09067039191722885, 0.6322733308197446], "rotate_angle": 1.53, "rotate_angle_pred": 2.663620590860731}