{"centroid": [0.33685081659456056, 0.05478287488222124, 0.04039063499097078], "extents": [0.6388596783825061, 0.1046018451452257, 0.6479085573753562], "rotate_angle": 29.2, "rotate_angle_pred": 28.838661744752642}