{"centroid": [0.2521047957245998, 0.053878322243690505, 0.034769308425058695], "extents": [0.4392275736495627, 0.17241051793098464, 0.45156937079418175], "rotate_angle": 17.11, "rotate_angle_pred": 17.52535378256688}