{"centroid": [0.26523220837871775, -0.30437672883272177, 0.04323607827821243], "extents": [0.4377776738161881, 0.18834723532199873, 0.4516907689908855], "rotate_angle": -43.38, "rotate_angle_pred": -41.99381086421147}