{"centroid": [0.2119290228116501, 0.10228846222162254, -0.40367584611187757], "extents": [0.49652665097385323, 0.11147557199001323, 0.5043310446233178], "rotate_angle": -8.13, "rotate_angle_pred": -5.444844156111614}