{"centroid": [0.5669883027595645, -0.24725212901830682, 0.1708494012598711], "extents": [0.3282939733181686, 0.1290727108716967, 0.8396755903351667], "rotate_angle": -8.57, "rotate_angle_pred": -6.321634390116401}