{"centroid": [0.5488772071849747, -0.0655834078788757, -0.0006893794483986762], "extents": [0.3392419775444925, 0.12672138214111348, 0.8434426686013484], "rotate_angle": 17.17, "rotate_angle_pred": 18.271364056133848}