{"centroid": [-0.6147164484551911, -0.008464142680168252, 0.06626675942213495], "extents": [0.30574577304577744, 0.3422361016273501, 0.8557792694245914], "rotate_angle": 37.07, "rotate_angle_pred": 39.16584225369849}