{"centroid": [-0.3670246978598907, 0.19295156002044678, 0.013079426158645456], "extents": [0.17962911314005914, 0.28309971094131486, 0.7205689384561098], "rotate_angle": 12.95, "rotate_angle_pred": 14.727276942250086}