{"centroid": [0.23656699092243857, -0.05464690551161764, 0.0013280653331995754], "extents": [0.44214677743436503, 0.13127422332763689, 0.5745726815069863], "rotate_angle": 23.72, "rotate_angle_pred": 23.49869755537543}