{"centroid": [0.27931694016174186, 0.09779989719390869, 0.021057227732295937], "extents": [0.5230724792512816, 0.1094748079776765, 0.4598596675345232], "rotate_angle": 11.39, "rotate_angle_pred": 10.795849650200154}