{"centroid": [-0.2261314951113411, 0.10713170841336246, 0.08342327650455272], "extents": [0.5396519997095286, 0.08356993645429626, 0.4726082470172205], "rotate_angle": 34.74, "rotate_angle_pred": 36.334563545151504}