{"centroid": [-0.2817898459723271, 0.0876825675368309, 0.011461690444565256], "extents": [0.32736226373861554, 0.13505862653255477, 0.5778565907092748], "rotate_angle": 2.65, "rotate_angle_pred": 2.9159607812886463}