{"centroid": [0.3174681697746995, 0.08558115363121037, 0.009615795894291672], "extents": [0.323576480448165, 0.13577342033386242, 0.5716394191283428], "rotate_angle": 40.43, "rotate_angle_pred": 41.371214477611296}