{"centroid": [0.6327259272740833, 0.37801762670278555, 0.0816074779708742], "extents": [0.49511328888471534, 0.17972458899021165, 0.4247766780261346], "rotate_angle": 41.63, "rotate_angle_pred": 43.72085143616505}