{"centroid": [-0.34747058677632725, 0.4308678209781647, 0.05122502696238971], "extents": [0.6183183194237, 0.21486896276474016, 0.7346732021602191], "rotate_angle": 33.21, "rotate_angle_pred": 34.26849550189903}