{"centroid": [-0.0013246963406468165, 0.45454917848110205, 0.07638475086013591], "extents": [1.3684011714696287, 0.2691138088703159, 0.5761343247864698], "rotate_angle": 30.31, "rotate_angle_pred": 30.94628850982148}