{"centroid": [0.005386819544446961, 0.2368507832288742, 0.08973761661136828], "extents": [0.9980903749700091, 0.23891779780387895, 0.6355255769488672], "rotate_angle": 10.82, "rotate_angle_pred": 11.286689792667872}