{"centroid": [-0.015982484598755953, -0.41288338601589203, 0.0743705927877586], "extents": [1.0223157615070448, 0.42583882808685314, 0.6342365871526414], "rotate_angle": -8.68, "rotate_angle_pred": -10.298684670919812}