{"centroid": [-0.011630583976670786, -0.04283110797405244, 0.07210394902377353], "extents": [1.0278406039618448, 0.2475223541259768, 0.6400259668708063], "rotate_angle": -30.84, "rotate_angle_pred": -31.41197971781375}