{"centroid": [0.004877167584586332, -0.298572350293398, 0.11366098246594424], "extents": [0.8960777083787964, 0.545337796211243, 0.9212894602863415], "rotate_angle": 19.67, "rotate_angle_pred": 20.84008147674119}