{"centroid": [0.0059111151727495315, 0.5718746781349182, 0.12231288356402098], "extents": [0.890805598228578, 0.3048166036605838, 0.9272319634468653], "rotate_angle": 29.41, "rotate_angle_pred": 29.88631550586726}