{"centroid": [0.012032810925425914, 0.16585086286067957, 0.11088127672287121], "extents": [0.8864996583496397, 0.47046801447868364, 0.9185048497413479], "rotate_angle": 1.13, "rotate_angle_pred": 2.389359434242266}