{"centroid": [-0.018895664869232498, -0.34047719836235046, 0.11093380509133462], "extents": [0.8971897311591639, 0.49884048104286216, 0.9039628453242609], "rotate_angle": 28.47, "rotate_angle_pred": 29.82459424962883}