{"centroid": [-0.011869728578836482, 0.5410013198852539, 0.10328780440795333], "extents": [0.8848512076967985, 0.306639909744263, 0.9087354442509893], "rotate_angle": 33.12, "rotate_angle_pred": 33.96211857124762}