{"centroid": [-0.004885018293665104, 0.15708805620670313, 0.1100455935303933], "extents": [0.8751486284595263, 0.45991566777229337, 0.9118748041271115], "rotate_angle": 14.59, "rotate_angle_pred": 16.70258366676076}