{"centroid": [-0.005959628978600549, -0.0353129655122757, 0.07993542320281377], "extents": [0.7728088894389801, 0.2628155052661898, 0.9332329985656149], "rotate_angle": 34.73, "rotate_angle_pred": 35.59426054867177}