{"centroid": [0.012604411241353267, 0.15769018232822415, 0.07227976511370836], "extents": [1.1826840484081051, 0.4710948765277865, 0.656020573122748], "rotate_angle": 30.31, "rotate_angle_pred": 30.54585448110172}