{"centroid": [-0.0048455351270938335, -0.32683961838483816, 0.07749257080299578], "extents": [1.1759685012143424, 0.4990475475788118, 0.6504132004595641], "rotate_angle": -8.99, "rotate_angle_pred": -8.835614814321843}