{"centroid": [-0.007662300917965867, 0.15396846830844876, 0.09466827252713149], "extents": [0.9763231345746102, 0.45198950171470664, 0.8745625080237024], "rotate_angle": 24.06, "rotate_angle_pred": 24.866938223449225}