{"centroid": [0.01333011873076173, 0.5454804301261903, 0.08282437004065275], "extents": [1.1747812254848633, 0.29622185230255155, 0.6577499037190621], "rotate_angle": 37.86, "rotate_angle_pred": 38.89491838241358}