{"centroid": [0.013000295278005947, 0.510257363319397, 0.07185659849863782], "extents": [0.7397455666954194, 0.2910284996032717, 0.9059250469726912], "rotate_angle": 5.8, "rotate_angle_pred": 6.695980552823926}