{"centroid": [-0.3398825390175963, 0.4314704984426498, 0.051634720027988266], "extents": [0.6545773170828347, 0.23076251149177562, 0.7359113718298804], "rotate_angle": -35.08, "rotate_angle_pred": -34.85626099351731}