{"centroid": [0.32920451560411296, 0.4291061386466026, 0.06048849530138533], "extents": [0.6756407196909086, 0.24423189461231248, 0.7358292531204307], "rotate_angle": 13.75, "rotate_angle_pred": 13.755532578879098}