{"centroid": [-0.3424841497924019, 0.44310761988162994, 0.0636593861570208], "extents": [0.6637042387239589, 0.2364213168621066, 0.7442848335800325], "rotate_angle": 29.78, "rotate_angle_pred": 31.43091546202995}