{"centroid": [0.3511314609209052, 0.44649805128574377, 0.07559364810331515], "extents": [0.6766194210701172, 0.2518498599529269, 0.738346468999614], "rotate_angle": 12.27, "rotate_angle_pred": 13.424929871435424}