{"centroid": [-0.33373445722615663, 0.4666278064250946, 0.053647945760553935], "extents": [0.6883529380272243, 0.25064307451248197, 0.77227270105105], "rotate_angle": 28.67, "rotate_angle_pred": 29.403152624767998}