{"centroid": [0.38500365470357334, 0.5075892508029939, 0.07136648602290552], "extents": [0.7200469426554527, 0.25012654066085843, 0.7679451759375413], "rotate_angle": 44.72, "rotate_angle_pred": 46.87168145584728}