{"centroid": [-0.004772862907594946, 0.2903436273336411, 0.08398725323381317], "extents": [1.1086176571865383, 0.26566269993782066, 0.697847481641473], "rotate_angle": 4.52, "rotate_angle_pred": 5.0201210434864265}