{"centroid": [-0.0008340323048839221, -0.019650399684906023, 0.09009322885515164], "extents": [1.1037822066578258, 0.27352201938629167, 0.6985508391382779], "rotate_angle": 3.94, "rotate_angle_pred": 4.654145334479452}