{"centroid": [0.002776955826757438, -0.4018019586801529, 0.09598422406350937], "extents": [1.104976655916698, 0.4470765590667727, 0.7031969439924532], "rotate_angle": 27.4, "rotate_angle_pred": 28.110714402525637}