{"centroid": [0.6186783046236553, 0.35482025891542435, 0.05159789615292406], "extents": [0.47921648809784567, 0.17960332334041607, 0.4207409636810791], "rotate_angle": 8.56, "rotate_angle_pred": 9.143015555089221}