{"centroid": [-0.00017642444036697347, -0.356180801987648, 0.0895424423928704], "extents": [0.8788583456072172, 0.47047606110572837, 0.8869439542528031], "rotate_angle": 24.32, "rotate_angle_pred": 25.412096334441372}