{"centroid": [0.014983252411305048, 0.5251264274120331, 0.08824131460495027], "extents": [0.8668807941676022, 0.2986789345741275, 0.9020701255439023], "rotate_angle": 29.91, "rotate_angle_pred": 31.24369579676459}