{"centroid": [0.005258961083858954, 0.5344430208206177, 0.08893767193771611], "extents": [1.0174747417177346, 0.28871536254882835, 0.6445280130876984], "rotate_angle": 27.67, "rotate_angle_pred": 28.4194644843464}