{"centroid": [-0.0013025527486141691, 0.25889752805232996, 0.08717568831438835], "extents": [1.003475693851314, 0.24331352114677443, 0.6310283716530177], "rotate_angle": 15.91, "rotate_angle_pred": 16.370923779843537}