{"centroid": [0.020879548310838894, 0.5248712003231049, 0.10439623170554592], "extents": [0.8656637101710569, 0.34315258264541654, 0.9260845811554423], "rotate_angle": 35.46, "rotate_angle_pred": 34.88253840338058}