{"centroid": [0.02433245558987923, 0.1912828385829925, 0.10984821441970274], "extents": [0.8698360762861423, 0.3142108917236331, 0.9226246905595341], "rotate_angle": 17.87, "rotate_angle_pred": 19.02127294963735}