{"centroid": [0.007951184380191982, -0.26052381098270416, 0.1199830977730639], "extents": [0.8901166545172967, 0.49826210737228416, 0.9241072173398681], "rotate_angle": 19.24, "rotate_angle_pred": 20.028851584723498}