{"centroid": [-0.01595935590917586, 0.5384082198143004, 0.0965145514997304], "extents": [0.7672826127932535, 0.30969154834747337, 0.9416648243033672], "rotate_angle": 24.03, "rotate_angle_pred": 25.179395109876566}