{"centroid": [-0.5770446569676602, 0.34720569849014277, 0.05070694828978429], "extents": [0.48151148150934764, 0.19049131870269786, 0.4124511249580644], "rotate_angle": 21.04, "rotate_angle_pred": 22.087290362594047}