{"centroid": [0.007897730669346292, 0.4567202404141426, 0.0750253391902175], "extents": [1.2625129429529407, 0.22815512120723747, 0.7608429318038356], "rotate_angle": 7.31, "rotate_angle_pred": 7.446326134245936}