{"centroid": [0.019679711728819826, 0.46471574902534485, 0.08893361124811117], "extents": [1.3838568936846052, 0.2553531527519229, 0.5726984743851099], "rotate_angle": 24.53, "rotate_angle_pred": 26.036130934144687}