{"centroid": [-0.010035156764335827, 0.3176546320319175, 0.010324193096924103], "extents": [0.8074804530475237, 0.24245174229145067, 0.7544552670774257], "rotate_angle": 3.81, "rotate_angle_pred": 2.9959763664919734}