{"centroid": [-0.011950366857444036, -0.032208204269409194, 0.0673949174398122], "extents": [0.983125899372988, 0.23610383272171034, 0.6216102676076706], "rotate_angle": 3.48, "rotate_angle_pred": 2.4785631081065134}