{"centroid": [-0.36635019843087835, 0.42949320375919336, 0.0544209833053118], "extents": [0.5854118634935449, 0.230058401823044, 0.700916608487985], "rotate_angle": 4.21, "rotate_angle_pred": 3.747763166728845}