{"centroid": [0.0009734262951516942, 0.554877758026123, 0.08843018784190736], "extents": [0.9282876173642105, 0.3099293708801272, 0.6690373959474503], "rotate_angle": 25.86, "rotate_angle_pred": 25.994021968578096}