{"centroid": [0.023446658949204557, 0.24242468923330304, 0.09008541462054909], "extents": [0.667071593773688, 0.23380996286869074, 0.9238172948014489], "rotate_angle": 4.55, "rotate_angle_pred": 4.8265472701715595}