{"centroid": [0.013584608207286894, 0.5147189795970916, 0.10407981573178304], "extents": [0.6870407936887148, 0.26389175653457664, 0.9158085422978095], "rotate_angle": -40.19, "rotate_angle_pred": -39.68786376244134}