{"centroid": [0.020874181089227513, -0.027462556958198568, 0.09748687212709889], "extents": [0.6718544264211317, 0.24598714709281944, 0.9195830685441331], "rotate_angle": 11.35, "rotate_angle_pred": 12.881046283438138}