{"centroid": [0.013253423713761647, -0.20216517150402066, 0.05619334615945959], "extents": [1.2122205826356756, 0.7734915018081667, 1.1493547276119527], "rotate_angle": 18.07, "rotate_angle_pred": 21.073473216246782}