{"centroid": [0.0053679404409023995, 0.3549395501613617, 0.05038754638590914], "extents": [1.1981249926682374, 0.362288296222687, 1.1323487644278023], "rotate_angle": 1.02, "rotate_angle_pred": 2.3591501051456873}