{"centroid": [0.005035952251183043, 0.299532487988472, 0.012539415593159547], "extents": [0.5714073685459231, 0.14497396349906932, 0.5535467178164408], "rotate_angle": 3.79, "rotate_angle_pred": 2.472092484763209}