{"centroid": [0.003961332308915155, 0.5333995819091797, 0.09560102027491585], "extents": [1.1670223204532508, 0.2917971611022952, 0.6509169785601938], "rotate_angle": 38.42, "rotate_angle_pred": 39.62526961768689}