{"centroid": [0.0020594128722143945, -0.35350412130355835, 0.08677406484962295], "extents": [1.1654983993297177, 0.496148079633713, 0.6466069947569626], "rotate_angle": 26.55, "rotate_angle_pred": 27.50505578907451}