{"centroid": [0.005286164997364229, 0.1445940136909485, 0.07652061319541117], "extents": [1.1649516797848563, 0.46866714954376243, 0.6542227851315772], "rotate_angle": 13.17, "rotate_angle_pred": 13.29642370074923}