{"centroid": [0.02759659376708802, 0.5479207038879395, 0.0932727134717624], "extents": [0.9332710753271123, 0.30633997917175315, 0.6775111140579775], "rotate_angle": 27.76, "rotate_angle_pred": 28.098146450079142}