{"centroid": [0.02652600397028016, 0.5205579102039337, 0.12121269019608018], "extents": [0.9009165137234596, 0.33455199003219627, 0.9543511835135873], "rotate_angle": 41.7, "rotate_angle_pred": 43.810341889027605}