{"centroid": [0.03253644170130988, -0.013600960373878486, 0.09868093311637018], "extents": [1.0067027798446566, 0.25121602416038535, 0.6373438233533183], "rotate_angle": 31.48, "rotate_angle_pred": 32.84230576265317}