{"centroid": [0.008652693818372387, -0.012228488922119158, 0.03926415537523675], "extents": [1.1836087466833027, 0.36490035057067893, 1.1211262716993087], "rotate_angle": 15.52, "rotate_angle_pred": 16.97923269174032}