{"centroid": [-0.004687872636203294, 0.37708666920661926, 0.050029580692823955], "extents": [1.1807799201304192, 0.36640375852584883, 1.1044099201836737], "rotate_angle": -40.01, "rotate_angle_pred": -39.028169308648756}