{"centroid": [0.012059242982252985, -0.3772002160549164, 0.038600298213253975], "extents": [1.1775525905042588, 0.35295498371124306, 1.1128864379727514], "rotate_angle": 25.53, "rotate_angle_pred": 27.401985816361993}