{"centroid": [0.6266559304062801, 0.3556538224220276, 0.028958808184310885], "extents": [0.48247080442272183, 0.1793748736381532, 0.42069851829778526], "rotate_angle": 7.47, "rotate_angle_pred": 7.186156545267323}