{"centroid": [-0.5704219191998047, 0.34148886054754257, 0.019433642777062776], "extents": [0.4809655693544492, 0.18076296150684373, 0.4106126850661228], "rotate_angle": -39.59, "rotate_angle_pred": -37.65919465800228}