{"centroid": [-0.018025924454429895, 0.4679978191852569, 0.059929344361929794], "extents": [1.3847433265178388, 0.2486433386802675, 0.57556235526525], "rotate_angle": 22.33, "rotate_angle_pred": 22.88173347482359}