{"centroid": [0.007648797110929667, -0.4164590686559677, 0.02808808040404602], "extents": [1.210639575816446, 0.3708377480506901, 1.1495063113396116], "rotate_angle": 25.47, "rotate_angle_pred": 27.64358149532996}