{"centroid": [-0.0010739222250507885, 0.43646369874477386, 0.036125935130557466], "extents": [1.2000009738809059, 0.17658808827400246, 1.136649701794815], "rotate_angle": 32.53, "rotate_angle_pred": 34.7721791002211}