{"centroid": [-0.0017702908044924387, -0.04373164474964143, 0.03538006259876178], "extents": [1.2029129046221652, 0.3730232715606693, 1.141795614292063], "rotate_angle": 29.5, "rotate_angle_pred": 31.138818307906426}