{"centroid": [0.010980101307205385, 0.5239254981279373, 0.08721862298136403], "extents": [0.8965276517623737, 0.2981074750423433, 0.652326288596933], "rotate_angle": 34.44, "rotate_angle_pred": 35.92300249810499}