{"centroid": [0.013548009357147596, 0.25886236131191254, 0.08779934657253594], "extents": [0.7536479175593893, 0.2516353428363802, 0.927286498427319], "rotate_angle": 14.63, "rotate_angle_pred": 15.697504047379667}