{"centroid": [0.0038547319643015276, -0.3862683773040771, 0.08817149226909209], "extents": [0.7688816436818444, 0.42387163639068615, 0.9187635362355755], "rotate_angle": 42.33, "rotate_angle_pred": 42.22133440966496}