{"centroid": [-0.34018932378772204, 0.435687392950058, 0.06225349004571054], "extents": [0.6623851654831596, 0.23566204309463523, 0.736949920422642], "rotate_angle": -9.51, "rotate_angle_pred": -9.12225070276098}