{"centroid": [0.0044583134965825305, 0.022516340017318726, 0.034044946993225245], "extents": [1.042977441022347, 0.15062767267227195, 0.9942669165121716], "rotate_angle": 2.88, "rotate_angle_pred": 3.506981682995402}