{"centroid": [0.011148188004737047, 0.1630471646785736, 0.03163166576833511], "extents": [1.0465882868234524, 0.15779876708984403, 0.9948438264973494], "rotate_angle": 26.96, "rotate_angle_pred": 27.97037374426594}