{"centroid": [0.0008521767787074697, 0.5155963152647018, 0.029296361081019073], "extents": [1.042675978766244, 0.14378824830055265, 0.9934427802801464], "rotate_angle": 14.79, "rotate_angle_pred": 15.726310741173009}