{"centroid": [-0.010060104753048, -0.29118387773633003, 0.09662302704124089], "extents": [1.116611933023286, 0.5071520805358889, 0.6694053264446598], "rotate_angle": 15.61, "rotate_angle_pred": 15.999488925269176}