{"centroid": [-0.001224307317986062, 0.5552206188440323, 0.0923302747529287], "extents": [1.119132392628141, 0.26517841219902066, 0.6610566932746427], "rotate_angle": 30.73, "rotate_angle_pred": 31.802301897175795}