{"centroid": [0.011068513000266428, 0.13696242868900296, 0.0876046108605405], "extents": [1.1429126256946969, 0.45706680417060874, 0.6354949471155429], "rotate_angle": 24.75, "rotate_angle_pred": 26.151981861949125}