{"centroid": [0.6194877930037332, 0.34999001026153564, 0.032427171201618046], "extents": [0.4501949192991541, 0.17032521963119518, 0.41550778810048294], "rotate_angle": 19.43, "rotate_angle_pred": 19.444357459080976}