{"centroid": [0.01563849297830691, 0.0753592811524868, 0.03443588742038467], "extents": [0.8803761850839036, 0.10496205836534528, 0.8361109761983735], "rotate_angle": 44.34, "rotate_angle_pred": 43.66394058315732}