{"centroid": [0.019375756845281727, 0.34785613790154457, 0.03904989612093467], "extents": [0.8784067553563657, 0.1136785075068476, 0.8380213902251722], "rotate_angle": 31.99, "rotate_angle_pred": 32.03178309434685}