{"centroid": [0.02822085174752783, 0.8014160990715027, 0.03849315317669959], "extents": [0.8684776971856256, 0.10228621959686302, 0.8418804359085459], "rotate_angle": 22.51, "rotate_angle_pred": 22.976929323242913}