{"centroid": [0.011574342386797817, -0.505363754928112, 0.03539136848164117], "extents": [0.8917349644635308, 0.12208311259746574, 0.8352398935772587], "rotate_angle": 0.14, "rotate_angle_pred": -1.2225538263770517}