{"centroid": [0.024734074077502957, -0.22589294612407693, 0.02913312905417334], "extents": [0.8857565100258462, 0.12757357954978968, 0.8367179796658507], "rotate_angle": 25.95, "rotate_angle_pred": 26.02060702269661}