{"centroid": [0.006353393359930279, 0.5613988637924193, 0.11022725921080861], "extents": [0.884621476238616, 0.3413789272308352, 0.9544841976360713], "rotate_angle": 18.57, "rotate_angle_pred": 20.27738506803155}