{"centroid": [-0.00252619042278783, -0.31310373172163963, 0.0961991849973696], "extents": [0.7885010324988793, 0.5099296569824221, 0.9492067197964077], "rotate_angle": 20.0, "rotate_angle_pred": 21.19825244570626}