{"centroid": [0.0065616900881523, 0.19345381855964658, 0.09473136741548219], "extents": [0.7711404786361529, 0.5008546113967898, 0.9413410699071473], "rotate_angle": 43.32, "rotate_angle_pred": 42.09442855447588}