{"centroid": [0.007959266302770739, 0.41796362400054926, 0.0810472697980078], "extents": [0.6602375559238497, 0.2578358650207521, 0.8926173518707594], "rotate_angle": 24.39, "rotate_angle_pred": 25.41688529827546}