{"centroid": [-0.016801536978386836, -0.3610991910099983, 0.03978053791430803], "extents": [1.066249833241066, 0.7009508609771731, 1.0076956615034138], "rotate_angle": 7.45, "rotate_angle_pred": 8.624132602240664}