{"centroid": [-0.0010794102665033362, 0.10407838225364685, 0.04674299064847156], "extents": [1.0604482628476986, 0.344441115856171, 1.0148638237370138], "rotate_angle": 22.95, "rotate_angle_pred": 23.544851206499743}