{"centroid": [-0.01597689485817455, 0.3642280176281929, 0.038559986262596206], "extents": [1.0596720990373878, 0.1471505016088489, 1.0052974051468504], "rotate_angle": 23.39, "rotate_angle_pred": 22.947470982897784}