{"centroid": [-0.000426280339149189, -0.32223423570394527, 0.09383334727076062], "extents": [0.8542349544547129, 0.4948329925537112, 0.8802464220620112], "rotate_angle": 4.66, "rotate_angle_pred": 5.828148174299571}