{"centroid": [0.012894173779139304, 0.5423909723758698, 0.09704927975226182], "extents": [0.8526472355175914, 0.2885255217552188, 0.8895709416415022], "rotate_angle": 27.18, "rotate_angle_pred": 28.515350872315103}