{"centroid": [0.006630880873377806, 0.28865243494510645, 0.0989112044117339], "extents": [1.042702213290946, 0.24623861908912673, 0.6638013221628767], "rotate_angle": 0.72, "rotate_angle_pred": 1.4479714990720396}