{"centroid": [0.017486295271536154, 0.13812415301799774, 0.08598253903620338], "extents": [1.1687235957045505, 0.46812811493873624, 0.6416469880927387], "rotate_angle": 34.51, "rotate_angle_pred": 35.31188772929966}