{"centroid": [0.00027097959004517, -0.3420552909374237, 0.08733524578855481], "extents": [1.1657136985864454, 0.49789917469024675, 0.6443989446686889], "rotate_angle": 1.1, "rotate_angle_pred": 1.3052793089205181}