{"centroid": [0.015477319119939353, 0.150630384683609, 0.10635697089111265], "extents": [1.1765029354125862, 0.4722974300384524, 0.6469732481026231], "rotate_angle": 38.02, "rotate_angle_pred": 39.21468943191145}