{"centroid": [0.01513959504908606, 0.5429662466049194, 0.09566846681222735], "extents": [1.1659086786459487, 0.2897448539733889, 0.656434288766469], "rotate_angle": 23.97, "rotate_angle_pred": 24.338937357677906}