{"centroid": [-0.006817355449835763, -0.31642596423625946, 0.09894305888790159], "extents": [0.8734223487360107, 0.48659929633140586, 0.8994955072421205], "rotate_angle": -8.69, "rotate_angle_pred": -7.715625262624087}