{"centroid": [0.008445882464746923, 0.5443776994943619, 0.09382692185513747], "extents": [0.8799918783627658, 0.3043496310710909, 0.9048086295428883], "rotate_angle": 36.82, "rotate_angle_pred": 37.38606202943569}