{"centroid": [-0.001948110756050024, -0.38485783338546753, 0.09600470199081206], "extents": [0.8043340186429735, 0.3955326080322268, 0.9415064747967251], "rotate_angle": -41.24, "rotate_angle_pred": -38.887593330653914}