{"centroid": [-0.01138402225086839, 0.554504245519638, 0.08588498574214845], "extents": [0.7979987513890558, 0.32782536745071433, 0.954240590451656], "rotate_angle": -41.15, "rotate_angle_pred": -39.54694301381815}