{"centroid": [0.01499238554244444, -0.020921379327774058, 0.09292636636406135], "extents": [0.7877043600938416, 0.26194104552269004, 0.9450464386984452], "rotate_angle": 44.55, "rotate_angle_pred": 46.07135393369005}