{"centroid": [0.004626062440219146, 0.5407691895961761, 0.0633262001102803], "extents": [0.8978465817269835, 0.3062801957130435, 0.9229815624664385], "rotate_angle": 43.14, "rotate_angle_pred": 43.34751319404709}