{"centroid": [-0.022389401799328787, -0.3552149832248688, 0.06358663441232885], "extents": [0.9061107725105932, 0.5041733980178835, 0.9175989718582122], "rotate_angle": -33.44, "rotate_angle_pred": -32.26064459979965}