{"centroid": [0.017670113612985948, 0.5194098055362701, 0.027262074737580126], "extents": [0.822628858819028, 0.5883337855339053, 0.7975575358061915], "rotate_angle": 27.91, "rotate_angle_pred": 29.95907766859665}