{"centroid": [0.02794136154609573, -0.012649238109588623, 0.027065997370610995], "extents": [0.8390370477418556, 0.5472409725189211, 0.8019749994038574], "rotate_angle": 27.21, "rotate_angle_pred": 29.016074434324153}