{"centroid": [-0.010361171954198653, -0.36033568531274796, 0.051050894223673024], "extents": [1.2966480257949011, 0.21786458790302293, 0.6671933533213268], "rotate_angle": -3.79, "rotate_angle_pred": -2.0736765679088336}