{"centroid": [0.006657696963598719, -0.3901342898607254, 0.09008039391975108], "extents": [1.0747179881117628, 0.4453499019145968, 0.6759810382323285], "rotate_angle": 24.24, "rotate_angle_pred": 25.061459448807952}