{"centroid": [0.0029883044942538572, -0.017441183328628557, 0.09105399853005941], "extents": [1.073753729957318, 0.2655486762523654, 0.6715660191506323], "rotate_angle": -43.36, "rotate_angle_pred": -43.61179925822762}