{"centroid": [0.008181054173758487, 0.5493596643209457, 0.08189968918653452], "extents": [1.059958103838486, 0.31004956364631675, 0.6706821940757468], "rotate_angle": -7.86, "rotate_angle_pred": -6.660560540920969}