{"centroid": [-0.3342679862182503, 0.4375126510858536, 0.05128260790096418], "extents": [0.6449317893807265, 0.2358662784099581, 0.7387084320997231], "rotate_angle": 38.19, "rotate_angle_pred": 39.38571826919284}