{"centroid": [0.3545901262797703, 0.4385406821966171, 0.07036645760386023], "extents": [0.6673303780733469, 0.2411263287067415, 0.7364016703107754], "rotate_angle": 43.92, "rotate_angle_pred": 45.30089726322509}