{"centroid": [0.000645842243178596, 0.4811555817723274, 0.07005692420400113], "extents": [1.2804858496132507, 0.2285939306020739, 0.7843750599844874], "rotate_angle": 10.74, "rotate_angle_pred": 10.415686128082626}