{"centroid": [-0.003997335017487322, -0.053740024566650405, 0.07084760828731076], "extents": [0.7807721927588293, 0.24820509552955652, 0.9389772217826368], "rotate_angle": 25.29, "rotate_angle_pred": 26.36654145571977}