{"centroid": [0.022720377432102208, 0.5740274041891098, 0.09626014843370721], "extents": [0.6847997993306629, 0.25706127285957364, 0.9300829889714772], "rotate_angle": 22.3, "rotate_angle_pred": 22.249045352002526}