{"centroid": [0.00519587438933633, -0.3689586967229843, 0.06590237389496345], "extents": [1.035605816135209, 0.46071043610572826, 0.6456904585296679], "rotate_angle": 9.0, "rotate_angle_pred": 8.149035276168803}