{"centroid": [0.016571795948460845, 0.24108782410621643, 0.06443109638215896], "extents": [1.0229744803469036, 0.25037956237792985, 0.650239758796693], "rotate_angle": 3.31, "rotate_angle_pred": 2.8117991909539484}