{"centroid": [0.016378665151523163, 0.5216351449489594, 0.06386999899608292], "extents": [1.0237343539395554, 0.29301959276199363, 0.6552741673551004], "rotate_angle": 20.98, "rotate_angle_pred": 20.165499289251088}