{"centroid": [0.005317947652897857, -0.31787762045860296, 0.08626786643810452], "extents": [0.7670221204330049, 0.502039194107056, 0.9304023234143551], "rotate_angle": 40.22, "rotate_angle_pred": 41.41201669474297}