{"centroid": [0.01389991156806828, 0.19328041374683377, 0.08358605580117394], "extents": [0.755089645150098, 0.48318174481391934, 0.9333114084002738], "rotate_angle": 34.34, "rotate_angle_pred": 35.83352658993229}