{"centroid": [0.004442658410261757, 0.5332661718130112, 0.08327648435944546], "extents": [1.1364747078206174, 0.3027975857257845, 0.6357586863711354], "rotate_angle": 24.31, "rotate_angle_pred": 24.60987815210352}