{"centroid": [-0.006408975230731931, -0.32202800363302225, 0.08763167532186447], "extents": [1.1337913314658765, 0.47309795022010814, 0.6353426001969518], "rotate_angle": 18.79, "rotate_angle_pred": 18.80079656101813}