{"centroid": [0.008908593628238648, 0.16317853331565854, 0.07674843801581438], "extents": [1.1370572925638014, 0.4562390446662905, 0.6344199114661706], "rotate_angle": 16.75, "rotate_angle_pred": 16.137545207549522}