{"centroid": [0.01847039932017793, 0.4985027015209198, 0.07640408120697471], "extents": [1.001499535295774, 0.28518325090408353, 0.6292431960889091], "rotate_angle": -44.12, "rotate_angle_pred": -44.39483312712596}