{"centroid": [0.026044866810176474, 0.23899313062429428, 0.08187525461237842], "extents": [0.9801016019519058, 0.23938359320163743, 0.6201592788599064], "rotate_angle": 4.39, "rotate_angle_pred": 4.627758369098515}