{"centroid": [-0.3848501115308501, -0.28454825282096863, 0.02934578473016156], "extents": [0.8577616649852157, 0.336062401533127, 0.550282169984052], "rotate_angle": 17.0, "rotate_angle_pred": 19.286419610524632}