{"centroid": [0.41202627888530374, -0.27342267334461207, 0.04873433377242019], "extents": [0.8464749183910376, 0.3300949335098269, 0.5527022692848758], "rotate_angle": 39.58, "rotate_angle_pred": 42.36759773849462}