{"centroid": [-0.3912449153689095, 0.31274336576461786, 0.009224318497203982], "extents": [0.8389046479041598, 0.22208482027053855, 0.5662509396592714], "rotate_angle": 37.19, "rotate_angle_pred": 41.04776370624966}