{"centroid": [-0.017349538058324496, -0.3277598172426224, 0.08213791741901905], "extents": [1.1030981896713543, 0.4612776637077334, 0.6175705989845479], "rotate_angle": 21.76, "rotate_angle_pred": 21.552716263008193}