{"centroid": [0.41133817867429506, 0.3400428146123886, 0.018531777082564316], "extents": [0.8403220620718402, 0.20271667838096635, 0.5443545481429701], "rotate_angle": 20.32, "rotate_angle_pred": 21.093213186262815}