{"centroid": [-0.008411538255486115, 0.14434845745563507, 0.08784455033826333], "extents": [1.0936293880410726, 0.4437756240367891, 0.6128660596471087], "rotate_angle": 1.14, "rotate_angle_pred": 1.8901459782269683}