{"centroid": [-0.02197147285736757, 0.511722058057785, 0.08080453123380137], "extents": [1.1023644040847007, 0.2946169972419742, 0.6063580420558113], "rotate_angle": -38.21, "rotate_angle_pred": -38.096832060952664}