{"centroid": [-0.4055920903283402, 0.05883872509002684, 0.014905826104593088], "extents": [0.8477515137671483, 0.32663571834564226, 0.5476552348421911], "rotate_angle": 13.93, "rotate_angle_pred": 16.263493307735033}