{"centroid": [0.004646299271964527, -0.19894594699144366, 0.11182665928027205], "extents": [0.7799260215322668, 0.4340224564075473, 1.0206524388956755], "rotate_angle": 21.62, "rotate_angle_pred": 23.7549666087218}