{"centroid": [0.008030661457528773, 0.19203469157218925, 0.11647269715153694], "extents": [0.7557346959664735, 0.27538818120956443, 1.0179121681290375], "rotate_angle": 19.74, "rotate_angle_pred": 21.758935821697733}