{"centroid": [0.006008029644984557, 0.5079653710126876, 0.10858591775934134], "extents": [0.7591059052978393, 0.29145899415016197, 1.0240785866571729], "rotate_angle": 29.19, "rotate_angle_pred": 29.91581296810169}