{"centroid": [0.0030421307723119545, 0.5819278359413147, 0.08849653682062181], "extents": [0.9129274025365972, 0.30559241771698026, 0.940359069790035], "rotate_angle": 24.85, "rotate_angle_pred": 26.2142885086854}