{"centroid": [0.00898218465497378, 0.18479841947555536, 0.08022227014755162], "extents": [0.9027231730198857, 0.4622190594673159, 0.9408072023212186], "rotate_angle": 13.41, "rotate_angle_pred": 15.402526567781365}