{"centroid": [-0.0015315604319864617, -0.3529066890478134, 0.03110467415509046], "extents": [1.0805722388384087, 0.6854494810104373, 1.028991690965675], "rotate_angle": 31.44, "rotate_angle_pred": 34.25294682780422}