{"centroid": [0.042088412168563225, 0.25523987412452703, 0.07922649218022353], "extents": [0.9472651779261361, 0.27135568857193015, 0.6334960063662328], "rotate_angle": 16.44, "rotate_angle_pred": 16.434319879942265}