{"centroid": [0.03559008455989666, -0.38373857736587524, 0.07343608227777101], "extents": [0.95368086152537, 0.40275034308433555, 0.6480172199090637], "rotate_angle": -24.2, "rotate_angle_pred": -24.92187630869921}