{"centroid": [0.042094261352293945, -0.017881944775581377, 0.08541668306632219], "extents": [0.9542094612689874, 0.327201306819916, 0.6482691862403474], "rotate_angle": 19.04, "rotate_angle_pred": 19.216769914503843}