{"centroid": [0.03576357379261673, 0.4968008995056152, 0.08416579422302345], "extents": [0.9610382548532745, 0.2735040187835695, 0.6393882189254352], "rotate_angle": -24.81, "rotate_angle_pred": -25.074392311355552}