{"centroid": [-0.5790813588378608, 0.347412459552288, 0.060974562770491965], "extents": [0.4680463616773117, 0.19387717545032518, 0.4184421549819698], "rotate_angle": 40.49, "rotate_angle_pred": 41.534492536505816}