{"centroid": [0.6160219675600632, 0.3473165929317475, 0.041473637256427304], "extents": [0.5000830353356625, 0.18576651811599743, 0.4203068366961694], "rotate_angle": 32.66, "rotate_angle_pred": 33.75452670998226}