{"centroid": [-0.005437046026688472, 0.5350244641304017, 0.08556118640758403], "extents": [0.8884209263297758, 0.3034640550613406, 0.9141006334778279], "rotate_angle": 29.31, "rotate_angle_pred": 30.085676574050034}