{"centroid": [0.0034741283125966083, 0.14596927165985105, 0.09466006191258765], "extents": [0.880584957683717, 0.46347600221633933, 0.9161511685301738], "rotate_angle": 20.52, "rotate_angle_pred": 22.934743244193854}