{"centroid": [0.019531154664936337, -0.19055879116058347, 0.03451531062922222], "extents": [1.072070581359401, 0.3530427813529971, 1.0222940280523276], "rotate_angle": -34.66, "rotate_angle_pred": -34.073504619443696}