{"centroid": [0.018968997868428913, 0.5822577327489853, 0.04237681397903814], "extents": [1.0669047771428757, 0.14913848042488131, 1.0175214947640643], "rotate_angle": 36.88, "rotate_angle_pred": 37.997839644273796}