{"centroid": [0.02165396489846738, 0.13610325753688812, 0.04105426565371253], "extents": [1.072044123792009, 0.34353783726692233, 1.0294941564369184], "rotate_angle": 25.59, "rotate_angle_pred": 26.63701036702215}