{"centroid": [-0.012973485540414026, 0.46597356349229807, 0.06369487384917975], "extents": [1.3204060631909202, 0.239848241209984, 0.5842283892914766], "rotate_angle": 25.92, "rotate_angle_pred": 26.001602212486098}