{"centroid": [0.003762693891552482, 0.34485444426536566, 0.03586356318194315], "extents": [0.9342935228073921, 0.30025732517242465, 0.8237494356154501], "rotate_angle": 31.51, "rotate_angle_pred": 32.48583394289396}