{"centroid": [0.018009474429685916, -0.6921864897012711, 0.043968888331227925], "extents": [0.9492413065397469, 0.3009646236896517, 0.8520713085719452], "rotate_angle": 15.4, "rotate_angle_pred": 15.566373328997017}