{"centroid": [-0.004660864516007633, -0.028243184089660648, 0.025293645778594775], "extents": [0.9384682041198428, 0.3462975919246676, 0.8616664283574746], "rotate_angle": 14.0, "rotate_angle_pred": 13.34224121936667}