{"centroid": [-0.005663815627952248, -0.021163150668144243, 0.0760307712217277], "extents": [1.0341578782680214, 0.25710725784301774, 0.6417585052952663], "rotate_angle": -6.39, "rotate_angle_pred": -6.919032814373253}