{"centroid": [-0.008061268113634473, 0.5309914946556091, 0.09194089478825665], "extents": [1.0763434221961696, 0.2601195573806765, 0.6431942612179451], "rotate_angle": 27.17, "rotate_angle_pred": 27.996272046991308}