{"centroid": [0.014991462430480267, 0.35995978116989136, 0.019823998699285153], "extents": [0.8346170910055717, 0.2548920512199404, 0.805071902605816], "rotate_angle": 32.12, "rotate_angle_pred": 32.469228109318564}