{"centroid": [0.011635434458101238, -0.5631976127624512, 0.014107819196915679], "extents": [0.8502169180443195, 0.5359628200531008, 0.800666444768066], "rotate_angle": 41.72, "rotate_angle_pred": 41.311731707176236}