{"centroid": [0.024052931901786034, -0.04724991321563721, 0.03366851441041827], "extents": [0.8384243384909754, 0.540709972381592, 0.8139534127657896], "rotate_angle": 22.1, "rotate_angle_pred": 23.403480978260745}