{"centroid": [0.012839601009273026, 0.6349985152482986, 0.0289673598095348], "extents": [0.8356259051094461, 0.25825175642967246, 0.7959382707310062], "rotate_angle": 7.11, "rotate_angle_pred": 8.029090536776323}