{"centroid": [-0.003906668682736689, -0.2130367457866669, 0.06541618925188682], "extents": [1.1757127133441196, 0.7711238861083988, 1.1052080474485089], "rotate_angle": 19.4, "rotate_angle_pred": 21.089819515463773}