{"centroid": [0.008810778986972675, 0.2318647801876068, 0.06208609612176127], "extents": [1.1637413336209286, 0.18482458591461218, 1.1033708892281713], "rotate_angle": -32.41, "rotate_angle_pred": -31.090416049286418}