{"centroid": [0.006823579355080003, -0.3705843538045883, 0.01976701049609158], "extents": [1.412200195558308, 0.45379236340522805, 0.7662962583280533], "rotate_angle": -40.93, "rotate_angle_pred": -40.82241868021876}