{"centroid": [0.009580814186632342, 0.07686743140220641, 0.03386155721758159], "extents": [1.4144930892453562, 0.43989390134811424, 0.7658408908883225], "rotate_angle": -6.17, "rotate_angle_pred": -5.414828570562278}