{"centroid": [0.008160748273832896, 0.45838941633701324, 0.03095743963542072], "extents": [1.3892550293764185, 0.29123899340629605, 0.7585887217506497], "rotate_angle": 26.7, "rotate_angle_pred": 27.00649656113471}