{"centroid": [-0.3781807100433658, 0.4416196271777153, 0.06426349167712944], "extents": [0.5811593660987356, 0.22931243479251878, 0.7163174310666713], "rotate_angle": 25.0, "rotate_angle_pred": 26.368038204354754}