{"centroid": [0.019590880586221576, -0.3189476579427719, 0.09346229344328164], "extents": [1.1645786834384753, 0.5055921077728274, 0.6409258882174478], "rotate_angle": 3.58, "rotate_angle_pred": 3.926708618187533}