{"centroid": [0.03585560816246977, 0.17018514871597287, 0.09262422658935408], "extents": [1.1605275670738313, 0.455768942832947, 0.6454805025249104], "rotate_angle": 32.78, "rotate_angle_pred": 33.0551950535224}