{"centroid": [0.0239008524579572, 0.45855703204870213, 0.06030274810561304], "extents": [1.2219908188537376, 0.21204800903797172, 0.7742706506250367], "rotate_angle": 24.12, "rotate_angle_pred": 23.945772661518404}