{"centroid": [-0.0061213852826745435, 0.4919677972793579, 0.0769013854722937], "extents": [1.1063439767605088, 0.2807290554046633, 0.6288283422712302], "rotate_angle": 22.57, "rotate_angle_pred": 23.11065051827785}