{"centroid": [-0.025506746652722262, -0.3471505269408226, 0.08017176493770817], "extents": [1.1304169927367926, 0.4785709083080294, 0.6215177793179678], "rotate_angle": 25.75, "rotate_angle_pred": 25.431203296510745}