{"centroid": [0.0067327400553842814, -0.18907282128930095, 0.05880154159064917], "extents": [1.0937202121390504, 0.35364434123039273, 1.0255370275674713], "rotate_angle": 12.01, "rotate_angle_pred": 13.733940638269658}