{"centroid": [0.007643631499141615, -0.538405179977417, 0.05548988197778859], "extents": [1.101545081967961, 0.3474274277687076, 1.0369248263345434], "rotate_angle": 28.48, "rotate_angle_pred": 29.090084248660588}