{"centroid": [0.014440620153565717, 0.49578019976615917, 0.06000387911408975], "extents": [1.0793947020231305, 0.3292534947395328, 1.027534488556983], "rotate_angle": 27.39, "rotate_angle_pred": 28.89617344143238}