{"centroid": [0.020693790443854942, 0.13442540168762204, 0.05532025143042954], "extents": [1.0878048076167164, 0.354654371738434, 1.0405514367537156], "rotate_angle": 5.72, "rotate_angle_pred": 7.14221708231041}