{"centroid": [0.9576741400170952, 0.17618567496538157, -0.25842695035759644], "extents": [0.23960781719140645, 0.31920140981674205, 0.3654101287766931], "rotate_angle": -30.07, "rotate_angle_pred": -29.28026558886205}