{"centroid": [-0.024856870756476503, 0.5192810483276843, 0.3710547280454207], "extents": [0.08461695891647783, 0.09121916443109512, 0.055229738238160186], "rotate_angle": 22.65, "rotate_angle_pred": 26.299024578320882}