{"centroid": [-0.5370817783462793, 0.09427703917026528, 0.022744183583925867], "extents": [0.5444215570083901, 0.5529611110687257, 0.04841503903673499], "rotate_angle": -42.08, "rotate_angle_pred": -41.6179340806079}