{"centroid": [-0.033634091615229594, 0.20788567513227452, 0.4706248286544254], "extents": [0.08051060991638569, 0.07497139275074005, 0.04156963582164164], "rotate_angle": -6.17, "rotate_angle_pred": -2.0601567769753757}