{"centroid": [-0.23818636184281775, -0.22377513349056255, 0.6263277266589226], "extents": [0.2734614952231946, 0.30284246802330017, 0.06932019552681823], "rotate_angle": 37.94, "rotate_angle_pred": 39.085292792858496}