{"centroid": [0.013622608178217449, -0.03451000154018413, 0.5566560697942771], "extents": [0.17974331632292806, 0.19617620110511783, 0.06585135930397157], "rotate_angle": 5.86, "rotate_angle_pred": 6.098558374361545}