{"centroid": [0.008725721587984382, 0.12366284802556024, 0.6853435275107338], "extents": [0.2898874508827839, 0.29684567451477056, 0.296387992885105], "rotate_angle": 2.86, "rotate_angle_pred": 7.010466002042762}