{"centroid": [-0.005712165701092054, -0.22928348183631908, 0.5468319993673663], "extents": [0.42467192419882016, 0.41241478919982916, 0.05982616628930404], "rotate_angle": 36.08, "rotate_angle_pred": 31.127566094262477}