{"centroid": [-0.22877472587646608, 0.03601187467575057, 0.6565505211704873], "extents": [0.4068231285747331, 0.42813798785209656, 0.3565084935223947], "rotate_angle": 7.86, "rotate_angle_pred": 10.41776849584582}