{"centroid": [0.14143514615352715, -0.024157330393791362, 0.8209073807931793], "extents": [0.12287010152387057, 0.13246002793312073, 0.1589406566785757], "rotate_angle": 14.06, "rotate_angle_pred": 16.011022910414425}