{"centroid": [-0.35312223774752394, 0.5524160712957381, 0.5600368920869465], "extents": [0.07345367924447782, 0.08348962664604187, 0.04002574434941286], "rotate_angle": 10.5, "rotate_angle_pred": 16.25984202526486}