{"centroid": [-0.3008378680595063, 0.548609286546707, 0.5493024543849161], "extents": [0.08663708073132148, 0.0928143858909607, 0.04799999352932616], "rotate_angle": -27.8, "rotate_angle_pred": -23.387147715541687}