{"centroid": [-0.24817678851269181, 0.5421947427093982, 0.55877899107763], "extents": [0.08431707903605973, 0.10628233104944218, 0.03372768247071145], "rotate_angle": -28.69, "rotate_angle_pred": -33.696409822090914}