{"centroid": [-0.043559020811373084, 0.3775463923811912, 0.4874962110713592], "extents": [0.0562511431019418, 0.06468729674816132, 0.055045125051403465], "rotate_angle": 18.59, "rotate_angle_pred": 19.621964307681083}