{"centroid": [0.0925598412277493, 0.3108597826212644, 0.39411036613031675], "extents": [0.06418728942944864, 0.05979004129767418, 0.01870819773374155], "rotate_angle": 24.26, "rotate_angle_pred": 26.11904216680695}