{"centroid": [0.019479318199541257, 0.42241229116916656, 0.43533951587635167], "extents": [0.14758275652850716, 0.14185497164726268, 0.09213575847878547], "rotate_angle": -35.17, "rotate_angle_pred": -35.46952575351105}