{"centroid": [-0.024968343880264844, 0.4151808023452758, 0.2795688533813582], "extents": [0.08469029487221053, 0.08909374475479126, 0.08062788816727542], "rotate_angle": 16.78, "rotate_angle_pred": 20.439538262917793}