{"centroid": [-0.02892751540819516, 0.4233655780553817, 0.27342598400625434], "extents": [0.08463711795331996, 0.08743217587471008, 0.08065102019469575], "rotate_angle": 18.28, "rotate_angle_pred": 21.92032479292949}