{"centroid": [0.0011074177209617654, 0.3686786256730556, 0.43783304280608504], "extents": [0.08084646438244919, 0.09507041424512863, 0.05599026261354256], "rotate_angle": -15.23, "rotate_angle_pred": -15.396906737928319}