{"centroid": [0.013333781618524245, 0.42286144942045206, 0.4348993090015205], "extents": [0.14864013757187022, 0.14126496016979223, 0.09155951235877602], "rotate_angle": -31.05, "rotate_angle_pred": -31.7684177841436}