{"centroid": [0.0054543554498737105, 0.3643014729022979, 0.4413019343065243], "extents": [0.08123773536438567, 0.09520798921585083, 0.057219942577924676], "rotate_angle": -15.39, "rotate_angle_pred": -16.052430586511207}