{"centroid": [-0.043206263918113524, 0.3421837501227855, 0.32650275258475464], "extents": [0.06787209762305102, 0.0844096764922142, 0.048330056020043755], "rotate_angle": -25.32, "rotate_angle_pred": -23.518907652457457}