{"centroid": [-0.003251416707332158, 0.3870125599205493, 0.4753534677658803], "extents": [0.0619423478873488, 0.06962016969919205, 0.05132161204561797], "rotate_angle": -21.21, "rotate_angle_pred": -18.348682027653723}