{"centroid": [-0.040420511819991914, 0.3362665809690952, 0.3267221577842421], "extents": [0.0673342431794945, 0.08392614871263504, 0.04706528481220451], "rotate_angle": -21.6, "rotate_angle_pred": -19.88746722803556}