{"centroid": [-0.05185066458430938, 0.3394592180848121, 0.3947701032112895], "extents": [0.06635561407921974, 0.0700694471597672, 0.0415977638263102], "rotate_angle": -1.29, "rotate_angle_pred": 1.680226420760249}