{"centroid": [0.011608865067679119, 0.3926015198230743, 0.41654002569467224], "extents": [0.06640209812623953, 0.08439099788665771, 0.055595686930763666], "rotate_angle": 34.24, "rotate_angle_pred": 35.920886867804214}