{"centroid": [0.10587271183921229, 0.3287160284817218, 0.40616882304912905], "extents": [0.06992598046704047, 0.06314889341592789, 0.0163473751615118], "rotate_angle": 1.11, "rotate_angle_pred": 3.5527749972480365}