{"centroid": [0.01766031986747929, 0.4429644756019115, 0.3319514966349775], "extents": [0.08238975045536354, 0.0802520141005516, 0.038353577660632465], "rotate_angle": -31.68, "rotate_angle_pred": -25.064065909167198}