{"centroid": [-0.06592109745487543, 0.6068473085761069, 0.4464712166021719], "extents": [0.10795750905248801, 0.10168127715587616, 0.04778833550621908], "rotate_angle": 17.49, "rotate_angle_pred": 18.6787591054984}