{"centroid": [-0.14940936239589125, 0.48390896245837206, 0.466921431300917], "extents": [0.08792528990207447, 0.08874382823705673, 0.04661003359773663], "rotate_angle": -23.43, "rotate_angle_pred": -25.460544788986056}