{"centroid": [0.015882884130723335, 0.3909991234540939, 0.42076388174939505], "extents": [0.06689225038270089, 0.08514288067817688, 0.05584419436090571], "rotate_angle": 34.57, "rotate_angle_pred": 35.98083770288203}