{"centroid": [-0.02632060789750577, 0.43331088125705713, 0.49015392885231435], "extents": [0.13705809175919262, 0.13264968991279602, 0.09445404097009974], "rotate_angle": 21.08, "rotate_angle_pred": 23.59181965372096}