{"centroid": [0.10642734281178633, 0.342115007340908, 0.2978968332377944], "extents": [0.0904875192858233, 0.08942614495754242, 0.03804110814242467], "rotate_angle": -15.61, "rotate_angle_pred": -13.420532272844227}