{"centroid": [0.007998697421702256, 0.5957246236503123, 0.5312222530504985], "extents": [0.11592415207279652, 0.10906966775655746, 0.05063982036777315], "rotate_angle": -0.39, "rotate_angle_pred": 2.4651631413879187}