{"centroid": [0.005354984645840296, 0.5827825814485549, 0.5140550886580919], "extents": [0.12199775469663587, 0.11442676186561584, 0.04446727906454356], "rotate_angle": -30.9, "rotate_angle_pred": -24.11706091436325}