{"centroid": [-0.126166908440342, 0.4884455427527427, 0.4899837668047563], "extents": [0.09300327326280873, 0.09693352878093714, 0.054354816822789254], "rotate_angle": -35.95, "rotate_angle_pred": -36.91933592709487}