{"centroid": [-0.056680298890291525, 0.5983304232358931, 0.44091839544188743], "extents": [0.10762606063331977, 0.10420355200767517, 0.0479932438429872], "rotate_angle": -3.0, "rotate_angle_pred": -2.8510375570933064}