{"centroid": [-0.04958876392351738, 0.42201161384582514, 0.3890697085071404], "extents": [0.08692768191153376, 0.07854288816452032, 0.08301551616178188], "rotate_angle": 10.41, "rotate_angle_pred": 14.078398889316858}