{"centroid": [0.0898124934116112, 0.3114697933197021, 0.39000958239452144], "extents": [0.06436739703399147, 0.05992698669433594, 0.019893161462437414], "rotate_angle": 27.93, "rotate_angle_pred": 29.192529125151424}