{"centroid": [-0.030026939349391553, 0.4207954257726669, 0.4749912639289166], "extents": [0.1281699274399691, 0.13029715418815618, 0.09242453672684531], "rotate_angle": 40.77, "rotate_angle_pred": 39.876823183363314}