{"centroid": [-0.13305012317784343, 0.49116827920079226, 0.4547000330816472], "extents": [0.07728354633933476, 0.07646534591913223, 0.042044609790950316], "rotate_angle": 33.79, "rotate_angle_pred": 34.85848353538219}