{"centroid": [-0.0031092401758359787, 0.44485905021429056, 0.3165585793287521], "extents": [0.061319946795493005, 0.0892360657453537, 0.03545881409412799], "rotate_angle": -24.48, "rotate_angle_pred": -23.129471559368156}