{"centroid": [0.100254678019505, 0.32038826867938036, 0.40571099943724365], "extents": [0.06622957540890695, 0.05960210412740713, 0.015867397435095465], "rotate_angle": 11.27, "rotate_angle_pred": 13.772209396015242}