{"centroid": [-0.13441440895878534, 0.49400897324085224, 0.4533577274009339], "extents": [0.07864837238843717, 0.07769879698753351, 0.04311941503984745], "rotate_angle": 33.76, "rotate_angle_pred": 34.790211871418364}