{"centroid": [0.0065709527995083125, 0.43748957663774485, 0.3152364607803975], "extents": [0.06827298694404425, 0.09109450876712799, 0.04273943319782608], "rotate_angle": -40.12, "rotate_angle_pred": -36.92706292239253}