{"centroid": [0.15256193970905363, 0.3283820636570453, 0.30046686780635035], "extents": [0.08253431904409696, 0.08215902000665665, 0.03400690414795754], "rotate_angle": 3.79, "rotate_angle_pred": 4.97294115997741}