{"centroid": [-0.04510944464596817, 0.33997280150651926, 0.3781049430603026], "extents": [0.0676938879083649, 0.07233317196369177, 0.04501968912755011], "rotate_angle": -13.86, "rotate_angle_pred": -10.099147047901766}