{"centroid": [0.0064150943791392604, 0.5965434610843657, 0.536630425611283], "extents": [0.11513861853913926, 0.11094576120376587, 0.05126521292657993], "rotate_angle": 2.58, "rotate_angle_pred": 5.244851857251447}