{"centroid": [-0.3887058209730543, 0.3385305888950824, 0.37844433260890875], "extents": [0.060035788488122965, 0.0760139599442482, 0.052465465763410546], "rotate_angle": 43.29, "rotate_angle_pred": 41.20338367363513}