{"centroid": [0.0038976258931854146, 0.5530000682920216, 0.4665609653172614], "extents": [0.08262494174182167, 0.06163031980395317, 0.09121691399975901], "rotate_angle": -0.12, "rotate_angle_pred": 1.456284828474054}