{"centroid": [0.004481698670670066, -0.005447201430797662, 0.48826780122475566], "extents": [0.11282162996123764, 0.1281496584415436, 0.06657473673784708], "rotate_angle": -37.53, "rotate_angle_pred": -38.43920210385653}