{"centroid": [-0.31879379348934694, 0.298118345439434, 0.37464418285385653], "extents": [0.08743487142393852, 0.10659588873386383, 0.05177917239017393], "rotate_angle": 32.72, "rotate_angle_pred": 39.228655298458534}