{"centroid": [0.6717776761214578, 0.03093459224328396, 0.2584780719948029], "extents": [0.12390017045994395, 0.054429717361927074, 0.15856853487863495], "rotate_angle": 13.73, "rotate_angle_pred": 12.016889516109856}