{"centroid": [-0.09622888262624857, 0.06924775289371597, 0.5950608037490239], "extents": [0.1253960442603155, 0.14293816685676577, 0.08718028747885953], "rotate_angle": 24.96, "rotate_angle_pred": 24.982221579528854}