{"centroid": [0.7174713988573582, 0.022576344665139927, 0.21477912220175596], "extents": [0.12371416941964442, 0.05514767765998845, 0.15832820287660782], "rotate_angle": 25.33, "rotate_angle_pred": 20.24830723482512}