{"centroid": [-0.390501026481205, 0.33735034242272377, 0.3836245818950301], "extents": [0.061496612023865305, 0.07590658217668539, 0.05061092255621702], "rotate_angle": 40.16, "rotate_angle_pred": 38.81439407395641}