{"centroid": [0.01427066261933856, 0.5338768959045409, 0.4376684256930069], "extents": [0.0763433936103995, 0.05679154396057129, 0.08633153004220606], "rotate_angle": -39.17, "rotate_angle_pred": -32.07222132742452}