{"centroid": [-0.007665124353613738, -0.031140543520450703, 0.5080987517352205], "extents": [0.11435325398475897, 0.12908914685249331, 0.07126417727869439], "rotate_angle": -13.61, "rotate_angle_pred": -12.371272284576207}