{"centroid": [-0.047651380789113296, 0.05781307071447363, 0.5480513795136434], "extents": [0.1292882596283519, 0.1329017281532288, 0.08563596239385374], "rotate_angle": -43.02, "rotate_angle_pred": -37.9776286470042}