{"centroid": [-0.34843966159930656, 0.35741971433162684, 0.3670435569106997], "extents": [0.09282512851869468, 0.10398986935615545, 0.04491379430851361], "rotate_angle": -1.69, "rotate_angle_pred": 0.13819277845324507}