{"centroid": [-0.04945171487064618, 0.5341568291187285, 0.3961579025833574], "extents": [0.08502548122876061, 0.07348155975341797, 0.08594208144909915], "rotate_angle": -7.66, "rotate_angle_pred": -9.671762945243188}