{"centroid": [-0.024503318220341193, 0.2783269025385379, 0.4738477860156725], "extents": [0.10998023834647916, 0.11957351118326193, 0.03510868481743201], "rotate_angle": 33.14, "rotate_angle_pred": 33.08380336527554}