{"centroid": [0.1757541421305006, -0.03497109934687623, 0.5658879449037563], "extents": [0.07332944869537966, 0.08473417907953266, 0.14109256862714448], "rotate_angle": 27.98, "rotate_angle_pred": 31.400603635799797}