{"centroid": [-0.5243013251699755, 0.06283859908580787, -0.1262538341814294], "extents": [0.6039974718770115, 0.6011229157447815, 0.0904665221190075], "rotate_angle": -32.24, "rotate_angle_pred": -34.08948575160417}