{"centroid": [-0.0858505001568729, -0.060254763811826796, 0.3947419581786915], "extents": [0.12642500000481705, 0.12211229652166368, 0.040551201137699056], "rotate_angle": 0.75, "rotate_angle_pred": 7.178548433578868}