{"centroid": [0.2186575005461664, -0.04277415573596965, 0.5658892247986941], "extents": [0.16720476844053278, 0.21621087193489075, 0.18611475933829968], "rotate_angle": 1.44, "rotate_angle_pred": 7.430176937819667}