{"centroid": [-0.0725074517177152, 0.2552423290908335, 0.5638615456126299], "extents": [0.07232222539019448, 0.08197896927595139, 0.04999834183594343], "rotate_angle": -6.32, "rotate_angle_pred": -2.47738229467096}