{"centroid": [0.1354813246003623, -0.014128368347883394, 0.818930481671161], "extents": [0.12155236412768737, 0.1228219792246819, 0.16027423883106928], "rotate_angle": 9.36, "rotate_angle_pred": 10.495634839450801}