{"centroid": [-0.05326070957771613, -0.044694125652313316, 0.32835867671425556], "extents": [0.26263329602683416, 0.2739281952381134, 0.06848406102945731], "rotate_angle": 4.12, "rotate_angle_pred": 5.24426787682583}