{"centroid": [-0.060494114711411716, -0.0012293048202992015, 0.327140974475827], "extents": [0.10975961577372617, 0.0945926830172539, 0.04159056467369415], "rotate_angle": -39.98, "rotate_angle_pred": -35.18846742993758}