{"centroid": [0.08034522144472128, -0.07181578874588024, 0.5520837467419695], "extents": [0.3267383950487075, 0.3413810729980469, 0.08351016986539328], "rotate_angle": -16.58, "rotate_angle_pred": -9.628359049720686}