{"centroid": [-0.37659069095592224, -0.0066470876336098845, 0.619327431947497], "extents": [0.16571105860324487, 0.17879989743232727, 0.06523115126352352], "rotate_angle": -15.08, "rotate_angle_pred": -15.08058198079651}