{"centroid": [0.13577023109797526, 0.1080873236060141, 0.8215004777471177], "extents": [0.08845150714783172, 0.12866359949111944, 0.16885793674977512], "rotate_angle": 17.13, "rotate_angle_pred": 20.96404316051307}