{"centroid": [-0.7926223470970587, 0.39246116951107984, -0.24201506274550602], "extents": [0.3647332721184906, 0.06786123663187038, 0.374408148870877], "rotate_angle": -29.28, "rotate_angle_pred": -26.462777034792644}