{"centroid": [0.2918157133344436, -0.17053911089897167, 0.4052518196388837], "extents": [0.10029626752900825, 0.20362210273742679, 0.21677342306221203], "rotate_angle": -31.36, "rotate_angle_pred": -24.287937393829253}