{"centroid": [0.5180631003889877, 0.6941830739378929, 0.1574733872943641], "extents": [0.35160406431831126, 0.18248037993907928, 0.3546962339927154], "rotate_angle": 14.65, "rotate_angle_pred": 16.53767062435739}