{"centroid": [-0.49764787109334896, 0.3562218062579632, -0.3149202242936462], "extents": [0.3006266302120049, 0.10034760087728506, 0.22884559224893622], "rotate_angle": 44.95, "rotate_angle_pred": 41.16747748196323}