{"centroid": [-0.07108737511468448, 0.40928970091044903, 0.16750526293197307], "extents": [0.10052139806069015, 0.015309657901525553, 0.0735639762389716], "rotate_angle": 22.76, "rotate_angle_pred": 32.050578102756475}