{"centroid": [0.01267772932599512, 0.39291875436902046, 0.5445532691790764], "extents": [0.06860780563861907, 0.06943015009164816, 0.058065070414895836], "rotate_angle": -23.78, "rotate_angle_pred": -16.528142947062747}