{"centroid": [0.613927322313878, 0.0007222294807435192, -0.3181716978475736], "extents": [0.23250863349971745, 0.5344086885452272, 0.5818022588118809], "rotate_angle": 12.24, "rotate_angle_pred": 15.903801095984619}