{"centroid": [-0.4048662743383559, 0.08280402049422259, 0.2869739534754934], "extents": [0.10569347627062037, 0.07347796112298968, 0.10111938594779765], "rotate_angle": -17.33, "rotate_angle_pred": -19.6369388757181}