{"centroid": [-0.11537916342083408, 0.3730413764715194, 0.5161630541343905], "extents": [0.20965019019938122, 0.15772721171379095, 0.10645344185265665], "rotate_angle": 42.78, "rotate_angle_pred": 46.735651486900366}