{"centroid": [-0.05513767345880004, 0.9020943343639373, -0.047428766628036655], "extents": [0.17752764937767948, 0.1075240969657898, 0.13577556471440727], "rotate_angle": -36.14, "rotate_angle_pred": -33.14433482033764}