{"centroid": [0.16984267895846122, 0.23243790119886387, 0.5288353932639607], "extents": [0.07293151135116727, 0.12098638713359836, 0.07969257034567562], "rotate_angle": -15.26, "rotate_angle_pred": -11.42936648341501}