{"centroid": [-0.47271385846502956, 0.3540762066841125, 0.4795655367286887], "extents": [0.14257592416391052, 0.1420122385025025, 0.06314149699811533], "rotate_angle": -38.76, "rotate_angle_pred": -34.535006366793205}