{"centroid": [0.041527435033111744, 0.4755048714578151, 0.4431312573869354], "extents": [0.09092572153435721, 0.06901418417692184, 0.04724527430435976], "rotate_angle": 19.84, "rotate_angle_pred": 19.4247113064107}