{"centroid": [0.025433121521299926, 0.5103393234312533, 0.4102473964479423], "extents": [0.09079277426892746, 0.07343447953462595, 0.06332329598916864], "rotate_angle": 44.0, "rotate_angle_pred": 37.81243591988763}