{"centroid": [-0.0253442228455541, 0.2715169191360473, 0.44549634215436934], "extents": [0.11248982134960109, 0.16038495302200323, 0.07967293391593899], "rotate_angle": -43.63, "rotate_angle_pred": -29.45194272987343}