{"centroid": [0.2863343849846369, 0.44611214846372604, 0.5674281291091077], "extents": [0.10834978598982276, 0.11148039996623993, 0.039727989870616764], "rotate_angle": -4.38, "rotate_angle_pred": -0.6614918310712454}