{"centroid": [0.04159169846321776, -0.4335246980190277, 0.37066121298132915], "extents": [0.2449461850516829, 0.25005096197128296, 0.07238791234793612], "rotate_angle": -20.76, "rotate_angle_pred": -19.685151767385364}