{"centroid": [-0.5254052718312772, -0.08871417865157141, 0.4822200432815986], "extents": [0.09930305907894765, 0.11093116551637655, 0.08358011377824076], "rotate_angle": 20.69, "rotate_angle_pred": 19.859466182485875}