{"centroid": [0.1643050937311854, 0.6063065826892852, 0.4014409127927961], "extents": [0.1361517498268407, 0.10153263807296753, 0.09957036662049629], "rotate_angle": 10.91, "rotate_angle_pred": 13.97806658148005}