{"centroid": [0.30642032146609216, 0.3957550413906573, 0.6430541205337534], "extents": [0.10333923516033966, 0.08705679327249527, 0.027355256262157734], "rotate_angle": -28.34, "rotate_angle_pred": -21.432920965803177}