{"centroid": [-0.37688253154386836, 0.2501720115542412, -0.12370758566641354], "extents": [0.09684111998659667, 0.09787230193614962, 0.042295214119280444], "rotate_angle": -4.12, "rotate_angle_pred": -3.4990623713538014}