{"centroid": [0.17197275592534753, 0.26168815046548827, 0.5538749988113909], "extents": [0.07531452280219766, 0.1179163008928299, 0.08806080489544243], "rotate_angle": 0.12, "rotate_angle_pred": 3.2895731226147404}