{"centroid": [0.029987957758783688, 0.9430871307849884, -0.24994583746172103], "extents": [0.16646311709905753, 0.04953032732009899, 0.1825590380444411], "rotate_angle": -19.96, "rotate_angle_pred": -10.963514738711183}