{"centroid": [0.28918346381078214, 0.4524124823510646, 0.5557118165865504], "extents": [0.10977569247735278, 0.110783152282238, 0.043638303976436754], "rotate_angle": -7.39, "rotate_angle_pred": -4.091225747737454}