{"centroid": [0.576737392807793, 0.25988579541444773, 0.2990125644893747], "extents": [0.14482120851758273, 0.20827759802341464, 0.21117901338632547], "rotate_angle": -3.71, "rotate_angle_pred": -0.6527104241512376}