{"centroid": [0.14591909404916553, 0.479807823896408, 0.4638980207331064], "extents": [0.14445063662951907, 0.14482462406158447, 0.05563471539926729], "rotate_angle": -36.06, "rotate_angle_pred": -32.02501081036269}