{"centroid": [0.04222605887511218, 0.26604276150465006, 0.46376794815137523], "extents": [0.10616487161157089, 0.15504957735538483, 0.0703998201184276], "rotate_angle": -17.41, "rotate_angle_pred": -10.801990374021287}