{"centroid": [0.6047276463911203, 0.3482960909605026, 0.36183080695135933], "extents": [0.21755171177907712, 0.2175223231315613, 0.11815294071533422], "rotate_angle": 25.67, "rotate_angle_pred": 26.710008218186957}