{"centroid": [0.3303047201126901, 0.31251805648207664, 0.44873602964124937], "extents": [0.11850240669766465, 0.11032622307538992, 0.09043758987893769], "rotate_angle": 31.74, "rotate_angle_pred": 34.8269930203967}