{"centroid": [-0.018638517223802706, 0.33075024187564844, 0.4963601520893358], "extents": [0.042186849415650624, 0.028845995664596558, 0.005572214801407682], "rotate_angle": -13.88, "rotate_angle_pred": -17.477357261179634}