{"centroid": [0.28541213178247565, 0.27215650677680964, 0.39359413355283507], "extents": [0.10838966521489815, 0.07020142674446109, 0.0687905382257944], "rotate_angle": 1.96, "rotate_angle_pred": 2.7315505202291064}