{"centroid": [-0.01866126010355705, -0.47755113244056707, 0.4326774289855181], "extents": [0.3202002056178762, 0.31262332201004034, 0.14006936583763713], "rotate_angle": -10.59, "rotate_angle_pred": -11.780238481847036}