{"centroid": [0.0564182038625203, 0.34562573954463, 0.5432232491922739], "extents": [0.050591718460486684, 0.059963129460811615, 0.030778078395806707], "rotate_angle": 26.8, "rotate_angle_pred": 27.57139959042}