{"centroid": [0.10386511159989247, 0.3347126059234142, 0.5636381361763743], "extents": [0.04685267924501517, 0.05861165374517441, 0.01796670675995904], "rotate_angle": 17.16, "rotate_angle_pred": 19.121763413271353}