{"centroid": [-0.4859064515304934, -0.4520010799169541, 0.42854396869195455], "extents": [0.1731699420566683, 0.16432121396064758, 0.043367497960200285], "rotate_angle": -1.43, "rotate_angle_pred": -2.3691096987579385}