{"centroid": [-0.0454985070309621, 0.45311181992292404, 0.28754886468885854], "extents": [0.19226442295775556, 0.18594442307949072, 0.08943299957702025], "rotate_angle": -42.59, "rotate_angle_pred": -34.59984162038794}