{"centroid": [-0.02215227744680874, -0.30870601534843445, 0.36451688214375033], "extents": [0.21760228237960322, 0.2295125722885132, 0.06817936885280024], "rotate_angle": 20.36, "rotate_angle_pred": 23.23956906156795}