{"centroid": [0.3147704956291705, 0.6335289701819419, 0.4459519028219071], "extents": [0.08334572666204998, 0.08459310233592987, 0.06406935345119008], "rotate_angle": 13.39, "rotate_angle_pred": 16.798724965217673}