{"centroid": [0.019932033085747362, 0.6128239557147025, 0.44683225972050566], "extents": [0.11959202261907703, 0.122373566031456, 0.05470702648185388], "rotate_angle": -37.8, "rotate_angle_pred": -33.88214114204713}