{"centroid": [-0.001872584083151791, -0.1323762387037279, 0.709881975540871], "extents": [0.19259378641659758, 0.19363430142402652, 0.12491493139580345], "rotate_angle": -4.65, "rotate_angle_pred": -2.404710482772529}