{"centroid": [-0.14531723634461852, 0.48500188440084446, 0.8289173227938582], "extents": [0.16788175683891587, 0.1726867407560349, 0.1005469485027134], "rotate_angle": -36.32, "rotate_angle_pred": -28.71511986328096}