{"centroid": [0.08885712766960117, 0.5893003158271312, 0.48605499313848], "extents": [0.10520945586471783, 0.10004278272390366, 0.07161530173331315], "rotate_angle": -16.15, "rotate_angle_pred": -12.64411052071928}