{"centroid": [0.1455850622835368, -0.2517258003354074, 0.8237658507346255], "extents": [0.18266473795798474, 0.17394684255123138, 0.0809563849174808], "rotate_angle": 16.14, "rotate_angle_pred": 20.751141981585718}