{"centroid": [0.14342725042670842, 0.5152658708393573, 0.4152593240309707], "extents": [0.07830816356380979, 0.09285066276788712, 0.051066129415277106], "rotate_angle": -44.95, "rotate_angle_pred": -39.55982124999223}