{"centroid": [0.11282786382578071, -0.3193478733301163, 0.6976753228071524], "extents": [0.16526290855221223, 0.1524809896945953, 0.08217445056121586], "rotate_angle": 31.9, "rotate_angle_pred": 33.51117679208187}