{"centroid": [-0.09607843951279922, 0.6469228714704515, -0.38535908723839263], "extents": [0.058732907000203255, 0.08505091071128845, 0.049333034922074026], "rotate_angle": 3.61, "rotate_angle_pred": 2.7287621144023007}