{"centroid": [0.13222106055139293, -0.0036579892039300572, 0.8316206816193595], "extents": [0.13825052951057903, 0.13785976171493536, 0.08530886455505404], "rotate_angle": 16.27, "rotate_angle_pred": 22.786382042330047}