{"centroid": [0.018182185383043455, 0.0898487344384192, 0.7513113240487338], "extents": [0.1187695714652452, 0.125512570142746, 0.0555206128774296], "rotate_angle": 21.32, "rotate_angle_pred": 25.77343846590155}