{"centroid": [0.21999157938618896, -0.37348708510398865, 0.5234065738974479], "extents": [0.15899011376140215, 0.13997608423233032, 0.06186577632359991], "rotate_angle": 38.04, "rotate_angle_pred": 34.86826898525723}