{"centroid": [0.23581492557686248, 0.49030283838510513, 0.4367320008936846], "extents": [0.11335929640753412, 0.0992975383996964, 0.0483239784103594], "rotate_angle": 33.04, "rotate_angle_pred": 31.23444950103385}