{"centroid": [0.17152790057480297, -0.14911881089210516, 0.6202895590177692], "extents": [0.15577936289086455, 0.15002351999282837, 0.06067286477203149], "rotate_angle": 40.36, "rotate_angle_pred": 40.58681496562687}