{"centroid": [-0.0007354093997578364, 0.6016505919396878, -0.40544962077995295], "extents": [0.07457152037144885, 0.06873630732297897, 0.025837753065554525], "rotate_angle": -29.34, "rotate_angle_pred": -26.02595272155793}