{"centroid": [0.30325187034344725, 0.5060262158513068, 0.4704841319771753], "extents": [0.10384426973309907, 0.09488119184970856, 0.04440544529528051], "rotate_angle": 3.46, "rotate_angle_pred": 6.216591744558286}