{"centroid": [-0.06910404039710026, 0.7366527244448662, -0.33228790381625617], "extents": [0.09355470346634115, 0.09293995797634125, 0.06519459054532012], "rotate_angle": -7.27, "rotate_angle_pred": -8.427081253571089}