{"centroid": [0.07189910983323469, -0.20268416404724127, 0.6434753981764809], "extents": [0.12849233990300604, 0.13944578170776367, 0.06814945460394539], "rotate_angle": -5.29, "rotate_angle_pred": -3.1089752846094427}