{"centroid": [-0.12616302169169574, 0.7282420173287394, -0.3506863082226632], "extents": [0.08118696495935439, 0.1050207167863847, 0.06942592548540771], "rotate_angle": -4.53, "rotate_angle_pred": -3.8299615660844637}