{"centroid": [0.048401033198084, -0.18649795651435871, 0.6226265360690766], "extents": [0.13236496053938873, 0.13682311773300174, 0.03943242192682572], "rotate_angle": -24.91, "rotate_angle_pred": -27.25627825371356}