{"centroid": [-0.05881518233841471, 0.7403493970632554, -0.32205005184716945], "extents": [0.09401056680990558, 0.09303531050682079, 0.04452479147102295], "rotate_angle": 29.05, "rotate_angle_pred": 25.012636407109383}