{"centroid": [-0.07529746407082123, 0.41247659549117077, -0.7399750489459451], "extents": [0.033570014290158726, 0.041774921119213104, 0.0002562776234699138], "rotate_angle": -25.02, "rotate_angle_pred": -197.13009071220125}