{"centroid": [0.058919216315531486, -0.34666392207145696, 0.453611589960182], "extents": [0.14685940805556155, 0.14587938785552984, 0.06269425180654098], "rotate_angle": 40.93, "rotate_angle_pred": 32.24678967183071}