{"centroid": [0.011446032850828763, -0.33457105606794363, 0.48317388835975605], "extents": [0.14626096595502291, 0.14601851999759674, 0.04566861443481335], "rotate_angle": -1.29, "rotate_angle_pred": -0.8109539627573525}