{"centroid": [0.5664975474892165, 0.029416806995868558, 0.5756664773156791], "extents": [0.16169528398043054, 0.15920470654964447, 0.028161590457162045], "rotate_angle": 3.2, "rotate_angle_pred": 2.998050502184441}