{"centroid": [0.3245135130228164, -0.4203103817999363, 0.3441484225842906], "extents": [0.10493203232227233, 0.08929764479398733, 0.06282974767434935], "rotate_angle": 38.32, "rotate_angle_pred": 26.65941248530072}